name	city	code	host	address
Miami Beach Brazilian Jiu-Jitsu	Miami Beach	FL	rioheroes-jorgepereira.com	1510 Alton Rd
Trillo Jiujitsu Academy	Miami Gardens	FL	trillojiujitsu.com	18400 NW 75th Pl Ste 122
Rilion Gracie Jiu-Jitsu of Miami Lakes	Miami Lakes	FL	riliongraciemiamilakes.com	7337 Miami Lakes Dr
Xtreme Gracie Jiu Jitsu	Minneola	FL	xtremegraciejiujitsu.com	544 S Hwy 27
American Top Team Miramar Jiu Jitsu & MMA	Miramar	FL	attmiramar.com	11601 Red Rd
START Jiu Jitsu Academy	Miramar	FL	startjiujitsu.com	12335 Pembroke Rd
Grappling Mastery	Mount Dora	FL	grapplingmastery.com	18838 US-441
Evolution MMA Naples	Naples	FL	evolutionmmanaples.com	3573 Mercantile Ave
Gracie Barra – Naples	Naples	FL	graciebarranaples.com	771 Airport Road North
Inferno MMA	Naples	FL	mindbodyonline.com	5556 Yahl St c
Marcelo Pereira BJJ & MMA	Naples	FL	brazilianjiujitsunaples.com	3275 Pine Ridge Road
Paulo Ribeiro Brazilian Jiu Jitsu	Naples	FL	prbjjnaples.com	1252 Airport-Pulling Rd North
Jacksonville BJJ & MMA	Neptune Beach	FL	jaxbjj.com	1475 Atlantic Blvd.
Gracie Barra Trinity - Brazilian Jiu-Jitsu & Self Defense	New Port Richey	FL	tampabaymma.com	8515 Old County Rd 54
Futures MMA	North Fort Myers	FL	futuresmma.com	931 Pondella Rd
Vital Brothers Brazilian Jiu Jitsu	North Miami	FL	vitalbrothersbjj.com	809 NE 125th Street
Gracie Jiu-Jitsu North Miami Beach	North Miami Beach	FL		16360 NE 26th Avenue
Gracie Jiu-Jitsu North Palm Beach	North Palm Beach	FL		1201 US Highway 1; Suite 10
Nokido Ju-Jitsu, Judo & BJJ	North Port	FL	nokido.net	1050 Innovation Ave #109
Creed BJJ	Ocala	FL	creedbjj.com	1005 SW 10th St #101
Nogi MMA	Ocala	FL	nogishootbox.com	2801 SW 20th St #202
Ocala Brazilian Jiu Jitsu Academy	Ocala	FL		7365 SW 38th St
Gracie Jiu-Jitsu Ocoee	Ocoee	FL		9440 W. Colonial Dr.
Jacaré Brazilian Jiu-Jitsu	Ocoee	FL	jacaremartialarts.com	1681 Amazing Way, Suite 108
Darkwolf MMA	Orange City	FL	darkwolfmma.com	221 Strawberry Oaks Dr
Orange City Academy Of Mixed Martial Arts	Orange City	FL	theacademyofmma.com	2452 S. Volusia Ave.
USD & MMA Fitness	Orange City	FL	mmagetfit.com	2751 Enterprise Rd #214
Art of War Jiu Jitsu	Orange Park	FL	aowjj.com	1105 Park Ave
Combat Athletix	Orange Park	FL	combatathletix.com	3600 Peoria RD #203
American Combat Club	Orlando	FL	americancombatclub.com	1016 W Church St
Atos Orlando - Brazilian Jiu-Jitsu (BJJ) and Self-Defense School	Orlando	FL	atosorlando.com	12445 S Orange Blossom Trl
Central Florida BJJ	Orlando	FL	offers.avbjj.com	1420 Gemini Blvd
Championship Martial Arts/ Spartan Brazilian Jiu Jitsu	Orlando	FL	cmaconway.com	4511 Hoffner Ave
Fabin Rosa Brazilian Jiu Jitsu Academy	Orlando	FL	bjjorlando.com	4085 L B McLeod Rd Suite F
FRBJJ Lake Nona	Orlando	FL	frbjjlakenona.com	7466 Narcoossee Rd #200F
GB Hunters Creek	Orlando	FL	graciebarrahunterscreek.com	13502 Village Park Drive
GB Palm Coast	Orlando	FL		160 Cypress Point Pkwy, Unit A210-A211
Gracie Barra – Orlando-Sandlake	Orlando	FL	marciosimas.com	6236 Kingspointe Pkwy
Gracie Jiu-Jitsu Orlando	Orlando	FL		3873 Avalon Park East Blvd
Martial Arts Nation Lake Nona BJJ	Orlando	FL	manationlakenona.com	6424 Alexandra Louise Dr Suite 160
Renzo Gracie Orlando	Orlando	FL	orlandojiujitsu.com	3837 East Colonial Drive Orlando, FL 32803
Gracie Florida Jiu-Jitsu	Ormond Beach	FL	gracieflorida.com	175 N Yonge St D
Trident Jiu Jitsu	Ormond Beach	FL		615 S Yonge St
GB Oviedo	Oviedo	FL	marciosimas.com	3050 Alafaya Trail
Nelumbo Brazilian Jiu-Jitsu	Oviedo	FL	bjjoviedo.com	119 Geneva Dr
Robson Moura Jiu-Jitsu	Oxford	FL	usajujitsu.net	P.O. Box 40
Pace Gracie Jiu Jitsu Academy	Pace	FL	pacegjj.com	5430 Hwy 90
Fastidious Jiu Jitsu	Palm Bay	FL	fastidiousjiujitsu.com	5070 Minton Rd Unit 6
Vortex Jiu Jitsu Academy	Palm Bay	FL	vortexbjj.com	5132 Minton Rd #3
American Top Team Palm Beach Gardens	Palm Beach Gardens	FL	attpbg.com	4092 PGA Boulevard
Gamblers Jiu-Jitsu & Kickboxing Club	Palm Beach Gardens	FL	gamblersjiujitsuclub.com	10415 Riverside Dr Suite 105
Rilion Gracie Jiu-Jitsu Palm Beach Gardens	Palm Beach Gardens	FL	jiujitsupbg.com	4386 Northlake Blvd
East Coast Combat Club	Palm City	FL	eccombatclub.com	1272 SW 34th St
Spartan Academy Palm Coast / Brazilian Jiu Jitsu & more	Palm Coast	FL	spartanpalmcoast.com	160 Cypress Point Pkwy STE A211
Elemental Jiu Jitsu and Fitness	Palmetto Bay	FL	elementaljiujitsuandfitness.com	13855 S Dixie Hwy
GB Palmetto Bay	Palmetto Bay	FL	graciebarra.com	17377 S. Dixie Hwy
Rilion Gracie Jiu-Jitsu Panama City	Panama City	FL	jiujitsulynnhaven.com	2521 Jenks Ave
Emerald Coast Jiu Jitsu (Beach Jiu Jitsu)	Panama City Beach	FL	emeraldcoastjiujitsullc.sites.zenplanner.com	7131 US-98
Alers Martial Arts	Pembroke Pines	FL	alersmartialarts.com	911 NW 209th Ave Ste 108
American Top Team West Pines	Pembroke Pines	FL	americantopteamwestpines.com	111 Grand Palms Dr #201
Gracie Barra Pembroke Pines	Pembroke Pines	FL	gbpembroke.com	12592 Pines Blvd Ste 103
Valente Brothers Jiu-Jitsu Pembroke Pines	Pembroke Pines	FL	graciemiami.com	12191 Taft St
Team Gladiator MMA & Fitness	Pine Hills	FL		4823 Silver Star Rd
Fight Fitness Center (FFC)	Pinellas Park	FL	fightfitnesscenter.net	6240 39th St N
Mastermind MMA Academy	Pinellas Park	FL	mastermindmmaacademy.com	5675 70th Ave N
Ares BJJ Plant City	Plant City	FL	aresbjjplantcity.com	601 Hitchcock St STE 105
Carlson Gracie Plant City	Plant City	FL	plantcitybjj.com	109 e reynolds st
Kumite Martial Arts	Plantation	FL	kumitemartialarts.com	4150 Peters Rd
Yaniv Rosenberg Jiu Jitsu Team	Plantation	FL	yrjiujitsu.com	6761 W Sunrise Blvd UNIT 18
Gabriel Leite Brazilian Jiu-Jitsu	Pompano Beach	FL	facebook.com	2480 Hammondville Rd Suite #3
Ponte Vedra Brazilian Jiu Jitsu	Ponte Vedra Beach	FL	pvbjj.com	880 us hwy a1a n unit 14
Wolfpack South Brazilian Jiu Jitsu	Port Charlotte	FL	wolfpacksouthbjj.com	19800 Veterans Blvd building b unit 6
Fight Sports Daytona	Port Orange	FL	fightsportsdaytona.com	796 Sanders Rd STE 5
Ralph Gracie Florida Jiu-Jitsu	Port Orange	FL	ralphgraciefl.com	3830 South Nova Road unit: B3
GB Royal Palm Beach	Royal Palm Beach	FL	gbroyalpalmbeach.com	10225 Southern Boulevard
Renzo Gracie Royal Palm Beach	Royal Palm Beach	FL	royalpalmbeachjj.com	11420 Okeechobee blvd unit A, Royal Palm Beach, FL 33411
Cogito Jiu Jitsu	Sanford	FL	cogitojiujitsu.com	2499 Old Lake Mary Rd Suite 106
The Jungle MMA and Fitness Lake Mary (Sanford FL)	Sanford	FL	jungleorlando.com	4043 W 1st St
BJJ Academy Of Sarasota (wbjja)	Sarasota	FL	wbjja.com	935 N Beneva Rd
Gracie Jiu Jitsu Sarasota Academy	Sarasota	FL	graciejiujitsusarasota.net	1990 Main St
Martin Academy of Martial Arts	Sarasota	FL	airtable.com	6341 Porter Rd #5
Team Alves	Sarasota	FL	thealvesjiujitsu.com	3762 Bee Ridge Rd
Vieira Martial Arts Academy	Sarasota	FL	siestakeybjj.com	7390 S Tamiami Trail
Wolfpack Brazilian Jiu Jitsu - Martial Arts	Sarasota	FL	wolfpackbjj.com	3627 Webber St unit b
GB Sebring	Sebring	FL		227 North Ridgewood Drive
GB St. Johns	St. Augustine	FL	gbstjohns.com	10440 U.S. Route 1
Relson Gracie Jiu-Jitsu Academy St. Augustine	St. Augustine	FL	mma4florida.com	50 S Dixie Hwy #8
Full Circle MMA	St. Cloud	FL	nucfl.com	3282 Canoe Creek Rd.
Elite Training Center	St. Petersburg	FL	elitetraininginc.com	1144 94th Avenue North
GB St. Petersburg	St. Petersburg	FL	gbstpetersburg.com	5825 66th Street North
St. Pete BJJ	St. Petersburg	FL	stpetebjj.com	5540 Haines Rd N
Synergy Martial Arts and Fitness	St. Petersburg	FL	synergymartialarts.fitness	5530 4th St N
Fist Factory	Stuart	FL	thefistfactory.com	2201 SE Indian Street; Building Q7
GB Stuart	Stuart	FL		2414 SE Federal Way
Winners Training Center Sunny Isles Beach	Sunny Isles Beach	FL	winnerstrainingcenter.com	18260 Collins Ave
American Top Team of Sunrise	Sunrise	FL	attsunrisemma.com	5357 N Nob Hill Rd
Imperial Martial Arts	Sunrise	FL	imperialmartialarts.com	1375 Shotgun Rd
Renzo Gracie Academy Florida	Sunrise	FL	renzogracieflorida.com	1091 Shotgun Rd. Sunrise, FL 33326
Positive Balance Brazilian Jiu Jitsu	Tallahassee	FL	positivebalancegrappling.com	111 S Magnolia Dr Suite 38
Weinischke Martial Arts	Tallahassee	FL	tallahasseejiujitsu.com	2711 Killarney Way
Zicro Academy / Alliance Tallahassee	Tallahassee	FL	zicrobjj.com	615 Universal Dr
American Top Team Tampa	Tampa	FL	americantopteamtampa.com	10123 Wilsky Blvd
Elevate Martial Arts South Campus (American Top Team affiliate)	Tampa	FL	elevatemartialartstampa.com	5251 South Dale Mabry
GB Citrus Park	Tampa	FL	gbcitrusparktampa.com	6176 Gunn Highway
Gracie PAC MMA	Tampa	FL	msgsndr.com	5040 W Linebaugh Ave
Gracie Tampa South Martial Arts	Tampa	FL	gracietampasouth.com	1345 W Gray St
Hellman's Mixed Martial Arts	Tampa	FL	hellmansmma.com	12202 Race Track Rd
Martial Arts Advantage South Tampa	Tampa	FL	martialartsadvantage.com	3311 S Dale Mabry Hwy
South Tampa Jiu-Jitsu & MMA	Tampa	FL	southtampajiujitsu.com	4477 W Gandy Blvd
New Port Richey Jiu-jitsu Academy	Tarpon Springs	FL	nprbjj.com	805 Live Oak St
Alliance Venice Brazilian Jiu-jitsu Team	Venice	FL	alliancevenice.com	2244 S Tamiami Trail
American Top Team – Vero Beach	Vero Beach	FL	attverobeach.com	6200 20th Street Room 210
Gracie Martial Arts – Vero Beach	Vero Beach	FL	graciemartialartsverobeach.com	974 14th Lane
Renato Tavares Assoc HQ	Vero Beach	FL	legacymmausa.com	6200 20th St Ste 210
American Top Team Wellington	Wellington	FL	attwellington.com	10220 Forest Hill Blvd;Suite #140
Gracie Elite Jiu-Jitsu Academy - Wellington	Wellington	FL	wellingtonjiujitsu.com	12160 S Shore Blvd #109
Villardo Jiu-Jitsu Academy	Wellington	FL	brjj.com	12160 S Shore Blvd #109
GB Melbourne	West Melbourne	FL		1131 South Wickham Road
10th Planet Palm Beach at AOP MMA (West Palm Beach)	West Palm Beach	FL	vagaro.com	5033 Okeechobee Blvd
American Top Team West Palm Beach	West Palm Beach	FL	attwpb.squarespace.com	6903 Vista Pkwy N #6
GB Lake Park	West Palm Beach	FL	lp.gblakepark.com	804 U.S. Route 1
GB West Palm Beach	West Palm Beach	FL	gbwestpalmbeach.com	410 Evernia St #109
Hands Down Martial Arts	West Palm Beach	FL	wpbmma.com	539 Ogston St
Team Nogueira	West Palm Beach	FL	teamnog.com	5081 Okeechobee Blvd
American Top Team Weston	Weston	FL	westonatt.com	2750 Glades Cir #300
GB Weston	Weston	FL	graciebarraweston.com	1306 Southwest 160th Avenue
Oceans Brazilian Jiu-Jitsu Academy	Weston	FL	oceansbjj.com	2750 Glades Cir #300
Renzo Gracie Training Center	Weston	FL	renzogracieflorida.com	1372 SW 160 Ave.
Vprok MMA Academy	Weston	FL	vprokmma.com	16098 W. State Rd. 84
USA Jiu-Jitsu	Wildwood	FL	usajujitsu.net	8520 NE 43rd Way
6 Levels MMA and Fitness Center	Winter Garden	FL	6levelsorlando.com	16112 Marsh Rd #407
Carlson Gracie Central Florida	Winter Garden	FL	rinaldosantos.com	855 E Plant St #700
Sanity Jiu Jitsu	Winter Garden	FL	sanityjiujitsu.com	12810 W Colonial Dr
Carlson Gracie Winter Haven	Winter Haven	FL	cgwinterhaven.com	622 Ave O SW
Armada Brazilian Jiu Jitsu Winter Park	Winter Park	FL	winterparkbjj.com	6808 Aloma Ave
Elementum Jiu-jitsu	Winter Park	FL	elementumjiujitsu.com	1154 Solana Ave
UFC GYM Winter Springs	Winter Springs	FL	ufcgym.com	1425 Tuskawilla Rd #209
Gracie Barra Avondale	Avondale	AZ	graciebarra.com	3145 N Dysart Rd #C103
Warriors Guild Martial Arts	Casa Grande	AZ	warriorsguildmartialarts.com	973 E Cottonwood Ln # 102
Courage Honor Strength Brazilian Jiu-Jitsu	Chandler	AZ	chsbjj.com	3155 N Nevada St #1
Gracie Barra Chandler	Chandler	AZ	gbchandler.com	1070 E Ray Rd Ste 19
Tri-City Ju-Jitsu	Chino Valley	AZ	tri-city-ju-jitsu.business.site	2947 AZ-89 Suite B
State 48 Brazilian Jiu Jitsu	Cottonwood	AZ		415 S Main St
Empire Martial Arts	El Mirage	AZ		12550 W Thunderbird Rd Ste 102
Team Monstro Brazilian Jiu Jitsu	El Mirage	AZ	teammonstrobjj.org	13011 W Greenway Rd Ste 107
Sunnyside Boxing MMA	Flagstaff	AZ		2009 E Cedar Ave # B
Impact Jiu Jitsu Fountain Hills	Fountain Hills	AZ	impactfh.com	16872 E Ave of the Fountains Ste 201
Carlson Gracie Team Gilbert AZ/Bjj & Family Fitness	Gilbert	AZ	carlsongracieteamaz.com	891 E Warner Rd A-103
Murdoc’s Brazilian Jiu-Jitsu (MWBJJ) & Self Defense Academy (GD JJ Affiliate)	Gilbert	AZ	murdocsbjj.com	3961 E. Guadalupe Rd. Suite 1
Next Level Fitness & Martial Arts (Gracie Gilbert BJJ)	Gilbert	AZ	graciegilbertbjj.com	2531 S Gilbert Rd, Ste. 111
Attitude First MMA	Glendale	AZ	attitudefirst.net	20633 N 39th Ave
Black Flag Jiu-Jitsu Club	Glendale	AZ	blackflagjiujitsuclub.com	6960 N 57th Dr
Cannon Brazilian Jiu-Jitsu	Glendale	AZ	cannonbjj.net	3830 W Pinnacle Peak Rd Ste 107
Gracie Jiu-Jitsu Glendale	Glendale	AZ	gjjglendale.com	4915 W Bell Rd Suite F-103
Pinnacle Brazilian Jiu Jitsu	Glendale	AZ	pinnaclebjjaz.com	23425 N 39th Dr Unit 104
The Lab	Glendale	AZ	mmalab.com	17235 N. 75th Ave Bldg H
Ares BJJ Goodyear	Goodyear	AZ	aresbjjgoodyear.com	500 N Bullard Ave Ste 31
Knockout Fitness	Goodyear	AZ	knockoutfitness.com	13215 W Mcdowell Rd Ste D1/2
Dominate Fitness and MMA	Green Valley	AZ	dominatefitnessmma.com	630 W Ward Ln
Undisputed South	Green Valley	AZ	undisputedsouth.com	130 w duval Mine Road suite 100
Deets Jiu Jitsu Academy	Kingman	AZ	gladiatorunderground.com	2364 E Northern Ave
Bridge City Combat	Lake Havasu City	AZ	aaeamerica.com	2143 McCulloch Blvd N Unit B
10th Planet Jiu-Jitsu Phoenix	Mesa	AZ	10thplanetphx.com	50 N Stapley
Gracie Jiu Jitsu West Mesa	Mesa	AZ	graciemesa.com	1209 N Country Club Dr Suite 5 & 6
Nava Brazilian Jiu Jitsu	Mesa	AZ	navabjj.com	1660 S Alma School Rd Ste 116
Ruffhouse Jiu-Jitsu	Mesa	AZ	ruffhousejiujitsumesa.com	1305 W. Guadalupe Rd
Southwest Judo Academy	Mesa	AZ	southwestjudo.com	145 W Broadway Rd Ste 8
Southwest MMA	Mesa	AZ	southwestmma.com	1731 West Baseline Rd
Union Combat Academy	Mesa	AZ	unioncombat.com	3820 E Main St
Caza BJJ	Nogales	AZ		871 W mariposa road
Fortress Fitness and MMA	Nogales	AZ	fortress-fitness-and-mma.business.site	3241 N Grand Ave #5
GB Oro Valley	Oro Valley	AZ	graciebarra.com	1930 E Tangerine Rd #190
Allied Jiu Jitsu	Peoria	AZ	alliedjiujitsu.com	10100 W Lake Pleasant Pkwy Ste 1300
Gracie Barra Peoria	Peoria	AZ	graciebarra.com	20799 N 83rd Ave Ste 202
Gracie Peoria	Peoria	AZ	graciepeoria.com	10250 N 91st Ave Ste A-101
Lotus Club Fight & Fitness	Peoria	AZ	lotusclubfightandfitness.com	19085 N 83rd Ave Ste C
Oss MMA	Peoria	AZ		8466 W Peoria Ave #5
Grace Fighting Systems Training Center	Phoenix	AZ	gfsbjj.com	2501 W Behrend Dr #33
Average Joe's MMA	Prescott	AZ	averagejoesmma.com	546 6th St
Gracie Barra Queen Creek Jiu-Jitsu & Self Defense	Queen Creek	AZ	gbqueencreek.com	6028 W Hunt Hwy
10th Planet Jiu Jitsu Scottsdale	Scottsdale	AZ	10thplanetscottsdale.com	14202 N Scottsdale Rd Ste 100
Alliance Scottsdale (Ximenes BJJ)	Scottsdale	AZ	ximenesbjj.com	2902 N 68th St Ste 105
Axe Capoeira Arizona	Scottsdale	AZ	axecapoeira-az.com	8120 E McDowell Rd #6
BJJ Social Club	Scottsdale	AZ	bjjsocialclubaz.com	7607 E McDowell Rd Ste 109
Cactus Jiu Jitsu Academy	Scottsdale	AZ	cactusjj.com	7302 E Helm Dr #2006
Gracie Jiu-Jitsu Scottsdale	Scottsdale	AZ	graciescottsdale.com	7901 E Thomas Rd
Kiko France BJJ	Scottsdale	AZ	kikofrancebjj.com	8029 E Roosevelt St
UltraFit Systems	Scottsdale	AZ	ultrafitsystems.com	7645 E Evans Rd ste 130-140
Warrior Tribe	Sedona	AZ	sedonaselfdefense.com	2035 Contractors Rd #5
White Mountain BJJ	Show Low	AZ	wmbjj.com	4800 S White Mountain Rd
Flow Game Gym	Sierra Vista	AZ	flowgamegym.org	1299 East Fry Blvd; Suite A
2 Knuckle Sports MMA Academy	Surprise	AZ	2knucklesports.com	16630 W Greenway Rd #314
Baker's MMA & Fitness LLC	Surprise	AZ	bakersmmaandfitness.com	13200 W Foxfire Dr Ste 148
Bluestarr Grappling	Surprise	AZ	bluestarrgrappling.com	13059 W Grand Ave Ste 10
Cyclone Muay Thai & Double Five BJJ Surprise	Surprise	AZ	cyclone-muaythai.com	16572 W Greenway Rd Ste 307
De Boa Jiu Jitsu Academy	Surprise	AZ	deboabjj.com	14763 W Cactus Rd, # 104
Kickers Mixed Martial Arts	Surprise	AZ		13415 W Westgate Dr Ste 102
Proving Ground MMA	Surprise	AZ	provinggroundmma.com	12851 W Bell Rd Ste 102
Tough Survival Martial Arts Academy	Surprise	AZ		14815 W Dovestar Dr
American Pankration Fighting MMA	Tempe	AZ	americanpankration.net	1310 E Broadway Rd #103
Arizona Combat Sports	Tempe	AZ	azcombatsports.com	525 S McClintock Dr #103
Dark Matter Jiu Jitsu/Ares BJJ Tempe	Tempe	AZ	darkmatterjj.com	1332 E Apache Blvd
Dragon-Snake MMA & Fitness	Tempe	AZ	dragonsnakemma.com	425 S McClintock Dr #3
Fluid Martial Arts Academy	Tempe	AZ	fluidmartialarts.com	3136-13 S. McClintock Drive
Full Charge Brazilian Jiu-Jitsu	Thatcher	AZ	fullchargebjj.com	1015 N 4th Ave
10th Planet Jiu Jitsu Tucson	Tucson	AZ	10thplanettucson.com	4765 E Speedway Blvd
Always Forward Jiu-Jitsu Academy	Tucson	AZ	alwaysforwardjiujitsu.com	2500 N Silverbell Rd Suite 140
Daimyo Brazilian Jiujitsu	Tucson	AZ	daimyobjj.com	2840 W Ina #136
Gracie Barra Tucson Jiu-Jitsu	Tucson	AZ	gbtucson.com	5700 E Broadway Blvd
Pallaton Brazilian Jiu Jitsu	Tucson	AZ	pallatonbjj.com	4145 W Ina Rd Ste 121
Primero Brazilian Jiu Jitsu Academy	Tucson	AZ	primerobjj.com	908 W. Prince Road
Sonoran Brazilian Jiu Jitsu	Tucson	AZ	sonoranbjj.com	4410 E. Grant Rd
TeckHit Boxing, Kickboxing, & MMA Gym	Tucson	AZ	teckhit.com	8049 E Lakeside Pkwy Unit 210
10th Planet Marine Corps Air Station Yuma	Yuma	AZ	10thplanetjj.com	11825 South Fortuna Rd
Carlson Gracie Jiu Jitsu	Yuma	AZ		1076 S 4th Ave
Rogue Wave Brazilian Jiu Jitsu	Yuma	AZ		280 W 32nd St
Yuma Top Team	Yuma	AZ	yumatopteam.com	11825 S Fortuna Rd
Gracie Jiu-Jitsu Chandler	Chandler	AZ	graciejiujitsuchandler.com	3016 N Dobson Rd #12
Exodus Jiu-Jitsu	Phoenix	AZ	exodusjjphx.com	3607 E Bell Rd Suite 7
Gracie Jiu-Jitsu Phoenix	Phoenix	AZ	graciejiujitsuphoenix.com	13637 N Tatum Blvd Ste 18
Greywolf Ares BJJ	Phoenix	AZ	greywolfjiujitsu.com	4030 E Thunderbird Rd
Northside BJJ	Tucson	AZ	nsbjj.com	3912 N Oracle Rd
CHECKMAT Folsom Brazilian Jiu Jitsu	Folsom	CA	bedabjj.com	316 Natoma St
GB Glendale	Glendale	CA	gbglendale.com	325 N Brand Blvd
Strive Jiu Jitsu & Fitness Academy	Lodi	CA	striveacademylodi.com	651 N Cherokee Ln E
GB Tarzana	Los Angeles	CA	gbtarzana.com	18065 Ventura Blvd
Tantō Jiujitsu	Montrose	CA	tantojiujitsu.com	2335 Honolulu Ave, Suite B
Renzo Gracie Pasadena	Pasadena	CA	renzograciepasadena.com	464 E Colorado Blvd
10th Planet San Diego	San Diego	CA	10thplanetsandiego.com	6008 Mission Gorge Rd
GB Sorrento Valley	San Diego	CA	gbsorrentovalleybjj.com	9823 Pacific Heights Blvd Suite K
10th Planet Jiu Jitsu San Francisco	San Francisco	CA	10thplanetjiujitsusf.com	261 S Van Ness Ave
GB Brandon	Brandon	FL	graciebarrabrandon.com	1076 E Brandon Blvd
GB Celebration	Celebration	FL	gbcelebration.com	
GB Davenport	Davenport	FL	gbdavenport.com	6250 Grandview Pkwy
Atos Miami Brazilian Jiu-Jitsu	Miami	FL	atosmiami.com	567 NE 81st St
Fight Sports The Falls	Miami	FL	fightsportsthefalls.com	8846 SW 129th St
Rilion Gracie Jiu-Jitsu Academy	Miami	FL	riliongracie.com	2100 Coral Way
GB Windermere	Orlando	FL	graciebarra.com	9001 Taborfield Ave
Gracie Brandon Martial Arts BJJ/MMA	Riverview	FL	graciebrandon.com	10528 Lake St Charles Blvd
GB Rockledge	Rockledge	FL	graciebarra.com	2208 S Fiske Blvd
GB Saint Augustine	St. Augustine	FL	gbsaintaugustine.com	
Gracie Barra North Austin	Austin	TX	gbnorthaustin.com	8868 Research Blvd #608
Onnit Gym MMA	Austin	TX	onnitgymmma.com	4509 Freidrich Ln #210
GB Sienna	Fresno	TX		12131 Highway 6
GB Heights Houston	Houston	TX	gbheights.com	4721 N Main St
Mousel's Self-Defense Academy	Houston	TX	defend.net	747 N Shepherd, Suite 400
10th Planet Mt. Pleasant	Mount Pleasant	TX	10thplanetmountpleasant.com	609 N Jefferson Ave
Vermilion Martial Arts Academy	Abbeville	LA	abbevillesummercamp.com	2108 Charity St
Gracie Barra Amite	Amite City	LA		110 NE Central Ave
Bayou Jiu Jitsu & Self Defense Baton Rouge	Baton Rouge	LA	bayoujiujitsu.us	9681 Airline Hwy
David Vincent's Martial Arts & Fitness	Baton Rouge	LA	dvmafit.com	9828 Bluebonnet Blvd
Gracie United Baton Rouge	Baton Rouge	LA	gracieunited.com	1927 Staring Ln
Kimm's Institute of Self-Defense	Baton Rouge	LA	kimmsinstitute.info	4816 Jamestown Ave
UFC GYM Acadian, Baton Rouge	Baton Rouge	LA	ufcgym.com	3731 Perkins Rd
Belle Chasse Martial Arts	Belle Chasse	LA	bellechassemartialarts.com	606 Good News Ave
Bossier Jiu-Jitsu: Louisiana Black Belt Academy	Bossier City	LA	bossierjiujitsu.com	4345 Marlena St
Rogue 22 BJJ	Bossier City	LA	bookeo.com	5400 E Texas St
SMAA/Soul Fighters SBC, Brazilian Jiu Jitsu	Bossier City	LA	sbcjiujitsu.com	3068 Knolin Dr bldg 1
Stockwell Martial Arts Academy	Bossier City	LA		2091 Stockwell Rd
Cyclone Brazilian Jiu Jitsu	Boutte	LA	cyclonejj.com	13413 US-90 l
Gladiators Academy of Breaux Bridge	Breaux Bridge	LA	gladiatorsbb.com	117 N Main St b
Fight to Win Lafayette Jiu -Jitsu	Broussard	LA	fighttowinlafayette.com	1212 Albertson Pkwy # F-1
Louisiana Judo. Louisiana Muay Thai	Broussard	LA		222 Burgess Dr
Hero Fitness Academy	Calhoun	LA	herofitnessacademy.com	985 US-80
Langston's Martial Arts	Central	LA	langstonsmartialarts.com	14455 Greenwell Springs Rd
Gracie United - Team Jucāo Chalmette	Chalmette	LA	gubjj.com	1720 E Judge Perez Dr
Gracie United Covington	Covington	LA	trainbjjnow.com	100 S Tyler St
Southern Karate Jiu-Jitsu	Covington	LA	facebook.com	330 Falconer Dr
Gladiators Academy of Crowley	Crowley	LA	gladiatorsofcrowley.com	209 E Park St
Combat Athletics	Denham Springs	LA	ccrosbyjiujitsu.com	34130 LA-16
Excelsior Jiu-Jitsu Denham Springs	Denham Springs	LA	excelsiorbjj.com	730 S Range Ave Suite 1-G
Movement Fitness - Watson	Denham Springs	LA	mindbodyonline.com	34619 LA-16
Wall To Wall Martial Arts	Denham Springs	LA	wallmartialarts.com	34972 Old La Hwy 16
Active Martial Arts	Gonzales	LA	activegonzales.com	316 E Hwy 30
S.I.C.A. MMA and Krav Maga	Gonzales	LA	sicamma.com	1452 N Airline Hwy
DiBenedetto's Karate Jiu-Jitsu	Hammond	LA	dkjla.com	45505 Black Belt Ln
Gracie United Hammond	Hammond	LA	trainbjjnow.com	117 S Cate St
Science of Jiu Jitsu Academy	Harvey	LA	scienceofjiujitsu.net	1924 Jutland Dr Suite A
Blacklist Martial Arts	Houma	LA	blacklistbjj.com	5756 W Main St
Body Elite Boxing & MMA	Houma	LA		1221 Grand Caillou Rd
Evolution Training	Houma	LA	guerrillajiujitsuhouma.com	311 Barrow St
Extreme Mix Martial Arts	Houma	LA		1226 Lafayette St
Next Level Martial Arts of Houma	Houma	LA	nlmahouma.com	488 Corporate Dr Suite 6
Reeds Elite Mixed Martial Arts	Jennings	LA		518 N Main St
Yonsei Martial Arts Academy	Kenner	LA	calendly.com	2530 Florida Ave
GB Lake Charles	Lake Charles	LA	gblakecharles.com	310 West McNeese St
Lake Area Brazilian Jiu-Jitsu	Lake Charles	LA		1814 E Prien Lake Rd
PE Training Center	Lake Charles	LA	petrainingcenter.com	6102 Common St
Gracie United Team Jucao-Leesville	Leesville	LA	gracie-united-team-jucao-leesville.business.site	1506 S 5th St #5300
Ground Zero Combat Sports Academy	Leesville	LA		12407 Lake Charles Hwy
West Louisiana Jujutsu Training Academy	Leesville	LA	leesvillejujutsu.com	101 S 3rd St
Vida Jiu-Jitsu	Mandeville	LA	vidabjj.com	179 Dalwill Drive
Combat Jujitsu	Metairie	LA	combatjujitsu.biz	1407 Severn Ave
Legacy Fitness Factory	Metairie	LA	legacyfitnessfactory.com	3229 36th St
Louisiana Martial Arts Academy	Metairie	LA	louisianamaa.com	4941 W Napoleon Ave
Shogun	Metairie	LA	shogunnola.com	5021 Fairfield St
Thanh Le's MMA at Moon College	Metairie	LA	lebrosmma.com	3313 Richland Ave Ste B
Pinnacle Martial Arts Academy	Monroe	LA	pinnacle-ma.com	2901 Desoto St
Louisiana Black Belt Academy	Morgan City	LA	morgancitymartialarts.com	6509 LA-182
GB Moss Bluff	Moss Bluff	LA	gbmossbluff.com	
Light City Martial Arts	Natchitoches	LA	lightcitymma.com	105 Isadore Dr
Progressive Martial Arts Training Center	New Iberia	LA	pmatc.com	1752 Center St
Church's Karate & Kickboxing Academy	New Orleans	LA	churchskarateacademy.com	4716 Paris Ave
Forever Driven Martial Arts	New Orleans	LA	foreverdrivennola.com	225 W Harrison Ave Ste A
Hayashi Judo School	New Orleans	LA	nolajudo.com	4521 Magazine St
NOLA BJJ Westbank	New Orleans	LA	westbanksocialclub.com	2901 General De Gaulle Dr
Temple Gym NOLA	New Orleans	LA	templegymnola.com	4521 Magazine St
Team Juggernaut Brazilian Jiu Jitsu & Fitness Academy	Opelousas	LA	teamjuggernautbrazilianjiujitsufitness.business.site	7971 Interstate 49 South Service Rd
Gracie United Team Jucao Plaquemine	Plaquemine	LA	facebook.com	58474 Belleview Dr
Criterion Jiu Jitsu	Prairieville	LA	criterionjiujitsu.com	40017 LA-42
Studio 334	Rayne	LA	facebook.com	206 E Texas Ave
Ronin Martial Arts & Fitness	River Ridge	LA	roninmma.fitness	10820 Jefferson Hwy
Triad Martial Arts Academy of Ruston	Ruston	LA		1323 S Service Rd W
Acadiana Jiu Jitsu	Scott	LA	acadianajiujitsu.com	5537 Cameron St
Carlos Machado Jiu Jitsu of Shreveport	Shreveport	LA	shreveportmartialart.com	2539 E 70th St
Clementi's Gladiator Academy	Slidell	LA	facebook.com	888 Old Spanish Trail
Premier Martial Arts Slidell	Slidell	LA	premiermartialarts.com	616 Robert Blvd
Gracie Stonewall Jiu Jitsu Academy	Stonewall	LA		671 Hwy 171 Suite J
Gracie United Jiu Jitsu - Lacombe	Sulphur	LA		1003 Beglis Pkwy
Indigo Brazilian Jiu Jitsu Sulphur	Sulphur	LA	indigobjj.com	180 N Cities Service Hwy Suite 2
Olympic Brazilian Jiu Jitsu	Sulphur	LA	olympicbjj.org	496 S Post Oak Rd
Power Extreme Fitness Training Center	Terrytown	LA	mmanola.com	900 Terry Parkway
Guerrilla Jiu-Jitsu Thibodaux	Thibodaux	LA	guerrillajiujitsuthibodaux.com	806 N Acadia Rd
Inner Game Jiu-Jitsu	Ville Platte	LA	innergamebjj.com	1233 West LaSalle Street
Kron Gracie Jiu Jitsu West Monroe	West Monroe	LA	kgjjwm.com	1412 Natchitoches St
Gladiators Academy of Youngsville	Youngsville	LA	gladiatorsyv.com	930 Fortune Rd STE A
Gracie Jiu-Jitsu Youngsville	Youngsville	LA	gracieyoungsville.com	501 Church St
Zachary Martial Arts	Zachary	LA	zacharymartialarts.com	2060 Church St
Phil Clark's Martial Arts & Relson Gracie Jiu-Jitsu Of KY	Ashland	KY	ashlandtaekwondo.com	601 28th St
Ebmas Bowling Green	Bowling Green	KY		596 Old Tram Rd
Hicsmma	Bowling Green	KY	hicsmma.com	150 Dishman Ln Building D
Kentucky Grapplers	Bowling Green	KY		519 E 2nd Ave
Sentou Dojo	Bowling Green	KY	bgdojo.com	1258 Elrod Rd
Corbin Martial Arts	Corbin	KY		798 Cumberland Gap Pkwy
BarnYard MMA	Crittenden	KY	barnyardmma.com	700 Violet Rd Suit A
Grant County Martial Arts Center	Dry Ridge	KY	grantcountymartialarts.com	1125 Fashion Ridge Rd
Combat Defense USA	Elizabethtown	KY		1111 N Dixie Hwy
E-town/Bowling Green Clube de Jiu-Jitsu	Elizabethtown	KY	e-townbjj.com	1506 Ring Rd
Son Of Siam Martial Arts	Erlanger	KY	sonofsiam.com	32 Kenton Lands Road
Frankfort Martial Arts	Frankfort	KY	martialartsky.com	699 Isaac Shelby Cir W
13 Jiu Jitsu	Glasgow	KY	facebook.com	105 Samson St
Skinner's Martial Arts	Grand Rivers	KY	skinnersmartialarts.com	
Club MMA	Highland Heights	KY	club-mma.com	1805 Alexandria Pike
Hopkinsville Martial Arts	Hopkinsville	KY	hoptownmartialarts.com	1005 Skyline Dr
Bluegrass Martial Arts	Jeffersontown	KY	bluegrassmartialarts.com	2506 Plantside Dr
Oldham County Martial Arts Academy	La Grange	KY	ocmaaky.com	4217 W Hwy 146
King's Academy BJJ	Leitchfield	KY		314 J & D Ln
Powers' Martial Arts	Lewisport	KY		17 Pell St
Lexington Academy of Martial Arts - LAMA	Lexington	KY	facebook.com	949 National Ave #180
Martial Arts USA (Fayette Mall Location)	Lexington	KY	martialartslexington.com	260 Meijer Way
United Martial Arts Academy	London	KY	kentuckymartialarts.com	813 S Main St
Area 502 MMA - Carlson Gracie Team	Louisville	KY	area502mma.com	444 Downes Terrace
Criterion Brazilian Jiu Jitsu of Louisville	Louisville	KY	criterionbjj.com	2801 Cleveland Blvd
Gracie Jiu-Jitsu of Kentucky - Louisville	Louisville	KY	graciekentucky.com	3600 Chamberlain Ln, Suite 136B
Louisville Ju Jitsu	Louisville	KY	louisvillejujitsu.com	1932 Production Dr
Louisville Martial Arts Academy	Louisville	KY	louisvillemartialarts.net	3600 Chamberlain Ln
MADE Fitness and Training Center	Louisville	KY	madelouisville.com	1200 Truman Park Dr
Real Fighters Gym, LLC	Louisville	KY	realfightersgym.com	2710 Holloway Rd #4
St. Matthews Martial Arts	Louisville	KY	gokempo.com	4160 Westport Rd B
Gracie Jiujitsu of Madisonville	Madisonville	KY	gjjmadisonville.com	1395c S Main St
Myers Martial Arts Center	Madisonville	KY	myersdojo.net	1365 S Main St Suite C
Iron Fist Gym	Maysville	KY	facebook.com	1010 Forest Ave
Life's Ultimate Martial Arts Academy	Maysville	KY	lumaacademy.net	293 Martin Luther King Hwy
Carlson Gracie Northern Kentucky - MMA, Jiu-Jitsu, & Judo	Newport	KY	carlsongracienky.com	818 Monmouth St
Newport Fitness	Newport	KY	newport-fitness.com	15 W 6th St
AKF Lexington Martial Arts	Nicholasville	KY	akflexington.com	125 Cynthia Dr
Wilson Fitness & Martial Arts	Olive Hill	KY	facebook.com	333 Warrior Dr
Gracie Owensboro	Owensboro	KY	gracieowensboro.com	4010 Frederica St
Hidden Samurai Martial Arts	Owensboro	KY	hiddensamurai.cmasdirect.com	1221 Moseley Street
Atmosphere Martial Arts Academy	Paducah	KY	atmospheremartialarts.com	3231 Lone Oak Rd
Elite Martial Arts-Richmond	Paducah	KY	elitema.org	451 Jordan Dr
Premier Martial Arts – Paducah	Paducah	KY	pmapaducah.com	451 Jordan Dr
Paris Fight Academy	Paris	KY		420 Main St
Figure 4 Fight Academy	Pikeville	KY		2566 Chloe Rd
Apex Martial Arts Academy	Shepherdsville	KY	theapexmaa.com	211 Arnold Dr Ste B
East West Karate and BJJ Somerset	Somerset	KY	facebook.com	406 Monticello St
Insight BJJ Somerset KY	Somerset	KY	insightbjj-ky.com	4360 S Hwy 27 Suite B
Somerset Martial Arts Summer Camp & Afterschool	Somerset	KY	somersetmartialartsky.com	180 Belmont Drive
American Grappling	Tompkinsville	KY	americangrappling.org	1101 N Main St
Go Do Ryu Mixed Martial Arts	Walton	KY	godoryu.com	67 N Main St
Apex Fight Systems	Akron	OH		21 N Arlington St
Dudu Barros Jiu Jitsu Academy	Akron	OH		1900 W Market St
Gotham Gym/ Savage MMA and Fitness LLC	Akron	OH	gothamgym.gymmasteronline.com	1946 Buchholzer Blvd
GT Brazilian Jiu-Jitsu	Akron	OH	gtbjjohio.com	1220 E Tallmadge Ave
McLeod Jiu-Jitsu Predator Martial Arts Royce Gracie Jiu-Jitsu	Akron	OH		1900 W Market St
Zahand's Martial Arts	Akron	OH	zahands.com	1576 Akron Peninsula Rd
Next Level Martial Arts Alliance	Alliance	OH	mountunionbjj.com	22019 Harrisburg Westville Rd
G-Force MMA	Amelia	OH	gforcemma.com	1726 E Ohio Pike
Consecution Jiu-Jitsu	Austinburg	OH	consecutionjiujitsu.com	2877 OH-307
Next Level Martial Arts Academy	Austintown	OH	youngstownmartialarts.com	5013 Mahoning Ave
Rio Pro Brazilian Jiu Jitsu	Beachwood	OH	rioprobjj.com	24000 Mercantile Rd Suite 5
Dayton Mixed Martial Arts Academy	Beavercreek	OH	daytonmma.com	3329 Seajay Dr
Rising Dragon Mixed Martial Arts & Fitness	Bedford Heights	OH	risingdragonmma.com	24565 Aurora Rd
Ohio Fitness & Martial Arts	Bellefontaine	OH		304 E Lake Ave
Jujitsu School Of Self Defense	Big Prairie	OH	jujitsuschool.net	13559 Shreve Rd
Gracie Cincinnati Jiu-Jitsu	Blue Ash	OH	graciecincinnati.com	11263 Williamson Rd
Brazilian Jiu-Jitsu & Self Defense Academy	Boardman	OH	youngstownjiujitsu.com	8302 Southern Blvd
1-Up BJJ/Team Chard West (inside Old School Iron Gym)	Brook Park	OH	1upjiujitsu.com	5139 W 140th St
RTSC Training Center	Brook Park	OH	sasclevelandohio.com	6511 Eastland Road Suite 109
Bryan Jiu-Jitsu Academy	Bryan	OH	jiujitsubryan.ninja	120 W High St
Infinity Arts	Cambridge	OH	facebook.com	61573 Moores Ln
Mario Sperry Jiu-Jitsu of Ohio	Canfield	OH	msjjo.com	64 Cardinal Dr Unit B
Sabatino MMA and Fitness	Canton	OH	facebook.com	3045 Cleveland Ave SW S
Victory MMA Jujitsu Sbmssn	Canton	OH	victorymmasubmissionfighting.org	1223 30th St NW
Monster Brazilian Jiu Jitsu	Chillicothe	OH	monsterbjj.com	79 N Mulberry St
Club MMA: Mixed Martial Arts	Cincinnati	OH	club-mma.com	3285 Westbourne Dr
GB Kenwood	Cincinnati	OH		7720 Montgomery Road
Powell MMA and Fitness (Jiu Jitsu, Kickboxing, Wrestling)	Cincinnati	OH	powellmmaandfitness.com	1213 York St
School of Combative Arts	Cincinnati	OH	schoolcombativearts.com	4385 Creek Rd
US Martial Arts Academy	Cincinnati	OH	usmartialartsacademy.com	834 Ohio Pike
Vision Fitness & MMA	Cincinnati	OH	visionmma.com	3470 Cardiff Ave
RoundTown Brazilian Jiu-Jitsu Academy	Circleville	OH	roundtownjiujitsu.com	520 S Court St
Cal Crowell Fitness, Athletic & MMA Training Center	Cleveland	OH	clevelandmmatraining.com	5275 Commerce Pkwy W
Hillcrest Academy of Goshin	Cleveland	OH	hillcrestjujitsu.com	4431 Mayfield Rd
Hurricane Jiu Jitsu	Cleveland	OH	hurricanejj.com	3328 Warren Rd
Revolution Fight and Fitness	Cleveland	OH	revolutionfightandfitness.com	20001 Euclid Ave
Izzah Combat Sports & Fitness Eastside Brasa Bjj	Cleveland Heights	OH	izzahsports.com	2490 Lee Blvd
Iron & Soul	Clyde	OH	ironsouljiujitsu.com	1710 W McPherson Hwy
Resistance Lab Brazilian Jiu Jitsu	Columbia Station	OH	resistancelabbjj.com	23005 Sprague Rd
Buckeye Mixed Martial Arts & Fitness	Columbus	OH	buckeyemma.com	950 Taylor Station Rd Suite P
Bushido Martial Arts Club	Columbus	OH	graciebushido.com	2859 S High St
Ernie Reyes' Midwest Martial Arts	Columbus	OH	columbus-martial-arts.com	2544 Bethel Road
Mat Lab Brazilian JiuJitsu	Columbus	OH	matlabbjj.com	6903 E Broad St
Relson Gracie Jiu-Jitsu Columbus	Columbus	OH	gracieohio.com	6819 Flags Center Drive
The Technician Dojo	Columbus	OH	thetechniciandojo.com	1991 Parsons Ave
Top Level Martial Arts	Cuyahoga Falls	OH	toplevelmartialarts.com	2674 N Haven Blvd
Dayton Brazilian Jiu Jitsu	Dayton	OH	daytonbrazilianjiujitsu.com	1753 Woodman Dr
Ilimitadas Brazilian Jiu-Jitsu	Dayton	OH	facebook.com	500 E Main St
Ohio Budokan Martial Arts	Dayton	OH	ohiobudokan.org	601 E 5th St
S&G Brazilian Jiu Jitsu	Dayton	OH	sgbjj.com	2050 S Alex Rd
Soma Gracie Brazilian Jiu-Jitsu of Dayton	Dayton	OH	somajj.com	691 Lyons Rd
TAMA Family Martial Arts	Dayton	OH	tamamartialarts.com	1753 Woodman Dr
Tenbears Martial Arts Academy	Dayton	OH	tenbearsmma.com	2810 Wayne Ave
The Dirty Gym	Dayton	OH	thedirtygym.com	1111 E 2nd St
Rise Ohio	Delaware	OH	riseohio.com	5 East Winter St Ste 300
Summit Martial Arts	Delaware	OH	summitmartialartsacademy.com	425 S Sandusky St
GB Columbus	Dublin	OH	graciebarra.com	5899 Karric Square Drive
Martial Arts Alliance	Dublin	OH	martialartsalliance.net	6655 Dublin Center Dr
Super System BJJ	Dublin	OH	supersystembjj.com	6365 Shier Rings Rd Ste F
Meltons Jiujitsu/MMA	Elyria	OH	m.facebook.com	419 E Broad St
Zenith Ohio BJJ	Elyria	OH		626 Leona St
Dayton Vision MMA	Fairborn	OH		1168 Kauffman Ave
True Art Jiu Jitsu	Fairlawn	OH	trueartbjj.com	2855 W Market St #218
Black Lotus Brazilian Jiu Jitsu Academy	Fairview Park	OH	blacklotusbjja.com	22241 Lorain Rd
Hess' Oriental Martial Arts	Fremont	OH	hessma.com	815 Croghan St
Ruffhouse Jiu Jitsu Columbus	Gahanna	OH	ruffhousecolumbus.com	965 E Johnstown Rd
Castro-Brasa Jiu-Jitsu	Grafton	OH	facebook.com	416 Main St
Columbus MMA	Grove City	OH	columbusmma.com	3663 Garden Ct
Grove City Brazilian Jiu-Jitsu Academy	Grove City	OH	grovecityjiujitsu.com	4070 Hoover Rd
Legacy Martial Arts Academy	Hamilton	OH	legacy-ohio.com	835 NW Washington Blvd
Waterhouse Brazilian Jiu-Jitsu Academy	Hartville	OH	waterhousebjj.com	880 Sunnyside St SW
10th Planet Jiu Jitsu Newark (Heath OH)	Heath	OH	10thplanetnewark.com	409 S 22nd St Suite 6
Delta Team Jiu Jitsu	Heath	OH	deltagrapplingacademy.com	381 S 30th St unit i
Endeavor Defense & Fitness	Hilliard	OH	gymhilliard.com	5040 Nike Dr Ste D
Integrated Combative Arts Academy	Hilliard	OH	icaacademy.com	3919 Parkway Ln Unit #2
Team Chitwood North	Hinckley	OH	teamchitwoodnorth.com	2571 Center Rd
Immortal Martial Arts Center	Lewis Center	OH	immortalmartialartscenter.com	8938 Cotter St
Team Chitwood Martial Arts & Fitness Lewis Center OH	Lewis Center	OH	teamchitwood.com	7719 Graphics Wy e2
Danger Zone Gym	Lima	OH	dangerzonegym.com	250 S Cool Rd
Lima's Total Revolution Training Facility	Lima	OH	trmartialarts.com	2400 Elida Rd Suite 704
Ares Combat Training Center	Macedonia	OH	arescombatsportacademy.com	420 Highland Rd
Ground Zero MMA	Massillon	OH	groundzeromma.com	133 1st St NE
Finishers Jiu Jitsu	Masury	OH	business.facebook.com	847 Brookfield Avenue
Ohio Martial Arts	Maumee	OH	ohiomartialarts.com	3100 Main St Suite 1145
Mayfield Karate & Minna Jiu Jitsu	Mayfield Heights	OH	themayfieldacademy.com	5815 Mayfield Rd
Combat CFMA - Functional Martial Arts	Medina	OH	combatcfma.com	313 Medina Rd
Griffonrawl MMA	Mentor	OH	ohio-mma.com	6090 Pinecone Dr
GB Middleburg	Middleburg Heights	OH		6849B Pearl Rd
Bullpen Fight Club Morristown OH	Morristown	OH	bullpenfightclub.com	201 W Cross St
McCabe Militia - Mixed Martial arts training	New Holland	OH		47 Circle Ave
Impact Family Martial Arts Newark	Newark	OH	impactdojo.com	1056 Mt Vernon Rd
Underground Gym	Newark	OH	facebook.com	55 W Church St
VO2 Fitness (BJJ by Delta Grappling Academy)	Newark	OH	vo2fitnessnewark.com	2074 Cherry Valley Road
Synergy Martial Arts Academy	Newton Falls	OH	synergymartialartsohio.com	26 S Canal St 2nd floor
Hill Jiu Jitsu Academy	North Canton	OH	hilljiujitsuacademy.com	1664 N Main St 9 & #10
Hooligans Boxing & MMA	North Ridgeville	OH	hooligans.business.site	39041 Center Ridge Rd
Gracie Orwell Jiu Jitsu Academy	Orwell	OH	gracieorwell.com	535 E Main St
4Point Base BJJ	Ostrander	OH	4pointbase.com	10 W North St
Adventure BJJ & Sambo	Parma	OH	adventuremma.com	5785 Ridge Rd
Parma Family Martial Arts Center	Parma	OH	pfmac.com	5596 Ridge Rd
Second Nature Brazilian Jiu Jitsu	Port Clinton	OH	facebook.com	115 Madison St Suite A
JW Brazilian Jiu-Jitsu	Ravenna	OH	jwbrazilianjiujitsu.wixsite.com	4948 S Prospect St
South Prospect Martial Arts Gym	Ravenna	OH	southprospectgym.quest	4948 S Prospect St
Columbus Brazilian Jiu-Jitsu	Reynoldsburg	OH	columbusbjj.com	6475 E Main St
Ohio Combat Sports Academy	Reynoldsburg	OH	ohiocombatacademy.com	6956 Americana Pkwy
Adrenaline Academy	Sandusky	OH		2525 W Monroe St
Edge Fitness Studio	St Clairsville	OH	theedgefit.com	51342 National Rd E suite l
Young Guardians MMA	St Marys	OH	young-guardians-mma.business.site	1238 Indiana Ave
Vanyo Martial Arts	Strongsville	OH	vanyomma.com	19654 W 130th St
Koguryo Martial Arts Academy	Sunbury	OH	koguryoma.com	35 E Granville St
Bobcat MMA	The Plains	OH	starbrickbjj.com	70 N Plains Rd
Adamas Brazilian Jiu Jitsu Academy	Toledo	OH	adamasjiujitsutoledo.com	5201 Monroe St
North American Martial Arts Institute	Toledo	OH	namai.us	3613 Monroe St
Ohio Brasa/Deon Thompson Brazilian Jiu Jitsu	Toledo	OH	ohiobrasajiujitsu.com	3350 W Laskey Rd
Rudo Jiu-Jitsu	Toledo	OH	rudojiujitsu.com	5810 Southwyck Blvd
Toledo Jiu Jitsu Center	Toledo	OH	toledojiujitsu.com	5222 Tractor Rd
MPower Gym LLC	Vandalia	OH	mpowergymllc.com	270 N Dixie Dr
Team Chard BJJ	Walton Hills	OH	ohiobjjc.com	20437 Hannan Parkway Suite 2
Ground Up Brazilian Jiu-Jitsu	Warrensville Heights	OH	mpcle.com	4509 Taylor Ln
Love And Chokes Jiu Jitsu Academy	Warrensville Heights	OH	loveandchokes.com	4518 Renaissance Pkwy
GB Cincinnati	West Chester	OH	cincymma.com	4845 Premier Way Suite 3
Jorge Gurgel Martial Arts Center West Chester	West Chester	OH	jgmma.com	6875 Fountains Blvd Suite K
Sacan Martial Arts	West Chester	OH	sacanmartialarts.com	9090 Cox Rd
Meyer Martial Arts	West Chester Township	OH	meyermartialarts.com	4845 Premier Way
GB Lewis Center	Westerville	OH		1156 East Powell Road
Relson Gracie Jiu-Jitsu Cleveland	Willoughby	OH	graciecleveland.com	4128 Erie St
Team Torque Mixed Martial Arts	Wilmington	OH		1550 W Main St
Ohio Academy of Martial Arts	Wooster	OH	ohioacademyofmartialarts.com	2889 Cleveland Rd
Gladiator Training Center	Xenia	OH	gladiatortrained.com	59 E 2nd St
Gracie Allegiance Ohio	Zanesville	OH	zanesville-jiujitsu.com	3575 Maple Ave #214 J
GB West County	Ballwin	MO	gbwestcounty.com	15425 Manchester Rd
Black Diamond Grappling Club	Bevier	MO	bevierjiujitsu.com	108 E Elvira St Suite B
Blue Springs Jiu-Jitsu	Blue Springs	MO	bluespringsjiujitsu.com	5225 US-40
Gautreaux's Martial Art Center	Blue Springs	MO	gforcekicks.com	2905 US-40
Sharkbait's MMA & Jiu Jitsu Academy	Blue Springs	MO	sharkbaitmma.com	1751 NW Burdett Crossing
Infinity Martial Arts of Bolivar	Bolivar	MO	infinity-martial-arts-of-bolivar.business.site	830 E San Martin St
Branson Jiu Jitsu - Fulcrum 360	Branson	MO	rkbjjbranson.com	1000 Pat Nash Dr Building 9
Integrity Fitness	Bridgeton	MO	integrityfit-stl.com	4614 Crossroads Industrial Dr
Lake Area Gracie Jiu-jitsu	Camdenton	MO	lakeareabjj.com	942 North Business Highway 5
Cape Martial Arts	Cape Girardeau	MO	capemartialarts.com	766 S Kingshighway
Carpe Momentum School of Jiu-Jitsu LLC	Cape Girardeau	MO	cmsojj.com	10 N Sprigg St
GB Chesterfield	Chesterfield	MO	gbchesterfield.com	13379 Olive Boulevard
S2 Bjj	Chesterfield	MO	s2bjj.com	16851 N Outer 40 Rd
Team Z MMA Fitness Center	Chesterfield	MO	teamzmma.com	114 Four Seasons Shopping Center
Gracie Humaita Columbia	Columbia	MO	graciehumaitacolumbia.com	10 W Nifong Blvd
GB O'Fallon	Dardenne Prairie	MO	gbofallon.com	1670 Bryan Rd
Carrillo's Martial Arts	Dexter	MO	carrillosmartialarts.com	16 S Walnut St
Gracie Humaita Eureka	Eureka	MO	gracieeureka.com	223 Thresher Dr
USA Martial Arts Academy	Eureka	MO	usamartialartsacademy.com	89 Hilltop Village Center Dr
Royce Gracie Jiu-Jitsu Farmington MO	Farmington	MO	facebook.com	110 W Pine St
Victory MMA and Fitness Farmington MO	Farmington	MO	victorymma.net	429 E Karsch Blvd
ES MMA and Fitness	Fenton	MO	esmmaandfitness.com	2081 Bentley Plaza
Team Rodrigo Vaghi	Fenton	MO	teamvaghi.com	2275 Cassens Drive Suite 109
The Proving Ground	Fenton	MO		1732 Westpark Center Dr
Hahn Mixed Martial Arts & Fight Promotions	Festus	MO	hahnmma.com	20 E Main St
Whole Armour Martial Arts	Festus	MO	whole-armour.com	407 W Main St
St Louis's F.I.T. Martial Arts Center	Florissant	MO		2370 N Hwy 67
Dot Your Eye, INC MMA	Gladstone	MO	rivercitywarriors.com	6512 N Oak Trafficway
FullTilt Performance Center	Hannibal	MO	fulltilt-performance-center.business.site	302 Broadway
GB Hannibal	Hannibal	MO	graciebarra.com	210 Huck Finn Shopping Center
Pirata Jiu Jitsu	Independence	MO	piratajiujitsu.com	2112 Rte 291 Ste E
Gracie Jiu Jitsu of Southeast Missouri	Jackson	MO	graciesemo.com	3210 Old Cape Rd
GB Jefferson City	Jefferson City	MO	graciebarra.com	512 Ellis Blvd Suite P
HerronBJJ (Jiu-Jitsu and Self-Defense)	Jefferson City	MO	herronbjj.com	2632 Industrial Drive Suite B
Jefferson City Judo Club & Jujitsu	Jefferson City	MO	jeffersoncityjudoclub.com	1301 Creek Trail Dr
Joplin Brotherhood Mixed Martial Arts	Joplin	MO	jbhmma.com	1704 W 7th St
Legacy MMA & Jiujitsu	Joplin	MO		1050 S Joplin Ave
The Forge	Joplin	MO	warriorsciences.net	902 E 4th St #3
Old School Jiu Jitsu	Kirksville	MO	facebook.com	16455 Dove Rd
Stealth Brazilian Jiu-Jitsu LLC	Knob Noster	MO		110 N State St
Lake Ozark Brazilian Jiu Jitsu	Lake Ozark	MO		111 Crossings W #11
Glory MMA & Fitness	Lee's Summit	MO	glorymmaandfitness.com	11441 Strang Line Rd
K2L Martial Arts	Lee's Summit	MO	kids2leaders.com	821 SW Lemans Ln
New Star Martial Arts	Lee's Summit	MO	newstarmartialarts.com	25110 E 97th St
Ozark Mountain Brazilian Jiu Jitsu	Marshfield	MO	ozarkmountainbjj.com	821b E 2nd St
Grappling Concepts Nixa	Nixa	MO	grapplingconceptsnixa.com	1110 Gerald Dr
Leake Brazilian Jiu Jitsu	Nixa	MO	leakebjj.com	904 N Main St Suite 5
TCB Fight Factory 417	Nixa	MO	tcbfightfactory417.com	2075 N James River Ct
Aegis Jiu Jitsu	North Kansas City	MO	aegisjiujitsu.com	1617 Iron St
Forged Jiu Jitsu	Ozark	MO	forged-bjj.com	773 N 20th St
21st Century Self Defense	Pacific	MO		600 E Osage St
Legends MMA	Park Hills	MO	legendsmmaofparkhills.com	512 E Main St suite c
Aplomb Martial Arts of Parkville	Parkville	MO	aplombmartialarts.com	6325 Lewis St Ste 118
JD's Gym	Peculiar	MO	jdsgym.com	400 S Peculiar Dr
Perryville Jiu Jitsu	Perryville	MO		113 Perry Plaza
Cast Iron Bjj	Pleasant Valley	MO	libertybjj.com	6603B Royal St
Pak's Academy of Martial Arts	Raymore	MO		411 W Pine St
Caveman Crew MMA Gym	Raytown	MO		6129 Blue Ridge Blvd
MTA Republic	Republic	MO	facebook.com	824 E State Hwy 174
JAMMA Jermaine Andre Mixed Martial Arts	Richmond Heights	MO	jamma.pro	1500 S Big Bend Blvd
Agoge Training Body and Mind	Rolla	MO	facebook.com	1230 N Oak St apartment b
Eagle Gyms	Rolla	MO		1230 N Oak St apartment b
Honey Badger Training Facility	Rolla	MO	honeybadgertrainingfacility.com	937 Parkwood Drive
Kifaru Jitsu Martial Arts	Salem	MO	kifarujitsu.com	501 W 4th St
10th Planet Sedalia MO	Sedalia	MO	facebook.com	510 S Ohio Ave
Revive BJJ	St Charles	MO	revivebjj.com	4135 N Peters Pkwy
St. Charles MMA and BJJ	St Charles	MO	stcharlesmma.com	1861 Scherer Pkwy
St. Joseph Brazilian Jiu Jitsu & Mixed Martial Arts	St Joseph	MO	sjbjjmma.com	3935 Sherman Ave b
MAYSH Fitness	St Peters	MO	mayshfit.com	6720 Mexico Rd
Finney's MMA	St. Louis	MO	finneyskickboxing.com	9744 Watson Rd
GB Shrewsbury	St. Louis	MO		7570 Watson Road
North Broadway Jiu-Jitsu	St. Louis	MO	guidrytraining.com	2222 South Vandeventer
Rgda Gracie Jiu-Jitsu St. Louis	St. Louis	MO	grapplingconcepts.com	1070 Wolfram Rd
Scr Fight Club	St. Louis	MO	stlmuaythai.com	4166 Olive St
St. Louis Combat Institute	St. Louis	MO	stlcombatinstitute.com	5017 Northrup Ave
The Martial Arts Center (PACT MMA)	St. Louis	MO	pactmma.com	3712 Lemay Ferry Rd
Watson Martial Arts (BJJ and Muay Thai)	St. Louis	MO	watsonbjj.com	2737 Papin St
GB St. Peters, USA	St. Peters	MO	graciebarrastpeters.com	953 Jungermann Road
Sullivan Athletic Club	Sullivan	MO	sullivanathleticclub.net	23 Taylor St
Warrior Jiu-Jitsu	Warrensburg	MO	warriorjujitsu.com	121 East Pine St
10th Planet St. Louis	Washington	MO	10thplanetstl.com	416 E Fifth St
Center of Defensive Arts	Washington	MO	centerofdefensivearts.com	416 E Fifth St
Family Martial Arts Fitness Academy	Washington	MO	clickheretobook.online	1330 W 5th St
GB Washington	Washington	MO	gbwashington.com	1629 A Roy Dr
A-Force BJJ Missouri	Webb City	MO	aforcebjjmo.com	1206 W MacArthur Dr suite f
Raven's Ridge MMA	Webster Groves	MO	ravensridgemma.com	8045 Watson Rd
Gracie Humaitá St Louis	Weldon Spring	MO	graciestlouis.com	1070 Wolfrum Rd
Gracie Humaita Wentzville	Wentzville	MO	graciehumaitawentzville.com	1236 Continental Dr
Team Fusion: West Plains	West Plains	MO	fusion417.com	220 Kentucky Ave
Gracie Barra Whiteman Afb	Whiteman AFB	MO		777 Spirit Blvd
Allen Park Martial Arts Center	Allen Park	MI	allenparkmartialartscenter.com	7318 Park Ave
Central Michigan Jiu Jitsu Academy	Alma	MI	centralmichiganjiujitsu.com	318 N State St
Close Quarters Combat Academy	Ann Arbor	MI	cqcacademy.com	3907 Varsity Dr
Final Round Mixed Martial Arts and Fitness	Ann Arbor	MI	finalroundtrainingcenter.com	3770 Plaza Dr
Japanese Martial Arts Center	Ann Arbor	MI	japanesemartialartscenter.com	2875 Boardwalk Dr H
URSA Academy - Ribeiro Jiu-Jitsu Ann Arbor	Ann Arbor	MI	ursaacademy.com	3981 Varsity Dr
Ray White's Midwest Martial Arts	Battle Creek	MI	themushinacademy.com	30 W Columbia Ave Suite F-2
Cosens MMA	Bay City	MI	cosensmma.com	4101 E Wilder Rd suite e-505
Kraken Jiu Jitsu BJJ & Self-Defense	Belmont	MI	krakenjj.com	2355 Belmont Center Dr NE Suite 105
School of Martial Arts	Berkley	MI	zenmartialarts.com	28927 Woodward Ave
Assembly Jiu-Jitsu	Bloomfield Hills	MI	assembly-detroit.com	281 Enterprise Ct Ste 400
Roots Jiu Jitsu	Bloomfield Township	MI	rootsjj.com	794 Industrial Ct Ste B
Gladiator MMA	Brighton	MI	gladiator-mma.com	3753 Old US-23 Unit 300
Team SFS - Scorpion Fighting System at Michigan Institute of Athletics	Brighton	MI	facebook.com	2244 Euler Rd #103
GB Burton	Burton	MI	graciebarra.com	4168 S. Saginaw St.
Black Lion Jiu Jitsu Academy	Byron Center	MI	blacklionjiujitsu.com	701 68th St SW
Deep Blue Brazilian Jiu Jitsu	Caledonia	MI	deep-blue-brazilian-jiu-jitsu.gymdesk.com	9175 Cherry Valley Ave SE Suite K
Black Tie Jiu Jitsu Clare	Clare	MI	sbardellamma.com	150 Mary St
Combat Base Clarkston	Clarkston	MI	combatbaseclarkston.com	6469 Sashabaw Rd.
Clawson Fit	Clawson	MI	clawsonfit.com	159 N Rochester Rd
Michigan Sports Camps	Coldwater	MI	ttsfitness.com	315 N Fiske Rd
The Beast Academy	Coldwater	MI	the-beast.com	
10th Planet Jiu Jitsu Detroit	Detroit	MI	10thplanetdetroit.com	110 Michigan Ave
313 Brazilian Jiu-Jitsu	Detroit	MI	313bjj.com	4884 Grand River Avenue 2nd Ste 303
Jabs Gym Eastern Market	Detroit	MI	mindbodyonline.com	2501 Russell St
My Tactical Advantage LLC	Detroit	MI	mytacticaladvantageonline.com	13305 W Seven Mile Rd
East Lansing Underground Martial Arts	East Lansing	MI	elunderground.com	541 E Grand River Ave
Grapple House BJJ	Edwardsburg	MI	grapplehousebjj.com	68977 M-62 Suite T
The Michigan Center for Capoeira	Farmington Hills	MI	tmc4c.com	27881 Orchard Lake Rd
MKG Martial Arts	Ferndale	MI	boomboxdet.com	668 E 9 Mile Rd
Combat Base Flint	Flint	MI	combatbaseflint.com	5353 Fenton Rd
Fight Mechanix Kickboxing & MMA	Flint	MI	fightmechanix.com	2014 Zimmerman St Suite B
REAL WORLD MMA & Fitness	Fowlerville	MI	independentmartialarts.us	140 E Grand River Ave
Cosens Martial Arts Grand Blanc LLC	Grand Blanc	MI	cosensmmagrandblanc.com	12830 S Saginaw St Suite B
Masters & Champions Inc	Grand Blanc	MI	mastersandchampions.net	3100 Grand Blanc Rd
10th Planet Jiu Jitsu Grand Rapids	Grand Rapids	MI	10thplanetgrandrapids.com	6798 Old 28th St SE
Daniel Gracie Grand Rapids	Grand Rapids	MI	danielgraciegrandrapids.com	131 Division Ave S
GRBJJ	Grand Rapids	MI	grbjj.net	3210 Jefferson Ave SE
Lion Martial Arts Academy	Grand Rapids	MI	lionmaacademy.com	111 Division Ave S
Octo Alliance Combat Sports	Grand Rapids	MI	octoalliancecombatsports.com	2035 28th St SE E
Triumph MMA	Grand Rapids	MI	triumphgym.com	1251 Plainfield Ave NE
Vanguard Brazilian Jiu Jitsu	Grand Rapids	MI	vanguardbjj.com	5258 Plainfield Ave NE ste a
Keweenaw Jiu-Jitsu	Hancock	MI	keweenawjiujitsu.com	417 Quincy St Room 421
Ronin Jiu Jitsu Academy	Harbor Springs	MI	petoskeybjj.com	1089 W Conway Rd
Myrmidon Training Systems	Holland	MI	myrmidontrained.com	148 S Waverly Rd
Gracie Jiu-Jitsu Keego Harbor	Keego Harbor	MI	graciejiujitsumichigan.com	2965 Orchard Lake Rd Ste 4
KSK Martial Arts	Lansing	MI	kskmartialarts.com	5135 N Aurelius Rd Suite B
Lansing Brazilian Jiu-Jitsu	Lansing	MI	lansingbjj.com	4324 W Saginaw Hwy #209
Michigan Muay Thai Academy	Lansing	MI	mimuaythaiacademy.com	6916 Vernson Dr
Simmons Academy of Wrestling	Lansing	MI	mindbodyonline.com	1109 River St
American Mixed Martial Arts	Lincoln Park	MI		878 Dix Hwy
Elite Jiu Jitsu	Livonia	MI	elite-jiujitsu.com	36123 Plymouth Rd
Gracie Barra Livonia	Livonia	MI	graciebarralivonia.com	31629 Plymouth Rd
Stronghold BJJ Academy	Livonia	MI		8981 Wayne Rd
Ultimate House of Champions	Livonia	MI	ultimate-protector-mixed-martial-arts-academy-house.business.site	27462 Schoolcraft St
All Around Fitness and Jiu Jitsu	Mesick	MI	facebook.com	4642 M-37
Cosens Martial Arts Midland LLC	Midland	MI	cosensmmamidland.com	6829 Eastman Ave
Japan Center of Martial Arts	Monroe	MI	japankarateacademy.com	15241 S Dixie Hwy
Cosens Martial Arts Mt. Pleasant LLC	Mt. Pleasant	MI	cosensmmamtpleasant.com	2206 S Mission St
Island Jiu Jitsu Michigan	Muskegon	MI	islandjiujitsumi.com	960 W Sherman Blvd a
Lake Effect Jiu Jitsu	Negaunee	MI		211 Iron St
Newaygo Jiu-Jitsu Academy	Newaygo	MI		8843 Mason Dr
Gracie Barra Novi	Novi	MI	graciebarradetroit.com	40400 Grand River Rd, Suite E
Mid-Michigan Academy of Martial Arts	Okemos	MI	lansingmartialarts.com	4792 Marsh Road
Petoskey MMA	Petoskey	MI	petoskey-mma.business.site	1040 Kemp Rd
The Ludus Martial Arts and Fitness Center	Petoskey	MI	theludusmartialarts.com	1713 Standish Ave #300
Guardian Tactics	Plymouth	MI	guardianjiujitsu.com	770 Davis St
Ribeiro Jiu Jitsu Association of Plymouth	Plymouth	MI		271 N Main St
Port Huron Jiu Jitsu Academy	Port Huron	MI	porthuronbjj.com	924 Military St
Kalamazoo BJJ	Portage	MI	kzoobjj.net	8135 Coxs Dr
Southside Dojo	Portage	MI	southsidedojo.com	8534 Portage Rd.
Mash Gym	Redford	MI	mashgym.com	26575 Eight Mile Rd
Downriver Jiu-Jitsu	Riverview	MI	downriverbjj.com	16120 King Rd King Plaza
Bushidokan Martial Arts (BJJ and Aikido)	Rochester Hills	MI	bushidokanmartialarts.com	933 E Auburn Rd
Metro Detroit Brazilian Jiu Jitsu Academy	Rochester Hills	MI	metrodetroitbjj.com	1050 W Hamlin Rd #200
Hayastan Grappling	Roscommon	MI	facebook.com	814 Lake St
Cosens Martial Arts Saginaw LLC	Saginaw	MI	cosensmmasaginaw.com	1716 Lawndale Rd
Palm BJJ Brazilian Jiu-Jitsu	Saginaw	MI	palmbjj.com	3365 Freeland Rd
Lakeshore Black Belt Academy	Saint Joseph	MI	lakeshorebba.com	4032 M-139
Mada Krav Maga	Shelby Charter Township	MI	madakravmaga.com	48796 Van Dyke
Metro Detroit Kudo	Shelby Charter Township	MI	gkadojo.com	
New Way Martial Arts Academy	Shelby Charter Township	MI	newwaymartialarts.com	48075 Van Dyke Ave
Proving Grounds Jiu Jitsu & MMA	Shelby Township	MI	provinggroundsjj.com	46825 Hayes Rd
Allied Academy Of Martial Arts	Southfield	MI	alliedmartialarts.com	29864 Northwestern Hwy
Shojin Judo	Southfield	MI	shojinjudo.com	29305 Southfield Rd
Metro Jiu-Jitsu	Southgate	MI	metrojj.com	13555 Eureka Rd
Royce Gracie Jiu-Jitsu Academy of Michigan	Southgate	MI	roycegracieaom.com	15201 Dix Toledo Rd
Fresh Brazilian Jiu Jitsu	St Clair Shores	MI	saintclairshoresmma.com	
The Grey Jiujitsu	St Helen	MI		5918 E West Branch Rd
College of Martial Arts	Sterling Heights	MI	comakarate.com	13347 15 Mile Rd
Garcia Jiu-Jitsu	Swartz Creek	MI	garciajiujitsu.com	2029 Elms Rd
Warriors Code Martial Arts	Three Rivers	MI	warriorway.com	
Seung-ni Traverse City Martial Arts & Kickboxing Academy	Traverse City	MI	seungnitc.com	965 Industrial Cir
Significant Strikes Boxing, Jiu-Jitsu & MMA	Traverse City	MI	significantstrikes.com	1226 S Garfield Ave
Detroit Academy of Martial Arts	Troy	MI	martialartstroy.com	3883 Rochester Road
Troy Martial Arts	Troy	MI	troymartialarts.net	1881 W South Blvd
Victorious MMA	Troy	MI	victoriousmma.com	444 W Maple Rd
Gracie Jiu-Jitsu Vicksburg	Vicksburg	MI		10726 South Sprinkle Road
10th Planet Jiu Jitsu Pontiac	Waterford Township	MI		7132 Highland Rd
FC Fitness Academy	Waterford Township	MI	fcfitnessacademy.com	1585 Crescent Lake Rd
True Martial Arts	West Bloomfield	MI	bloomfieldmartialarts.com	6363 Orchard Lake Rd
Japanese Martial Arts Academy	Westland	MI	samuraidetroit.com	2300 S Venoy Rd
Master Gauss Martial Arts Center	Westland	MI	gaussmartialarts.com	5950 N Hix Rd
NWC Martial Arts Academy	Westland	MI	nwcmartialartsacademy.com	31207 Stephen Ave
Stars and Strikes MMA	Westland	MI	starsandstrikesmma.com	38156 Executive Dr N
CrowesNest BJJ	White Pigeon	MI	facebook.com	67966 Myrtle Rd
Krav Maga Great Lakes	Wixom	MI	kravmagagreatlakes.com	49100 Wixom Tech Dr
Vision BJJ	Wixom	MI	visionbjj.com	28265 Beck Rd, Unit C-19
Bear's Den Grappling Center BJJ and Wrestling	Wyandotte	MI	bearsdengrapplingcenter.com	2101 Grove St.
Ann Arbor Jiu-Jitsu	Ypsilanti	MI	annarborjj.com	1518 Washtenaw Avenue
Bushido Mixed Martial Arts	Ypsilanti	MI		8965 Stony Creek Rd
Ultimate MMA	Albertville	AL		7020 US-431
GB Anniston	Anniston	AL	getevolutionfit.com	905 Noble Street
Auburn MMA	Auburn	AL	auburnmma.com	2515 East Glenn commerce Park # 204
GB Birmingham	Birmingham	AL	gbbhamusa.com	4401 4th Ave S
Gracie Barra Greystone	Birmingham	AL	graciebarragreystone.com	5510 Hwy 280 Ste 106
The Dojang Martial Arts & Fitness	Birmingham	AL	thedojanggroup.com	1800 Tin Valley Cir
Brewton Olympic Wrestling and Gracie Jiu Jitsu	Brewton	AL		110 Blacksher St
Gracie Jiu-Jitsu Centreville	Centreville	AL		1114 Walnut St.
GB Cullman	Cullman	AL	gbcullman.com	
Checkmat Daphne	Daphne	AL	rxsportfit.com	10758 Co Rd 64
CT ARENA FEITOSA (USA) Brazilian Jiu Jitsu	Daphne	AL	ct-arena-feitosa-usa-brazilian-jiu-jitsu.business.site	25478 Friendship Rd
SCS Martial Arts & Fitness	Daphne	AL	teamscsdaphne.com	7980 American Way
Yamane Championship Mixed Martial Arts	Daphne	AL	ycmma.com	1410 US-98 Ste D
Peak Martial Arts Dothan	Dothan	AL	pmadothan.com	3121 Ross Clark Cir #4
Wolfpack Karate & MMA	Dothan	AL	mmadothan.com	1561 Westgate Pkwy
I'mmortal Kombat	Enterprise	AL	jiujitsuenterprise.com	1919 E Park Ave ste b
Port City Combat Sports	Fairhope	AL	pckickboxing.com	21611 AL-181 Suite B
Panacea Martial Arts	Foley	AL	foleybjj.com	806 S McKenzie St
The Academy	Foley	AL		8475 AL-59
Team Jucao Gardendale	Gardendale	AL	championfactory.com	955 Main St
10th Planet Jiu-Jitsu Gulf Shores	Gulf Shores	AL	facebook.com	2050 E 2nd Street
Gulf Coast Jujutsu	Gulf Shores	AL	facebook.com	7369 Alamo Cir
Kame House MMA	Hazel Green	AL	facebook.com	13669 US-231 431 N #2
Champions Freestyle MMA & Fitness	Hoover	AL	championsfreestylemma.com	3447 Lorna Ln
10th Planet Jiu Jitsu Huntsville	Huntsville	AL	10thplanethuntsville.com	2615 N Memorial Pkwy UNIT C
Claymore Fighting & Fitness	Huntsville	AL	claymoregym.com	11547 Memorial Parkway
GB Huntsville	Huntsville	AL	graciebarrahuntsville.com	2101 West Ferry Way Southwest
New Legacy Martial Arts Academy Fight Gym	Huntsville	AL	facebook.com	3700 Blue Spring Rd NW
Powell's MMA Systems	Huntsville	AL	sbgofal.com	2650 Jordan Ln NW
GB Jasper	Jasper	AL	gbjasper.com	764 Hwy 78 W
10th Planet Mobile	Mobile	AL		755 Lakeside Dr
Karate 4 Kids, Dutch Kickboxing, Jujitsu & MMA	Mobile	AL		6363 Piccadilly Square Dr
Mobile MMA Club	Mobile	AL	mobilemmaclub.com	109 Furr St
Port City MMA	Mobile	AL	portcitymma.com	2502 Schillinger Rd S
Renzo Gracie Alabama	Mobile	AL	renzograciealabama.com	7 N Broad St
Team Hopkins Jiu Jitsu Mobile	Mobile	AL	facebook.com	1704 Government St
10th Planet Jiu Jitsu Muscle Shoals	Muscle Shoals	AL	10thplanetshoals.com	605 Tyler Ave
Kage Fit	Opelika	AL	kagefit.me	3613 Pepperell Pkwy
Gracie Barra Pelham Alabama	Pelham	AL	graciebarraalabama.com	200 Bowling Ln
Prattville Fitness Kickboxing And MMA	Prattville	AL	fitnesskickboxingandmmaprattville.com	2265 Cobbs Ford Rd
Combat Survival of Alabama	Rainbow City	AL		209 Rescia Ave
Lions Pride Jiu Jitsu	Trussville	AL		139 Railroad St
Blue Hawk MMA	Tuscaloosa	AL		3102 Greensboro Ave
Birmingham Wrestling Complex	Vestavia Hills	AL	bwcomplex.com	100 Old Town Rd Suite 100
Modern Fighting Concepts	Absecon	NJ	mfcmma.com	126 New Jersey Ave
Velez Jiujitsu	Avenel	NJ	dieseltrainingbjj.com	1252 St Georges Ave
Green Dragon Warrior Arts	Barnegat	NJ	greendragonunlimited.com	34 South Main street
Prolific Brazilian Jiu Jitsu	Bayonne	NJ	prolificbjj.com	665 Broadway
Senshi Tori Mixed Martial Arts	Bayonne	NJ	senshitori.com	789 Broadway
TRA Jiu jitsu	Bayonne	NJ	trajiujitsu.com	512 Broadway Ste 2a
Tong Dragon Mixed Martial Arts	Bayville	NJ	tongdragon.com	333 Atlantic City Blvd
Montgomery Brazilian Jiu-Jitsu	Belle Mead	NJ	montgomerybjj.com	21 Belle Mead Griggstown Road
Buctown MMA	Belleville	NJ	buctown.org	527 Washington Ave
FastKick Martial Arts	Belleville	NJ	ifastkick.com	356 Franklin Ave
Abrecea BJJ	Bergenfield	NJ	abreceabjj.com	40 South Washington Ave.
Team Curuma Brazilian Jiu-Jitsu Academy	Bergenfield	NJ	teamcuruma.com	9025 Old River Rd North
Premier Fitness	Berkeley Heights	NJ	premierfitnessnj.com	654 Springfield Ave
RUSH Mixed Martial Arts Team Joe Moreira	Bernardsville	NJ	rushdefense.com	1 Minebrook Rd
Lobo Mixed Martial Arts	Blairstown	NJ	lobomma.com	187 NJ-94 Unit 2
Rare Breed Mixed Martial Arts	Bloomfield	NJ	rarebreedmma.com	65 Washington St
Girl Fight	Brick Township	NJ	gfight.com	60 Brick Blvd
Misfits Muay Thai & Brazilian Jiu Jitsu	Brick Township	NJ	misfitsmuaythai.com	Inside Retro Fitness 60 Brick Blvd
Nick Catone MMA & Fitness	Brick Township	NJ	mindbodyonline.com	781 Brick Blvd
Tiger Schulmann's Martial Arts Brick NJ	Brick Township	NJ	tsk.com	905 NJ-70
Alex Wilkie's Martial Arts Academy	Bridgewater	NJ	alexwilkiemma.com	783 E Main St #30E
Clay Jiu Jitsu	Browns Mills	NJ	clayjiu-jitsu.com	519 Lakehurst Rd Suite L
Guerrero BJJ & MMA	Caldwell	NJ	kneeonbelly.com	373 Bloomfield Ave.
AMA Fight Club	Cedar Knolls	NJ	amafightclubcedarknolls.com	8 E Frederick Pl
AJW Martial Arts Academy & Fitness Center	City Of Orange	NJ	ajwmartialartsacademy.com	302 Ridge Rd
Bones Jiu Jitsu	Clifton	NJ	bonesjiujitsu.com	247 Crooks Ave
Carnicella MMA	Clifton	NJ	carnicellamma.com	308 Colfax Ave
Immortals Jiu Jitsu	Clifton	NJ	immortalsjiujitsu.com	891 Bloomfield Ave
Unity Jiu Jitsu New Jersey	Clifton	NJ	unitybjjnj.com	247 Crooks Ave
Power Half Wrestling and Mixed Martial Arts	Cookstown	NJ	powerhalfwrestling.com	39 Wrightstown Cookstown Rd
Jfc Training Center	Cranford	NJ	jerseyfightclub.com	47 Alden St.
Real World Martial Arts Team Renzo Gracie	Denville	NJ	rwmma.com	27 East Main Street
Tiger Schulmann's Martial Arts East Brunswick NJ	East Brunswick	NJ	tsk.com	510 NJ-18
Amped Mixed Martial Arts & Fitness	East Hanover	NJ	ampedmma.com	420 Ridgedale Ave
Silver Fox Brazilian Jiu-Jitsu Academy [East Hanover]	East Hanover	NJ	silverfoxbjjeh.com	28 Littell Rd
Notorious Mixed Martial Arts	East Rutherford	NJ	notoriousbjj.com	126 Park Ave
UFC GYM East Rutherford	East Rutherford	NJ	ufcgym.com	85 NJ-17
Tiger Schulmann's Martial Arts Eatontown NJ	Eatontown	NJ	tsk.com	246 NJ-35
JBMFIT - Fitness Center and & Brazilian Jiu Jitsu Academy	Edgewater Park	NJ	jbmfit.com	4237 US-130
Jaguar BJJ	Edison	NJ	jaguarbjj.com	
Satori Academy Brazilian Jiu Jitsu	Edison	NJ	satoriacademynj.com	1199 Amboy Ave #5
609 Jiu Jitsu	Egg Harbor Township	NJ	609jiujitsu.com	3137 Fire Rd
Harbor Jiu-Jitsu	Egg Harbor Township	NJ	harborjiujitsu.com	6718 E Black Horse Pike
Golden Eagle Judo & Jiu-Jitsu	Elizabeth	NJ	goldeneaglejjj.com	313 1st Ave
Team Jucão Elizabeth Brazilian Jiu Jitsu BJJ	Elizabeth	NJ		1033 N Broad St
Tiger Schulmann's Martial Arts Elmwood Park NJ	Elmwood Park	NJ	tsk.com	485 Mola Blvd
Tiger Schulmann's Martial Arts Englewood NJ	Englewood	NJ	tsk.com	38 S Dean St
Blue Line Defense and Fitness	Ewing Township	NJ	bluelinedefenseandfitness.com	310 4th St
MK Muay Thai	Fair Lawn	NJ	mkmuaythai.com	34-02 Broadway
Elite Tactical Martial Arts	Flanders	NJ	elitetacticalmartialarts.com	230 Route 206 (Bldg. 2)
Loftus Jiu Jitsu Academy	Flemington	NJ	loftusjiujitsu.com	3 Walter E Foran Blvd Suite 311
Matakas Jiu Jitsu	Florence	NJ	matakasbjj.com	2043 Rt. 130 South
Radji Barrett Jiu Jitsu	Fords	NJ	radjibarrettjiujitsu.com	540 New Brunswick Ave
Dante Rivera Brazilian Jiu-Jitsu Academy	Freehold Township	NJ	danteriverabjj.com	3333 US-9
Tiger Schulmann's Martial Arts Freehold NJ	Freehold Township	NJ	tsk.com	4345 US-9
Gracie Jiu-Jitsu Galloway	Galloway	NJ		323 S Pitney Rd.
Trasso Jiu Jitsu & Wrestling	Glen Rock	NJ	trassojjw.com	200 Rock Rd
Hybrid Academy of Mixed Martial Arts	Green Brook Township	NJ	hybridacademymma.com	207 Route 22 East
Jiu-Jitsu Family Training Center	Guttenberg	NJ	jiujitsunewjersey.com	6807 Bergenline Ave.
ROLLSTAR Jiu Jitsu (HQ)	Hackensack	NJ	rollstarbjj.com	274 State St
Evolutionary Martial Arts	Hackettstown	NJ	evolutionarymartialarts.com	111 Main Street
NJ Ronin Jiu Jitsu and Striking Academy	Hackettstown	NJ	njronin.com	110 Grand Ave
Haduko	Haddonfield	NJ		21 Tanner St Suite 2
Hamilton Martial Arts	Hamilton Square	NJ	hamiltonmartialarts.com	US Route 33 & Paxson Avenue
Stray Dawgs Gym	Hamilton Township	NJ	straydawgsgym.com	4445 Nottingham Way
CE Jiu Jitsu, MMA, boxing, kickboxing Harrison	Harrison	NJ		210 Harrison Ave
Cruz Mixed Martial Arts Academy Jiu-Jitsu BJJ Kickboxing	Harrison	NJ	cruzmma.com	44 Harrison Ave
Cutting Edge Brazilian Jiu Jitsu	Harrison	NJ	cuttingedgebjj.com	756 Harrison Ave
Nova Uniao Brazilian Jiu-Jitsu Academy	Harrison	NJ	jmbjj.com	226 Harrison Ave
Sidekick Martial Arts & Fitness	Hasbrouck Heights	NJ	sidekick-ma.maonrails.com	155 NJ-17
Hillsborough Brazilian Jiu-Jitsu	Hillsborough Township	NJ	hillsboroughbjj.com	15 Ilene Ct STE 13
Nak Muay Gym	Hillsborough Township	NJ	nakmuaygym.com	6 Ilene Ct. Building 9 Unit #9
Stay Strong Brazilian Jiu Jitsu	Hillsborough Township	NJ	staystrongbjj.com	409 US-206 Building B
Edge Hoboken	Hoboken	NJ	edgehoboken.com	417 Newark St
Hoboken Fight Club	Hoboken	NJ	chuteboxela.com	50 Harrison St Ste 113
Institute Of Defensive Methods	Hoboken	NJ	idmnj.com	49 Harrison St.
Intrepid Gym	Hoboken	NJ	intrepidgym.com	51 Harrison St
Tiger Schulmann's Martial Arts Hoboken NJ	Hoboken	NJ	tsk.com	84 Washington St
Team Oliveira Brazilian Jiu Jitsu	Howell Township	NJ	teamoliveirabjj.com	2905 US-9
Tony Silva's Fusion Martial Arts & Brazilian Jiu Jitsu	Jackson Township	NJ	silvafusion.com	707 Jackson Mills Rd
Cultr Fight Club	Jersey City	NJ	cultrfightclub.com	315 15th St Ste 3A
Family Fitness Mixed Martial Arts	Jersey City	NJ	ffmanj.com	419 Central Ave
Power House Gym	Jersey City	NJ	powerhousegym.com	859 Communipaw Ave
Renzo Gracie Jersey City	Jersey City	NJ	renzograciejc.com	143 Columbus Drive
Survival Fitness	Jersey City	NJ	survivalfitnessusa.com	335 West Side Ave
Team Endurance MMA/ Brazilian JiuJitsu & Kickboxing Academy	Jersey City	NJ	teamendurancemma.com	484 West Side Ave
Tiger Schulmann's Martial Arts Jersey City NJ	Jersey City	NJ	tsk.com	170 Erie St
Bataille Jiu Jitsu Academy	Kinnelon	NJ	bataillejj.com	10 Park Pl; Building 6b; Ste 213
North Jersey Mixed Martial Arts	Lafayette	NJ	njmmaa.com	11 Route 15 South
Tiger Schulmann's Martial Arts Princeton	Lawrence Township	NJ	tsk.com	3371 US-1 Unit 403
Pinelands Brazilian Jiu-Jitsu	Little Egg Harbor Township	NJ	pinelandsbjj.com	240 Mathistown Rd
Rising MMA	Little Ferry	NJ	facebook.com	4 E Joseph St
Amorosi's Mixed Martial Arts	Livingston	NJ	amorosikarate.com	
Anaconda Brazilian Jiu Jitsu & MMA Academy	Lyndhurst	NJ	anacondabjjmma.com	302 Ridge Rd
Subforce BJJ	Lyndhurst	NJ	subforcebjj.com	718 Ridge Rd
Gorilla Martial Arts	Mahwah	NJ	gorillabjjacademy.com	31 Industrial Ave
Renzo Gracie Ramapo Valley	Mahwah	NJ	ramapovalleyjiujitsu.com	95 McKee Dr
Outlawz Fitness	Manalapan Township	NJ		520 US 9 N
Red Dragon Martial Arts Academy	Manville	NJ	reddragonmaa.com	10 North Arlington Street
The Inferno Training and Performance Center	Marlboro	NJ	infernotpc.com	52 N Main St unit 7-8
Matawan School Of Martial Arts	Matawan	NJ	trianglechoke.com	112 Main Street
Lentz Mixed Martial Arts and Boxing	Mays Landing	NJ	lentzmma.com	6090 Danenhauer Lane
All In BJJ	Middlesex	NJ	allinbjj.com	1317 Bound Brook Rd
Zealous Nation MMA	Middlesex	NJ	zealousnationmma.com	288 Lincoln Blvd
Renzo Gracie Middletown	Middletown Township	NJ	renzograciemiddletownmartialarts.com	205 Harmony Rd
Puzon Jiu Jitsu	Milltown	NJ	puzonjiujitsu.com	75 N Main St
Fatjo's Mixed Martial Arts	Morganville	NJ	fmacworld.com	479 Route 79
Jbm Brazilian Jiu-Jitsu Academy	Mt. Holly	NJ	jbmbjj.com	Shop #10; CR. 541
Asbury Park Jiu Jitsu	Neptune City	NJ	mindbodyonline.com	1111 11th Ave
Madhouse Academy	Neptune City	NJ	madhouseacademy.com	13 Boston Rd 1st Floor
Southpaw Gym - Boxing, Muay Thai, Mixed Martial Arts	Neptune City	NJ	southpawgymnjusa.com	32 NJ-35
Ironbound Fight Club	Newark	NJ	instagram.com	165 Vanderpool St. 2nd Floor
Team Jucao Newark Brazilian Jiu Jitsu	Newark	NJ	facebook.com	269 Oliver St 3rd Fl
Anaconda Brazilian Jiu-Jitsu North Bergen	North Bergen	NJ	anacondabjjnjny.com	
Advanced Martial Arts	North Brunswick Township	NJ	advancedbjj.com	1777 US-130
Garry Tonon Jiu Jitsu	North Brunswick Township	NJ	garrytononjiujitsu.com	1846 US-1
UFC GYM North Brunswick	North Brunswick Township	NJ	ufcgym.com	1846 US-1
Hibiscus Brazilian Jiu-Jitsu	North Haledon	NJ	hibiscusbjj.com	527 High Mountain Rd
Believe MMA	North Plainfield	NJ	believemma.com	385 Somerset St suite b
Tiger Schulmann's Martial Arts North Plainfield NJ	North Plainfield	NJ	tsk.com	579 US-22
Spartan Mixed Martial Arts	Ocean Township	NJ	oceantownshipmartialarts.com	11 Cindy Ln Ste 3
Rolles Gracie Academy	Old Bridge	NJ	rollesgracieacademy.com	2333 County Rd 516
Strategic Combat Academy	Old Bridge	NJ	strategicmma.com	4450 Bordentown Ave
Tiger Schulmann's Martial Arts Paramus NJ	Paramus	NJ	tsk.com	176A NJ-17
UFC GYM Paramus	Paramus	NJ	ufcgym.com	49 E Midland Ave
Kao Muay Thai	Pennsauken Township	NJ	kaomuaythai.com	7710 Maple Ave
Gracie Jiu-Jitsu Phillipsburg	Phillipsburg	NJ		101 Foch Blvd
Bill Scott BJJ Shore Academy	Point Pleasant	NJ	billscottbjj.com	654 Ocean Rd
Gracie Barra North Princeton Brazilian Jiu Jitsu and Self Defense	Princeton	NJ	gb-northprinceton.com	4437 NJ-27 #1b
Princeton Academy Of Martial Arts	Princeton Junction	NJ	pamausa.com	51 Everett Dr a50
Bergen County Brazilian Jiu-Jitsu	Ramsey	NJ	jiujitsutrainingnj.com	91 Interstate Shop Center
Bill Stevens Karate	Ramsey	NJ	stevenskarate.com	91 Interstate Shopping Center
Tiger Schulmann's Martial Arts Ramsey NJ	Ramsey	NJ	tsk.com	885 NJ-17
Tiger Schulmann's Martial Arts Randolph NJ	Randolph	NJ	tsk.com	Randolph Square Shopping Center, 140 NJ-10
Garden State Brazilian Jiu-Jitsu Academy	Red Bank	NJ	gardenstatebjj.com	336 State Route 35
Tiger Schulmann's Martial Arts Red Bank NJ	Red Bank	NJ	tsk.com	500 NJ-35 Unit 18
Tribe MMA Ridgefield	Ridgefield	NJ	mmatribenj.com	632B NJ-63
Cape May Brazilian Jiu Jitsu	Rio Grande	NJ	capemaybjj.com	1304 NJ-47
Ricardo Almeida Brazilian Jiu-Jitsu	Robbinsville Twp	NJ	rabjjacademy.as.me	1167 US-130
Pure Mixed Martial Arts	Rockaway	NJ	puremixedmartialarts.com	41 Pine St
Gael Force Jiu Jitsu	Roxbury Township	NJ	gaelforcejiujitsu.com	3 Gold Mine Rd #2
Silver Fox Brazilian Jiu-Jitsu Academy	Saddle Brook	NJ	silverfoxbjj.com	380 Market St
The Edge Ultimate Martial Arts	Saddle Brook	NJ	theedgemma.com	350 Market St
Yeti MMA	Scotch Plains	NJ	shaolinbjj.com	2507 US-22
Tiger Schulmann's Martial Arts Short Hills NJ	Short Hills	NJ	tsk.com	531 Millburn Ave
Zephyr Performance Training	Shrewsbury	NJ	zephyrperformancetraining.com	150 Shrewsbury Plaza
Wolf Brazilian Jiu Jitsu	Sicklerville	NJ	teamwolfbjj.com	1707 Sicklerville Rd
New Journey MMA Somerset NJ	Somerset	NJ	newjourneymma.com	2 John F Kennedy Blvd
Lionheart MMA	South Amboy	NJ	lionheartmixedmartialarts.com	1866 NJ-35
Advantage MMA	South Pennsauken	NJ	advantagemixedmartialarts.com	1585 Rt. 73
Sussex County Mixed Martial Arts	Sparta	NJ	sussexcountymma.com	22 Gail Ct
Stafford Mixed Martial Arts	Stafford Township	NJ	staffordmma.com	511 NJ-72 E
Core Brazilian Jiu Jitsu Academy	Stanhope	NJ	corebjjnj.com	8 US-206
Touro MMA	Stockholm	NJ	touromma.com	2741 NJ-23
Echo Alpha Gracie Jiu Jitsu	Succasunna	NJ	echoalphabjj.com	19 NJ-10 Unit 22
Martial Maxx MMA	Teterboro	NJ	martialmaxxmma.com	100 Hollister Road
Checkmates Boxing and MMA Striking Skills	Toms River	NJ	checkmates-boxing.com	1861 Hooper Ave
Girl Fight Martial Arts Center	Toms River	NJ	thegirlfight.com	1001 Fischer Blvd
Madama Jiu-Jitsu Academy	Toms River	NJ	madamajj.com	1174 Fischer Blvd.
Training Center Of New Jersey	Toms River	NJ	trainingcenternj.com	3324 Route 37 East
NJ United Mixed Martial Arts	Totowa	NJ	njunitedmma.com	265 US-46
Loyalty BJJ	Township of Washington	NJ	loyaltybjjnj.com	257 Pascack Rd
AllStar BJJ/MMA Training	Union	NJ	allstarbjjmma.com	1166 W Chestnut St
Elijah Brazilian Jiu Jitsu	Union	NJ	ebjj.com	1330 Stuyvesant Ave
Sheridan Brazillian Jiu Jitsu	Vauxhall	NJ	sheridanbjj.com	863 Valley St
Legion Mixed Martial Arts	Vineland	NJ	legionmixedmartialarts.com	1672 N Delsea Dr
The Shark Tank BJJ	Vineland	NJ	sharktankbjj.com	950 N Main Rd
US Martial Arts Academy Inc	Vineland	NJ	usmartialarts.biz	3430 E Oak Rd
Rival Jiu-Jitsu	Waldwick	NJ	rivalbjj.com	4 North Street
Kurt Pellegrino MMA	Wall Township	NJ		2400 Belmar Blvd
Esoteric Jiu Jitsu Academy	Washington	NJ	esotericjiujitsu.com	1 E Washington Ave
Tiger Schulmann's Martial Arts Wayne NJ	Wayne	NJ	tsk.com	1605 NJ-23
Up Top Martial Arts Academy	Wayne	NJ	martialartswaynenj.com	87 Berdan Ave #1
White Tiger Martial Arts	Wayne	NJ	wtma-nj.com	30 Galesi Drive Ste 200
Rolles Gracie Academy - Long Branch Jiu Jitsu & Muay Thai	West Long Branch	NJ	rollesgracielongbranchnj.com	175 Locust Ave #8
High Impact Martial Arts	West New York	NJ	highimpactma.com	421 54th St
BeltQuest Jiu Jitsu	West Orange	NJ	beltquestjiujitsu.com	395 Pleasant Valley Way
Tiger Schulmann's Martial Arts West Orange NJ	West Orange	NJ	tsk.com	495 Prospect Ave
Close Quarters Brazilian Jiu Jitsu	Westville	NJ	cqbjjfit.com	1999 Gateway Blvd
Training Grounds MMA & Gjj	Westwood	NJ	njtraininggrounds.com	24 Booker st
Gym-Jitsu Mobile Martial Arts	Whippany	NJ		156 Algonquin Pkwy
Whippany Athletic Club	Whippany	NJ	whippanyac.com	156 Algonquin Pkwy
Brazen Martial Arts	Windsor	NJ	brazenmartialarts.com	92 North Main Street
Driven Gym	Woodbridge	NJ	mindbodyonline.com	97 Main St
Camal Judo	Woodland	NJ	camaljudo.com	86 Lakawanna Ave Suite #104
Extreme Fight Club	Woodland Park	NJ	efcchampion.com	10 Squirrelwood Rd.
Rebel Jiujitsu	Boulder City	NV	rebeljiujitsu.com	806 Buchanan Blvd Ste 106
Adrenaline Training Center	Carson City	NV	adrenalinetc.com	135 E Clearview Dr Suite 137
Fight Camp Nv	Carson City	NV		315 N Carson St
Gary Grate Brazilian Jiu-Jitsu Academy of Carson City NV	Carson City	NV	bjjcarsoncity.com	301 Hot Springs Rd #5
JREAM Academy	Carson City	NV	jreamacademy.com	2009 N Carson St
No Limits Martial Arts	Carson City	NV		444 E William St Suite #1
Wild West Training Center	Carson City	NV	calendly.com	3140 Research Way Unit 74
Komainu/Yemaso Brazilian Jiujitsu/MMA Academy	Elko	NV	jreamacademy.com	559 W Silver St Suite 303
Loyalty Brazilian Jiu-Jitsu	Elko	NV	loyaltybjj.com	2719 Argent Ave
University of Grappling: Elko	Elko	NV		452 Idaho St
Douglas County Jiu Jitsu	Gardnerville	NV	dcjiujitsunv.com	1540 Main St Unit 8
10th Planet Jiu Jitsu Las Vegas	Henderson	NV	10thplanetlasvegas.com	1225 W Warm Springs Rd Ste 140
Altruist Mixed Martial Arts	Henderson	NV	altruistmixedmartialarts.com	1031 Whitney Ranch Dr
American Top Team Nevada	Henderson	NV	attnevada.com	1450 W Horizon Ridge Pkwy Suite C209
American Wrestling Club	Henderson	NV	americanwrestlingclub.com	270 E Horizon Dr suite 102
Carlson Gracie Green Valley	Henderson	NV	carlsongraciegreenvalley.com	1483 W Horizon Ridge Pkwy
Chris Engle Brazilian Jiu Jitsu	Henderson	NV	cebjj.net	2871 N Green Valley Pkwy
Core Fitness & Martial Arts	Henderson	NV	mystudio.academy	183 N Gibson Rd #130
Ftcc	Henderson	NV	ftcclv.com	10670 S Maryland Pkwy Ste 135
Gracie Barra Henderson	Henderson	NV	gblasvegas.com	55 S Gibson Rd Ste 117
Gracie Jiu Jitsu Henderson	Henderson	NV	gracielasvegas.com	11251 S Eastern Ave #110
Relson Gracie Jiu Jitsu Team HK Las Vegas	Henderson	NV	relsongracielv.com	693 N Valle Verde Dr #7
Renzo Gracie Henderson Jiu Jitsu	Henderson	NV	renzograciehenderson.com	1481 W Warm Springs Rd #145
Rico's Martial Arts	Henderson	NV	ricosmartialarts.com	10880 S Eastern Ave # 103
Ryoku Judo Club	Henderson	NV	ryokujudo.com	Slam Academy 1091 Fielders Street
Samurai Brazilian Jiu Jitsu Academy	Henderson	NV	samuraitc.com	6100 S Mountain Vista St Suite 130
UFC Gym Green Valley	Henderson	NV	ufcgym.com	2265 N Green Valley Pkwy
Veritas Combat Arts And Fitness Academy	Henderson	NV	veritascombatarts.com	980 American Pacific Drive #107
10th Planet Downtown	Las Vegas	NV	10thplanetdtlv.com	124 S 6th St Ste 180
9th Isle BJJ Inc	Las Vegas	NV	9thislebjj.com	2430 N Decatur Blvd. STE 130
AE Brazilian Jiu Jitsu	Las Vegas	NV		1631 Sunset Rd Suite C112
Asylum Fight Team	Las Vegas	NV	asylumfightteam.com	4510 W Hacienda Ave
Atlas Grappling	Las Vegas	NV	atlasgrappling.com	9272 Tamarus St. Ste 115
Atos Jiu Jitsu Las Vegas	Las Vegas	NV	atosjiujitsulv.com	9325 S Cimarron Rd Ste 115-120
Carlson Gracie Las Vegas	Las Vegas	NV	carlsongracielv.com	121 Sunset Rd
Carlson Gracie Training Center - Cavalcanti Jiu Jitsu	Las Vegas	NV	rcjiujitsu.com	1335 E Sunset Rd Ste I
Cascao Evolution BJJ	Las Vegas	NV		9660 W Tropicana Ave
Cascao Jiu Jitsu	Las Vegas	NV	cascaojiujitsu.com	4180 S Sandhills Rd Ste B5 / B6
Cephas Brazilian Jiu Jitsu Academy	Las Vegas	NV	cephasbjj.com	7703 N El Capitan Way #120
Cobra Kai Jiu Jitsu South	Las Vegas	NV	simgojj.com	7060 W Sunset Rd
Cobrinha Brazilian Jiu Jitsu Academy	Las Vegas	NV	cobrinhabjjlasvegas.com	7310 Smoke Ranch Rd
Destiny Health & MMA	Las Vegas	NV		4343 N Rancho Dr Ste 208
Drysdale Fight For Us Jiu Jitsu	Las Vegas	NV	drysdalefightforus.com	7135 West Ann Rd Ste 140
FASI Sports	Las Vegas	NV	fasisports.com	1725 N Rainbow Blvd Ste 105
Fight Capital Gym	Las Vegas	NV	fightcapital.com	3071 S Valley View Blvd
Fredson Paixao Academy	Las Vegas	NV	fredsonpaixaobjj.com	6365 Montessouri St #105
Freestyle MMA & Jiu Jitsu	Las Vegas	NV	freestylemmalv.com	5230 S Valley View Blvd F
GB Las Vegas	Las Vegas	NV	graciebarra.com	8665 W Flamingo Suite 112
Gracie Jiu - Jitsu Summerlin	Las Vegas	NV	gracielasvegas.com	5375 S Fort Apache Rd Ste 104
Gracie Nevada	Las Vegas	NV	gracie-nevada.business.site	4250 S Rainbow Blvd #1008
Hard Knocks Muay Thai & Judo	Las Vegas	NV	hkmtkickboxing.com	9660 W Tropicana Rd Ste 300
Hybrid Jiujitsu	Las Vegas	NV	hybridjiujitsulv.com	7925 W Sahara Ave
Jiu-Jitsu Methods	Las Vegas	NV	jiujitsumethods.com	8645 S Rainbow Blvd
Lagasca Brazilian Jiu Jitsu	Las Vegas	NV	lagascabjj.com	5255 S Decatur Blvd Unit 109
Las Vegas Fight Club	Las Vegas	NV	thelasvegasfightclub.com	4640 E Flamingo Rd
Legend Mixed Martial Arts	Las Vegas	NV	legendmixedmartialarts.com	7501 W Lake Mead Blvd Ste 107
MC Unit jiu jitsu Academy	Las Vegas	NV		60 N 25th St
Milestone Martial Arts	Las Vegas	NV	milestonemartialarts.com	6255 W Maule Ave Ste- 150
Nova Uniao Las Vegas	Las Vegas	NV	ryukotrainingcenter.com	7770 S Dean Martin Blvd Ste 304
Odin's Halls Brazilian Jiu Jitsu	Las Vegas	NV	bjjvegas.com	7501 N Cimarron Rd #111
Power Martial Arts & Fitness	Las Vegas	NV	powermartialarts.vegas	2466 E Desert Inn Rd
Results Martial Arts	Las Vegas	NV	martialartslv.net	9890 S Maryland Pkwy Ste 2
Reylson Gracie Jiu-Jitsu Health & Wellness Center	Las Vegas	NV		West Cheyenne Plaza 7350 W Cheyenne Ave #102
Ribeiro Jiu-Jitsu - Las Vegas	Las Vegas	NV	ribeirojiujitsulasvegas.com	4275 W Bell Dr Unit 6
Ronin Jiu-Jitsu Las Vegas	Las Vegas	NV	roninjiujitsu.com	2575 E Craig Rd Unit G
Roninjitsu Martial Arts	Las Vegas	NV	smashironfitness.com	4215 S Grand Canyon Dr Suite 105
Ryuko Training Center	Las Vegas	NV	ryukotrainingcenter.com	7770 Dean Martin Dr Ste 304
SHOSHINKAN - Las Vegas Martial Arts	Las Vegas	NV	shoshinkanlv.com	4450 N Tenaya Way
SIMGO Academy	Las Vegas	NV	ckjj.com	7060 W Sunset Rd Ste 110
Sergio Penha	Las Vegas	NV	sergiopenha.com	3904 Schiff Dr
Syndicate Mixed Martial Arts	Las Vegas	NV	syndicatemmavegas.com	6315 S Rainbow Blvd Ste 103
Tapout Research & Development Training Center	Las Vegas	NV	tapoutlasvegas.com	4040 West Hacienda Suite 130
The Academy of Brazilian Jiu Jitsu	Las Vegas	NV		10020 W Cheyenne Ave ste 110
Throwdown Training Center	Las Vegas	NV		7575 W Sunset Rd Ste 110
Torres MMA Sport	Las Vegas	NV	torresmmasport.com	5000 W Oakey Blvd
Tribe Fitness and Martial Arts	Las Vegas	NV	tribevegas.com	5752 S Fort Apache Rd #125
Vegas Combat	Las Vegas	NV	vegascombat.com	2223 S Rainbow Blvd
Vills Bros Brazilian Jiu-Jitsu	Las Vegas	NV	villsbrosbjj.com	8360 N Decatur Blvd Ste 106
Wand Fight Team	Las Vegas	NV	wandfightteam.vegas	3061 Business Ln
Wayne's Martial Arts School	Las Vegas	NV	waynelacno5.wixsite.com	7980 W Sahara Ave
Zangief Jiu Jitsu	Las Vegas	NV	zangiefjiujitsu.com	7380 S. Eastern Ave. Suite 109A
Zenith By Robert Drysdale	Las Vegas	NV	drysdalejiujitsu.com	2000 S Rainbow Blvd Ste A-108
Gracie Humaita West Craig	North Las Vegas	NV	jiujitsulv.com	4600 W Craig Rd #601
K Jutsu Do Fights System	North Las Vegas	NV	k-jutsu-do-fights-system.negocio.site	3100 E Lake Mead Blvd
Kifaru Jitsu Academy of Martial Arts	North Las Vegas	NV	kifarujitsu.com	Neighborhood Center 1638 N Bruce St
Ronin Jiu-Jitsu North Las Vegas	North Las Vegas	NV	roninbjj.org	
Uprising MMA	North Las Vegas	NV	uprisingmma.com	6325 N Commerce St
Mix-It-Up Kickboxing & Brazilian Jiu-Jitsu	Pahrump	NV	mixitupacademy.com	2400 E Basin #3
Orient Jiu Jitsu	Paradise	NV		3110 E Sunset Rd Ste L
360 Martial Arts Academy	Reno	NV	360martialarts.com	8745 Technology Way STE A
Alexandre Garcia Brazilian Jiu-Jitsu	Reno	NV	agjiujitsu.com	8975 Double Diamond Parkway #A5
Ares BJJ Reno	Reno	NV	aresbjjreno.com	1065 S Virginia St
Ascend Jiu-Jitsu	Reno	NV	cp.mystudio.io	3697B Kings Row
Battle Born MMA	Reno	NV	battlebornmma.com	265 Keystone Avenue
Black Diamond Brazilian Jiu-Jitsu	Reno	NV	blackdiamondbjj.com	1445 S Meadows Pkwy Ste 209
Freestyle Martial Arts Academy	Reno	NV	freestylema.com	9590 McCarran Blvd
Gary Grate Brazilian Jiu-Jitsu Academy of Reno NV	Reno	NV	bjjreno.com	1335 Airmotive Way
Guerrilla Jiu Jitsu Academy Reno	Reno	NV	renojiujitsu.com	6275 Sharlands Ave #1
Komainu Gym	Reno	NV	komainuapparel.com	1351 Corporate Blvd
Life Jiu Jitsu Reno	Reno	NV	lifebjjreno.com	S McCarran Blvd #3993
Lion's Den MMA & Fitness Center	Reno	NV	lionsdenreno.com	4690 Longley Ln Ste 7
Momentum Martial Arts	Reno	NV	momentumreno.com	920 Matley Ln #5
Renzo Gracie Academy Reno	Reno	NV	renzograciereno.com	6370 Mae Anne Ave #6
Team Reno	Reno	NV	momentumreno.com	920 Matley Ln
UFC GYM Reno	Reno	NV	ufcgym.com	4875 Kietzke Ln D
Zai Martial Arts Academy	Reno	NV	zaixma.com	7520 Longley Ln Ste. 101
Atos Jiu Jitsu Reno	Sparks	NV	atosjiujitsureno.com	1295 Greg St
Combat Sport and Fitness	Sparks	NV	m.facebook.com	416 Greenbrae Dr
Evolution Martial Arts Academy	Sparks	NV	evomaa.com	4848 Sparks Blvd.
Gracie Humaitá Jiu-Jitsu of Sparks NV	Sparks	NV	agjiujitsu.com	5275 Vista Blvd A-3
The Komainu Collective Brazilian Jiu Jitsu	Sparks	NV	bjjrenotahoe.com	165 Design Place Suite 104
Loyalty Brazilian Jiu-Jitsu Winnemucca	Winnemucca	NV	loyaltybjj.com	125 Melarkey St
Illinois Martial Arts Academy	Algonquin	IL	illinoismartialartsacademy.com	210 Dowdle Ct
Alton Family Martial Arts & Fitness	Alton	IL	altonfma.com	4425 Industrial Dr
Strategic BJJ	Alton	IL	strategicbjj.com	2248 E Broadway
Parallel Jiu Jitsu	Arcola	IL	parallel-jiu-jitsu.business.site	401 South Arcola Avenue
Brazil 021 School of Jiu-Jitsu	Arlington Heights	IL	brazil021arlingtonheights.com	61 W Golf Rd
Champion Jiu-Jitsu at Spider GYM MMA Club	Arlington Heights	IL	championjiujitsu.com	19 E Golf Road
DK Fitness Arts	Arlington Heights	IL	dkfitnessarts.com	1714 Northwest Hwy
Victory MMA Academy Arlington Heights	Arlington Heights	IL	victorymmaacademy.com	764 W Algonquin Rd
LCCT Brazilian Jiu Jitsu Barrington	Barrington	IL	lcctbjjbarrington.com	730 S Northwest Hwy Ste 700
Olympus Grappling Arts	Batavia	IL	olympusgrapplingarts.com	2301 Main St
Arsenal Brazilian Jiu Jitsu	Benton	IL	arsenalbjj.com	1 Rend Lake Plz
Brasa Comprido BJJ	Bloomingdale	IL	compridobjj.com	Stratford Square Mall 152 Stratford Drive #H23
EDS Martial Arts and Self-Defense School	Bloomingdale	IL		215 E Lake St
Gladiador Brazilian Jiu Jitsu Academy	Bolingbrook	IL	thegentleartbjj.com	435 N Bolingbrook Dr
Brazilian Black Belt Buffalo Grove	Buffalo Grove	IL	brazilianblackbelt.com	790 S Buffalo Grove Rd
Kogan Self-Defense & Martial Arts	Buffalo Grove	IL	koganselfdefense.com	1549 Barclay Blvd
Force Brazilian Jiu-Jitsu	Burr Ridge	IL	madeyoutap.com	7960 S Madison St
Carlson Gracie MMA - Channahon	Channahon	IL	carlsongracie-mma.com	24230 S Northern Illinois Dr
Gracie Humaita Springfield	Chatham	IL	graciehumaitaspringfieldil.com	200 W Walnut St
10th Planet Jiu Jitsu Chicago	Chicago	IL	10thplanetjjchicago.com	6154 W Higgins Ave
Bender Martial Arts and Fitness	Chicago	IL	bendermartialarts.com	5547 N Ravenswood Ave Ste 102
Benjilany Striking & Fitness	Chicago	IL	benjilanyfitness.com	3930 N Broadway
Chicago School Of Grappling	Chicago	IL	chicagoschoolofgrappling.com	722 S Racine Ave
Copa Jiu-Jitsu	Chicago	IL	copabjj.com	3727 North Broadway
Taylor Biagi Jiu Jitsu	Chicago	IL	taylorbiagijiujitsu.com	508 N Hoyne Unit 3
Uflacker Academy	Chicago	IL	bjjsouthside.com	6390 S Archer Ave
Victory Training	Chicago	IL	feelthevictory.com	2212 W Roscoe St
Warrior Evolution MMA	Chicago	IL	warriorevolutionmma.com	329 W 18th St Ste 300
GB Collinsville	Collinsville	IL		2539 Vandalia Street
APEX House of Grappling	Countryside	IL	apexgrappling.com	51 E Plainfield Rd
MMA Stop	Crest Hill	IL	mmastopfitness.com	16101 Weber Rd
Jeff Curran Martial Arts Academy	Crystal Lake	IL	teamcurran.com	221 Liberty Road
MMA Underground	Crystal Lake	IL	mmaunderground.info	835 Virginia Rd Unit C
Ryan Thomas Brazilian Jiu Jitsu	Danville	IL	ryanthomasbjj.com	35 N Vermilion St
Chicago Martial Arts / Brazilian Top Team Jiu-Jitsu	Deerfield	IL		151 S Pfingsten Rd H
GB Deerfield	Deerfield	IL	graciebarra.com	55 Waukegan Road
United Elite Mixed Martial Arts and Fitness	DeKalb	IL	unitedelitemma.com	1600 E Lincoln Hwy
Gracie Barra Des Plaines	Des Plaines	IL	graciebarra.com	1587 Lee St
Mbd Martial Arts	Des Plaines	IL	mbdmartialarts.com	1673 East Oakton Street
Bodhi Collaborative BJJ	Downers Grove	IL	bodhicollaborative.com	2081 63rd St
GB Downers Grove	Downers Grove	IL	gbdownersgrove.com	148-152 Ogden Ave
Five Points Jiu Jitsu	East Dundee	IL	fivepointsbjj.com	104 N River St
Fusion Academy of Martial Arts	Elgin	IL	fusionacademyofmartialarts.com	782 S McLean Blvd
Ferro Academy	Elmhurst	IL	ferroacademybjj.com	450 N York St
Patriot Sports and Fitness	Elmhurst	IL	patriotsportsandfitness.com	484 S Spring Rd
Yobe Jiu Jitsu	Elmhurst	IL	bjjlabelmhurst.com	295 N York Rd
Fonseca Martial Arts	Evanston	IL	fonsecamartialarts.com	823 1/2 Chicago Ave
GB Evanston	Evanston	IL		1017 Davis Street
Serafin Brazilian Jiu-Jitsu	Evanston	IL	serafinjiujitsu.com	2306 Main St
Intercept MMA	Forest Park	IL	interceptmma.com	1401-19 Circle Ave
Tutaj Brazilian Jiu Jitsu	Forest Park	IL	tutajbjj.com	1525 Circle Ave
Decatur Brazilian Jiu Jitsu	Forsyth	IL	facebook.com	133 Barnett Ave
Devine Jiu Jitsu Lake County	Fox Lake	IL	scholarwarriormma.com	5 US-12
Gracie Jiu-Jitsu Geneva	Geneva	IL		33W624 Roosevelt Road
Finney's Hit Squad	Granite City	IL	thehitsquad.com	400 A Street Suite D
Granite City MMA Cage Warriors	Granite City	IL		1908 State St
3D MMA Brazilian Jiu Jitsu	Hanover Park	IL	3dmmaacademy.com	1118 E Lake St
Comprido BJJ	Highland Park	IL	highlandparkbjj.com	432 Green Bay Rd
Fathom Brazilian Jiu Jitsu	Highland	IL	fathombjj.com	1119 Washington St
Brasa Jiu-Jitsu Highwood	Highwood	IL		432 Greenbay Rd Highwood Rec Center
Dekalb County Brazilian Jiu Jitsu	Hinckley	IL	dekalbcountybjj.com	210 W Lincoln Ave
GB Jacksonville	Jacksonville	IL		915 W Superior Ave Suite 105
Norse Academy Martial Arts	Lake Villa	IL	norseacademymartialarts.com	1600 N Milwaukee Ave #606
Black Tiger Martial Arts Academy	Libertyville	IL	blacktigerfightclub.com	410 Peterson Rd
GB Libertyville	Libertyville	IL	graciebarra.com	13960 West Rockland Road Rt 176
Northshore Academy of Martial Arts	Libertyville	IL	nsama.com	281 Peterson Rd
Degerberg Academy	Lincoln Square	IL	degerbergacademy.com	4717 North Lincoln Street
GB East Naperville	Lisle	IL	gbeastnaperville.com	2801 Ogden Ave Unit 1 & 3
Mequinho Jiu Jitsu	Lisle	IL	downersgrovejiujitsu.com	5800 Forest View Rd Unit 121
10th Planet Jiu Jitsu Lombard	Lombard	IL	10thplanetjjlombard.com	1060 Dupage Ave
All Star Jiu Jitsu	Lombard	IL	allstarjiujitsu.com	1219 S Main St
UFC GYM Yorktown	Lombard	IL	ufcgym.com	173 Yorktown Shopping Ctr Ste 173
Northern Illinois Combat Club and Fitness	Machesney Park	IL	niccfitness.com	7007 N 2nd St
Cassady Martial Arts Academy Royce Gracie Jiu Jitsu	Macomb	IL	cassadymartialarts.com	1601 W Jackson St
The Shed JiuJitsu Academy	Macomb	IL	theshedjiujitsuacademy.com	212 S Collins Ave
4:13 Jiu-Jitsu	Marion	IL	413jiujitsu.com	1110 N Carbon St
Illinois Brazilian Jiu-Jitsu Academy	Mascoutah	IL	illinoisbjj.com	126 E Main St
Arebalo Jiu Jitsu	Mattoon	IL	arebalojiujitsu.com	3408 Marshall Ave
Constrictor MMA	McHenry	IL		1245 N Green St
Lake County Brazilian Jiu-Jitsu	Mundelein	IL	lakecountybjj.com	108 Terrace Dr
B1 Brazilian Jiu Jitsu & Self Defense	Naperville	IL	b1bjjfitness.com	1320 North Route 59
BJJ Lab Brazilian Jiu-Jitsu Academy Naperville	Naperville	IL	bjjlabnaperville.com	1701 Quincy Ave #26
UFC GYM Naperville	Naperville	IL	ufcgym.com	790 Royal St George Drive
Middeke Brazilian Jiu Jitsu	New Baden	IL	middekebjj.com	7551 IL-160 #E
GB New Lenox	New Lenox	IL	graciebarra.com	14623 W Edison Dr
University of Ground Fighting	New Lenox	IL	uofgf.com	12540 West Harvey Dr
New Breed Training Center	Niles	IL	newbreedtrainingcenter.com	5647 W Howard St
Top Level MMA Training Center	Niles	IL	toplevelmma.com	7038 N Milwaukee Ave
Victory Martial Arts Northbrook	Northbrook	IL		2245 Walters Ave
S.I.M.S. Martial Arts Academy	O'Fallon	IL	simsmartialartsacademy.com	675 W Hwy 50
Randori MMA & Jiu Jitsu	Orland Park	IL	randorijiujitsu.com	11545 183rd Place Units 112 & 113
ROL Academy of Jiu Jitsu	Orland Park	IL	rolacademy.com	15629 71st Ct
Dominion MMA	Oswego	IL	dominionmartialarts.com	150 Kendall Point Dr b
FLO Fitness & Martial Arts	Palatine	IL	flomma.com	709 S Vermont St
Rodriguez Brazilian Jiu Jitsu	Peru	IL	drodriguezbjj.business.site	3940 IL-251
Falconbury Warrior Concepts	Robinson	IL	falconburywarriorconcepts.com	202 West Plum Street
Core Combat Sports	Rockford	IL	coremma.com	1618 Featherstone Rd
Team Haanpaa Martial Arts	Rockford	IL	teamhaanpaa.com	4911 26th Ave
Pride Jiu-Jitsu Academy	Rockton	IL	pridejiujitsuacademy.com	330 E Main St Suite 500
RMNU Rockton Judo & Jiu Jitsu Academy	Rockton	IL		916 N Blackhawk Blvd
Keith Hackney's Combat Academy	Roselle	IL	hackneyscombat.com	800 W Lake Street Suite 108
Evolution Mixed Martial Arts Chicago - Schaumburg	Schaumburg	IL	evolutionmmachicago.com	1207 Remington Road Suite 105
Midwest Training Center	Schaumburg	IL	mtcmma.com	455 E State Pkwy Unit 103
CU Jiu Jitsu	Urbana	IL	cu-bjj.com	140 S Broadway Ave
GB Champaign	Urbana	IL	gbchampaign.com	408 North Race Street Suite E
Team Top Notch	Villa Park	IL	topnotchmma.com	226 Stone Rd
Dave Strasser's Freestyle Academy of MMA	Waukegan	IL	davestrasser.com	125 Cory Ave
LCCT Brazilian Jiu-Jitsu West Dundee	West Dundee	IL	lcctbjjwestdundee.com	999 W Main St
Midwest Judo & Jujitsu Club	Westmont	IL	midwestjudo.com	407 West Ogden Ave
Living Art Brazilian Jiu Jitsu	Willowbrook	IL	livingartbjj.com	7850 S Quincy St
The Academy BJJ	Winnetka	IL	academybjj.com	193 Northfield Rd
AXT Jiu-Jitsu	Yorkville	IL	axtjiujitsu.com	728 E Veterans Pkwy
10th Planet Jiu Jitsu Decatur	Decatur	AL	decaturbrazilianjiujitsu.com	108 Lenwood Rd SE
Parker Academy of Martial Arts	Parker	CO	kicksrus.com	18632 Pony Express Dr Building 103
10th Planet Jiu Jitsu Denver	Wheat Ridge	CO	10thplanetdenver.com	6161 W 44th Ave Suite 150
Gracie Barra Fort Lauderdale	Fort Lauderdale	FL	graciebarra.com	5439 North Federal Highway
Renzo Gracie Ft. Lauderdale	Fort Lauderdale	FL	renzogracieftl.com	535 NE 13th St #1
Knuckle Up Martial Arts	Jacksonville	FL	martialartsjacksonvillefl.com	11570-8 San Jose Blvd
iQ Jiu-Jitsu	Benton	IL	iqjiujitsu.com	110 E Main St
GB Bloomington	Bloomington	IL	graciebarrabloomingtonjj.com	3302 Gerig Dr #300
GB Twin Cities	Bloomington	IL	gbtcjiujitsu.com	3 Quest Drive
GB Chicago West Loop	Chicago	IL	graciebarrachicago.com	630 West Lake Street
Redzovic Jiu Jitsu Lincoln Square	Chicago	IL	chicagojiujitsu.com	4900 N Lincoln Ave
Renzo Gracie Chicago	Chicago	IL	renzograciechicago.com	2727 N Lincoln Ave Unit 2
TDC MMA + Fitness	Chicago	IL	tdcmmaandfitness.com	322 N Leavitt Ste B
Midwest Jiu Jitsu Academy	Quincy	IL	mwjja.com	417 N 32nd St
GB Springfield	Springfield	IL	graciebarra.com	1665 Wabash Avenue
Alliance Jiu Jitsu Henderson KY	Henderson	KY	scottaudasjiujitsu.com	238 N Main St
Team AFS MMA	Richmond	KY	afsacademy.com	427 Big Hill Ave
Aurora BJJ	Aurora	MO	aurorabjj.com	3100 S Elliott Ave Suite 104
GB Columbia	Columbia	MO	graciebarra.com	128 East Nifong Boulevard Suite E
Gracie Humaita Kansas City	Kansas City	MO	graciehumaitakansascity.com	1827 McGee St
KiCK Martial Arts	Kansas City	MO	kickma.com	7683 NW Prairie View Rd
10th Planet Kansas City	Kansas City	MO	10wolf.com	201 Branch Street
Gracie Barra Springfield Fight Club	Springfield	MO	springfieldfightclub.com	450 S Union Ave Unit L
Art of Movement: MMA, BJJ & Fitness	Medford	NJ	aommma.com	682 Stokes Rd
Martial Way MMA	Newton	NJ	martialwaymma.com	274 Spring St #5
Brown Institute	Centerville	OH	browninstitute.com	912 E Franklin St
Leverage Brazilian Jiu-Jitsu	Cortland	OH	leveragebjjohio.com	1000 Fowler St
Team Bundy Gracie Jiu-Jitsu	Warren	OH	teambundymma.com	160 Clifton Ave NE
10th Planet Jiu Jitsu Allentown	Allentown	PA	10thplanetallentown.com	349 S Cedar Crest Blvd
Padilla Brazilian Jiu Jitsu	Allentown	PA	padillabjj.com	2125 28th St SW #150
Tiger Schulmann's Mixed Martial Arts Allentown	Allentown	PA	tsk.com	4654 Broadway
Zombie Brazilian Jiu-Jitsu and MMA	Allentown	PA	zombiebjjpa.com	1801 Union Blvd h2
Pa-Grappling	Altoona	PA	pa-grappling.com	750 Park Avenue
Ataraxis Brazilian Jiu-Jitsu & Self Defense	Ambler	PA	ataraxisbjj.com	913 E Butler Pike
5 Stones Fight Club	Annville	PA	5stonesfightclub.org	25 E Main St
Main Line United Brazilian Jiu-Jitsu	Ardmore	PA	mainlineunited.com	52 Greenfield Ave
Apgar Mixed Martial Arts	Bath	PA	apgarmma.com	5755 Nor Bath Blvd
GB Beaver County	Beaver County	PA	graciebarra.com	500 Dutch Ridge Road
Raptor Academy of Martial Arts	Bellefonte	PA	raptorbjj.com	220 W High St
Ryan Wagner's Martial Arts & Fitness	Bensalem	PA	martialarts4bensalem.com	1336 Bristol Pike Ste 200
Jade Studio	Berwyn	PA	jademovementstudio.com	616 Lancaster Ave
10th Planet Jiu-Jitsu Bethlehem	Bethlehem	PA	finishersmma.com	3713 Linden St
Inverted Gear Academy	Bethlehem	PA	invertedgearacademy.com	1114 W Broad St
Tiger Schulmann's Mixed Martial Arts Bethlehem	Bethlehem	PA	tsk.com	3926 Linden St
No Limits Grappling Academy	Blakely	PA	nolimitsgrapplingacademy.com	3189 Scranton Carbondale Hwy
10th Planet BJJ Bloomsburg at Mid World Martial Arts	Bloomsburg	PA	midworldmartialarts.com	32 E Ridge Ave
Bloomsburg Martial Arts Academy	Bloomsburg	PA	bloommma.com	917 E 7th St
World Class Martial Arts	Boothwyn	PA	wcma-usa.com	812 Conchester Hwy
Hellfish Mixed Martial Arts	Bridgeport	PA	hellfishmma.com	104 Dekalb St
Zezinho's Mota Jiu-Jitsu School	Bridgeville	PA	zzmbjj.com	183 Firwood Dr
Keystone Boxing & MMA Gym	Bristol	PA	keystoneboxingmma.com	247 Mill St Unit 5
Keystone Brazilian Jiu-Jitsu & Mixed Martial Arts	Bristol	PA		10 Canal St Suite 137
Gracie Barra Carlisle	Carlisle	PA	gbcarlisle.com	229 Petersburg Rd
Delaware Jiu Jitsu	Chadds Ford	PA	delawarejiujitsu.com	1290 Baltimore Pike STE 103
Rosendo Diaz Brazilian Jiu-Jitsu	Chalfont	PA	graciepa.com	27 W Butler Avenue
Clarion MMA	Clarion	PA	clarionmma.com	1130 E Main St
Tiger Schulmann's Mixed Martial Arts Colmar	Colmar	PA	tsk.com	160 Bethlehem Pike
Hart Jiu Jitsu, Kickboxing and Mixed Martial Arts	Conshohocken	PA	hartbjj.com	1050 Colwell Ln Ste 400
Rise 8 Training Academy	Coraopolis	PA	facebook.com	400 Main St
Paramount Brazilian Jiu-Jitsu	Downingtown	PA	paramountbjj.com	530 Trestle Pl
Combat Fitness Martial Arts	Doylestown	PA	combatfitnessmartialarts.com	4339 West Swamp Road
REAKT - Team Renzo Gracie	DuBois	PA	reaktbjj.com	301 Aspen Way
Gracie Sports Team	Dunmore	PA		212 E Drinker St B
Scranton MMA	Dunmore	PA	scrantonmma.com	1000 Dunham Dr Suite C
NEPA Mixed Martial Arts	Edwardsville	PA		681 Main St
Ephrata Martial Arts	Ephrata	PA	ephratamartialarts.com	248 W Fulton St
Lancaster Brazilian Jiu Jitsu	Ephrata	PA	lancasterbjj.com	342 N Reading Rd
Crush Crew Jiu Jitsu	Erdenheim	PA	crushcrewjiujitsu.com	631 Bethlehem Pike
Mata Leão Jiu-Jitsu	Erie	PA	eriebjj.com	
Grindhouse MMA & Fitness	Feasterville-Trevose	PA	grindhousemma.com	1040 Mill Creek Dr
Tiger Schulmann's Mixed Martial Arts Feasterville	Feasterville-Trevose	PA	tsk.com	1140 Bustleton Pike
Quintella MMA	Folsom	PA	quintellajiujitsu.com	412 W Mcdade Blvd
Tsunami Academy of Martial Arts	Gettysburg	PA	tsunami.academy	1700 Proline Pl
Sentry Jiu-Jitsu	Gilbertsville	PA	facebook.com	311 County Line Rd #15b
Fundamental Jiujitsu	Glenside	PA	fundamentaljiujitsu.com	1100 E Mermaid Ln
Tactical Combat Academy MMA - Greencastle	Greencastle	PA	tcamma.com	120 S Antrim Way
High Ground Jiu-Jitsu	Greensburg	PA	highgroundbjj.com	2155 US-119
Pennsylvania Combat Sports	Greensburg	PA	pacombatsports.com	114 E Otterman St
Deep Water Brazilian Jiu Jitsu	Harrisburg	PA	deepwaterbjjacademy.com	732 Colonial Rd
Harrisburg Mixed Martial Arts	Harrisburg	PA		5450 Derry St
Saga BJJ	Hatboro	PA	sagabjj.com	430 Jacksonville Rd
Renzo Gracie Pennsylvania	Hatfield	PA	renzograciepa.com	1627 Bethlehem Pike
Spear Jiu Jitsu	Havertown	PA	spearjj.com	1025 West Chester Pike
Hermitage Brazilian Jiu Jitsu	Hermitage	PA		2206 E State St
East Montgomery Martial Arts	Horsham	PA	eastmontma.com	415 Sargon Way Unit F
Tiger Schulmann's Mixed Martial Arts Horsham	Horsham	PA	tsk.com	314 Horsham Rd
Complete Martial Arts Club of Hershey	Hummelstown	PA	completemartialartsclub.com	30 E 2nd St
Kozma Brazilian Jiu-Jitsu	Huntingdon Valley	PA	kozmabjj.com	3035 Franks Rd
Elite Combative Systems	Indiana	PA	elitecombativesystems.com	2430 Philadelphia St #1535
Brazilian Jiu-Jitsu United	Jenkintown	PA	bjjunited.com	428 York Rd
Flood City JiuJitsu	Johnstown	PA	facebook.com	455 Schoolhouse Road
Algeo MMA and Kickboxing	King of Prussia	PA	algeomma.com	970 Pulaski Dr A
Green Jiu Jitsu	King of Prussia	PA		580 Shoemaker Rd
Precision Jiu-Jitsu	King of Prussia	PA	precisionjj.com	714 Reed St
Achieve Jiu Jitsu Academy	Lancaster	PA	achievejja.com	341 E Liberty St Unit 3
Gracie 717	Lancaster	PA	gracie717.com	3515 Columbia Ave
Jiu Jitsu One	Lancaster	PA	jiujitsu1.com	1138 Elizabeth Ave
UFC GYM Lancaster	Lancaster	PA	ufcgym.com	1160 Park City Center
MPR Endurance MMA	Langhorne	PA	mprendurance.com	864 Town Center Dr
ONEPUNCH Boxing and MMA Jujitsu Gym	Langhorne	PA	onepunchatoxfordmall.business.site	2300 Lincoln Hwy
UFC GYM Lansdale	Lansdale	PA	ufcgym.com	2333 Welsh Rd Unit B2B
Ground Zero Pittsburgh	Latrobe	PA	gzpittsburgh.com	348 Main St
All-American MMA Academy	Lemont Furnace	PA	all-american-mma-academy.business.site	1952 University Dr
Harrisburg Brazilian Jiu Jitsu and Judo	Lemoyne	PA	harrisburgbjjandjudo.com	322 Market St
Ramsey Academy of Martial Arts	Lewisburg	PA	bvrec.org	815 Market St
Dragon Gym Malvern	Malvern	PA	dragongym.com	235 Lancaster Ave
Elite Edge Boxing & Jiu Jitsu	Malvern	PA	eliteedgeboxingbjj.com	11 N Bacton Hill Rd
Competitive Edge Martial Arts	Maple Glen	PA		874 Welsh Rd
House of Arts Jiu Jitsu	Media	PA	hoabjj.com	319B W State St
Armezzani Jiu Jitsu Academy	Monaca	PA	pittsburghbjj.net	1126 Pennsylvania Ave
Octane Martial Arts	Monongahela	PA	octanemartialarts.com	215 Chess St
Good Vibes Brazilian Jiu Jitsu	Morrisville	PA	goodvibesjiujitsu.com	375 W Trenton Ave
The Vault Jiu Jitsu	Morton	PA	vaultbjj.com	25 S Morton Ave
Miloki Flow Jiu Jitsu & Movement	Narberth	PA	milokiflow.com	950 Montgomery Ave
10th Planet Nazareth	Nazareth	PA	10pnazareth.com	857 Nazareth Pike
Onyx Combat Sports	Newtown Square	PA	onyxcombatsports.com	4653 West Chester Pike
Bucks MMA	Newtown	PA	bucksmma.com	207 Penns Trail
Ricardo Almeida Brazilian Jiu Jitsu & Martial Arts	Newtown	PA	newtownbjj.com	209 Pheasant Run
Beltrante Fighting Systems	Norristown	PA	belfightsys.com	536 N Trooper Rd
Elite Mixed Martial Arts	Northampton	PA	elitemmactr.com	2022 Main St
Gracie NEPA Grappling Club	Olyphant	PA	gracienepa.com	943 Underwood Rd
Boa Brazilian Jiu Jitsu	Orwigsburg	PA	boa-brazilian-jiu-jitsu-llc.business.site	214 E Independence St
Schuylkill County Brazilian Jiu Jitsu	Orwigsburg	PA	schuylkillbjj.com	1506 Centre Turnpike suite 8
Rat Pack Fighting Systems	Palmerton	PA	rpfightingsystems.com	468 Delaware Ave
Chosen Martial Arts Academy	Palmyra	PA	chosenmartialartsacademy.com	30 N Londonderry Square
Daniel Gracie BJJ	Philadelphia	PA	danielgraciephilly.com	2301 N Front Street
Fight Firm	Philadelphia	PA	fightfirmgym.com	461 N 9th St
Marquez MMA	Philadelphia	PA		4500 Worth St Unit 401A
Philadelphia Jiu-Jitsu	Philadelphia	PA	instagram.com	1760 Barbara St
RH Studios BJJ	Philadelphia	PA	instagram.com	10000 Sandmeyer Ln
SAS Philadelphia Brazilian Jiu-Jitsu	Philadelphia	PA	sasphiladelphiabjj.com	2137 E Huntingdon St Suite W1100
Shorty's Brazilian Jiu Jitsu	Philadelphia	PA	shortysbjj.com	3826 Lancaster Ave
The Jiu Jitsu Company	Philadelphia	PA	jiujitsuphilly.com	31 S 2nd St Fl 2
Undisputed MMA	Philadelphia	PA	undisputed-mma-llc.business.site	6501 Ogontz Ave
Alliance Pennsylvania Jiu-Jitsu	Phoenixville	PA	bajji.com	280 Schuylkill Rd
Gracie Jiu Jitsu Phoenixville	Phoenixville	PA	graciejiujitsuphoenixville.com	550 Kimberton Rd
USA MMA Academy	Phoenixville	PA	usammaacademy.com	711 Wheatland St
Personal Training Tactics by Don Kaecher	Pittsburgh	PA		2554 Brownsville Rd
Renzo Gracie Pittsburgh	Pittsburgh	PA	renzograciepittsburgh.com	5104 Butler Street
Steel City Martial Arts	Pittsburgh	PA	steelcitymartialarts.com	3842 Library Rd
The Academy of Martial Arts and Fitness	Pittsburgh	PA	pittsburghacademy.com	24 Woodville Ave
True Believer Jiu Jitsu	Pittsburgh	PA	truebelieverjiujitsu.com	1928 Spring Garden Ave
American Top Team Happy Valley	Pleasant Gap	PA	atthappyvalleypa.com	147 Valor Ct
Droogs MMA & Jiu Jitsu	Pottstown	PA	droogsmma.com	1730 New Schuylkill Rd
Mountain Road Jiu-Jitsu	Pottsville	PA	mountainroadjiujitsu.com	1766 W Market St
Quakertown Academy of MMA & Fitness	Quakertown	PA	mindbodyonline.com	214 N West End Blvd
Berks County Brazilian Jiu-Jitsu	Reading	PA	bcbjj.org	830 Mountain Home Rd
Team Pereira / Jucao Mixed Martial Arts Academy	Reading	PA	pereirabjj.com	1414 Moss Street
Mace MMA	Red Lion	PA	macemma.com	133 W Broadway
Gracie Jiu-Jitsu Richboro	Richboro	PA		890 2nd Street Pike Suite 896
Movement Art Jiu-Jitsu	Richboro	PA	rmbjjrichboro.com	879 Bustleton Pike
High Voltage Gym	Royersford	PA	highvoltagegym.net	61 S Reed Rd
Empower Jiu Jitsu	Sarver	PA	empowerjiujitsupa.com	384 Sun Mine Rd
Precision Jiu Jitsu Spring Mount	Schwenksville	PA	precisionjjspringmount.com	696 Main St
Pride Lands MMA Academy	Scranton	PA	pridelandsmma.com	731 Cedar Ave
Elite Performance Combat Club	Shamokin	PA	epccbjj.com	42 N Market St
Sion Brazilian JiuJitsu	Southampton	PA	sionbjj.com	1020 Industrial Blvd
Spring Grove Brazilian Jiu-Jitsu	Spring Grove	PA		244 Old Hanover Rd
Central PA Mixed Martial Arts	State College	PA	cpamma.com	1445 W College Ave
LombardMMA	State College	PA	lombardmma.com	127 Sowers St
American Killer Bees PA MMA & BJJ	Stroudsburg	PA	killerbeespa.com	344 Stroud Mall Rd #454
Renzo Gracie Pocono / Jiu Jitsu Asylum	Stroudsburg	PA		1125 N 9th St
Northeastern Ju Jitsu	Swoyersville	PA	nejujitsu.com	1047 Main St
Edge Fitness & Martial Arts	Towanda	PA	theedgefitness.com	17 Pine St
X-Treme MMA American Top Team	Warrington	PA	warringtonjiu-jitsu.com	626 Easton Rd
Elite Martial Arts Center	Waynesboro	PA	facebook.com	250 N Church St
Team Junqueira Pittsburgh	Wexford	PA	teamjunqueira.com	12330 Perry Hwy
Bad Company Jiu-Jitsu	Wilkes-Barre	PA	badcompanybjj.com	24 Forrest St
Williamsport School of Self Defense	Williamsport	PA		734 W 4th St
Delco Brazilian Jiu-Jitsu	Woodlyn	PA	delcobjj.com	1936 MacDade Blvd #7
East York Brazilian Jiu Jitsu	York	PA	yorkbjj.com	
Red Lion BJJ	York	PA		2810 E Prospect Rd
York Brazilian Jiu Jitsu	York	PA	3gyorkbjj.com	3130 West Market St
York Mixed Martial Arts Academy	York	PA	ymmaa.com	2323 Carlisle Rd
Zero Brazilian Jiu Jitsu	York	PA	zerobjj.com	463 S Albemarle St
Stout PGH - Zelienople/North	Zelienople	PA	stouttrainpitt.com	50 Halstead Blvd
Caio Terra Academy - Alexandria BJJ	Alexandria	VA	alexandriabjj.com	6118 Franconia Rd Ste 213
Capital Jiu-Jitsu Academy-Royce Gracie Network	Alexandria	VA		305 Hooffs Run Dr
High Noon BJJ & Fitness	Alexandria	VA	highnoonbjj.com	85 S Bragg St Ste 202
King Khong MMA	Alexandria	VA	kingkhong.com	5601-G General Washington Dr
Testudo BJJ Judo	Alexandria	VA	testudobjj.com	2731 Mt Vernon Ave Lower Level
Lotus Thai Boxing and BJJ	Annandale	VA	lotusthaiboxing.com	4542 John Marr Dr Ste B
Capitol Combat Sports	Arlington	VA	capitolcombatsports.blogspot.com	1750 Crystal Dr
Darcio Lira Jiu Jitsu	Arlington	VA	darciolirajjdcva.squarespace.com	1750 Crystal Dr
District Martial Arts	Arlington	VA	districtmartialarts.com	927 N Quincy St
EvolveAll - Martial Arts and Training Studio	Arlington	VA	evolveall.com	1058 S Walter Reed Dr
Kogaion Academy Brazilian Jiu-Jitsu & Judo	Arlington	VA	kogaionacademy.com	2788 S Arlington Mill Dr #100
Leo Dalla Martial Arts Arlington at One Life Fitness Ballston	Arlington	VA	leodalla.com	4238 Wilson Blvd.
Pentagon Mixed Martial Arts	Arlington	VA	pentagonmma.com	1041 S Edgewood St
UFC GYM Arlington	Arlington	VA	ufcgym.com	1200 N Herndon St
American Top Team Ashburn	Ashburn	VA	attashburn.com	44921 George Washington Blvd #140
Gracie Barra Ashburn, Brazilian Jiu-Jitsu and Self-Defense	Ashburn	VA	gbashburn.com	22556 Amendola Terrace Suite 130
Kaizen MMA Ashburn	Ashburn	VA	kzmma.com	21770 Beaumeade Circle, Ste 125
Sparks Martial Arts Academy	Ashburn	VA	sparksmma.com	21720 Red Rum Dr
Virginia Jiu-Jitsu Academy	Ashburn	VA	virginiajiu-jitsuacademy.com	21750 Red Rum Dr Ste 102
Revolution BJJ Ashland LLC	Ashland	VA	revolutionbjjashland.com	10393 Sliding Hill Rd Suite D
RVA MMA Ashland	Ashland	VA	rvamma.com	10966 Richardson Rd Suite E
MiKiDo	Bailey's Crossroads	VA	mikido.com	3443 Carlin Springs Rd
Team Mannon BJJ	Blacksburg	VA	teammannonbjj.com	700 N Main St
Bristol Jiu Jitsu	Bristol	VA	bristoljiujitsu.com	100 Travelite Rd Suite 7
Stryker Martial Arts / Carlos Machado Jiu-Jitsu Bristol	Bristol	VA	strykermaa.com	3170 Linden Dr Suite 8
Elite Grappling	Cedar Bluff	VA		23719 US-19
Centreville Brazilian Jiu Jitsu	Centreville	VA	centrevillebjj.com	6206 Multiplex Dr
Chantilly MMA Academy - Judo, BJJ and Muay Thai	Chantilly	VA	chantillymma.com	4124 Walney Rd Suite D
Dimitri Chrisos Jiu Jitsu Academy	Chantilly	VA	dc-bjj.com	4425 Brookfield Corporate Dr #900
Fairfax Jiu Jitsu Academy	Chantilly	VA	fairfaxjj.com	4315-B Walney Road
GB Chantilly	Chantilly	VA	graciebarra.com	4200 Lafayette Center Drive Suite N
Silverback Academy	Chantilly	VA		14740 Flint Lee Rd Suite F
Charlottesville Brazilian Jiu-Jitsu	Charlottesville	VA	cvillebjj.com	1731 Allied St
Gracie Charlottesville Jiu-Jitsu and Self Defense Academy	Charlottesville	VA	graciecharlottesville.com	1646 Seminole Trail Suite 100
Da Firma Training Center	Chesapeake	VA	dafirmatc.com	912 Professional Pl Ste A & B
Gustavo Machado Brazilian Jiu Jitsu Chesapeake	Chesapeake	VA	gmbjjchesapeake.com	123 Bruton Ct Ste 101
Tidewater Academy Chesapeake	Chesapeake	VA	tidewaterbjj.com	648 Grassfield Parkway Suite 18
Virginia TaeKwonDo & Jiu-Jitsu Academy	Chesapeake	VA	virginiatkd.com	1245 Cedar Rd
Tech MMA & Fitness Academy	Christiansburg	VA	techmmaacademy.com	215 County Dr NE
Tri-Cities JiuJitsu Club	Colonial Heights	VA	tricitiesmartialartsclub.com	137 Pickwick Ave
Culpeper Brazilian Jiu-Jitsu	Culpeper	VA	crossfitculpeper.com	15488 Montanus Dr
Yamasaki BJJ Culpeper	Culpeper	VA	culpepermartialarts.com	331 Southgate Shopping Center
Capital MMA & Elite Fitness	Fairfax	VA	capitalmma.com	3226 Old Pickett Rd
Comet BJJ	Fairfax	VA	cometmma.com	3937-B University Dr
Kaizen MMA Fairfax	Fairfax	VA	kzmma.com	3950 University Dr STE 103
OSA Martial Arts	Fairfax	VA	emafairfax.com	3848 Old Lee Hwy
UFC GYM Fairfax	Fairfax	VA	ufcgym.com	4475 Market Commons Dr
Fifty/50 Martial Arts Academy	Falls Church	VA	5050bjj.com	929 W Broad St Ste 103
Gracie NOVA at The Fighters Garage	Falls Church	VA	thefightersgarage.com	132 West Jefferson Street
Kaizen MMA Falls Church	Falls Church	VA	kzmma.com	2190 Pimmit Dr K - L
10th Planet Fredericksburg	Fredericksburg	VA	10thplanetfxbg.com	19 Baron Park Rd #101
Darcio Lira Brazilian Jiu Jitsu	Fredericksburg	VA	darciolirajjdcva.com	215 Kings Hwy STE 105
DCB MMA & Athletic Training	Fredericksburg	VA	dcbmma.com	624 Wolfe St
Enlisted Nine Fight Company - Virginia	Fredericksburg	VA	e9fcva.com	88 Le Way Dr Suite 123
GB Fredericksburg	Fredericksburg	VA	graciejiujitsufredericksburg.com	930 Bragg Rd
Renegade Combat Sports Club	Fredericksburg	VA	renegadecombatsports.com	1504 Interstate Business Park
The Kennel MMA	Fredericksburg	VA		Airport Ave
The Lab MMA	Fredericksburg	VA	thelabbjj.com	5061 Jefferson Davis Hwy
Valhalla Academy of Martial Arts	Fredericksburg	VA	martialartsfredericksburgva.com	4705 Plank Rd #201
Cheeseman Martial Arts Brazilian Jiu Jitsu	Hampton	VA	cheesemanmartialarts.net	4126 W Mercury Blvd
Five Crow Martial Arts & Fitness	Hampton	VA	fivecrow.com	1343 N King St Ste B
New World Academy	Hampton	VA	newworldacademybjj.com	3217 Commander Shepard Blvd
Edge Effect Fitness and Martial Arts	Harrisonburg	VA	edgeeffectfitness.com	785 Acorn Dr #102
Pressure Brazilian Jiu-Jitsu Academy	Harrisonburg	VA	m.facebook.com	3211 Peoples Dr Suite 120
Battlefield Jiu Jitsu	Haymarket	VA	battlefieldjiujitsu.com	14600 Washington St #160
Phoenix Fitness & Martial Arts	Henrico	VA	phoenixfma.com	3957 Deep Rock Rd
Pedro Sauer Academy: One Spirit Martial Arts	Herndon	VA	virginiabjj.com	314 Victory Dr
Odyssey MMA	King William	VA	odysseymma.com	694 Sharon Road Suite O
Tenth Round Boxing & MMA	Leesburg	VA	pedroboxing.com	737 Bonnie Ridge Dr NE
Shannon Arts Jiu-Jitsu & Wrestling Front Royal	Linden	VA	shannonajj.com	3056 Dismal Hollow Rd
Checkmat Lynchburg Jiu Jitsu	Lynchburg	VA	checkmatvirginia.com	18805 Forest Rd
Feks MMA	Lynchburg	VA	mma4lynchburg.com	18478 Forest Road Suite 9
Jamerson YMCA Martial Arts: Brazilian Jiu-Jitsu & Kempo Karate	Lynchburg	VA	lynchburgkempobjj.com	801 Wyndhurst Dr #2550
Nomad JiuJitsu	Lynchburg	VA	nomadjitsu.com	118 Davis Cup Rd
Renaissance Academy of Martial Arts	Lynchburg	VA	ramarts.com	1209 Commerce St
The Edge Martial Arts and Tumbling	Lynchburg	VA	theedgeforlife.com	20722 Timberlake Rd
Dominion BJJ	Manassas	VA	dominionbjj.com	8068 Flannery Ct
Vanguard Gym	Manassas	VA	vanguardgym.com	9414 Center Point Ln
BOA BJJ Academy	Mechanicsville	VA	boabjj.com	8324 Bell Creek Rd St 200
804 Jiu-Jitsu / Team Passos	Midlothian	VA	804jiu-jitsu.com	4816 Market Square Ln #4826
Apex Jiu Jitsu	Midlothian	VA	apexjiujitsuva.com	13961 Raised Antler Cir
Breakaway Jiu Jitsu	Newport News	VA	breakawayjiujitsu.com	11861 Canon Blvd Unit F
East Wind Academy of Martial Arts	Newport News	VA	eastwindacademy.com	13361-A Warwick Blvd
Clayton Phillips Jiu Jitsu	Norfolk	VA	norfolkjiujitsu.com	222 W 21st St
Gustavo Machado Norfolk	Norfolk	VA	gustavomachadonorfolk.com	3856 East Little Creek Rd
Kobukan Martial Arts Academy	Norfolk	VA	kmadojo.org	9563 Shore Drive
Norfolk Karate Academy / Gracie Jiu Jitsu Norfolk	Norfolk	VA	norfolkkarate.com	814-A W 45th St
The House of Muay Thai	Norfolk	VA	thehouseofmuaythai.com	2119 Colonial Ave
UFC GYM Norfolk	Norfolk	VA	ufcgym.com	5930 E Virginia Beach Blvd
Yamasaki Academy Springfield	North Springfield	VA	yamasakispringfield.com	5405 Port Royal Rd
UFC GYM Reston	Oak Hill	VA	ufcgym.com	11710 Plaza America Dr Suite C
Bushido MMA (Muay Thai and BJJ)	Portsmouth	VA	bushidomma.net	6031 High Street West
TIGER Academy of Martial Arts Portsmouth	Portsmouth	VA	trytigeracademy.com	5801 Portsmouth Blvd
Universal General Mixed Martial Arts	Portsmouth	VA	ugmma.com	3144 Victory Blvd
Justin Lough Brazilian Jiu Jitsu	Purcellville	VA	jloughbjj.com	37251 E Richardson Ln
Kaizen MMA Purcellville	Purcellville	VA	kzmma.com	109 E Main St
Gracie Jiu-Jitsu Richmond	Richmond	VA		6024 Brook Road
Richmond Brazilian Jiu-Jitsu & Self-Defense Academy	Richmond	VA	richmondbjj.com	725 West Broad Street
Top Game BJJ Academy	Richmond	VA	topgamebjj.com	8324 Staples Mill Road
Hybrid Martial Arts Center	Roanoke	VA	hybridroanoke.com	310 Salem Ave SW
Roanoke Jujutsu Club	Salem	VA	facebook.com	624 East 8th Street
Arte Suave Jiu-Jitsu	Springfield	VA	artesuave-bjj.com	7841 Rolling Rd Suite D
Total Defense Martial Arts	Staunton	VA	totaldefensema.com	708 D St
Caio Terra Academy - Sterling	Sterling	VA	bjjvirginia.com	21430 Cedar Dr Suite 120
Capital MMA & Elite Fitness	Sterling	VA	capitalmma.com	23520 Overland Dr #164
Disciple MMA Academy	Sterling	VA	disciplemmaacademy.com	21240 Ridgetop Cir Suite 110
Double Phoenix Jiu Jitsu	Sterling	VA	doublephoenixjj.com	45714 Oakbrook Ct #160
Team Passos Jiu Jitsu	Sterling	VA		22446 Davis Dr #153
Good2Go MMA	Strasburg	VA	linktr.ee	100 Founders Way #4
Augusta Combat Sports	Stuarts Draft	VA	augustacombatsports.com	2627 Stuarts Draft Hwy Suite 101
TIGER Academy of Martial Arts Suffolk	Suffolk	VA	trytigeracademy.com	1208 N Main St
Principle MMA	Timberville	VA		165 Shenandoah Ave
Abmar Barbosa JJ Academy	Vienna	VA	abmarbjjacademy.com	8460-D Tyco Rd
American Fight Club	Vienna	VA	afcva.com	8480 Tyco Rd
David Jacobs BJJ Academy	Vienna	VA	therockbjj.com	8500 Tyco Road
Kaizen MMA Vienna	Vienna	VA	kzmma.com	124 Branch Rd SE
Tysons Brazilian Jiu Jitsu and Haganah	Vienna	VA	tysonsbjj.com	8453 Tyco Rd J
Grappling Sports	Vinton	VA	grapplingsports.com	1110 Vinyard Rd
Roanoke Judo & Jiu Jitsu Club	Vinton	VA	instagram.com	1316 E Washington Ave
Chaos Jiu Jitsu	Virginia Beach	VA	chaosjiujitsu.com	4704 Princess Anne Rd
Coastal Brazilian Jiu Jitsu	Virginia Beach	VA	coastalbjj.com	1485 General Booth Blvd
Diego Bispo Academy	Virginia Beach	VA	diegobispoacademy.com	509 Viking Drive, Suite J
Eastern Academy of Mixed Martial Arts	Virginia Beach	VA	easternacademy.com	3900 Bonney Rd Ste 213
Element Academy of Jiu-Jitsu	Virginia Beach	VA	elementbjj.com	434 Newtown Rd
Ferox Jiu-Jitsu	Virginia Beach	VA	feroxjiujitsu.com	2424 Castleton Commerce Way Unit 1004
Gracie Jiu-Jitsu Virginia Beach	Virginia Beach	VA	graciejiujitsuvb.com	1925 Landstown Centre Way Suite 220
Impact Martial Arts Academy	Virginia Beach	VA	impact-athletes.com	3877 Holland Road #511
Iron Sharpens Iron Brazilian Jiu Jitsu Academy	Winchester	VA	winchesterbjj.com	
Shark Pit Jiu Jitsu	Winchester	VA	sharkpitbjj.com	221 Commonwealth Ct
Winbjj Mixed Martial Arts	Winchester	VA	winbjj.com	4048 Valley Pike
Gold Medal Grappling	Woodbridge	VA	ameri-jitsu.com	Hanco Center Drive
Leo Dalla Martial Arts	Woodbridge	VA	leodalla.com	12608 Darby Brook Ct
Trident Academy MMA	Woodbridge	VA	tridentmartialarts.com	3310 Noble Pond Way #104
UFC GYM Woodbridge	Woodbridge	VA	ufcgym.com	4188 Merchant Plaza
Yamasaki Academy Woodbridge	Woodbridge	VA	yamasakiwoodbridge.zohobookings.com	13546 Minnieville Rd
Modern American MMA	Yorktown	VA	mammas-boys.com	107 Production Dr.
Ribeiro Jiu-Jitsu	Yorktown	VA	ribeirojiujitsuyorktown.com	104 Production Dr
Straight Blast Gym Atlanta BJJ	Atlanta	GA	sbgatlanta.com	1799 Briarcliff Rd NE Suite V
Odyssey BJJ	Atlanta	GA	odysseybjj.com	1530 Carroll Dr NW #105
American Top Team Atlanta	Atlanta	GA	attatl.com	2110 Faulkner Road NE
Atlanta Kyusho and Jujitsu	Atlanta	GA	atlantajujitsu.com	2213 Faulkner Rd NE
Ranieri Paiva Jiu-Jitsu Academy	Atlanta	GA	atlbjj.com	2997 Cumberland Blvd SE
Atlanta Kick	Atlanta	GA	atlantakick.com	764 Miami Cir NE #204
Buckhead Jiu-Jitsu	Atlanta	GA	buckheadjj.com	2144 Hills Ave NW
Evolution X Martial Arts and Fitness	Atlanta	GA	evolutionxma.com	2000 Cheshire Bridge Rd NE Ste G
True Strength MMA	Roswell	GA	truestrengthmma.com	100 Norcross St Suite E
Diego Saraiva BJJ - Roswell/Crabapple GA	Roswell	GA	saraivabjjroswell.com	10500 Alpharetta Hwy Suite 10502A
Jiu Jitsu Roswell	Roswell	GA	jiujitsuroswell.com	925 Woodstock Rd Suite 102B
Hokutoryu	Roswell	GA	usajutsu.com	11516 Woodstock Rd
East Athens Jiu Jitsu	Athens	GA	eastathensjiujitsu.com	1040 Gaines School Rd
Athens Fitness and MMA	Athens	GA	athensfitnessandmma.com	240 Collins Industrial Blvd, Suite G
X3 Sports - Athens	Athens	GA	x3sports.com	2026 S Milledge Ave A-1
Kenny Kim BJJ	Marietta	GA	kennykimbjj.com	800 Whitlock Ave
Atos Atlanta Brazilian Jiu-Jitsu	Marietta	GA	atosbjj-atl.com	3101 Roswell Rd Suite 120
Borges Brazilian Jiu-Jitsu	Marietta	GA	borgesbjj.com	2800 Canton Rd, Suite 400
Advantage Jiu-Jitsu and Self Defense	Marietta	GA	advantagejj.com	3951 Mary Eliza Trace NW
East Cobb Martial Arts	Marietta	GA	eastcobbma.com	2635 Sandy Plains Rd, Suite 106
X3 Sports Marietta	Marietta	GA	x3sports.com	2343 Windy Hill Rd
Fusion MMA	Marietta	GA	fusionfitnessandmma.com	1075 Whitlock Ave. Suite E
SERG Brazilian Jiu Jitsu and Fitness	Savannah	GA	sergbjj.com	401 Mall Blvd
Gracie Jiu-Jitsu Savannah	Savannah	GA	gjjsav.com	904 E 70th St
Constant Expansion Jiu Jitsu / MMA	Savannah	GA	10psav.com	302 W Victory Dr Unit B
Savannah Combat Club	Savannah	GA	savannahcombatclub.com	715 E 37th St
Devine Jiu Jitsu Savannah & Five Star Wrestling	Savannah	GA	fivestarsavannah.com	4307 Ogeechee Rd Suite 101
Champions Training Center	Savannah	GA	ctcsavannah.com	4511 Montgomery St
Tiger Academy of Martial Arts	Alpharetta	GA	tigeracademy.com	3815 Mansell Rd #150
J3 Brazilian Jiu Jitsu	Alpharetta	GA	j3bjj.com	13695 Hwy 9 N.
Iron Horse Brazilian Jiu Jitsu	Alpharetta	GA	ironhorsebjj.com	12624 Broadwell Rd
KnuckleUp Fitness Alpharetta	Alpharetta	GA	knuckleupfitness.com	5815 Windward Pkwy #100
KBX Gym	Alpharetta	GA	kbxgym.com	795 Union Hill Rd
Ascension Mixed Martial Arts (Cumming)	Cumming	GA	ascensionmma.com	2 Tri-County Plaza
Raven Brazilian Jiu-Jitsu	Cumming	GA	ravenjiujitsu.com	110 Industrial Park Dr
Prime Combat Sports	Cumming	GA		4415 Front 9 Dr #500
World Jiu-Jitsu Academy	Cumming	GA	worldjiujitsuatlanta.com	433 Canton Road #313
GB South Forsyth	Cumming	GA	graciebarra.com	4415 Front 9 Dr Suite 400
Monsuta Jiu-Jitsu Academy	Lawrenceville	GA	monsuta-jiu-jitsu-academy.business.site	120 Gloster Rd NW Suite 1
Team Mongoose BJJ	Lawrenceville	GA	mongoosejiujitsu.com	1154 Lawrenceville Hwy, Ste 202
Rodriguez MMA	Lawrenceville	GA		485 Buford Dr #200
GB Lawrenceville	Lawrenceville	GA	graciebarra.com	2100 Riverside Parkway
American Top Team of Gwinnett	Lawrenceville	GA	attofgwinnett.com	3315 Sugarloaf Pkwy
Gwinnett Training Academy	Lawrenceville	GA	gwinnetttrainingacademy.com	3315 Sugarloaf Pkwy #7
Hamby Freestyle Jiu Jitsu	Albany	GA	hambyfreestyle.com	2722-6 Dawson Rd
Team Doan Jiu Jitsu Gainesville & Fitness	Gainesville	GA	teamdoan.com	470 Woodsmill Rd Suite A
Gracie Barra Gainesville	Gainesville	GA	gbgainesville.com	2197 Dawsonville Hwy Suite B
Absolute Martial Arts	Gainesville	GA		565 Shallowford Rd Unit 3
Buckhead Fight Club	Brookhaven	GA	buckheadfightclub.com	3293 Buford Hwy NE, Suite 500
X3 Sports - North Marietta	Jonesboro	GA	x3sports.com	10147 Tara Blvd
Black Sheep MMA	Leesburg	GA	blacksheep-mma.com	451 US Hwy 19 S, Suite C
Rush MMA	Macon	GA	rushmma.com	4547 Knight Rd Suite 1
Macon Jiu Jitsu Academy	Macon	GA		3258 Vineville Ave
KODA Academy of Martial Arts	Woodstock	GA	sakurabjj.com	1105 Parkside Ln Suite 1212
Atlanta Martial Arts Center	Woodstock	GA	atlantamartialartscenter.com	105 Smokehill Lane, Suite 170
ATL Fitness 24/7 Woodstock	Woodstock	GA	mindbodyonline.com	9820 Alabama Road Hwy 92
Atlanta Budokan	Smyrna	GA	atlantabudokan.com	2508 Cobb Pkwy SE
Jinsendo Martial Arts	Smyrna	GA	jinsendo.com	1600 Roswell St NE Suite 1
Tonchu Martial Arts Academy	Smyrna	GA	tonchumartialarts.com	3599 Atlanta Rd Suite A-9
Carlos Machado Jiu-Jitsu North Atlanta	Acworth	GA	cmjjnatl.com	3335 Cobb Pkwy NW Suite 500B
Gracie Barra - Acworth	Acworth	GA	gbgeorgia.com	5505 Bells Ferry Rd
James Shook Brazilian Jiu-Jitsu	Acworth	GA	zenith.jamesshookbjj.com	1720 Mars Hill Rd
Straight Blast Gym Buford	Buford	GA	sbgatlanta.com	1605 Buford Hwy NE Suite N
Legacy MMA Club	Buford	GA	legacymmaclub.com	4965 Lanier Islands Pkwy #109
Underground Martial Arts & Fitness LLC	Buford	GA	ukamartialarts.com	4805 S Lee St
Gracie Barra - Augusta	Augusta	GA	gbaugusta.com	3475 Old Petersburg Rd
Greubel's Mixed Martial Arts	Augusta	GA	greubelsmma.com	2917 Riverwest Dr. Suite 105
Terra Guerra Jiu Jitsu	Augusta	GA	terraguerrajj.com	266 Bobby Jones Expy Suite #16
Veritas Brazilian Jiu-Jitsu - Kuzushi Club Dalton	Dalton	GA	veritasbjj.com	801 Walnut Ave
G1 Martial Arts, Krav Maga, & Brazilian Jiu Jitsu	Dalton	GA	g1martialarts.com	2962 Cleveland Hwy Suite #5
North Georgia Hayastan MMA Academy	Dalton	GA	teamhayastan.com	2104 E. Morris St
Wolfhunter Jiu Jitsu Club	Griffin	GA	wolfhunterjjc.com	1457A Experiment Street
Anchor Jiu Jitsu & Fitness	Griffin	GA	anchorjiujitsu.com	1114 Zebulon Rd
Praxis MMA	Griffin	GA		649 Griffin Park Rd
Striker Fight Center	Kennesaw	GA	strikerfightmma.com	771 Shallowford Rd. Suite 214
Diego Saraiva BJJ - Nova Uniao Atlanta GA	Norcross	GA	saraivabjj.com	6290 McDonough Dr NW, Suite H
Nucleus Brazilian Jiu Jitsu	Norcross	GA	nucleusbjj.com	6375 Spalding Dr
10th Planet Jiu Jitsu Perry	Perry	GA	10thplanetperry.com	1201 Main St
Gracie Jiu-Jitsu Decatur	Decatur	GA	graciedecatur.com	2959 E Ponce de Leon Ave
Tsunami MMA	Decatur	GA	tsunamimma.co	2734 E Ponce de Leon Ave
Gracie Jiu-Jitsu Balance Academy	Peachtree City	GA	graciebalance.com	277 N. Highway 74, Suite 110
PTC Combat Fitness	Peachtree City	GA	ptccombatfitness.com	655 Dividend Drive Suite 425
Team Octopus Sandy Springs	Sandy Springs	GA	mmaatl.com	6450 Roswell Rd Suite C
Knuckle Up Fitness	Sandy Springs	GA	knuckleupfitness.com	4540 Roswell Rd
Alex Daltro Jiu-Jitsu	Dacula	GA	facebook.com	1342 Auburn Rd
AllAmbition Brazilian Jiu Jitsu	Cartersville	GA	allambitionbjj.com	121 E Felton Rd
Team Octopus Cartersville	Cartersville	GA	mmaatl.com	801 West Avenue
Greubel's MMA of Grovetown	Grovetown	GA	grovetownmartialarts.com	619 E Robinson Ave
Liberty Jiu-Jitsu Grovetown	Grovetown	GA	libertybjj.community	5045 Parham Road Unit 10
Francis Fong Martial Arts Academy (Gracie BJJ)	Johns Creek	GA	francisfongacademy.com	11035 Medlock Bridge Rd #10
SPARTAK Atlanta - Judo, BJJ, and Fitness	Johns Creek	GA	spartakatl.com	11130 State Bridge Rd Suite B105-106
Pit Bull MMA	Hinesville	GA	pitbullmma.org	445 Elma G Miles Pkwy Ste 101-102
Team Kalista Martial Arts	Hinesville	GA	teamkalistamartialarts.wodify.com	809 Willowbrook Dr Suite 112
Independent MMA & Fitness	McDonough	GA	independentmmafitness.com	235 McDonough Pkwy
Smith Brazilian Jiu-Jitsu	McDonough	GA	smithbjj.com	1461 Hwy 20 W
Academy of Athletics (AOA)	Rossville	GA	facebook.com	506 Chickamauga Ave
Agoge Combatives	Rossville	GA	agogecombatives.com	95 Hunt Dr
Hanto Jiu-Jitsu Academy	Statesboro	GA	hantojiu-jitsuacademy.com	409 Clairborne Ave
Fit to Fight Georgia	Statesboro	GA		1263 S&S Railroad Bed Trail
Proboxing, MMA Villa Rica	Villa Rica	GA	ifa-fitnessclass.business.site	Harlan Lane Rd
Independent MMA & Fitness - Villa Rica	Villa Rica	GA	independentvillarica.com	901 S Carroll Rd A
Thrive Jiu Jitsu & Fitness	Tifton	GA	thrivejj.com	120 W 3rd St E
Redemption Martial Arts Academy	Tifton	GA	martialartstifton.com	201 Central Ave
KnuckleUp MMA & Fitness	Douglasville	GA	knuckleupfitness.com	4040 Chapel Hill Rd
Apex MMA Covington	Covington	GA	apexconyers.com	288 County Line Rd W
Ruff House Boxing and MMA	Covington	GA	ruffhouseboxing.com	4111A West Robinson St
Team Octopus Chamblee	Chamblee	GA	mmaatl.com	3695 Longview Drive, Suite #A
Fit to Fight Atlanta	Chamblee	GA	ftfatl.com	3308 Laventure Dr B160
Kyle Fogel Brazilian Jiu Jitsu	Sugar Hill	GA	sugarhillbjj.com	5009 W Broad St NE
Legacy MMA Club Sugar Hill	Sugar Hill	GA	legacymmaclub.com	225 Peachtree Industrial Blvd Suite 105
Coastal Combatives	Pooler	GA	coastalcombatives.com	45 Columbia Drive Suite 300
Redline MMA	Pooler	GA	redlinemma.com	428 US Highway 80 E
Americus Martial Arts Academy	Americus	GA	americusmartialartsacademy.com	417 W Forsyth St
Port City Jiu Jitsu	Bainbridge	GA		711 E Calhoun St
Iron Forge Jiu Jitsu	Blackshear	GA	facebook.com	3412 US Highway 84
Burton Brazilian Jiu Jitsu	Byron	GA	burtonbrazilianjiujitsu.com	110 Gralan Dr B
Devine Jiu Jitsu - Brunswick	Brunswick	GA	devinejiujitsu.com	355 Mall Blvd
Gracie Barra Blue Ridge	Blue Ridge	GA	graciebarra.com	21 High Park Dr
Gracie Jiu-Jitsu Athens at American Black Belt Academy	Bogart	GA	athensjiujitsu.com	165 Ben Burton Rd Ste D
Southeast Jiu Jitsu	Baxley	GA	facebook.com	51 NE Park Avenue
Miller Martial Arts (American Top Team Warner Robins)	Bonaire	GA	millermartialarts.us	405 Hwy 96 Suite 700
Iron Wolf Academy	Braselton	GA		1247 Tuscany Dr Suite D
Tect Center	Eastman	GA		5110 2nd Ave
Alliance Martial Arts Center	Dunwoody	GA	alliancebjj.com	4630 North Shallowford Rd
Blalock International Mixed Martial Arts Academy	Fort Oglethorpe	GA	blalocksimb.com	747 Battlefield Pkwy
Rolling Panda Brazilian Jiu Jitsu	Hiram	GA	rollingpandabjj.com	10 Sparks Dr
Invictus Brazilian Jiu Jitsu & Defensive Arts	Hoboken	GA	invictusbjj.online	4869 W Main St Suite D
Southpaw Fitness	Kathleen	GA	southpawfitness.com	820A GA-247 Suite 2
Independent MMA & Fitness of Newnan	Newnan	GA	independentmmafitness-newnan.com	40 Greenway Ct
Gracie Jiu-Jitsu Newnan	Newnan	GA	gracienewnan.com	26 West Court Square
Alliance Richmond Hill Brazilian Jiu Jitsu	Richmond Hill	GA	facebook.com	11262 Ford Ave
KravHIIT Martial Arts & Fitness Academy	Rincon	GA	kravhiit.us	5940 GA-21
Tekniques Brazilian Jiu-Jitsu & Fitness	Powder Springs	GA	tekniquesbjj.com	5780 CH James Pkwy, Suite 130
Scramble Brazilian Jiu Jitsu and Wrestling	Rome	GA	scramblebrazilianjiujitsuandwrestling.blogspot.com	216 Broad St
Helix Brazilian Jiu-Jitsu	Snellville	GA	facebook.com	2073 Westside Ct A
Temporal Brazilian Jiu Jitsu Academy	Stonecrest	GA	temporalbjj.com	8052 Mall Pkwy Suite 203
Elite Academy of Martial Arts	Stone Mountain	GA	eliteacademyofmartialarts.com	1835 E Park Pl Blvd Suite 115
Megalodon MMA	Watkinsville	GA	megalodonmma.com	1071 Jamestown Blvd, Unit E-7
Sylvester Jiu-Jitsu Academy	Sylvester	GA	sylvesterjiujitsu.com	101B N Washington St
Zanshin South Gracie Jiu Jitsu	Warner Robins	GA	zanshinsouthgraciejiujitsu.com	233 N Houston Road
Serra BJJ Milledgeville	Milledgeville	GA	trainwithmamma.com	1067 South Wayne St
American Top Team Valdosta	Valdosta	GA	att229.com	4354 Valnorth Dr
Ohana Jiu-Jitsu	Hahira	GA	ohanajiu-jitsu.com	106 South Church St
GB Ellijay	Ellijay	GA	graciebarra.com	81 Ward Ln
Hybrid Fitness MMA	Between	GA		212 W Spring St
Full Throttle Fitness	Flowery Branch	GA	fullthrottleoakwood.com	3616 Atlanta Hwy Suite 900
Creighton MMA & Fitness Academy	Suwanee	GA	paulcreighton.com	460 Brogdon Road, Suite 200
Southeast Martial Arts Center	Waycross	GA	southeastmartialartscenter.com	515D S City Blvd
Rise Up BJJ	Kennesaw	GA	riseupbjj.com	3940 Cherokee Street NW Suite 201
GB Dawsonville	Dawsonville	GA	gbdawsonville.com	
Leadership Martial Arts	Charlotte	NC	leadershipma.com	9928 S Tryon St
Arte Suave Jiujitsu Academy	Charlotte	NC	artesuavejiujitsuacademy.com	13340 S Point Blvd
SMA Academy Martial Arts	Charlotte	NC	smamartialarts.com	11914 Elm Ln #160
ECF Martial Arts & Fitness / Brazilian Top Team BTT Charlotte	Charlotte	NC	eastcoastfighter.com	4311 South Blvd Ste A
Fight Sports Charlotte	Charlotte	NC	fightsportscharlotte.com	15033 Ballancroft Pkwy #206
Atos Jiu Jitsu of Charlotte	Charlotte	NC	martialartscharlottenc.com	11108 S Tryon St
Cornerstone Brazilian Jiu Jitsu	Fayetteville	NC	cornerstonebjj.com	3724 Sycamore Dairy Rd #120
DualForces 001 Brazilian Jiu-Jitsu	Fayetteville	NC	dualforces.com	443 Franklin St
Martial Arts of NC	Fayetteville	NC	martialartsofnc.com	839 Elm St
Bull City Brazilian Jiu Jitsu	Durham	NC	bullcitybjj.com	4015 University Dr
Pitbull Martial Arts Center-USA	Durham	NC	pmacusamma.com	800 N Mangum St
United Thai Boxing & MMA	Durham	NC		4900 NC-55 Ste 485
Elevate MMA Academy	Durham	NC	elevatemmaacademy.com	2945 South Miami Boulevard Ste 116 & 117
Gracie Jiu Jitsu Durham	Durham	NC	graciejiujitsudurham.com	4908 Hillsborough Rd
TKF MMA	Durham	NC	tkfmma.com	4228 Garrett Rd
Team Rubao Carioca BJJ	Durham	NC	facebook.com	3315 Guess Rd #8
Pure1 MMA & Muay Thai	Durham	NC	facebook.com	3400 Westgate Dr
Saunders Brazilian Jiu-Jitsu	Durham	NC	saundersbjj.com	1725 Carpenter Fletcher Rd Suite #111
G13 Brazilian Jiu Jitsu HQ US	Cary	NC	g13bjj.us	250 Nottingham Dr
TFTC Academy Cary	Cary	NC	carymma.com	6426 Tryon Rd
Verity Brazilian Jiu-Jitsu	Cary	NC	veritybjj.com	829 Bass Pro Ln
Cary Brazilian Jiu-Jitsu	Cary	NC	caryjiujitsu.com	8316 Chapel Hill Rd
Team Casarez Jiu-Jitsu	Cary	NC	casarezbjj.com	253 Grande Heights Dr
Royce Gracie Jiu Jitsu Cary	Cary	NC	roycegraciecary.com	339 Sembler Ln
Ancient Arts Family Karate and Ju-Jitsu Academy	Cary	NC	aaafamilykarate.com	1985 High House Rd
Irongrip Jiu Jitsu	Raleigh	NC	irongripjiujitsu.com	731 W Hargett St
Fight Flow Academy	Raleigh	NC	fightflowmma.com	900 E Six Forks Rd
Royce Gracie Jiu Jitsu Academy of Raleigh	Raleigh	NC	roycegracienc.com	5243 Capital Blvd
Top Martial Arts and Fitness	Pineville	NC	tmacharlotte.com	525 N Polk St
Ethos BJJ	Wilmington	NC	ubjjnc.com	5424 Oleander Dr #6
The Jiu Jitsu Institute	Wilmington	NC	thejji.com	5208 Carolina Beach Rd, Suite 102
SaltyDog Jiu Jitsu	Wilmington	NC	portcitymmafitness.com	6500 Windmill Way E2
Ravensguard BJJ Academy	Wilmington	NC	ravensguardacademy.com	2010 N Kerr Ave
Martial Arts and More of Wilmington (Team JBM BJJ)	Wilmington	NC	martialartswilmingtonnc.com	4545 Technology Dr Unit 2
Brunson's MMA & Fitness	Wilmington	NC	brunsonsmmaandfitness.com	3500 Oleander Dr
BJJ High Point (at Tiger Rock Martial Arts)	High Point	NC	bjjhighpoint.com	3755 Admiral Dr #104
Battle Born BJJ and MMA	High Point	NC	battlebornbjjandmma.com	3798 Samet Dr
Edge Fitness and Combat Arts	High Point	NC	edgefitnessllc.com	5250 High Point Rd
Ecos BJJ	High Point	NC	ecosgroups.com	3303 N Main St
Evolution Fight Academy	High Point	NC	evolutionfightacademy.com	274 Eastchester Suite 122
R&D Academy of Self Defense (Gracie Humaita WSNC & Nito Judo Club)	Winston-Salem	NC	myrdacademy.com	4755 Commercial Plaza Street
Ground Control BJJ And MMA	Winston-Salem	NC		3800 Reynolda Rd #210
Union Martial Arts	Indian Trail	NC	unionmartialarts.com	1501-B Waxhaw Indian Trail Rd
Art of Motion Jiu Jitsu	Indian Trail	NC	aomjj.com	4400 Indian Trail Fairview Rd
Carolina Combat Sports and Fitness	Indian Trail	NC	carolinacombatsports.com	1221 Technology Dr Unit D
4M Fitness Indian Trail	Indian Trail	NC	4mfit.com	2021 Van Buren Ave
Spangler Brazilian Jiu Jitsu Academy	Apex	NC	carybjj.com	526 E Williams St
Open Guard BJJ	Apex	NC	openguardbjj.com	737 Center St
GB Asheville	Asheville	NC	graciebarra.com	347 New Leicester Hwy A
Rogue Combat Club	Asheville	NC	roguecombatclub.com	811 Tunnel Rd
Open Source Jiu-Jitsu	Asheville	NC	osbjj.net	357 Gorman Bridge Rd
Chuva Brazilian Jiu Jitsu	Clayton	NC	chuvabjj.com	11671 US 70 Business
TFTC Academy BJJ and Kickboxing	Clayton	NC	tftcacademy.com	97 Anna Place Ste 101
FTF Fitness and Self Defense	Gastonia	NC	ftfgastonia.com	1122 E Hudson Blvd Ste 1
McGinnis Academy of Martial Arts	Gastonia	NC	mcginnisacademyofmartialarts.com	5106 A Wilkinson Blvd
Hayastan MMA Charlotte	Matthews	NC	hayastanmma.com	1307 Matthews-Mint Hill Rd B
Satsuma Jiu Jitsu	Matthews	NC	satsumaspiders.com	2246C Stevens Mill Rd
Crossface MMA	Cornelius	NC	crossface.net	20801 Torrence Chapel Road
GB Lake Norman	Cornelius	NC	gblakenorman.com	11020 Bailey Road
Champions Judo	Cornelius	NC	championsjudo.com	18831 Statesville Rd
Octagon MMA & Krav Maga	Greensboro	NC	octagongymgso.com	5223-A West Market St
GB Greensboro	Greensboro	NC	greensborojiujitsu.com	901 Norwalk Street F
Chapel Hill Quest Martial Arts	Chapel Hill	NC	chquestcenter.com	6118-J Farrington Rd
Beacon Mixed Martial Arts	Chapel Hill	NC	chapelhillmma.com	40150 Moring
Chapel Hill Gracie Jiu Jitsu	Chapel Hill	NC	chapelhilljiujitsu.net	1728 Fordham Blvd
Fight to Win Jiu Jitsu Asheville	Arden	NC	ftwbjjasheville.com	15 Glenn Willow Dr Unit 77
American Top Team Asheville	Arden	NC	americantopteamasheville.com	375 Rockwood Rd
CTA BJJ MMA	East Flat Rock	NC	ctabjjmma.com	2115 Spartanburg Hwy B
Triangle Jiu-Jitsu Academy	Goldsboro	NC	trianglejj.com	188 NC 581 Hwy South
Marshall's MMA - American Brutality Fight Team	Goldsboro	NC	graciegoldsboro.com	112 N Berkeley Blvd I
Atlantic MMA	Hickory	NC	fightforitcompany.com	1012 3rd Ave Dr NW
Fenix Jiu Jitsu	Hickory	NC	fenixjiujitsu.com	841 8th Ave NE
GB Knightdale	Knightdale	NC	gbknightdale.com	827 North Smithfield Road
Team Raines Brazilian Jiu-Jitsu	Knightdale	NC	facebook.com	102 S First Ave
Gracie Jiu-Jitsu Monroe	Monroe	NC	graciejiujitsumonroe.com	1900-A W Roosevelt Blvd
Zen Jiu-Jitsu & Fitness	Monroe	NC	zenjiujitsucharlotte.com	4612 W Hwy 74 Ste E
Moreno BJJ	New Bern	NC	morenobjj.com	201 Kale Rd
Walters Brazilian Jiu-Jitsu	New Bern	NC	waltersjiujitsu.com	
Gustavo Machado Brazilian Jiu-Jitsu Rocky Mount	Rocky Mount	NC	gmbjjrm.com	1155 Jeffreys Rd
School of Fighting Arts	Thomasville	NC	schooloffightingarts.com	27 W Main St #200
Gustavo Machado Brazilian Jiu Jitsu Wilson	Wilson	NC	gmbjjwnc68.com	3475 Airport Blvd NW
Pendergrass BJJ Academy	Wake Forest	NC	bjjnc.com	12339-104 Wake Union Church Road
Inmortales MMA, Self Defense & Fitness	Wake Forest	NC	inmortalesmma.com	5101 Unicon Dr Suite M
CJJF North Carolina	Burlington	NC	cjjfnorthcarolina.com	625 N Park Ave
Gracie Burlington Jiu Jitsu	Burlington	NC	gracieburlington.com	2322-A S Church St
Devine Jiu Jitsu and Team R.O.C MMA	Albemarle	NC		461 W Main St
Triad Brazilian Jiu-Jitsu	Archdale	NC	triadbjj.com	10134 N Main St
Kamicuozzi MMA & Fitness	Eden	NC		224 The Blvd
Fusion Jiu Jitsu	Forest City	NC	fusionjiujitsu.com	671 Oak St Suite 208
Schell Shock BJJ Martial Arts	Fuquay-Varina	NC	schellshockbjj.com	6109 NC-55 #133
Crest Brazilian Jiu Jitsu	Hampstead	NC	bjjhampstead.com	15916 US-17
Honest Grappling Company	Kannapolis	NC	honestgrappling.com	1772 Dale Earnhardt Blvd
CXBJJ Academy	Hubert	NC	cxbjjnc.com	400 Hubert Blvd
Warrior Fitness Center Laurinburg	Laurinburg	NC	laurinburgbjj.com	305 S Main St
Titan Brazilian Jiu Jitsu	Marion	NC	facebook.com	29 Logan St
Groundstone Brazilian Jiu Jitsu	Sneads Ferry	NC	groundstonebjj.com	1031 Old Folkstone Rd
BC Kickboxing & BJJ	Waxhaw	NC	bckickboxingbjj.com	27292 Waxhaw Pkwy Unit C
Basulto Academy Of Defense	Waynesville	NC	wncbjj.com	218 Branner Avenue
Evolution MMA Academy	Wrightsville Beach	NC	evolutionmixedmartialarts.com	38 North Lumina Ave
Team Luiz Palhares Gracie Jiu-Jitsu	Elizabeth City	NC	tinsleyfamilymartialarts.com	306 W Grice St
SAGA Combat Systems	Lincolnton	NC	sagacombat.com	625 N Aspen St
Gracie Barra - Spring Lake	Spring Lake	NC	gbspringlake.com	835 Whispering Pines Drive
Embrace Jiu Jitsu	Wake Forest	NC	embracemartialarts.com	1608 Heritage Commerce Ct #100
EC Fitness - East Carolina Brazilian Jiu Jitsu	Winterville	NC	eastcarolinabjj.com	4776-A Reedy Branch Rd
Blue Ridge Jiu Jitsu	Mills River	NC	blueridgejj.com	6424 Boylston Hwy
GB Sanford	Sanford	NC	aresbjjsanford.com	2540 Lee Ave
Fight to Win Lake Norman	Denver	NC	ftwlkn.com	7558 Hwy 73 Ste 101
Gracie Lake Norman Brazilian Jiu-Jitsu	Mooresville	NC	gracielakenorman.com	148 Lugnut Ln Ste 202
Fight To Win Brazilian Jiu Jitsu Concord	Concord	NC	ftwbjjacademy.com	8230 Poplar Tent Rd Unit 102
All-American Martial Arts Academy	Greenville	NC	groundgrappling.com	427 Evans Street
Royce Gracie Jiu Jitsu Network of Charlotte	Harrisburg	NC	graciecharlotte.com	4947 North Carolina 49
Raleigh Institute of Martial Arts	Raleigh	NC	4kickbox.com	4821 Hargrove Rd
Revolution Modern Martial Arts	Clayton	NC	revolutionselfdefense.com	8970 US-70 Bus
Warrior Life Martial Arts	Asheboro	NC	warriorlifemartialarts.com	135 Sunset Ave
BodyShot Combat & Fitness	Lowell	NC	bodyshotcc.com	188 W 3rd St
36 Chambers Martial Arts and Fitness	Holly Springs	NC	36chambersnc.com	171 Tradition Trail Suite 204
Martial Arts Academy of Southern Pines	Southern Pines	NC	maaspi.com	110 Pinehurst Ave
Glory Martial Arts and Fitness	Sylva	NC	facebook.com	58 A Sunrise Park
Gladiator Martial Arts	Statesville	NC	facebook.com	121 Mt Hermon Rd
Casa of Jiu Jitsu	Ansonia	CT	casabjj.com	240 Main St
Shetucket Valley Judo and Sambo	Baltic	CT	judoct.com	118 W Main St
Relson Gracie Jiu-Jitsu Academy	Berlin	CT	relsongraciejjct.com	100 Webster Square Rd
Caio Magalhaes Brazilian Jiu-Jitsu & Self Defense	Bethel	CT	caiomagalhaes-brazilian-jiu-jitsu-self-defense.negocio.site	32 Stony Hill Rd
Teixeira MMA & Fitness	Bethel	CT	teixeirammaandfitness.com	32 Stony Hill Road
Cruvinel Brothers Mixed Martial Arts Academy	Bridgeport	CT	cruvinelbros.com	2710 North Ave
Joao Luz BJJ	Bridgeport	CT		775 Wood Ave
Marcelo Garcia Jiu-Jitsu Association Connecticut	Bridgeport	CT	mgctbjj.com	775 Wood Ave
ZR Association CT	Bridgeport	CT	zrbridgeportbjj.com	1313 Connecticut Ave
Ascension Athletics - Mixed Martial Arts & BJJ	Bristol	CT	ascensionathleticsct.com	99 Farmington Ave
RiSu Martial Arts Academy	Bristol	CT		508 Birch St
360 Defense Martial Arts Colchester CT	Colchester	CT	facebook.com	52 Mill St
Greenwich Jiu Jitsu	Cos Cob	CT	greenwichjiujitsu.com	219 E Putnam Ave
Jiu-Jitsu And Strength Academy	Cromwell	CT	jiujitsuct.com	229 Shunpike Road
American Top Team Connecticut BJJ, MMA, Muay Thai Danbury, CT	Danbury	CT	americantopteamdanbury.com	16 Beaver Brook Rd #3
BJJ For Christ Jiu Jitsu	Danbury	CT	bjjforchrist.org	346 Main St Unit B
Danbury Academy Mixed Martial Arts	Danbury	CT	da-mma.com	35 Hayestown Rd
Team Delima Brazilian Jiu-Jitsu Association	Danbury	CT	delimajiujitsu.com	1 Memorial Drive
Squared Brazilian Jiu-Jitsu Danielson, CT	Danielson	CT	facebook.com	521 Davis Rd
Northeast Elite Wrestling Center	Enfield	CT	northeastelitewrestling.com	72 Shaker Road
Royce Gracie Jiu Jitsu	Enfield	CT	gracieenfield.com	3648 E Enfield St
Connecticut Martial Arts Training Center	Fairfield	CT	ctmma.com	530 Kings Hwy Cutoff
Fit Club BJJ	Fairfield	CT	fitclubct.com	1496 Post Rd
Gracie Sports Brazilian Jiu-Jitsu Fairfield	Fairfield	CT	graciesportsusa.com	220 Carter Henry Dr
Hammer Jiu Jitsu	Fairfield	CT	hammerbjj.com	1499 Post Rd #17
Fortitude Jiu Jitsu	Glastonbury	CT	fortitudejj.com	180 Oakwood Dr
Giroux BJJ	Glastonbury	CT		2217 New London Turnpike
Team Link Glastonbury	Glastonbury	CT	teamlinkbjjglastonbury.com	60 Village Pl
Mackavi Martial Arts	Griswold	CT	mackavimartialarts.com	5 Preston Rd
Gabrieles Martial Arts - Groton, CT	Groton	CT	gabrielesmartialarts.com	1028 Poquonnock Rd
Team Dexter Vale Tudo	Groton	CT		1083 Buddington Rd
Xtreme Martial Arts Training	Guilford	CT		725 Boston Post Rd
Bashta's Martial Arts	Hamden	CT	bashtasmartialarts.com	60 Connolly Pkwy Bldg 7B
Soulcraft Brazilian Jiu-Jitsu	Hamden	CT	soulcraftbjj.com	1125 Dixwell Avenue
Underdog Brazilian Jiu-Jitsu	Hartford	CT	underdogbjj.com	20 New Park Ave
Bushido Hebron Brazilian Jiu Jitsu	Hebron	CT	bushidobjj.com	111 Main St
Modern Self Defense Center	Meriden	CT	modernselfdefense.com	1263 E Main St
Bagwell Academy of Martial Arts	Milford	CT	bagwellacademy.com	487 Bridgeport Ave
Fifth Dimension Brazilian Jiu-Jitsu MMA	Milford	CT		130 Old Gate Ln
Fighting Arts Academy CT	Milford	CT	fightingartsct.com	333 Quarry Rd
Renzo Gracie Milford	Milford	CT	renzograciemilford.com	354 Woodmont Rd
Vincent Brightman's Carlson Gracie MMA & BJJ	Naugatuck	CT	vbrightmantraining.com	26 Hotchkiss Street
New Britain Judo and Dynamic Arts	New Britain	CT	newbritainjudo.org	83 W Main St
Strikezone MMA	New London	CT	strikezonemma.com	367 Bank St
Whaling City Athletic Club	New London	CT	whalingcityathletics.com	436 Broad St
ZenDo Ju-Jitsu	New Milford	CT	zendojujitsu.com	80 Park Lane Rd
CT Krav Maga & MMA	North Branford	CT	ctkravmagamma.com	5 Foxon Rd #6
Ultimate MMA Training Center	North Haven	CT	ultimatemmact.com	79 State Street
Tom Smith's Forge Martial Arts Academy	Northford	CT	forgeacademyct.com	1060 Middletown Ave
Gracie Sports USA Brazilian Jiu Jitsu and Self-Defense	Norwalk	CT	graciesportsusa.com	770 Connecticut Ave
Jonesly MMA Academy Norwalk: Muay Thai, Kickboxing, Jiu Jitsu	Norwalk	CT	joneslymma.com	61 Main St
Ronin Martial Arts - Westport	Norwalk	CT	westportmma.com	508 Westport Ave
Sono Dojo & Martial Arts Fitness	Norwalk	CT	sonomartialartsfitness.com	21 Hanford Pl
Submit! Brazilian Jiu-Jitsu Academy	Norwalk	CT	submitbjj.com	261 Main Ave
360 Defense Martial Arts (Macarra BJJ Affiliated Academy)	Norwich	CT	360defensemartialarts.com	15 Wawecus St
CT Combat Training Center	Oakville	CT	ctcombat.com	27 Main St
Viana Brothers Martial Fight Club in Steel Beach Gym	Oakville	CT	facebook.com	900 Main St
RISE Martial Arts Academy	Old Lyme	CT	risemartialartsacademy.com	19 Halls Rd #103
Renzo Gracie Shoreline Academy	Old Saybrook	CT	shorelinebjj.com	139 Mill Rock Rd E
Plainville Martial Arts	Plainville	CT	plainvillemartialarts.com	32 Whiting St
Endure Brazilian Jiu-Jitsu Academy	Shelton	CT	endurejj.com	215 Bridgeport Ave
Kobukai Jujitsu - South Windsor	South Windsor	CT	ctjujitsu.com	405 Sullivan Ave
Solid Base BJJ	Southington	CT	solidbasebjj.com	1079 Queen St
UFC GYM Southington	Southington	CT	ufcgym.com	235 Queen St
Carlson Gracie Team - CT/Cesar Pereira BJJ	Stamford	CT	bjjstamfordct.com	76 Progress Dr Ste 238
Elevate Personal Training + MMA	Stamford	CT		1 Barry Pl Bldg#5
Ronin Jiu Jitsu	Stamford	CT		81 Summer St
Stamford Judo	Stamford	CT	stamfordjudo.us	100 Research Dr
Tiger Schulmann's Martial Arts Stamford CT	Stamford	CT	tsk.com	2770 Summer St 2nd floor
Cruvinel Brothers Brazilian Jiujitsu / GFTeam	Stratford	CT	cruvinelbrothers.com	60 Access Road
Iceman's Martial Arts Academy	Stratford	CT	icemansmartialarts.com	588 Success Ave
IPD Jiujitsu and Fitness	Tolland	CT	ipdct.com	30 Industrial Park Rd E
Secret Pages Brazilian Jiu-Jitsu	Tolland	CT	secretpagesbjj.com	45 Industrial Park Rd W
Jitsu Academy	Wallingford	CT	jitsuacademy.com	600 N Colony Rd
Jiu Jitsu Life SCA	Wallingford	CT	jitslifesca.com	342 Quinnipiac St
Performance Combat MMA	Wallingford	CT	performancecombatmma.com	220 N Colony Rd
IMB Academy CT	Waterbury	CT	jessymiele.wixsite.com	1669 Thomaston Ave # 4
Practical Self Defense Training Center	Waterbury	CT	psdtc.com	847 Hamilton Ave
Thunder Martial Arts Academy	Watertown	CT	teamthundermma.net	30 Echo Lake Rd Third Floor
House of Jujitsu	West Hartford	CT	houseofjujitsu.com	625 New Park Ave
Plus One Defense Systems	West Hartford	CT	teamplusone.com	20 Jefferson Ave
Royce Gracie Brazilian Jiu Jitsu	West Hartford	CT	gracie-jiu-jitsu.com	276 Park Rd
Assembly of the Martial Arts Academy	West Haven	CT	westhavenmartialartsschools.com	841 Jones Hill Rd
Renzo Gracie Training Facility	West Haven	CT	renzograciect.com	680 Campbell Ave
Hartford Dojo	Wethersfield	CT	gracieacademy.com	48 Silas Deane Hwy
East Coast Martial Arts	Annapolis	MD	eastcoastmartialarts.com	81c Forest Plaza
Kogen Dojo Self Defense Academy: Brazilian Jiu-Jitsu & Muay Thai	Annapolis	MD	kogendojo.com	1912 Forest Dr Suite 2B
Team Randori Brazilian Jiu Jitsu Annapolis	Annapolis	MD	teamrandori.com	1989 West Street
Hero MMA Academy	Annapolis Junction	MD	herommaacademy.com	114 National Business Pkwy Ste 100
Kang's Mixed Martial Arts	Aspen Hill	MD	tigermma.com	14390 Layhill Rd
Form Jiu Jitsu Academy	Baltimore	MD	formjiujitsu.com	3700 O'Donnell St Ste 240
Foundation Jiu-Jitsu	Baltimore	MD	foundation-jiujitsu.com	7123 Windsor Mill Rd Ste 105
Kanjizai Academy of Jiu-Jitsu	Baltimore	MD	towsonmartialarts.com	514 E Belvedere Ave
Prem1er Combat Academy	Baltimore	MD	prem1ercombatacademy.com	3701 Commerce Dr Suite 109
Rollstar Jiu Jitsu	Baltimore	MD	rsjiujitsumd.com	1728 Rolling Rd
Seigneury Dojo - Jujitsu, Judo & MMA Training	Baltimore	MD	seigneurydojo.com	4411 Kenwood Ave
Zenyo Jiu Jitsu	Baltimore	MD	zenyojiujitsu.com	3000 Chestnut Ave Ste 104
Bel Air BJJ & MMA	Bel Air	MD	belairbjj.com	1301 Enterprise Ct Suite B
Top Flight MMA Belcamp	Belcamp	MD	topflightmma.com	1371 Brass Mill Rd
College Park Mixed Martial Arts	Beltsville	MD	cpmma.net	11890 Old Baltimore Pike Unit E
Ascend Institute of Martial Arts	Bethesda	MD	ascendbethesda.com	T-3, 7801 Norfolk Ave
Danzan Ryu Jujitsu Academy	Bethesda	MD	jujitsuacademy.com	5017 Wilson Ln
Southern Maryland Martial Arts & Fitness	Bryans Road	MD	smmafitness.com	3065 Marshall Hall Rd
Lineage Brazilian Jiu Jitsu	California	MD	lineagebjj.com	44723 St. Andrews Church Rd
Team Lloyd Irvin	Camp Springs	MD	lloydirvin.com	6333 Old Branch Avenue
Baltimore Martial Arts Academy	Catonsville	MD	baltimoremartialarts.com	6565 Baltimore National Pike
Ronin Brazilian Jiu-Jitsu	Chester	MD	ronin-bjj.com	1569 Postal Rd
Chevy Chase Jujitsu	Chevy Chase	MD	chevychasejujitsu.com	4301 Willow Ln
FightCamp Thai Boxing	Cockeysville	MD	fightcampthaiboxing.com	153 Church Ln
Berwyn Heights Brazilian Jiu Jitsu	College Park	MD	berwynheightsbjj.com	7100 Baltimore Ave Ste 104
Inversion Martial Arts	Colora	MD	inversionbjj.com	6 Barnes Corner Rd
Rising Tide Academy	Columbia	MD	realjiujitsu.com	9570 Berger Road
Bellicose Martial Arts	Crofton	MD	bellicosemartialarts.zenplanner.com	2146 Priest Bridge Court #7
Han Mi Martial Arts / Gracie Damascus	Damascus	MD	hanmimartialarts.com	9899 Main St #150
MMA & Sport	Damascus	MD	mmaandsport.com	26123 Ridge Rd
Royal Tiger Academy MMA Self Defense Martial arts	Damascus	MD	royaltigeracademy.com	9815 Main St # 205
Mid Shore Martial Arts	Easton	MD	fitnessrxworkout.com	Fitness Rx 101 Marlboro Ave
The Lab Martial Arts and Fitness Center	Easton	MD	thelabeaston.com	26 Creamery Ln
Practical MMA	Edgemere	MD	practicalmma.com	2909 Sparrows Point Rd
Baltimore Mixed Martial Arts	Elkridge	MD	baltimoremixedmartialarts.com	7024 Troy Hill Drive
Crazy 88 Mixed Martial Arts	Elkridge	MD	crazy88mma.com	7024 Troy Hill Dr Ste L
Triple Threat BJJ	Elkton	MD	ttcsbjj.com	400 Pintail Circle Suite 3
Baltimore Brazilian Jiu Jitsu	Essex	MD	baltimorebjj.com	412 Eastern Blvd
Gracie Jiu-Jitsu Maryland (Finksburg)	Finksburg	MD	realjiujitsu.com	3000 Gamber Rd
Method Jiu-Jitsu	Forest Hill	MD	methodmma.com	95 Osborne Parkway
Fort Washington United	Fort Washington	MD	unitedmartialartsmd.com	11050 Livingston Rd Unit F
Bowerhouse Academy of Mixed Martial Arts	Frederick	MD	bowerhouseacademy.com	7311 Grove Rd D
Central Maryland Martial Arts	Frederick	MD	cmmatsd.com	6907 Baltimore National Pike #11
Clinch Martial Arts Academy	Frederick	MD	clinchacademy.com	500 Highland St
Groundswell MMA	Frederick	MD		8420 Gas House Pike Suite ZZ
Ryoma Academy of Martial Arts	Frostburg	MD	ryomaacademy.com	11046 New Georges Creek Rd SW
Alliance Jiu Jitsu Maryland	Gaithersburg	MD	thefoundrybjj.com	7 Metropolitan Ct #3
Culture of Jiu Jitsu	Gaithersburg	MD	cultureofjiujitsu.com	220 Girard St Suite H
Infinite Fighting Concepts MMA	Gaithersburg	MD	ifcmma.com	317 Muddy Branch Rd
301 MMA & Fitness	Gambrills	MD		750 Route 3 South Suite C21
Noel Smith Glen Burnie Brazilian Jiu-Jitsu	Glen Burnie	MD	noelsmithbjj.com	7478 Baltimore Annapolis Blvd
Shonen Jiu Jitsu	Glen Burnie	MD	shonenjiujitsu.com	7389 Baltimore Annapolis Blvd
Hagerstown Brazilian Jiu Jitsu Academy	Hagerstown	MD	hagerstownbjj.com	930 Eldridge Dr Unit B
Baltimore Gracie Jiu-Jitsu	Halethorpe	MD	baltimoregraciejiujitsu.com	3431 Benson Ave Ste C
Global Martial Arts Academy	Hampstead	MD	globalhapkido.com	841 S Main St
Cabrera Jiu Jitsu Academy	Hyattsville	MD	graciepg.com	4635 42nd Pl Unit A
Southern Maryland Martial Arts & Fitness	La Plata	MD	smmafitness.com	140 Drury Dr
2nd Gear BJJ	Laurel	MD	2ndgearbjj.com	8730 Cherry Ln
Bams Martial Arts & Fitness	Laurel	MD	thebams.com	8101 Sandy Spring Rd #107
Conquest Martial Arts & Fitness	Millersville	MD	bjjconquest.com	311 Serendipity Dr
Underworld BJJ	Millersville	MD	underworldbjj.com	301 Najoles Rd
Mount Airy Jiu-Jitsu & MMA	Mt Airy	MD	mountairybjj.com	1502 S Main St #204
Grapple Academy Martial Arts	Nottingham	MD	perryhallmartialarts.com	4130 E Joppa Rd Ste 112
New Wave Martial Arts Perry Hall	Nottingham	MD	newwavema.com	7962 Belair Rd
Nomad Brazilian Jiu-Jitsu & MMA	Oakland	MD		265 Glass Dr
Gracie Ocean City	Ocean City	MD	gracieoceancity.com	412 S Baltimore Ave
Synergy Martial Arts	Odenton	MD	synergykarate.com	1360 Blair Dr
Ferocity Mixed Martial Arts	Owings Mills	MD	ferocitymmaclub.com	9700 Reisterstown Road
Ground Control Owings Mills	Owings Mills	MD	groundcontrolom.com	12400 Owings Mills Blvd Ste A
Stanley Combatives	Owings Mills	MD	stanleycombatives.com	11400 Cronridge Dr Suite F
Potomac MMA	Potomac	MD	potomacmma.com	8400 Postoak Rd
Native Brazilian Jiu Jitsu	Rockville	MD	nativebjj.com	5408 Randolph Rd
Pure Performance Martial Arts Center	Rockville	MD	pureperformancemac.com	4980 Boiling Brook Pkwy
Standard BJJ	Rockville	MD	standardjiujitsu.com	409 N Stonestreet Ave. Suite-D
Ground Control Jiu-Jitsu Academy	Rosedale	MD	groundcontrolbaltimore.com	8303 Pulaski Hwy Ste B
Agoge Brazilian Jiu Jitsu	Severna Park	MD	agogebjj.com	474C Ritchie Hwy
Kogen Dojo Self Defense Academy	Severna Park	MD	kogendojo.com	549 Baltimore Annapolis Blvd
Bartman MMA and Self-Defense	Silver Spring	MD	bartmanmma.com	12357 Georgia Ave
Beltway Martial Arts	Silver Spring	MD	beltwaymartialarts.com	921 Silver Spring Ave
Brazu Jiu Jitsu Academy	Silver Spring	MD	brazubjj.com	13856 Old Columbia Pike
Gracie Randallstown Jiu Jitsu in Hillandale	Silver Spring	MD	hillandalejiujitsu.com	10149 New Hampshire Ave
Maguilla's BJJ Academy	Silver Spring	MD	bjjonline.com	2416 Blue Ridge Ave. #305 (Third Floor)
The Compound BJJ	Silver Spring	MD	thecompoundsilverspring.com	12210 Plum Orchard Dr
Calvert MMA Academy	Sunderland	MD	calvertmma.com	25 Dalrymple Road Suites 103
Shaddock MMA Academy	Sykesville	MD	shaddockmma.com	6345 South Carroll Park Drive
Capital MMA & Elite Fitness	Takoma Park	MD	capitalmma.com	6836 New Hampshire Ave
Washington DC Brazilian Jiu Jitsu	Takoma Park	MD	wdcbjj.com	720 Erie Ave
Infinity Jiu-jitsu Maryland	Timonium	MD	infinitybjjmaryland.com	29 Greenmeadow Dr
Interactive Fitness Gym & MMA	Timonium	MD	interactivefitnessgym.com	29 Greenmeadow Dr
David Adams Jiujitsu	Towson	MD		8641 Loch Raven Blvd
Team Maryland BJJ	Towson	MD		8805 Orchard Tree Ln
American Martial Arts Gym	Waldorf	MD	amagmma.com	3 Post Office Rd
Royal Martial Arts	Waldorf	MD	royalmartialarts.com	52 Industrial Park Dr #23
The Jiu-Jitsu Academy of Southern Maryland	White Plains	MD	somdjujitsu.com	4474 White Plains Ln
Grizzly MMA	Alamosa	CO	grizzlymma.com	510 Bell Ct
Genesis Training Academy	Arvada	CO	fightgta.com	5255 Xenon St
The Academy of Brazilian Jiujitsu	Arvada	CO	arvadajiujitsu.com	9860 W 59th Pl
Gracie Barra Saddle Rock Jiu-Jitsu	Aurora	CO	gbsaddlerock.com	6770 S Liverpool St Unit B
Gracie Jiu-Jitsu Aurora	Aurora	CO	graciejiujitsuaurora.com	3054 S Laredo St
High Altitude Martial Arts	Aurora	CO	highaltitudema.com	2832 S Havana St Unit ZZ
Onyx Jiu Jitsu	Aurora	CO	onyxjiujitsu21.com	15200 E Girard Ave Unit 1600
Portela Brazilian Jiu-Jitsu	Aurora	CO	portelabjjaurora.com	22906 E Smoky Hill Rd
Way of Jiu Jitsu - Aurora	Aurora	CO	wayofjiujitsu.com	9565 Montview blvd
Hybrid Nation Martial Arts	Avon	CO	avonmartialarts.com	150 E Beaver Creek Blvd A105
Inyodo Martial Arts	Avon	CO	inyodomartialarts.com	0101 Fawcett Road #140
Easton Training Center - Boulder	Boulder	CO	eastonbjj.com	2005 32nd St
Wolchek Academy of Martial Arts	Boulder	CO	mywama.com	5603 Arapahoe Ave #6
Frontline Wrestling and Jiu-Jitsu Academy	Brighton	CO	graciebrighton.com	244 E Bridge St
Vibrant Jiu Jitsu	Brighton	CO	vibrantjj.com	244 E Bridge St
Elemental Brazilian Jiu Jitsu	Broomfield	CO	elementalbjj.com	2420 E Midway Blvd Unit G
Full Circle Martial Arts	Broomfield	CO	fullcirclemartialarts-colorado.com	555 Burbank St Unit N
Limitless Martial Arts	Broomfield	CO	limitlessmartialarts.co	585 Burbank St unit c
Stars Training Center	Broomfield	CO	pancrase.us	8 Garden Center
Zingano Brazilian Jiu Jitsu	Broomfield	CO	zinganobjj.com	2790 Industrial Ln
Gracie Jiu-Jitsu Canon City	Canon City	CO	graciejiujitsu-canon.com	309 Main St.
Carbondale Training Center (Rising Crane)	Carbondale	CO	risingcrane.net	768 CO-133
Tribal Society BJJ	Carbondale	CO	facebook.com	6334 CO-133
Bom Jitsu Brazilian Jiu Jitsu	Castle Rock	CO	bomjitsu.com	680 Atchison Way Suite 500
Carlson Gracie Jiujitsu Team Castle Rock	Castle Rock	CO	carlsongracieteamcastlerock.com	2280 Manatt Ct Unit D5
Fulcrum Jiu Jitsu Academy	Castle Rock	CO	fulcrumjiujitsuacademy.com	703 Wilcox St Unit A and B
GB Castle Rock	Castle Rock	CO	gbcastlerock.com	658 Genoa Way Suite C
Matrix Martial Arts	Castle Rock	CO	matrixcastlerock.com	4807 Industrial Way Units 102 & 103
Black Tie Brazilian Jiu Jitsu - Colorado	Centennial	CO	blacktiebjjcolorado.com	12201 E Arapahoe Rd Suite B3
Busy Brazilian Jiu-Jitsu & Fitness	Centennial	CO	busybjj.com	8200 South Quebec St Unit A10
Easton Training Center Centennial	Centennial	CO	eastonbjj.com	5170 E. Arapahoe Rd.
GB Centennial	Centennial	CO	gbcentennial.com	4181 E. County Line Road Suite F2
Valor BJJ & Fitness	Centennial	CO	valorbjjfit.com	7500 S University Blvd Ste 105
10th Planet Colorado Springs	Colorado Springs	CO	10thplanetcoloradosprings.com	4715 N Carefree Cir
719 Fight Team MMA	Colorado Springs	CO		2551 Airport Rd suite 110
Altitude MMA	Colorado Springs	CO	altitudemma.com	529 Arrawanna St.
Cies MMA	Colorado Springs	CO	ciesmma.com	2360 Montebello Square Dr Suite C
DC Fighters USA	Colorado Springs	CO	dcfightersusa.com	1710 Briargate Blvd Suite 100
DICTATE Tactical Training Center	Colorado Springs	CO	streetmma.net	3817 N Academy Blvd
GB Colorado Springs	Colorado Springs	CO	gbcoloradosprings.com	1358 North Academy Blvd
Gracie Jiu-Jitsu Colorado Springs	Colorado Springs	CO	gjj-cs.com	Worktime Athletic Performance 1710 Briargate Blvd Suite 100
Iron Forged Martial Arts	Colorado Springs	CO	ironforgedmartialarts.com	4859 Barnes Rd
Kraken Brazilian Jiu-Jitsu & Fitness	Colorado Springs	CO	bjjkraken.com	3920 N Academy Blvd
Mercs Jiu-jitsu MMA Fitness	Colorado Springs	CO	mercsjiujitsu.com	4432 Austin Bluffs Pkwy
Pariah MMA and Fitness	Colorado Springs	CO	pariahmma.com	712 Clark Pl suite 160
Peak Mixed Martial Arts Academy	Colorado Springs	CO		2660 Vickers Dr
Prime Brazilian Jiu-Jitsu	Colorado Springs	CO	primebjj.com	1424 Kelly Johnson Blvd
Renzo Gracie Colorado	Colorado Springs	CO	renzograciecolorado.com	3639 Star Ranch Rd
Team Chaotic Combat Sports and Fitness	Colorado Springs	CO	m.facebook.com	153 Fontaine Blvd
The HQ - Jiu Jitsu Headquarters	Colorado Springs	CO	jiujitsucoloradosprings.com	310 S 8th St H
True Martial Arts Center	Colorado Springs	CO	truemartialartscenter.com	3590 Hartsel Dr Suite H
Victory MMA	Colorado Springs	CO	coloradovictorymma.com	254 S Academy Blvd
Warrior Fitness Center	Colorado Springs	CO	cowarrior.com	3612 Drennan Road
Wilson Bros. Grappling	Colorado Springs	CO	wilsonbrosgrappling.com	5739 Observation Ct #120
Conifer Jiu Jitsu & Fitness	Conifer	CO		25797 Conifer Rd Ste B219
Avenge Jiu Jitsu	Denver	CO	avengejiujitsu.com	2595 W 8th Ave
Colorado Brazilian Jiu Jitsu Satori	Denver	CO	jiujitsucolorado.com	4605 Quebec St Unit B5
Dark Horse Combat Club	Denver	CO	darkhorsecombatclub.com	950 Santa Fe Dr
Denver Jiu Jitsu - Rodrigo Salazar Team	Denver	CO	denverjiujitsu.com	10200 E Girard Ave
Denver Judo	Denver	CO	denverjudo.com	719 Mariposa St
Easton BJJ Lowry	Denver	CO	eastonbjj.com	9660 E Alameda Ave #106
Edge MMA and Fitness	Denver	CO	facebook.com	5305 E Colfax Ave
Fusion Combat Training Center	Denver	CO	selfdefensedenver.com	5058 S Syracuse St
Gracie Barra Denver Jiu-Jitsu	Denver	CO	gbdenver.com	4495 Washington St
Logos Jiu Jitsu	Denver	CO	logosjiujitsu.com	3440a Brighton Blvd
Low Summit Jiu Jitsu	Denver	CO	lowsummitjiujitsu.com	6271 Beach St
Morning Star Jiu Jitsu	Denver	CO	morningstarjj.com	4362 E Evans Ave
Red Dragon Jujitsu Club	Denver	CO	jujitsudenver.com	3325 W Oxford Ave
The Kompound Training Center	Denver	CO	kompoundtrainingcenter.com	4434 Cherokee St
Train. Fight. Win. MMA & Fitness	Denver	CO	tfwmma.com	220 Santa Fe Dr
Tri-Town Brazilian Jiu Jitsu	Denver	CO	tritownbjjacademy.com	4926 E Colfax Ave
Way of Jiu Jitsu Academy	Denver	CO	wayofjiujitsu.com	7808 Cherry Creek S Dr Ste 205
Element Brazilian Jiu Jitsu	Eaton	CO	coelementbjj.com	206 Oak Ave
Factory X Muay Thai / MMA / BJJ	Englewood	CO	factoryxmuaythai.com	4731 S Sante Fe Cir Unit 1A
Guetho BJJ Denver	Englewood	CO	guethobjjdenver.com	2809 South Broadway
Nova Mente Jiu Jitsu Academy	Englewood	CO	novamenteacademy.com	2761 West Oxford Ave Unit 7
Motive Jiu-Jitsu Academy	Erie	CO	motivejiujitsu.com	3540 State Hwy 52 Unit H4
Brazilian Top Team Evergreen	Evergreen	CO	bttevergreen.com	3865 Evergreen Pkwy
Gracie Jiu-Jitsu Fort Collins	Fort Collins	CO	graciefortcollins.com	5800 S College Ave
Inspire Brazilian Jiu Jitsu Academy	Fort Collins	CO	inspirebjj.com	4103 S Mason St Unit 201
McMahon Brazilian Jiu-Jitsu Academy	Fort Collins	CO	mcmahonbjj.com	1725 S College Ave
Shugyo Training Center	Fort Collins	CO	shugyodojo.com	2721 S College Ave unit 3
The Dojo LLC	Fort Collins	CO	thedojofc.com	2600 Canton Ct
Total Ryu Martial Arts	Fort Collins	CO	ftcollinsmartialarts.com	1420 Riverside Ave
Trials Martial Arts & Fitness	Fort Collins	CO	trialsmma.com	2649 E. Mulberry St.
Summit County Jiu Jitsu	Frisco	CO	summitcobjj.com	842 N Summit Blvd # 29
Denver Grappling Club	Golden	CO	grapplingzonekj.com	17981 W Colfax Ave Ste B
Mountain Beast MMA & Fitness	Granby	CO	mountainbeast.com	62713 US-40
Golden Fights MMA Gym	Grand Junction	CO	cagewarsnow.com	2497 Power Rd UNIT 6
Gracie Jiu-Jitsu Grand Junction	Grand Junction	CO		2482 Patterson Rd Ste 100
Grand Valley Brazilian Jiu Jitsu	Grand Junction	CO	grandvalleybjj.com	573 S. Commercial Dr. #2
Renegade BJJ and MMA	Greeley	CO	facebook.com	2423 Apple Ave
Gunnison Jiu-Jitsu	Gunnison	CO	gunnisonjiujitsu.com	315 1/2 N Main St
Competitive Edge Mixed Martial Arts of Highlands Ranch	Highlands Ranch	CO	ce-mma.com	2030 E County Line Rd unit c
10th Planet Jiu Jitsu Boulder - Lafayette	Lafayette	CO	10thplanetboulder.com	1318 Centaur Village Dr.
Chroma Jiu-Jitsu	Lafayette	CO	chromajiujitsu.com	1455 Coal Creek Dr Unit C
Atos BJJ Lakewood	Lakewood	CO	atosbjjlakewood.com	12860 Lakewood #212
Flo Life BJJ + Colorado Holistic Martial Arts	Lakewood	CO	flolifebjj.com	9191 W Jewell Ave
Imperial Jiu Jitsu / Kickboxing	Lakewood	CO	imperialjiujitsu.com	9629 W Colfax Ave #200
Lakewood Martial Arts	Lakewood	CO	campmartialarts.com	12860 W Cedar Dr
Peak Kickboxing & Jiu-Jitsu	Lakewood	CO	peakmartialartsdenver.com	9100 W 6th Ave
Seo's Martial Arts	Lakewood	CO	seosmartialartsacademy.com	3255 S Wadsworth Blvd
The Sanctuary Brazilian JiuJitsu and Fitness	Lakewood	CO	thesanctuarybjjandfitness.com	3355 S Wadsworth Blvd Unit F109
Easton Training Center Littleton	Littleton	CO	eastonbjj.com	5005 S Kipling Pkwy Ste A2
Gracie Judo Club	Littleton	CO	graciejudoclub.com	8250 W Coal Mine Ave
Katharo Training Center - Jiu-Jitsu and Fitness	Littleton	CO	katharotrainingcenter.com	10146 W San Juan Way #100
Kompound Training Center	Littleton	CO	kompoundtrainingcenter.com	8000 S Lincoln St Ste 3
UFC GYM Lone Tree	Lone Tree	CO	ufcgym.com	7824 Park Meadows Dr
Dark Horse Brazilian Jiu Jitsu	Longmont	CO	bjjdarkhorse.com	950 Elgin Ave a
Easton BJJ Longmont	Longmont	CO	eastonbjj.com	2415 Wedgewood Ave
Infinite Jiu-Jitsu Academy	Loveland	CO	infinitejiujitsuloveland.com	329 E 3rd St #305
Infinite MMA Academy	Loveland	CO	infinitemixedmartialarts.com	154 E 15th St
Kingsnake Jiu-Jitsu	Loveland	CO	kingsnakebjj.com	1343 S Garfield Ave
Northern Colorado Jiu Jitsu	Loveland	CO	nocojiujitsu.com	1542 Taurus Ct Suite 100
Agoge Jiu Jitsu	Montrose	CO	agogejiujitsu.com	475 Water Ave
Montrose Brazilian Jiu-Jitsu	Montrose	CO	montrosebjj.com	427 E Main St
The Academy of Martial Arts - Monument Jiu-Jitsu	Monument	CO	monumentjiujitsu.com	740 Synthes Ave
Ground Zero Roaring Fork Valley BJJ	New Castle	CO	gzglenwoodsprings.com	420 W Main St #2
Rocky Mountain Jiu Jitsu	Northglenn	CO		435 W 115th Ave Ste 4
10th Planet DSU Parker	Parker	CO	10thplanetparker.com	10471 S Parker Rd Ste B3
5280 Martial Arts	Parker	CO	5280ma.com	10510 Dransfeldt Rd # 100
GB Parker	Parker	CO	parkergb.com	18425 Pony Express Drive Unit 107
Jit Pit Academy	Parker	CO	jitpit.com	17858 Cottonwood Dr
Kurusan Jiu-Jitsu & Kickboxing	Parker	CO	kurusan.com	18632 Pony Express Dr
Otomi Martial Arts	Parker	CO	otomimartialarts.com	10350 S Progress Way Ste 101
Zenith Authentic Brazilian Jiu-Jitsu	Parker	CO	authenticbjj.com	18366 Lincoln Ave Unit 108
Combative Fighting Systems Brazilian Jiu Jitsu	Peyton	CO	cfsfalcon.com	10634 Maltese Point Suite 130
Childress Brazilian Jiu-Jitsu	Pueblo	CO	childressbjj.com	1216 S Prairie Ave
Gracie Barra Pueblo	Pueblo	CO	graciebarra.com	1306 North Main Suit B
Pacific Warrior MMA - BJJ with Coach Kyle Hagen	Pueblo	CO	coachkylehagen.wordpress.com	627 E 4th St
14ers Jiu Jitsu	Salida	CO		222 F St
Easton Brazilian Jiu Jitsu Thornton	Thornton	CO	eastonbjj.com	13762 Colorado Blvd Unit 112
DCO MMA & Fitness	Westminster	CO	dcommafitness.com	7239 Bradburn Blvd #100
Flatirons Mixed Martial Arts Academy	Westminster	CO	flatironsmma.com	12910 Zuni St Unit #200
FusBoxe Sambo 1 Martial Arts	Westminster	CO	fusboxesambo1.business.site	9975 Wadsworth Pkwy #1900
Rebellion Self Defense & GJJ	Westminster	CO	rebellionselfdefensegjj.com	3047 W 74th Ave
ETHOS Colorado	Wheat Ridge	CO	ethoscolorado.com	11465 W I-70 Frontage Rd N
Easton BJJ Arvada	Wheat Ridge	CO	eastonbjj.com	12421 W. 49th Ave #3
Discipleship Jiu-Jitsu	Woodland Park	CO	discipleshipjiujitsu.com	403 S. Baldwin St
Freedom Martial Arts and Fitness	Anderson	IN	freedommartialarts.org	550 West 37th Street Entrance #5
Razzano Academy BJJ & Judo	Bloomington	IN		500 South Morton Suite 060
Vortex Martial Arts Gym	Bloomington	IN		1713 N College Ave #4
Gracie Jiu-Jitsu Brazil	Brazil	IN	graciebrazilindiana.com	7950 North IN-59 Suite 5
Brownsburg Brazilian Jiu-Jitsu	Brownsburg	IN	brownsburgbjj.com	3830 N IN-267 B
Performex Martial Arts and Fitness	Brownsburg	IN	performexmartialarts.com	489 Southpoint Cir Suite 800
House Of Martial Arts	Carmel	IN	houseofmartialarts.com	14598 Clay Terrace Blvd. #160
Indianapolis Brazilian Jiu-Jitsu	Carmel	IN	indianapolisjiujitsu.com	1764 E 116th St
The School of Self Defense	Carmel	IN	the-school-of-self-defense.com	11495 N Pennsylvania St St 100
Team O'Connor Brazilian Jiu-Jitsu	Chesterton	IN	team-oconnor.com	534 Broadway Ave
Awesome Martial Arts Academy	Clarksville	IN	awesomesportsandcamps.com	757 E Lewis and Clark Pkwy #538a
Brown’s Brazilian Jiu-Jitsu	Columbus	IN		1400 Grand Ave
Harrison County Brazilian Jiu-Jitsu	Corydon	IN		1200 Old Forest Rd NW
219 Submission Academy	Crown Point	IN	219submission.com	1516 N Main St 3rd Floor
Alexander Brazilian Jiu Jitsu	Elkhart	IN	alexanderbjj.com	536 S Main St
Kroyler Gracie Jiu-Jitsu	Elkhart	IN	kroylergracie.com	3121 Northview Dr
Nice Guys Submission Fighting	Evansville	IN		1415 N Fares Ave
The JiuJitsu Academy	Evansville	IN	thejiujitsuacademy.com	2254A E Morgan Ave
Fishers Brazilian Jiu-Jitsu And Boxing	Fishers	IN		13017 Parkside Dr
Fishers Elite Martial Arts	Fishers	IN	fishersmartialarts.com	13029 Parkside Dr
KruFit	Fishers	IN	krufit.com	9824 N by NE Blvd
First Shield Defense	Fort Wayne	IN	firstshielddefense.com	2727 Lofty Dr.
Gracie Jiu-Jitsu Fort Wayne	Fort Wayne	IN	graciejiu-jitsufortwayne.com	5421 Keystone Dr
Journey Brazilian Jiu-jitsu/Blackbelt Wrestling Academy	Fort Wayne	IN	journeybjj.com	1724 Prairie Ln
Lee Brothers Submission Academy	Fort Wayne	IN	leebrothersmma.com	5015 Speedway Dr
Sud'n Impact Gym	Fort Wayne	IN	sudnimpactgym.com	2429 W Main St
Franklin Jiu Jitsu Club	Franklin	IN	franklinbjjclub.com	2139 Holiday Ln
Barrick Brazilian Jiu Jitsu	Goshen	IN	barrickbjj.com	320 N Chicago Ave Suite 10
FLOW Brazilian Jiu-Jitsu	Granger	IN	flowingwolfbjj.squarespace.com	51099 Bittersweet Rd Suite K
Carlson Gracie Indianapolis Jiu Jitsu	Greenwood	IN		916 E Main St #111
Roll Model Grappling Academy	Greenwood	IN	rollmodelgrapplingacademy.com	1140 N State Rd 135 Ste P
Carlson Gracie Brazilian Jiu-jitsu Team Hobart	Hobart	IN	maximgymllc.com	707 N Hobart Rd #2445
Torres Martial Arts Academy	Hobart	IN	torresmartialarts.com	8560 E Ridge Rd
10th Planet Indianapolis at Circle City Martial Arts & Fitness	Indianapolis	IN	ccmaf.com	1202 N Illinois St
Champlin Jiu-Jitsu Academy	Indianapolis	IN	champlinbjj.com	6935 Lake Plaza Dr
Indianapolis Jiu Jitsu Coach	Indianapolis	IN	indianapolisbjjcoach.com	4967 S Emerson Ave
SoBro Brazilian Jiu Jitsu	Indianapolis	IN	sobrobjj.com	1134 E 54th St
Garra Brazilian Jiu Jitsu and MMA	Kokomo	IN		2160 E Markland Ave
Soma Jiu Jitsu of Kokomo	Kokomo	IN		2320 Valentine Dr
Ascend Brazilian Jiu Jitsu	Lafayette	IN		140 Frontage Rd Suite D
The Forge Training Center	Lafayette	IN	theforgetc.com	1400 Teal Rd suite 4
Lagrange Gracie Jiu-Jitsu	LaGrange	IN		504 Grant St
Bright Brazilian Jiu Jitsu	Lawrenceburg	IN	brightbrazilianjiujitsu.com	2005 Jamison Dr Suite 101
MC Fitness & Submission Grappling	Loogootee	IN		401 John F Kennedy Ave
Tiger Martial Arts Fitness Academy	Marion	IN	tigermartialartsfitness.com	425 E 4th St
Team Colón Mixed Martial Arts	Merrillville	IN	teamcolonmma.com	8215 Taney Pl. Unit D
UFC GYM Merrillville	Merrillville	IN	ufcgym.com	5206 E 81st Ave
Revolution Fitness Center	Mishawaka	IN	joinrevolutionfc.com	2818 Lincolnway E Hwy
Monticello Jiu-Jitsu Academy	Monticello	IN	monticellojiujitsu.square.site	511 N Main St
Indiana Combat Grappling	Mooresville	IN	indianama.com	5623 E S R 144
Muncie Brazilian Jiu-Jitsu	Muncie	IN	munciebjj.com	4709 Wheeling Ave
Gracie Jiu-Jitsu Nappanee	Nappanee	IN	gjjnappanee.com	451 N Main St
Gracie Jiu-Jitsu New Albany	New Albany	IN		809 Talaina Place
Southern Indiana Martial Arts	New Albany	IN	southernindianamartialarts.com	2107 Corydon Pike building a
RT Torres Brazilian Jiu Jitsu	New Castle	IN		1505 S Memorial Dr
Journey Brazilian Jiu-Jitsu	North Manchester	IN	journeybjj.com	204 E Main St
Ironhorse Martial Arts	Pendleton	IN	ironhorsemartialarts.com	739 E Water St
DragonFly Elite Martial Arts & Fitness	Plainfield	IN	dragonflyelite.com	122 W Main St
Pollaro's Martial Arts	Plainfield	IN	pollaroma.com	1620 E Main St #149
Hybrid Combat Club	Plymouth	IN	hybridcombatclub.com	2251 N Oak Dr
Corral's Martial Arts Portage	Portage	IN	teamcorral.com	5930 US Rte 6
Rochester Family Martial Arts	Rochester	IN	rochesterfamilymartialarts.com	626 Main St
BJJ Coach Sheepdog	Rushville	IN		219 N Main St
Corral's Martial Arts Schererville	Schererville	IN	teamcorral.com	820 Cedar Pkwy
Gracie Jiu Jitsu South Bend	South Bend	IN	graciejiujitsusouthbend.com	2050 E Ireland Rd
Ribeiro Jiu-Jitsu South Bend	South Bend	IN		1520 E Mishawaka Ave
Jason Gonzalez Brazilian Jiu-Jitsu	Terre Haute	IN	jg-bjj.com	2800 Poplar Ave Street
Mcvicker’s Brazilian Jiu-Jitsu	Terre Haute	IN	jackmcvicker.com	125A South 7th Street
Pedigo Submission Fighting - Terre Haute	Terre Haute	IN	eplegends.com	3401 S US Hwy 41 Suite C-5
BJJ Coach / Maddox Martial Arts Academy	Thorntown	IN	bjjcoachmaddox.com	101 E Main St
Choke-U Brazilian Jiu-jitsu	Valparaiso	IN		1201 Cumberland Crossing Dr
Corral’s Martial Arts	Valparaiso	IN	teamcorral.com	1115 Calumet Ave.
Anvil Training Center	Vincennes	IN	anvilcenter.com	14 N 2nd St
Relentless Brazilian Jiu Jitsu	Warsaw	IN	relentlessbjj.net	2112 East Winona ave.
Impact Zone Training Center	West Lafayette	IN	impactzonetrainingcenter.com	2781 Klondike Rd
UFC GYM Whitestown	Whitestown	IN	ufcgym.com	6298 Mills Dr Ste 500
BJJ Bushido Zionsville	Zionsville	IN	bjjbushido.com	10730 Bennett Parkway Suite C
Chris Howe Brazilian Jiu Jitsu	Zionsville	IN	chrishowebjj.com	7031 Mayflower Park Dr
Endurance Brazilian Jiu-Jitsu	Zionsville	IN	endurancebjj.com	5078 W 106th St
Conquer BJJ Mixed Martial Arts Academy	Ada	OK	conquerbjjada.com	315 W 12th St
Rebellion Martial Arts	Ada	OK		1408 S Main
10th Planet Jiu-Jitsu Altus	Altus	OK	altusmartialarts.ninja	321 W Commerce St
Hensley Jiu Jitsu	Ardmore	OK	hensleybjj.com	2 W Main St
Kraken Jiu Jitsu - Ardmore OK	Ardmore	OK	krakenardmore.com	19 W Broadway St
Platypus BJJ	Bartlesville	OK		715 Dewey Ave
Omar French Brazilian Jiu Jitsu	Bixby	OK	omarfrench.com	8307 East 111th St S suite o
Munoz BJJ and Combat Sports	Blanchard	OK		109 SE 3rd St
Brothers Jiu Jitsu	Broken Arrow	OK	brothersjiujitsu.com	3081 W Albany St STE #117
Cohesion Brazilian Jiu-Jitsu & Judo Academy	Broken Arrow	OK		804 S 8th St
Forza Combat Sports	Broken Arrow	OK	forzacombatsports.com	2121 N Beech Ave
Team Impact Martial Arts & Fitness	Broken Arrow	OK	teamimpactok.com	2336 W New Orleans St
Havoc Brazilian Jiu-Jitsu	Claremore	OK	havocbjj.com	613 W Ramm Rd #601
Pejak Martial Arts	Claremore	OK	pejakmartialarts.com	401 E 5th St
Northside Brazilian Jiu Jitsu	Collinsville	OK	thenorthsidebjj.com	924 W Main St
Team Impact Brazilian Jiu Jitsu & Kickboxing	Coweta	OK	teamimpactbjj.com	13019 OK-51
The Cage Training Center	Cushing	OK	htc918.com	311 E Broadway St
Top Dawg BJJ	Del City	OK	topdawgbjj.com	4330 SE 29th St Suite 3013
Lucas Martial Arts	Duncan	OK		708 W Main St
Empire Jiu-Jitsu Durant	Durant	OK	empirejiujitsudurant.com	143 W Main St
American Elite Mixed Martial Arts	Edmond	OK	edmondbjj.com	25 Fretz Ave
Christian Karate & Jiu-Jitsu Academy	Edmond	OK	christiankarateacademy.com	2217 NW 178th St
Killer Bees Kickboxing	Edmond	OK	killerbeeskickboxing.com	241 Garage Dr Unit 104
Kudos	Edmond	OK		2000 W Danforth Rd Suite 126
Legacy Martial Arts BJJ & Kickboxing	Edmond	OK	legacyma.com	3825 NW 166th St B13
Mana Martial Arts	Edmond	OK	mmaok.com	441 S Fretz Ave
Prodigy Jiu-Jitsu	Edmond	OK	peopleclimbers.com	6775 Boucher Dr Ste 4
Raptor Jiu Jitsu & A Game MMA	Edmond	OK	raptorjj.com	2800 E Danforth Rd
Redline Jiu-Jitsu	Edmond	OK	redlinebjj.com	745 Enterprise Dr Ste 100
The Forge Brazilian Jiu Jitsu	Edmond	OK	theforgebjj.com	1125 S Broadway
KMG Martial Arts Inc	El Reno	OK	kmgmartialarts.com	1621 E Highway 66 Suite I
Shah Mat Brazilian Jiu Jitsu	Enid	OK		213 W Randolph Ave
Burdette Jiu Jitsu	Glenpool	OK	burdettejiujitsu.com	15085 S Elwood Ave #105
Ground Control Jiu-Jitsu	Glenpool	OK	groundcontroljiu-jitsu.com	811 E 141st St
Grand Lake Martial Arts	Grove	OK	grand-lake-martial-arts.maonrails.com	63157 E 290 Rd
Top Tier Martial Arts	Guthrie	OK	toptiermartialarts.com	107 E Oklahoma Ave
Jenks Martial Arts Academy	Jenks	OK	maausa.net	728 W Main St
Strike Martial Arts Academy	Jenks	OK	teamstrikemartialarts.com	385 E Main St
Dreadnought Brazilian Jiu-Jitsu	Lawton	OK	dreadnought-bjj.com	1912 nw Lawton Ave.
Ricardo Cavalcanti Brazilian jiu jitsu Lawton/Alpha MMA	Lawton	OK	lawtonmma.com	502 SW F Ave Suite A
Marlow Martial Arts Academy	Marlow	OK	marlowmartialartsacademy.com	1407 S Broadway St
True Grit Jiu Jitsu and Defense	McAlester	OK	truegritjiu-jitsu.com	210 E Choctaw Ave
Integrity Martial Arts	Moore	OK	integrityma.ninja	1991 Tower Dr Suite E
Church BJJ	Muskogee	OK		324 East Side Blvd
Mega Church Jiu Jitsu	Muskogee	OK		2250 East Shawnee Bypass
Soaring Eagle Jiu Jitsu	Muskogee	OK	soaringeaglebjj.com	804 Callahan St
Thunder MMA	Muskogee	OK		304 Eastside Blvd
Black Flag BJJ	Mustang	OK	blackflagok.com	193 N Centennial Way, Unit 1
F-5 Grappling	Mustang	OK		317 N Trade Center Terrace Suite 205
Peaceful Warriors Black Belt Academy	Newcastle	OK	oklakicks.com	3597 NW 32nd St
Empire Jiu Jitsu	Norman	OK	empirebjjok.com	2843 W Indian Hills Rd suite 103
Fight or Flight Fitness LLC	Norman	OK	fightorflightnorman.com	1309 24th Ave SW
Kaizen Performance LLC	Norman	OK	kaizenperformance.net	1811 Industrial Blvd Suite 105
National Martial Arts of Norman	Norman	OK	nmanorman.com	3525 Wellsite Dr Unit 101
Quest Grappling Academy	Norman	OK	questgrapplingacademy.com	4150 28th Ave NW #145
American Top Team OKC	Oklahoma City	OK	americantopteamokc.com	7001 W Wilshire Blvd
Culture Brazilian Jiu Jitsu	Oklahoma City	OK	culturebjjok.com	9520 SW 15th St STE 600
Gorilla Judo and BJJ Club	Oklahoma City	OK	gorillajudoandbjjclub.com	6201 Camille Ave
Lovato Jiu-Jitsu Southside	Oklahoma City	OK	okbjjsouth.com	932 SW 104th St
Lovato’s School Of Brazilian Jiu-Jitsu and MMA	Oklahoma City	OK	okbjj.com	10944 N May Ave
New Limits Academy - Mixed Martial Arts in OKC	Oklahoma City	OK	newlimitsmma.com	11621 N Santa Fe Ave A-5
OKC Combat Sports	Oklahoma City	OK	okccombatsports.com	306 N Klein Ave
Oklahoma Martial Arts Academy	Oklahoma City	OK	s4oma.com	14701 N Kelley Ave
Outsiders Combat Club	Oklahoma City	OK	outsiderscombat.com	7701 Broadway Ext Unit A-07
Sandro Sampaio Brazilian Jiu-Jitsu Academy	Oklahoma City	OK	bjjokc.com	12121 S Western Ave
Sen Shin Kan Dojo	Oklahoma City	OK	senshinkandojo.com	3629 NW 23rd St
Yu'ki MMA	Oklahoma City	OK		2934 NW 17th St
Prowess Brazilian Jiu-Jitsu	Okmulgee	OK	prowessbjj.com	813 E 6th St
Clinch Martial Arts Academy - Owasso	Owasso	OK	teamclinch.com	1309 N Main St
Rogue Martial Arts	Owasso	OK	rogueowasso.com	12808 East 86th St N
Combat Syndicate	Ponca City	OK		405 E Grand Ave St
Oklahoma Combat Sports / KORE BJJ	Poteau	OK	site.oklahomacombatsports.com	103 N Broadway St
Trinity Martial Arts	Pryor	OK	trinitypryor.com	1030 W Graham Ave
Thunderkick Jiu-Jitsu and MMA	Sapulpa	OK	thunderkickgym.com	216 S Main St
Elite Combat Systems	Stillwater	OK	elitecombatsystems.com	202 S Main
Jackson Academy Martial Art Fitness	Stillwater	OK	jacksonacademymartialarts.com	1401 S Western Rd
Jiu Jitsu Academy Of Stillwater	Stillwater	OK	bjjstillwater.com	1116 1/2 S Main St
Stillwater Martial Arts	Stillwater	OK	stillwatermartialarts.com	824 S Main St
Relevant Martial Arts	Tahlequah	OK	relevantmartialarts.com	22 South St
Gracie Jiu-Jitsu Tulsa	Tulsa	OK	gracietulsa.com	8160 S Harvard Ave
Jedi Jiu-Jitsu	Tulsa	OK	jjjtulsajiu-jitsu.com	7008 S Utica Ave
Primate Brazilian Jiu Jitsu	Tulsa	OK	primatebjj.com	4622 E 31st St
Relentless Martial Arts	Tulsa	OK	relentlessmartialarts.com	6202 S Sheridan Rd
Ryan Brazilian Jiu Jitsu	Tulsa	OK		216 S Trenton Ave
Sheepdog Jiu-Jitsu	Tulsa	OK	sheepdogtulsa.com	10846 S Memorial Dr Suite 106
Tulsa Judo and Jiu Jitsu	Tulsa	OK	tulsajudoclub.com	4343 S Memorial Dr
Apex Fitness & Martial Arts	Tuttle	OK	okcbjj.co	7508 E Highway 37
Highland Jiu Jitsu	Warr Acres	OK	bethanybjj.com	5557 Northwest Expy
3 Feathers MMA Muay Thai Warriors 4 Christ	Wilburton	OK		147 E Main St
RYSE Academy of Martial Arts	Woodward	OK	rysemma.com	1116 40th St
Conquest	Yukon	OK	conquestok.com	322 Elm Ave
Highland Martial Arts – Yukon	Yukon	OK	tsmayukon.com	1093 Cornwell Dr Ste B
Solid MMA	Yukon	OK	solidmma.pro	12301 Merritt Ave
Transform Jiu-Jitsu	Yukon	OK	transformbjj.com	831 N Cemetery Rd Suite B-1
Yukon Martial Arts	Yukon	OK	yukonokmartialarts.com	949 Cornwell Dr
Mass Bjj	Acton	MA	massbjj.com	138 Main Street
10th Planet Jiu Jitsu Springfield MA	Agawam	MA	10thplanetspringfieldma.com	270 Main St 2nd floor
Wai Kru Mixed Martial Arts	Allston	MA	waikru.com	236 Brighton Ave
New England Submission Fighting	Amherst	MA	amherstmma.com	460 West St Suite #11
Mass Bjj Arlington	Arlington	MA		26 Massachusetts Ave
Cascão Jiu Jitsu Ashland	Ashland	MA	cascaoashland.com	50 Main St
Ronin Brazilian Jiu Jitsu and Fitness	Attleboro	MA		2 Park Street
Bernardo Faria Brazilian Jiu-Jitsu Academy	Bedford	MA	bernardofariaacademy.com	131a Great Rd
Impact School Of Martial Arts	Bellingham	MA	groundwarrior.com	191 Mechanic Street #7
USMMA Martial Arts and Yoga	Bellingham	MA	clients.mindbodyonline.com	316 Hartford Ave
Sityodtong Northshore	Beverly	MA	sityodtongnorthshore.com	126 Park Street
Back to Basics Martial Arts & Fitness	Boston	MA	backtobasicsboston.com	334 Newbury St
Broadway Jiu-Jitsu and Fitness	Boston	MA	broadwayjiujitsu.com	36 W Broadway
Citadel Martial Arts	Boston	MA	citadelmartialarts.com	41 Winter Pl
Combat Sports Boston	Boston	MA	combatsportsboston.com	261 Friend St
Empower Brazilian Jiu Jitsu	Boston	MA	empowerbjj.com	374 Washington St Ste 1
Gracie Barra Boston	Boston	MA	graciebarraboston.com	957 Commonwealth Avenue
UFC GYM Boston Financial District	Boston	MA	ufcgym.com	76 Lincoln St
Viver MMA	Boston	MA	vivermma.com	1580 VFW Parkway
Lauzon Mixed Martial Arts	Bridgewater	MA	rsdmma.com	106 Hale Street (Second Floor)
Submit Your Friend Brazilian Jiujitsu Academy	Brighton	MA	syf-bjj.com	600 Washington St
Ginsberg Academy BJJ	Cambridge	MA	ginsbergacademy.com	2000 Massachusetts Ave Floor 2
REDLINE Fight Sports	Cambridge	MA	redlinefightsports.com	21 Prospect St
American Grit MMA	Canton	MA	americangritmma.com	420 Turnpike St
Jiu-Jitsu USA Brazilian Jiu-Jitsu & Fitness Club	Charlton	MA	squareup.com	242 Sturbridge Rd 2nd floor
Gentle Art Dojo	Chelmsford	MA	gentleartdojo.com	83 Parkhurst Rd
Massachusetts Submission Academy	Clinton	MA	masssubmissionacademy.com	45 High Street
Brazilian Top Team North Shore	Danvers	MA	bttnorthshore.com	121 Liberty St #2
Gracie Jiu-Jitsu Dedham	Dedham	MA	graciededham.com	123 Stergis Way
Mo's Martial Arts	Dedham	MA	mosmartialarts.com	8 Sanderson Ave
Level Ground Mixed Martial Arts	Dorchester	MA	levelgroundmma.org	1490 Dorchester Ave
Brazilian Top Team Boston	Everett	MA	bttboston.com	305 Broadway
Hard Knocks Muay Thai & Mma	Everett	MA	hardknockseverett.com	167 Bow St
Total Performance Sports	Everett	MA	totalperformancesports.com	68 Vine Street
Danny Savery Brazilian Jiu Jitsu - Fairhaven MA	Fairhaven	MA	dannysaverybjj.com	17 Sarahs Wy
Regiment Training Center	Fall River	MA	regimenttrainingcenter.com	147 Plymouth Ave
Newaza Brazilian Jiu-Jitsu Club	Fitchburg	MA	newazabjj.com	489 Electric Ave
The Fighting Arts Academy	Fitchburg	MA	fightingartsfitchburg.com	180 Falulah Street
Alliance Jiu-Jitsu Framingham	Framingham	MA	alliancebjjframingham.com	16 Concord St
Boston Brazilian Jiu Jitsu Framingham	Framingham	MA	bbjjoff.com	9 River Wy
Dragon Lair Mma	Framingham	MA	dragonlairmma.com	82 Concord St.
Team Link Framingham	Framingham	MA		328 Concord St
Fighting Arts Academy Gardner	Gardner	MA	fightingartsgardner.com	205 School St. Ste. 109
DF Fitness & Martial Arts Center	Gloucester	MA	dffitnessmacenter.com	186 Main St suite 25
Thurston Martial Arts	Hanover	MA	thurstonmartialarts.com	409 Columbia Rd ste 90
Binda Jiu Jitsu	Haverhill	MA	bindajiujitsu.com	741 S Main St
Terrinha Draculino BJJ Team	Hopkinton	MA	tdtbjj.com	88 Elm St
Hudson Combat Academy	Hudson	MA	hudsoncombat.com	6 South St
Lokahi Academy	Hudson	MA	lokahiacademy.com	312 Main St Unit 4
Daniel Gracie Academy Hyannis	Hyannis	MA	daniel-gracie-academy-hyannis.business.site	92 Barnstable Rd
Hyannis Mixed Martial Arts of Cape Cod	Hyannis	MA	hyannismixedmartialarts.com	24 Plant Rd #6
New Vision Academy of Jiu Jitsu	Hyde Park	MA	nvajj.com	695 Truman Pkwy
Thurston Academy (NEU BJJ affiliate)	Kingston	MA	thurstonacademy.com	55 Main St
ZenQuest Martial Arts Center	Lenox	MA	zenquestmac.com	Lenox Country Shops Shopping Center 55 Pittsfield Rd
CBJJ School	Leominster	MA	cbjjteam.com	511 Lancaster St
Zichelle MMA BJJ & Fitness	Leominster	MA	zichellemmaandfitness.com	297 Hamilton St
Aldo Batista Brazilian Jiu-Jitsu	Lowell	MA	aldobatistabjj.com	171 Lincoln St
Team Link Brazilian Jiu-Jitsu	Ludlow	MA	linkbjj.com	34 East Street
Private Jewels Fitness	Lynn	MA	privatejewelsfitness.com	725 Summer St Ste 2
Cascao Jiu Jitsu - Team Exodus	Marlborough	MA		72 Hosmer St
Phoenix BJJ Marlborough	Marlborough	MA	phoenix-jj.com	160 Apex Dr Suite C
Soneca Brazilian Jiu Jitsu / Team NEU BJJ - Marlborough	Marlborough	MA	sonecabjj.com	60 Mechanic St
Team Link BJJ (Brazilian Jiu Jitsu) Marlborough	Marlborough	MA	m.facebook.com	416 Boston Post Rd E
Renan Borjes Brazilian jiu-jitsu And New England United BJJ	Medford	MA		393 Main St
Michael DeLuca Brazilian Jiu Jitsu	Middleborough	MA		111 Center St
REAL Brazilian Jiu Jitsu Middleboro	Middleborough	MA	realbjj.com	5 Lane St
Bay State Brazilian Jiu-Jitsu	Natick	MA	natickbjj.academy	247 W Central St
Versus Jiu-jitsu	Natick	MA	versusjiujitsu.com	179 W Central St
Curtis Mateus BJJ	New Bedford	MA	curtismateusbjj.com	255 Samuel Barnet Blvd
Ko Gym	New Bedford	MA	kogymnewbedford.com	50 Conduit St
Boston Brazilian Jiu-Jitsu Newton	Newton	MA	bbjiujitsu.com	10 Dedham St
Icon Jiu Jitsu Team USA	North Billerica	MA	iconbjj-usa.com	131 Boston Rd #9
Resolve Martial Arts	North Chelmsford	MA	resolvemartialarts.com	73 Princeton St #11
Straight Blast Gym East Coast	North Dartmouth	MA	sbgeastcoast.com	125 Faunce Corner Rd Ste 125D
Team Link Northampton	Northampton	MA	teamlinknoho.com	141-H Damon Rd
Daniel Gracie Academy Northborough	Northborough	MA	danielgracieacademy.com	38 SW Cutoff e
South Shore Sport Fighting	Norwell	MA	sssfighting.com	104 Longwater Drive Unit 104
Connors Mixed Martial Arts Academy	Norwood	MA	connorsma.com	180 Kerry Place; unit E
Luiz Paulo Brazilian Jiu Jitsu 7th Coral Belt	Norwood	MA	luizpaulojiujitsu.com	666 Washington St
Daniel Gracie Academy Orleans	Orleans	MA	gracie-capecod.business.site	136 MA-6A
Adas Jiu Jitsu Academy	Peabody	MA	bjjpeabody.com	649 Lowell St Unit G
Dedeco Brazilian Jiu-Jitsu Marshfield/Pembroke	Pembroke	MA	dedecobjj.com	295 Old Oak St
Dynamic Martial Athletics	Pepperell	MA	pepperellbjj.com	20 Mill St
Darkside Jiu-Jitsu LLC	Plainville	MA	darksidebjj.com	1 George St unit 2b
Institute of Combative Arts (Gracie Jiu-Jitsu Quincy)	Quincy	MA	instituteofcombativearts.com	5 Grossman St
Trifecta Martial Arts And Fitness	Quincy	MA	bjj-boston.com	142 Old Colony Ave
Iron House MMA	Revere	MA		321 Charger St
Mmaxout Fitness And Martial Arts	Revere	MA	bostonfight.com	794 Broadway
Revere Jiu Jitsu Center	Revere	MA	reverejiujitsucent.wixsite.com	318 Squire Rd
Dragon Within Mixed Martial Arts	Salem	MA	dragonwithinmartialarts.com	11 Franklin Street
k i Salem Martial Arts	Salem	MA	kisalemma.com	63 Jefferson Ave
North Shore Brazilian Jiu-Jitsu Academy	Salem	MA	northshorebjj.com	10 Colonial Road Suite 210
Bochniak Martial Arts & Fitness	Saugus	MA	bochniakmma.com	171 Broadway
Way Of Life BJJ	Saugus	MA	wayoflifebjj.wixsite.com	999 Broadway Unit 204
GB South Shore	Scituate	MA	graciebarra.com	122 Front Street
Danny Savery BJJ Somerset MA	Somerset	MA	dannysaverybjj.com	1123 Grand Army Hwy
Brazilian Martial Arts Center	Somerville	MA	bmacboston.com	700 Mystic Ave
Davis Square Martial Arts	Somerville	MA	davissquaremartialarts.com	408 Highland Ave
Combate Real School of Jiu Jitsu	Southbridge	MA	combaterealjiujitsu.com	769 Worcester St Suite 4
Fighting Arts Academy	Springfield	MA	fightingartsacademy.com	190 Verge St
New England Fit And MMA	Springfield	MA	newenglandfit.com	321 Albany St
Boston Brazilian Jiu Jitsu Stoughton	Stoughton	MA	bostonbjjstoughton.com	732 Washington St
Maxx Training Center Martial Arts	Stoughton	MA	maxxtrainingcenter.com	49 Rose St
Mena Fitness Training & Brazilian Jiu Jitsu	Stow	MA	menafitnesstraining.com	117 Great Rd
RBJJ Taunton - BTT Taunton	Taunton	MA	rbjjtaunton.com	60 Main St
Evolution Performance Center	Tewksbury	MA	evolutionperformancecenter.com	540 Main St
Fenix Brazilian Jiu Jitsu Tewksbury	Tewksbury	MA	fenixbjj.com	1830 Main Street
Team Flo Brazilian Jiu Jitsu (NEU BJJ affiliate)	Tyngsborough	MA	teamflojiujitsu.com	73 Progress Ave
Evolve Jiu Jitsu Training Center	Uxbridge	MA	massjiujitsu.com	151 N Main St
FUJI Martial Arts Jiu-Jitsu Wakefield	Wakefield	MA	fujigym.com	19 New Salem St
Nexus Martial Arts & Fitness	Wareham	MA	nexusma.com	14 Kendrick Road
CrossFit Arsenal (and BJJ)	Watertown	MA	crossfitarsenal.com	49 Clarendon St
Kimura BJJ	Watertown	MA	kimurabjj.com	15 North Beacon St
Theodorou Academy of Jiu Jitsu	Watertown	MA	bostonselfdefense.com	201 Arlington St
Mass Best Martial Arts Center	Webster	MA	facebook.com	56 Worcester Rd
Bishop's Training & Fitness	West Bridgewater	MA	bishopstrainingandfitness.com	319 Manley St
Gabriel Gladiator Training Center	West Springfield	MA	gabrielgladiator.com	130 Myron St
Sento Mixed Martial Arts Academy	West Springfield	MA	westspringfieldmma.com	1452 Memorial Ave
Ground Units Bjj	Westfield	MA	groundunitsbjj.wordpress.com	62 School St
Randy Brown Mantis Boxing & Brazilian Jiu-Jitsu	Westminster	MA	randybrownmantisboxing.com	192 E Main St
Dedeco Brazilian Jiu Jitsu Weymouth - NEU team	Weymouth	MA	dedecobjj.com	293 Libbey Pkwy #200
Jon Manley MMA @ Williamstown youth center	Williamstown	MA	jonmanleymma.com	66 School St
Fenix Brazilian Jiu Jitsu Woburn	Woburn	MA	fenixbjj.com	911 Main St.
FUJI Martial Arts Jiu-Jitsu & Judo Woburn	Woburn	MA	fujimartialarts.com	400 W Cummings Park Suite 1800
Soneca Brazilian Jiu-Jitsu/ Team NEU – Worcester	Worcester	MA	sonecabjj.com	895 Grafton St
Squared Brazilian Jiu Jitsu	Worcester	MA	squared-bjj-worcester.ueniweb.com	333 Shrewsbury St
Worcester MMA	Worcester	MA	worcestermma.com	3 Brussels St #316
Flashback Martial Arts	Appleton	WI	flashbackmartialarts.com	2310 W College Ave
Gracie Jiu-Jitsu Appleton	Appleton	WI	gracieappleton.com	228 W Northland Ave
Metrics Martial Arts	Appleton	WI		324 W Wisconsin Ave #3
Resurgence MMA Appleton	Appleton	WI	resurgencemma.com	1000 S Westland Dr
Team FVGC Brazilian Jiu-jitsu and Fitness	Appleton	WI	foxvalleygrapplingclub.com	801 W College Ave
Theory Jiu-Jitsu Studio	Appleton	WI		1879 N Casaloma Dr
BigWater BJJ	Ashland	WI	bigwaterbjj.com	215 Chapple Ave
Filipe Barbosa Brazilian Jiu-Jitsu	Baraboo	WI	bjjwisconsin.com	912 WI-136 Ste 104
Third Heaven Martial Arts	Beaver Dam	WI	thirdheaven.com	1229 Madison St
Evolution Jiu Jitsu	Burlington	WI	facebook.com	1104 Milwaukee Ave.
Strong Hold Athletics	DeForest	WI	stronghold-athletics.com	160 Commerce St
Veneration BJJ	Delavan	WI		117 Park Pl.
Valkyrie BJJ	Dousman	WI		105 N Main St
Combat Sports Academy - Eau Claire	Eau Claire	WI		1720 Westgate Rd
Ronin Fitness	Eau Claire	WI	roninfitness.net	800 Wisconsin St Suite 209
Fond du Lac Jiu-Jitsu Club	Fond du Lac	WI		20 E Arndt St
Defense Combatives DEFCOM Alpha Fort Atkinson	Fort Atkinson	WI	defcomma.com	1233 Janesville Ave Suite B
44 Fitness & Martial Arts	Franklin	WI	44fitness.com	10610 W Venture Dr
Pettis Martial Arts	Franklin	WI	pettismartialarts.com	6542 S Lovers Lane Rd
Neutral Ground Grafton Martial Arts	Grafton	WI	graftonmartialarts.com	1764 Wisconsin Ave
Green Bay Jiu-Jitsu	Green Bay	WI	greenbayjj.com	2740 Packerland Drive Suite A
Titletown MMA Academy	Green Bay	WI	titletownmma.com	2201 S Oneida St #6
Fluid Jiu Jitsu	Greenfield	WI	fluid-jiujitsu.com	4908 S 74th St
Lake Country Martial Arts	Hartland	WI	lakecountrymartialarts.com	365 Cottonwood Ave
Iron Works Training Center	Holmen	WI	ironworkstrainingcenter.com	301 Ryan St
Midwest Center For Movement	Hudson	WI	midwestaikido.com	109 2nd St
Olson's Martial Arts	Hudson	WI	olsonsmartialarts.com	2801 Harvey St
Atlas Martial Arts Club	Jackson	WI	atlasmac.com	N213W16802 Industrial Dr
Fearless Mixed Martial Arts Academy	Janesville	WI		1233 N Touson Dr
New Element BJJ & Kickboxing	Janesville	WI	m.facebook.com	2154 w N John Paul Rd
Rothwell Mixed Martial Arts	Kenosha	WI	rothwellmma.com	7600 75th St Suite 107
Veritas Brazilian Jiu Jitsu	Kewaskum	WI	veritasmma.com	7785 Sandy Ridge Rd
Ironworks Driftless Academy	La Crosse	WI	driftlessacademy.com	125 6th St S
Devine Jiu-Jitsu Lake Geneva	Lake Geneva	WI		901 Maxwell St
Conquer Martial Arts	Little Chute	WI	conquerma.com	740 Moasis Dr
Damage Inc. Fight Club	Lodi	WI	damageincfightclub.com	108 Lodi St
Alliance Jiu Jitsu of Madison	Madison	WI	alliancebjjmadison.com	711 Rethke Ave Suite 2
Fight Prime Training Center	Madison	WI	fightprimetc.com	1820 S. Park St
Foundations BJJ Academy	Madison	WI	foundationsbjj.com	2716 Atwood Ave
Gracie Barra Madison	Madison	WI	graciebarramadison.com	3224 University Ave
Journey Brazilian Jiu Jitsu Academy	Madison	WI	journeybjjacademy.com	3179 Muir Field Rd
MKG International Martial Arts Madison	Madison	WI	mkgmadison.com	4614 Femrite Dr
Sanctuary Jiu-Jitsu	Madison	WI	bjjmadison.com	46 N Bryan St
Team Curran Madison	Madison	WI	teamcurranmadison.com	1625 Thierer Rd
Manitowoc Jiu Jitsu Academy	Manitowoc	WI	manitowocjiujitsu.com	3420 Dewey St
Chosen Few Gym	McFarland	WI	chosenfewacademy.com	4270 McFarland Ct
Pura Vida Menomonee Falls	Menomonee Falls	WI		N96W18743 County Line Rd
Elevation Jiu-Jitsu	Milwaukee	WI	elevationjiujitsu.com	2800 W Forest Home Ave
Free Form Jiu Jitsu	Milwaukee	WI	freeformjiujitsu.com	587 E Erie St
Henry Matamoros Brazilian Jiu-Jitsu	Milwaukee	WI	justjitsu.com	117 W Walker St #27
Neutral Ground - Milwaukee Bayview	Milwaukee	WI	ngmke.com	1200 E Oklahoma Ave
Neutral Ground - Milwaukee East Side	Milwaukee	WI	ngmke.com	932 E Pleasant St
Pura Vida BJJ & MMA	Milwaukee	WI	puravidabjj.com	4125 N Richards St
Roufusport Mixed Martial Arts Academy	Milwaukee	WI	roufusport.com	321 N 76th St
Zero To 100 Fitness & MMA	Milwaukee	WI		706 N 26th St
Fluid Motion Jiu Jitsu	Monroe	WI	fluidmotionbjj.com	1313 16th St
Academy Martial Arts	New London	WI	academynl.com	211 W North Water St
Ascension Martial Arts	Oak Creek	WI	ascensionma.com	200 E Oak St
Nova Gyms Martial Arts & Fitness	Oak Creek	WI	novagyms.com	6508 S 27th St
Open Guard Brazilian Jiu Jitsu Gym	Oconomowoc	WI	openguardgym.com	132 S Concord Rd
Impact Martial Arts	Oshkosh	WI	impactmartialartswi.com	2325 WI-44
Nova Gyms Martial Arts & Fitness - Pewaukee	Pewaukee	WI	novagyms.com	N27 W27250 Woodland Dr
Ivy Jiu-Jitsu Academy	Platteville	WI		155 S Water St
Next Level Martial Arts	Portage	WI		315 Dewitt St
Groundwork Grappling	Rhinelander	WI	groundworkgrappling.com	15 W Davenport St
Origin Brazilian Jiu Jitsu	Rice Lake	WI	originmartialarts.net	12 W Marshall St
Seamless Progression Academy	Saukville	WI	seamlessprogressionacademy.com	620 E Green Bay Ave #107
Premier Mixed Martial Arts	Schofield	WI		900 Grand Ave
Highland Fight Systems	Sheboygan	WI	hfsmma.com	1206 N 8th St
Neutral Ground Sheboygan BJJ	Sheboygan	WI	sheboyganbjj.com	528A N 8th St
Neutral Ground - South Milwaukee	South Milwaukee	WI	ngmke.com	1234 Milwaukee Ave
CWB Fight Club	Stevens Point	WI	cwbfightclub.com	3260 Church St
Elite Team Wisconsin Jiu Jitsu	Stevens Point	WI	eliteteamwi.com	1209 2nd St
Badgerland Jiu-Jitsu	Sun Prairie	WI		51 Tower Dr
Defense Combatives DEFCOM HQ	Watertown	WI	defcomma.com	104 Stimpson St
Gracie Barra Waunakee	Waunakee	WI	graciebarramadison.com	1340 Montondon Ave Suite C
Rising Son MMA	Wausau	WI	risingsonmma.com	1725 W Pardee St
Sweeps Brazilian Jiu-Jitsu	Wautoma	WI		W7853 WI-21
360 Brazilian Jiu-Jitsu	Wauwatosa	WI	360-bjj.com	12040 W Feerick St Unit J
Crossover Brazilian Jiu Jitsu Academy	Wauwatosa	WI	crossoverbjj.com	11931 W Bluemound Rd
Gracie Jiu-Jitsu Milwaukee	Wauwatosa	WI	graciemilwaukee.com	11820 W Ripley Ave
Wanderley Jiu Jitsu	Wauwatosa	WI	wanderleyjiujitsu.com	10704 W Burleigh St Unit #3
Primal MKE MMA Gym & Fitness	West Allis	WI	primalmke.com	2028 S 55th St
Neutral Ground West Bend	West Bend	WI	westbendbjj.com	111 E Decorah Rd
Leadership Academy Martial Arts and Fitness	Woodruff	WI	leadershipacademyinc.com	320 Oak St
Grays Harbor Brazilian Jiu-Jitsu	Aberdeen	WA	facebook.com	320 W Market St
AKA MMA & Fitness	Arlington	WA	arlingtonkickboxingacademy.com	5919 195th St NE #2
Peak MMA & Fitness LLC Auburn	Auburn	WA	peakmmafitness.com	328 37th St NW Suite A
Precision Movement	Bainbridge Island	WA	precisionmovement.org	840 Madison Ave N Ste 203
Battle Ground Martial Arts Academy	Battle Ground	WA	bmarodefit.com	717 W Main St Unit 126
Elite Brazilian Jiu-Jitsu of Factoria	Bellevue	WA		13222 SE 30th St Ste A-4
Ring Sports United	Bellevue	WA	ringsportsunited.com	1910 132nd Ave NE Ste 11
Seiei Martial Arts and Fitness Center	Bellevue	WA		12611 Northup Way #300
Bellingham Mixed Martial Arts	Bellingham	WA	bellinghammma.com	2694 Roeder Ave #101
Rock Solid Martial Arts	Bellingham	WA	rocksolidmartialarts.com	1101 N State St Ste 107
Bonney Lake Brazilian Jiu Jitsu Academy (Team Butler)	Bonney Lake	WA	facebook.com	20616 WA-410
Bothell Martial Arts Academy	Bothell	WA	bmaabothell.com	17903 Bothell-Everett Hwy Ste 102
Evergreen Karate	Bothell	WA	evergreenkarate.com	10121 Main St
Northshore MMA & Fitness	Bothell	WA		10420 East Riverside Dr Ste 101
Bremerton Academy of Martial Arts	Bremerton	WA	bremertonmartialarts.org	633 N Callow Ave
Hybrid Gym & Training Center	Bremerton	WA	hybridgyms.com	5960 SR 303
Shaolin Mixed Martial Arts	Bremerton	WA	shaolinmixedmartialarts.com	1550 Riddell Rd NE Ste 110
Urban Alliance Training Center	Brush Prairie	WA		12313 NE 152nd St
Forge Combat Academy	Camas	WA		4325 NW Lake Rd
Universal Jiu Jitsu	Camas	WA	universaljj.com	217 NE 4th Ave
EchoValor Striking & MMA	Centralia	WA	echovalor.com	2417 Harrison Ave
Connection Rio Jiu-Jitsu Academy	College Place	WA		508 S College Ave
SMASH BJJ Deer Park	Deer Park	WA	smashbjjspokane.com	847 S Main St
Gentle Human BJJ	Des Moines	WA	gentlehumanbjj.com	22235 7th Ave S
Gracie Barra Edmonds	Edmonds	WA	graciebarra.com	208 5th Ave S
Kindred Jiu Jitsu	Edmonds	WA	kindredjj.com	9659 Firdale Ave
Ellensburg Jiu Jitsu	Ellensburg	WA	ellensburgjiujitsu.com	314 N Pine St
Combat Sport & Fitness	Enumclaw	WA	combatsportfitness.com	750 WA-410 S
Enumclaw Jiu-Jitsu	Enumclaw	WA		930 Battersby Ave
Imperial Jitz - Brazilian Jiu-Jitsu + Fitness	Ephrata	WA	imperialjitz.com	112 Division Ave E
Cascade Jiu-Jitsu	Everett	WA	everettbjj.com	2221 Everett Ave
Catalyst Mixed Martial Arts	Everett	WA	catalystmixedmartialarts.com	7207 Evergreen Way Ste P
Charlie's Combat Club	Everett	WA	charliescombatclub.com	1202 Hewitt Ave
Crazy Monkey USA	Everett	WA	crazymonkeyusahq.com	12432 Hwy 99 Ste 67
Redline MMA Academy	Everett	WA	redlinemmaacademy.com	2421 Hewitt Ave
Gracie Barra Federal Way	Federal Way	WA	gbfederalway.com	2016 S 320th St
GB Tacoma	Fircrest	WA	graciebarra.com	1109 Regents Boulevard
Gig Harbor Mixed Martial Arts / Checkmat	Gig Harbor	WA	gigharbormma.com	5775 Soundview Dr #101a
Matwork MMA	Gig Harbor	WA		1617 Stone Dr NW
GB Issaquah	Issaquah	WA	gbissaquah.com	98 Front Street South
NAK2 Academy	Issaquah	WA	nak2.com	1740 19th Ave NW #4
Juggernaut Mixed Martial Arts	Kelso	WA	juggernautmma.com	351 Three Rivers Dr #1169
Siri Brazilian Jiu-Jitsu Academy	Kennewick	WA	siribjj.com	8508 W Gage Blvd C103
Foster Brazilian Jiu-Jitsu	Kent	WA	fbjjonline.com	8256 S 192nd St
Ring Demon	Kent	WA		1513B Central Ave S
Miller's Martial Arts Academy	Kirkland	WA	mmaa.com	8920 122nd Ave NE
Alliance BJJ Lacey	Lacey	WA	alliancebjjwa.com	6110 Pacific Ave SE
Cap City BJJ	Lacey	WA		3707 College St SE
Electric North Jiu Jitsu	Lake Stevens	WA	theelectricnorth.com	3910 127th Dr NE
North Sound Brazilian Jiu-Jitsu	Lake Stevens	WA	northsoundbjj.com	9015 Vernon Rd
Ground Game BJJ & Universal Martial Arts	Lakewood	WA		12828 Pacific Hwy SW #203
Ludusport Academy & Gym	Lakewood	WA	ludusport.com	9810 40th Ave SW
The Base Longview	Longview	WA	the-base-longview.gymdesk.com	1104 Hemlock St
Sleeper Jiu Jitsu	Lynnwood	WA	sleeperjj.com	18623 Pacific Hwy 99 Ste 270
Team Wise Training Center	Lynnwood	WA	teamwisemma.com	2006 196th St SW Ste 111-112
Phantom Brazilian Jiu Jitsu	Maple Valley	WA	phantombjj.com	26207 Maple Valley Black Diamond Rd Ste A
Gracie Barra Bothell	Mill Creek	WA		13402 Bothell-Everett Hwy Ste 105
Laercio Fernandes BJJ	Monroe	WA	jitzlifeandfitness.com	111 W Main St
Stray Dogs Club	Monroe	WA	straydogsclub.com	365 Butler St
Kalahi Martial Arts Academy	Mount Vernon	WA		307 S 1st St
Mutual Combat Sports and Fitness	Mountlake Terrace	WA		21210 44th Ave W
Gracie Jiu-Jitsu Mukilteo	Mukilteo	WA		3616 South Rd B5
GB Snoqualmie Valley	North Bend	WA	graciebarra.com	320 SW Mt Si Blvd #109
Wakizashi BJJ	Oak Harbor	WA		2057 Hickory Ln
BJJ Olympia (NW HIT Center)	Olympia	WA	bjjolympia.com	400 Cooper Point Rd SW #175
Hammerhead Mixed Martial Arts Gym of Team Carlson Gracie	Olympia	WA		3534 6th St SE
Jiu-Jitsu Dynamics	Olympia	WA	jiujitsudynamics.com	1319 Fones Rd SE
United Training Center	Olympia	WA	utcmma.com	7619 Martin Way E
CageworX Brazilian Jiu-Jitsu/Muay Thai/Fitness	Port Angeles	WA	cageworx.com	508 W 8th St
Compass Jiu Jitsu	Port Orchard	WA	compassjiujitsu.com	3210 SE Mile Hill Dr
Street Sports Poulsbo	Poulsbo	WA	streetsportspoulsbo.com	19045 WA-305 Ste 160
Gracie Barra Puyallup	Puyallup	WA	graciebarra.com	12623 Meridian Ave E Ste A-4
Pinnacle Martial Arts	Puyallup	WA	pmapuyallup.com	9717 160th St E
Harai Judo & Brazilian Jiu Jitsu Dojo	Rainier	WA		307 Centre Street South
Elite Brazilian Jiu-Jitsu of Redmond	Redmond	WA		17725 NE 65th St A175
Monkey Bar Gym Eastside	Redmond	WA		2507 152nd Ave NE
GB Renton	Renton	WA	graciebarra.com	601 South Grady Way
Heva BJJ	Renton	WA	hevabjj.com	339 Burnett Ave S Ste A
Ruffhouse	Renton	WA	ruffhouserenton.com	405 S 3rd St
Legacy Jiu-Jitsu Academy	Richland	WA	legacyjiujitsu.com	1324 Jadwin Ave
Alpha Martial Arts	Seattle	WA	alphamartialarts.com	2923 NE Blakeley St
Ballard Jiu Jitsu	Seattle	WA	ballardjj.com	4501 Shilshole Ave NW
Burien Brazilian Jiu Jitsu	Seattle	WA	burienbjj.com	431 SW 152nd St
Framework BJJ Seattle	Seattle	WA	frameworkseattle.com	900 Elliott Ave W
Gracie Barra Seattle	Seattle	WA	graciebarra.com	270 S Hanford St #201
Ivan Salaverry MMA	Seattle	WA	ivansalaverrymma.com	230 8th Ave N
Marcelo Alonso Brazilian Jiu-Jitsu Carlson Gracie Team	Seattle	WA	mabjj.com	4211 Winslow Pl N
Mat Chess Mixed Martial Arts	Seattle	WA	matchessmma.com	5508 35th Ave NE
Midnight Jiu-Jitsu Club	Seattle	WA	midnightjiujitsu.club	755 Bellevue Ave E
MKG Martial Arts, Kickboxing & Fitness	Seattle	WA	mkgseattle.com	10714 5th Ave NE Ste A
Northwest Jiu Jitsu Academy	Seattle	WA	nwjja.net	942 N 95th St
Praxis Brazilian Jiu Jitsu	Seattle	WA	praxisbjj.com	222 Minor Ave N
Renzo Gracie Seattle	Seattle	WA	renzogracieseattle.com	1404 NW 49th St
Seattle Integrated Martial Arts	Seattle	WA	simamartialarts.com	4159 Fauntleroy Way SW
Seattle Jiu-Jitsu Academy	Seattle	WA	seattlejiujitsuacademy.com	5900 Airport Way S Ste 121
Shoreline MMA	Seattle	WA		14023 Midvale Ave N
Livewire MMA	Sedro-Woolley	WA	facebook.com	800 Metcalf St
Street Sports Silverdale	Silverdale	WA	streetsportssilverdale.com	2222 NW Bucklin Hill Rd Ste 105
Virtuous Grappling	Silverdale	WA		7965 Rubicon Trail Pl NW
Bulwark Jiu Jitsu	Snohomish	WA		1101 1st St
Team Mean MMA Snohomish	Snohomish	WA		1824 Bickford Ave Unit B
Logic Jiu Jitsu	Spanaway	WA	logicjiujitsu.club	20020 20th Ave Ct E
Newborn Cascao Jiu-Jitsu	Spokane	WA	newbornjiujitsuspokane.com	2731 W Sharp Ave
Sik-Jitsu Mixed Martial Arts	Spokane	WA	excitefight.com	6411 N Perry St
Warrior Camp	Spokane	WA	warriorcampfitness.com	5027 E Trent Ave
Spokane Valley Brazilian Jiu-Jitsu	Spokane Valley	WA	spokanevalleybjj.com	12926 E Indiana Ave
Grpl Club	Sumner	WA	grpl-club-jiu-jitsu-brasileiro.business.site	6023 Parker Rd
Brazilian Jiu-Jitsu Academy of Tacoma (Marcello C. Monteiro)	Tacoma	WA	253bjj.com	3635 S Lawrence St Ste G
Defiance Jiu Jitsu	Tacoma	WA	defiancebjj.com	5401 6th Ave Ste 505
T-Town MMA	Tacoma	WA	ttownmma.com	3001 S 12th St C
True North Martial Arts	Tacoma	WA		5212 S Washington St Unit D
Vital Jiu Jitsu and Srisuk Muay Thai	Tacoma	WA	vitaljiujitsu.com	2519 Pacific Hwy E Unit G
Emerge Jiu Jitsu	Vancouver	WA	emergebjj.com	12209 NE Fourth Plain Blvd
Inertia Brazilian Jiu Jitsu	Vancouver	WA	inertiabjj.com	212 NE 164th Ave Ste 4
Progressive Jiu Jitsu MMA and Fitness	Vancouver	WA	projj.com	5909 NE 109th Ave Ste A
The Base Vancouver	Vancouver	WA	vancouverjiujitsu.com	4707 NE Minnehaha St #101
Vancouver Elite Martial Arts	Vancouver	WA	vancouverelitemma.com	14010 NE 3rd Ct
Lone Wolf Jiu Jitsu Academy	Washougal	WA		2946 E St
Axiom Brazilian Jiu Jitsu	Wenatchee	WA	axiomjiujitsu.com	212 Fifth St Ste 9
AMC Kickboxing & Pankration	Woodinville	WA	amcmma.com	15327 140th Pl NE
Krav Maga Salem	Salem	OR	kravsalem.com	2050 Vista Ave SE
Sunshine Athletics	Canby	OR	canbyjiujitsu.com	207 SW 1st Ave
Danzig MMA	Bend	OR	danzigmixedmartialarts.com	20340 Empire Ave
Sherwood MUSA	Sherwood	OR	musasherwood.com	16410 SW Langer Dr
Morizi Jiu-Jitsu	Hermiston	OR	morizijiujitsu.com	80872 US-395
Straight Blast Gym Portland	Portland	OR	sbgi-pdx.com	1812 NE 43rd
Dynamic MMA	Roseburg	OR	dynamicjudo.com	2666 NE Stephens Street
Full Force Mma	Aloha	OR		20795 SW Tualatin Valley Hwy
Resolution Jiu Jitsu	Tualatin	OR	resolutionjiujitsu.com	18435 SW Pacific Hwy
Lebanon Gracie Jiu-Jitsu & Hollywood Dance Studios	Lebanon	OR	hollywoodclasses.com	853 S Main St
Mt. Hood Impact Jiu Jitsu	Sandy	OR	impactmthood.com	17151 University Ave
Checkered Past MMA Gym	Springfield	OR	checkeredpastmma.com	2600 Main St Unit D
CrossFit Tigard - PAW	Tigard	OR	crossfittigardpaw.com	12120 SW Garden Pl
Checkmat Portland	Gresham	OR	checkmatportland.com	400 NW Eastman Pkwy
Roseburg Martial Arts Academy	Roseburg	OR	roseburgmartialarts.com	1523 NE Vine St
Northwest Martial Arts Coos Bay	North Bend	OR	nwmacoosbay.com	1955 Union Ave
Rogue Jiu Jitsu	Medford	OR		1220 Corona Ave STE 101
Impact Jiu Jitsu Salem (Lancaster)	Salem	OR	courthousefit.com	4132 Devonshire Ct NE
Impact Jiu Jitsu Salem	Salem	OR	salemimpactjj.com	2975 River Rd S
River City Warriors	Tigard	OR	rivercitywarrior.com	14935 SW 72nd Ave
Unicorn Jiu Jitsu	Portland	OR	unicornjiujitsu.com	9220 SE Stark Street
Next Level Martial Arts & Fitness	Tigard	OR	nextlevelmartialartsgym.com	14865 SW 74th Ave #110
Fabiano Scherner Brazilian Jiu Jitsu	Gresham	OR	greshamjiujitsu.com	39 NW 3rd St
Mata Leao Combat Sports	Portland	OR	mataleaocs.com	1115 SE Stephens St
Oregon Triad Jiu-Jitsu	Albany	OR	facebook.com	1245 SW Washington St
Five Rings Jiu Jitsu	Portland	OR	5rjj.com	8775 SW Canyon Lane
Impact Jiu Jitsu Hood River	Hood River	OR	impacthoodriver.com	1531 Osprey Drive
Gracie Barra Sw Portland	Tigard	OR	graciebarra.com	9975 SW Frewing St Suite 120
Wayne Owen Fighting Arts	Grants Pass	OR	facebook.com	113 SE K St
Grey Wolf Brazilian Jiu-Jitsu - Martial Arts	Eugene	OR	greywolfbjj.com	1199 Fairfield Ave
EchoValor Striking & MMA	Beaverton	OR	echovalor.com	4370 SW Lloyd Ave
Straight Blast Gym of Bend	Bend	OR	sbgbend.com	550 NW Franklin Ave ste 338
Fudoshin Brazilian Jiu Jitsu	Medford	OR	fudoshinbjj.com	535 Stewart st
Animals MMA Oregon	Hubbard	OR		17761 Dunn Rd NE
Recreate Fitness	Portland	OR	recreatefitness.com	2573 NW Thurman St
Anibal Lobo Jiu Jitsu	Gresham	OR	lobojiujitsu.com	839 E Powell Blvd
Connection Rio Jiu-Jitsu Academy	Bend	OR	connectionriobjj.com	1620 A NE 3rd St.
Clarks University of Martial Arts	Bend	OR	clark-s-university-of-martial-arts.mykajabi.com	62971 Plateau Dr #300
Combat Sports Center	Salem	OR	combatsportscenters.com	156 Lancaster Dr SE
Invictus Defense Academy	Beaverton	OR	invictusdefenseacademy.com	10195 SW Beaverton Hillsdale Hwy
US World Class Taekwondo	Gresham	OR	greshamtkd.com	2332 E Powell Blvd
Performance Martial Arts Academy	Springfield	OR	pgbjj.com	869 Shelley St
Impact Jiu Jitsu McMinnville	McMinnville	OR	impactjjmac.com	1290 NE HWY 99W
Alive MMA	Portland	OR	alivemma.com	5607 SE Woodstock Blvd
Impact Jiu Jitsu Clackamas	Clackamas	OR	impactjj.com	16116 SE 82nd Dr
Brazilian Top Team Oregon City	Oregon City	OR	bttoregoncity.com	1678 S Beavercreek Rd k
Art Of War MMA	Eugene	OR	artofwar-mma.com	251 B West Seventh Ave
Copperhead Jiu Jitsu	Pendleton	OR	copperheadjiujitsu.com	253 S Main St
Spartan Team Brazilian Jiu-Jitsu	Medford	OR	spartanboxinggym.com	729 Welch St
Impact Next Generation	Gresham	OR	impactnextgeneration.com	1080 NE 8th St
Krav Maga Self Defense & Fitness	Milwaukie	OR	kravmagaportland.com	5484 SE International Way
Cauliflower Ear Family	Medford	OR	cauliflowerearfamily.com	503 N Fir St
The Coos Bay Dojo	Coos Bay	OR	coquilletkd.com	158 Market St
Stayton Self Defense	Stayton	OR		1171 N First Ave
Walkers Martial Arts Academy	Newberg	OR		1126 N Springbrook Rd
Gracie Technics Jiu-Jitsu	Troutdale	OR	selfdefenseoregon.com	3220 S Troutdale Rd Unit 1
Porrada Jiu Jitsu Academy	Gresham	OR	porradajiujitsu.com	1466 NE Burnside Rd
Grit MMA	Oak Grove	OR	gritmmallc.com	16101 SE McLoughlin Blvd
Portland Small Circle Jujitsu	Portland	OR	portlandjujitsu.com	4030 NE Broadway
Atos Jiu Jitsu Northwest	Eugene	OR	atosjiujitsunw.com	2101 Bailey Hill Rd
High Desert Martial Arts	Bend	OR	highdesertmartialartsbend.com	63056 Lower Meadow Dr Ste 120
TigerStyle Combat Sports	Portland	OR	tigersden.club	5308 SE Foster Rd
Ernie Reyes World Martial Arts	Hillsboro	OR	erniereyes.com	3075 SE Century Blvd Ste 103
Rockaway Brazilian Jiu Jitsu	Rockaway Beach	OR	rockawaybjj.net	2310 Oregon Coast Highway N Hwy 101
White Panther Tae Kwon Do Boxing and Filipino Martial Arts	Astoria	OR	whitepantherastoria.com	1465 Grand Ave
Aim High Academy Of Martial Arts	Beaverton	OR	aimhighma.org	16205 NW Bethany Ct #100
Impact Jiu Jitsu Newberg	Newberg	OR	impactnewberg.com	2751 E 9th St, Suite B
Lotus Academy Brazilian Jiu Jitsu	Medford	OR	lotusacademymedford.com	259 E Barnett Rd
Gracie Jiu Jitsu Eugene	Eugene	OR	graciejiujitsueugene.com	125 Silver Ln
Renzo Gracie Jiu Jitsu Portland	Portland	OR	renzogracieportland.com	833 N Shaver St
Brazilian Top Team Happy Valley	Clackamas	OR	btthappyvalley.com	9844 SE Empire Ct
Impact Jiu Jitsu Keizer	Keizer	OR	salemimpactjj.com	117 McNary Estates Dr N
Men's JIUJITSU School	Astoria	OR	mensjiujitsu.com	1465 Grand Ave
Adamson Bros Jiu Jitsu Academy	Seaside	OR	orbjj.com	1601 S Roosevelt Dr
10th Planet Jiu Jitsu Grants Pass	Grants Pass	OR	10thplanetgrantspass.com	2185 NE Spalding Ave
Mendez Boxing Gym	Springfield	OR	facebook.com	2140 Main St
RISE Mixed Martial Arts - Eugene	Eugene	OR	risemixedmartialartseugene.com	125 Silver Ln
School of Budo	Portland	OR	ecoledebudo.com	7506 N Chicago Ave
Southwest Portland Martial Arts and CrossFit Hillsdale	Portland	OR	southwestportlandmartialarts.com	6309 SW Capitol Hwy
Impact Jiu Jitsu HQ Beaverton	Beaverton	OR	impactjj.com	10720 SW Beaverton Hillsdale Highway
Superhero Jiu Jitsu Academy	Springfield	OR	superherojj.com	1820 N 42nd St #8
10th Planet Corvallis	Corvallis	OR	facebook.com	195 SE Crystal Lake Dr
Go Hard MMA & Fitness	Portland	OR	facebook.com	10534 NE SANDY Blvd
The Fight System	Philomath	OR	thefightsystem.com	1130 Main St Unit D
Integrity Martial Arts and Fitness, LLC	Albany	OR	integritymaf.com	1193 Santiam Rd SE
Pacific Rim Martial Arts Academy	Tigard	OR	prmaa.com	8970 SW Burnham St
Medford Oregon Kung Fu & JuJitsu	Medford	OR	medfordoregonkungfu.com	1128 Court St
Tsunami Training Center	Newport	OR	tsunamitc.com	5280 NE Shell World Pl
Team Quest MMA & Fitness	Portland	OR	tqmma.com	18206 SE Stark St
Gracie Jiu-Jitsu Portland	Portland	OR	graciepdx.com	124 SW Yamhill St
Bigfoot Gym	Eugene	OR	bigfootmuaythai.com	1123 Bailey Hill Rd # 32
Northwest Martial Arts	Eugene	OR	nwmaacademy.com	755 Charnelton St
Ashland Mixed Martial Art	Ashland	OR	ashlandheroacademy.com	1287 Oak St
Industrial Strength Gym BJJ (Impact JJ)	Portland	OR	industrialstrengthgym.com	8709 N Lombard St
Northwest Fighting Arts	Portland	OR	nwfighting.com	1200 SE Morrison St
Joint Lock BJJ - Brazilian Jiu Jitsu	Redmond	OR	facebook.com	1998 SW Canal Blvd
Ralph Gracie Brazilian Jiu-Jitsu (BJJ) - Bend	Bend	OR	ralphgraciebend.com	1310 SE Reed Market Rd #120
CTA Hillsboro Jiu Jitsu and Boxing	Hillsboro	OR	oregonbjj.com	2020 NW Aloclek Dr #105
Academy of Modern Martial Arts	Lake Oswego	OR	martialarts-fitness.com	17253 Pilkington Rd
Zanshin Martial Arts	Salem	OR	zanshinarts.com	1127 Broadway St NE
Eugene Jiu Jitsu Club	Eugene	OR	eugenejiujitsuclub.com	577 River Rd
Kilian's Martial Arts Center	Beaverton	OR	kmacoregon.com	9640 SW Sunshine Ct #500
Enso Jiu Jitsu	Oregon City	OR	ensojj.com	517 Main St
Salvos Training	The Dalles	OR	salvostraining.com	3721 Klindt Dr
Counter Point Martial Arts	Hubbard	OR	facebook.com	17761 Dunn Rd NE
Dynamic Martial Arts	Gresham	OR	dmapdx.com	421 NE Burnside Rd
Impact Jiu Jitsu Hillsboro	Hillsboro	OR	impacthillsboro.com	1001 SE Tualatin Valley Highway Suite A-29
Impact Jiu Jitsu at Crossfit Wilsonville	Wilsonville	OR	crossfitwilsonville.com	25589 SW Canyon Creek Suite 100
CTA Forest Grove Jiu Jitsu	Forest Grove	OR	forestgrovebjj.com	2835 19th Ave Suite 600
Grappletown Wrestling & Jiujitsu	Phoenix	OR	grappletown.com	140 N. Main St
Impact Jiu Jitsu Sherwood	Sherwood	OR	impactjjsherwood.com	20746 SW Olds Pl Ste 201
Defense Training Institute	Philomath	OR		1229 Main St
Jujitsu-Do Martial Art Center	Eugene	OR	jujitsu-do.com	2490 Hilyard St
Salem-Keizer Brazilian Jiu-Jitsu Academy	Salem	OR	skbjj.com	2345 McGilchrist St SE Suite 2
Mountain Warrior Academy Of Martial Arts (Impact JJ)	Klamath Falls	OR	mwama.com	1323 Elm Ave b
GIRLS Gym	Portland	OR	girlsgympdx.com	7427 SE 52nd Ave
Valhalla Combat	Seaside	OR	valhallacombat.com	1380 11th Ave
Fight Factory	Brooklyn	NY	fightfactoryny.com	2915 Ocean Parkway Service Rd
Spirit Martial Arts	Queens	NY	spiritmma.com	103-11 101st Ave
Tiger Schulmann's Martial Arts Chelsea (New York City) NY	New York	NY	tsk.com	688 Avenue of the Americas 2nd and 3rd Floor
East West MMA	Seldon	NY	circleofoneny.com	600 Middle County Road
Krystek School of Judo, BJJ, Self Defense and Fitness	Queens	NY	krystekjudo.com	96-25 Linden Blvd
Red Dawn Combat Club- Fresh Meadows	Fresh Meadows	NY	reddawnbjj.com	186-12 Union Turnpike
Gracie Jiu-Jitsu New York	Bronx	NY	gracieny.com	3223 E Tremont Ave
Utica Combat Athletics	Utica	NY	uticacombat.com	800 Broad St
Shōgun Jiu Jitsu Academy	Webster	NY	shogunma.com	60 Barrett Dr
Gracie Jiu-Jitsu Victor	Victor	NY	gracievictor.com	8050 Victor Mendon Rd Suite 500
Kings Combat Fitness	Rego Park	NY	kingscombatfitness.com	98-120 Queens Blvd
Tiger Schulmann's Martial Arts Fresh Meadows (Queens) NY	Queens	NY	tsk.com	162-16 Union Tpke
Kfm Martial Arts & Fitness Academy	Lynbrook	NY	kfmnewyork.com	453 Sunrise Highway
Renzo Gracie Staten Island	Staten Island	NY	sinybjj.com	4349 Hylan Boulevard
Evolution Muay Thai	New York	NY	evolutionmuaythai.com	213 W 35th St Ground Floor
Tiger Schulmann's Martial Arts Rockville Centre NY	Rockville Centre	NY	tsk.com	274 Sunrise Hwy
Tiger Schulmann's Martial Arts Upper East Side (New York City) NY	New York	NY	tsk.com	1470 1st Avenue
Williamsburg MMA	Brooklyn	NY	williamsburgmma.com	42A Dobbin St
Jkd NYC	New York	NY	jkdnyc.com	W 46th ST 6th ave 2nd Floor
Gotham Jiu Jitsu	New York	NY	gothamjiujitsu.com	210 5th Ave
Workshop NYC	New York	NY	workshop-nyc.com	92 Delancey St
Tiger Schulmann's Martial Arts Huntington NY	Huntington	NY	tsk.com	1842 E Jericho Turnpike
Westchester Fight Club	New Rochelle	NY	westchesterfightclub.com	11 S Division St
Park Slope Academy of Brazilian Jiu-Jitsu	Brooklyn	NY	psabjj.com	518 5th Ave
Mayo Kickboxing & MMA Academy	Queens	NY	mayomma.com	84-33 Jamaica Ave 2nd floor
Long Beach Jiu Jitsu	Long Beach	NY	lbnyjj.com	162 W Park Ave Ste 200
Sas Jiu Jitsu Syracuse	Syracuse	NY	sasteamsyracuse.com	3507B JAMES ST, (EASTWOOD PLAZA)
Curtis Tillman's Mixed Martial Arts Academy	Cicero	NY	tillman-mma.com	5885 E Circle Dr
Rockland Brazilian Jiu-Jitsu	Nanuet	NY	rocklandbjj.com	134 Middletown Rd.
MCF Warpath Boxing and MMA Academy	Bronx	NY	mcfmma.com	801 Bartholdi St
Tiger Schulmann's Martial Arts Bayside (Queens) NY	Queens	NY	tsk.com	215-15 Northern Blvd
At Jiu-Jitsu NYC	Queens	NY	atjiujitsunyc.com	80-22 Northern Blvd
Lake Effect Martial Arts	Depew	NY	lakeeffectbjj.com	2106 George Urban Blvd
Modern Martial Arts Astoria	Queens	NY		3508 Ditmars Blvd
Renzo Gracie Whitestone	Whitestone	NY	renzogracie-whitestone.com	150-33 14th Ave
10th Planet Rochester	Rochester	NY	10thplanetjiujitsurochester.com	Rear Entrance Door H
Tiger Schulmann's Martial Arts Nanuet NY	Nanuet	NY	tsk.com	419 Market St
LockDown BJJ	Lake Ronkonkoma	NY	lockdownbjj.com	733 Hawkins Ave
Brooklyn Motumbaxé Capoeira Jiu Jitsu--Mestre Lampréia	Brooklyn	NY	lampreiamotumbaxe.com	76 Nevins St
Oneonta Jiu Jitsu Academy	Oneonta	NY	oneontajiujitsuacademy.com	5366 Main Street
Brazilian Jiu Jitsu of Washington Heights	New York	NY	bjjofwashingtonheights.com	4450 Broadway 2nd floor
American Top Team Watertown	Watertown	NY	americantopteamwatertown.com	1291 Faichney Dr
Team Real USA	Staten Island	NY	teamrealusa.com	2298 Arthur Kill Rd
Buffalo United Martial Arts	Buffalo	NY	buffalounitedmartialarts.com	359 Ganson Street
Alpha Omega MMA	Rockville Centre	NY	alphaomegamma.com	279 Sunrise Highway
Upper West Side Brazilian Jiu-Jitsu	New York	NY	uwskenshikai.com	928 Columbus Ave
Kaizen Brazilian Jiu-Jitsu	Bronx	NY	kaizen-jiujitsu.com	1005B Morris Park Ave
Tiger Schulmann's Martial Arts Garden City NY	Garden City	NY	tsk.com	650 Stewart Ave
Gracie Barra Long Island	New Hyde Park	NY	gblongisland.com	24 Jericho Tpke
Glory Mixed Martial Arts	Woodside	NY	glorymma.com	45-35 47th St
Progressive Martial Arts	Fresh Meadows	NY	progressivemartialarts.com	175-25 Horace Expressway
Touro Fajardo Brazilian Jiu Jitsu	Queens	NY	tourofajardobrazilianjiujitsu.com	8927 37th Ave
Behring Jiu Jitsu NY	Evans Mills	NY	behringjiujitsuny.com	22519 NYS Route 342
Bwarrior MMA	New York	NY	bwarrior.com	226 E 54th St 3rd floor
Jungle Gym Martial Arts - Bronx	Bronx	NY	junglegymbronx.com	1526 Unionport Rd
JAO Martial Arts Academy/Caio Terra Brazilian Jiu Jitsu NY	Brooklyn	NY	jao-maa.com	2651 Coney Island Ave
Gracie Jiu-Jitsu Poughkeepsie	Poughkeepsie	NY	nationalmartialartsandfitness.com	473 violet ave.
Radical MMA	New York	NY	radicalmmanyc.com	235 W 29th St
Sheepshead Bay Roll	Brooklyn	NY	sheepsheadbayroll.com	2565 E 17th St
Team Diamond Heart	Brooklyn	NY	teamdiamondheart.com	1 White St
Next Level Athletic Performance	Marcy	NY	nxtleveltraining.com	9225 River Rd.
Gracie Barra North Babylon	North Babylon	NY	gbnorthbabylon.com	1486 Deer Pk Ave
Tiger Schulmann's Martial Arts New Dorp (Staten Island) NY	Staten Island	NY	tsk.com	363 New Dorp Ln
Zero Gravity Jiu-Jitsu Academy	Brooklyn	NY	zerogbjj.com	319 Columbia Street
Yojimbo BJJ	New York	NY	yojimbonyc.com	125 W 31st St
Tiger Schulmann's Martial Arts Bellerose (Queens) NY	Queens	NY	tsk.com	251-73 Jericho Turnpike
Unlimited Martial Arts	Brooklyn	NY	unlimitedmartialartsacademy.com	505 Union Ave
Tiger Schulmann's Martial Arts Rego Park (Queens) NY	Queens	NY	tsk.com	97-27 Queens Blvd
East Coast United Queens Academy of Brazilian Jiu Jitsu	Whitestone	NY	ecuqueensbjj.com	12-40A Clintonville St
UFC GYM Park Slope	Brooklyn	NY	ufcgym.com	340 4th Ave floor 2
American Academy Of Self Defense	Deer Park	NY	aaofsd.com	297 Bay Shore Rd
Bedroc MMA & Fitness	Rochester	NY	bedrocmma.com	1942 Ridge Road W.
Westchester Mixed Martial Arts & Fitness	Mount Kisco	NY	westchestermmafit.com	333 North Bedford Rd; Suite 228
NY Combat Club	New York	NY	nycombatclub.com	107 Chambers St
Vamos MMA	Holbrook	NY	vamosmma.com	1708 Church St
UFC GYM Long Island	New Hyde Park	NY	ufcgym.com	2020 Jericho Turnpike
Valor Mixed Martial Arts	New York	NY	valormmanyc.com	2067 Broadway
Chop & Chops MMA	Brooklyn	NY	chopandchopsmma.com	862 DeKalb Ave
IJC Martial Arts	Queens	NY	ijcnyc.com	28-20 120th St 2nd Floor
Tiger Schulmann's Martial Arts Syosset NY	Syosset	NY	tsk.com	354 Jericho Turnpike
Big Apple BJJ Open	New York	NY	bigapplebjjopen.com	122 Amsterdam Ave
Modern Martial Arts Tribeca	New York	NY	mmanewyorkcity.com	78 Reade St
Tiger Schulmann's Martial Arts Yonkers NY	Yonkers	NY	tsk.com	2361B Central Park Ave
Peak Jiu-Jitsu	Patchogue	NY	peakjj.com	176 W Main Street
Church Street Boxing Gym	New York	NY	csboxinggym.com	25 Park Pl
Tiger Schulmann's Martial Arts Jackson Heights (Queens) NY	Queens	NY	tsk.com	8710 Northern Blvd Suite 210
Lotus Jiu Jitsu Flushing	Queens	NY	flushingjiujitsu.com	150-15 Northern Blvd
Victory BJJ	Albany	NY	victoryjj.com	1095C Central Avenue
Tiger Schulmann's Martial Arts New Windsor NY	New Windsor	NY	tsk.com	317 Windsor Hwy
Peloton Martial Arts Center	Spencerport	NY	peloton-bjj.com	2139 North Union St.; Ste.7
Atlas Jiu Jitsu Glens Falls	South Glens Falls	NY	atlasjiujitsu.com	10 Main St
Team Jucao Brazilian Jiu Jitsu	New York	NY	teamjucao.com	7 2067 Broadway
Modern Martial Arts NYC Upper Eastside	New York	NY	mmanewyorkcity.com	220 E 86th St
Darfight Martial Arts	Brooklyn	NY	darfight.com	130 Brighton Beach Ave 2nd Floor
Dark Arts Muay Thai and Brazilian Jiu Jitsu	Webster	NY	darkartsroc.com	1217 Bay Rd
Buzz Martial Arts	New York	NY	buzzma.com	173 E 91st St
Bronx Martial Arts Academy	Bronx	NY	bronxmartialarts.com	1051 Allerton Ave
Butch's Boxing & MMA	Queens	NY	ny-mma.com	203-18 35th Ave
WNY MMA & Fitness	Buffalo	NY	wnymma.com	255 Great Arrow Ave #114
Five Points Academy	New York	NY	academyfivepoints.com	148 Lafayette St Ground Fl
TD Athletics	Brooklyn	NY	tdathletics.net	713 Snediker Ave
Tiger Schulmann's Martial Arts Merrick NY	Merrick	NY	tsk.com	2128 Merrick Ave
Tiger Schulmann's Martial Arts Smithtown NY	Smithtown	NY	tsk.com	10 Miller Pl
Tiger Schulmann's Martial Arts Glendale (Queens) NY	Queens	NY	tsk.com	The Shops at Atlas Park, 8000 Cooper Ave
D'Arce Brazilian Jiu-Jitsu	Patchogue	NY	darcejiujitsu.com	208-12 East Main St
Bronx Jiu-Jitsu	Bronx	NY	bronxjiujitsu.com	1621 Crosby Ave
Longo and Weidman MMA	Garden City	NY	lawmma.com	1 Commercial Ave
Hidden Fist Mixed Martial Arts Academy	Queens	NY	hiddenfistacademy.com	41-25 Bell Blvd
Tiger Schulmann's Martial Arts Greenpoint (Brooklyn) NY	Brooklyn	NY	tsk.com	211 McGuinness Blvd
Tiger Schulmann's Martial Arts Astoria (Queens) NY	Astoria	NY	tsk.com	34 East 23rd Street 2nd and 3rd Floor
Renzo Gracie Jiu-Jitsu Upper West Side	New York	NY	renzogracieuws.com	Subcellar 246 Columbus Ave
David Kaplan Martial Arts	New York	NY	davidkaplanmartialarts.com	79 MacDougal St
Gracie Jiu-Jitsu Point Lookout	Point Lookout	NY	graciejiujitsuli.com	5 lido blvd.
Yin Yang Jiu Jitsu	Queens	NY		42-05 Parsons Blvd
LifeStyle Brazilian Jiu Jitsu Academy	Astoria	NY	lifestyle-mma.com	30-89 38th St
JG Monster Jiujitsu Fitness	Brooklyn	NY	jgmonsterjiujitsufitness.com	117 14th St Ste B
Black Hole Jiu Jitsu	Wappingers Falls	NY	blackholejj.com	1285 US-9
Tiger Schulmann's Martial Arts Middle Village (Queens) NY	Queens	NY	tsk.com	61-22 Fresh Pond Rd
Brooklyn Mixed Martial Arts & Fitness	Brooklyn	NY	brooklynmixedmartialarts.com	2418 Ralph Ave
Una Brazilian Jiujitsu	Forest Hills	NY	unabjj.com	100-33 Metropolitan Ave
Training Zone NYC - Ozone Park	Queens	NY	tznyc.com	94-00 Liberty Ave
Tiger Schulmann's Martial Arts Manhasset NY	Manhasset	NY	tsk.com	1205 Northern Blvd
Square Circle New York	New York	NY	squarecirclenewyork.com	139 Fulton St #706
Tiger Schulmann's Martial Arts Tottenville (Staten Island) NY	Staten Island	NY	tsk.com	2955 Veterans Rd W 2nd Floor
The Grappling Club	Brooklyn	NY	thegrapplingclubnyc.com	370 S 4th St
Renzo Gracie Bay Ridge	Brooklyn	NY	renzograciebayridge.com	7914 3rd Ave Fl 2
Striking 101 Mixed Martial Arts - Forest Hills	Queens	NY	s101hq.com	96-21 69th Ave
Crossfit 585 BJJ	Rochester	NY	crossfit585bjj.com	22 Winston Place
Codella Brazilian Jiu Jitsu Academy	Staten Island	NY	codellaacademy.com	3755 Victory Blvd
Staten Island Brazilian Jiu-Jitsu/MMA	Staten Island	NY	sibjjmma.com	1230 Castleton Ave
Inferno Martial Arts Bella Vista	Bella Vista	AR	myinfernofitness.com	408 NE Towncenter
Revolution Combat & Fitness	Benton	AR	revolutionmma.com	17724 I-30 Ste 1
Inferno Martial Arts Bentonville	Bentonville	AR	myinfernofitness.com	1200 SE 14th St
Cabot Jiu Jitsu Academy and Fitness	Cabot	AR	gjjcabot.com	2790 S 2nd St
501 BJJ & Kickboxing	Conway	AR	501bjj.com	2655 Donaghey Ave Ste 103
Eco Submission Grappling	Conway	AR	ecosubmissiongrappling.com	
Grandmaster Han's Martial Arts & Gracie Jiu-Jitsu	Conway	AR	gmhgjj.com	812 N Creek Dr
Gravitas Martial Arts	Conway	AR	gravitasmartialarts.com	
Gray Beard Forge	Conway	AR	graybeardforge.org	3150 Vail Ave
Diamond State Martial Arts	Fayetteville	AR	diamondstatemartialarts.com	14819 Elkhorn Springs Rd
Fort Smith Martial Arts Center	Fort Smith	AR	fortsmithmartialartscenter.wordpress.com	2118 Rogers Ave
Gracie Jiu-Jitsu Fort Smith	Fort Smith	AR	graciefortsmith.com	5111 Rogers Ave #204
Real Deal Martial Arts	Hot Springs	AR	realdealmartialarts.com	214 E Grand Ave
Wolf's Hammer Martial Arts Academy	Hot Springs	AR	hotspringsjiujitsu.com	3907 Central Ave Ste E
USA Jiu-Jitsu Arkansas	Jacksonville	AR	usajjarkansas.com	820 Stone St
Gracie Jiu-Jitsu Jonesboro	Jonesboro	AR	graciejonesboro.com	3211 Ben J Lamberth Dr Unit A
Rock City Mixed Martial Arts	Little Rock	AR	rockcitymma.com	400 N Bowman Rd #5
Westside MMA	Little Rock	AR	westsidemma.com	806 S Izard St
Rocha Brazilian Jiu Jitsu	North Little Rock	AR	rocha-bjj.com	4120 E McCain Blvd Ste 203
DNC Defense	Paragould	AR	dncdefense.com	2407 Linwood Dr Ste 3
Inferno Martial Arts Rogers	Rogers	AR	myinfernofitness.com	2603 W Pleasant Grove Rd #115
Overcome Jiu Jitsu Pinnacle	Rogers	AR	overcomepinnacle.com	4654 S 53rd St Bldg C Unit 116
FORCA MMA	Russellville	AR	forcamma.com	301 Reasoner Ln
Martial Arts America Russellville	Russellville	AR	russellvilletkd.com	1704 E Parkway Dr
Combat Concepts Academy	Sherwood	AR	combatconceptsacademy.com	950 E Kiehl Ave
Inferno Martial Arts Springdale	Springdale	AR	myinfernofitness.com	5320 W Sunset Ave
Bar Harbor Brazilian Jiu Jitsu	Bar Harbor	ME	barharborbjj.com	12 Bethany Lane
Graciefighter Jiu Jitsu	Caribou	ME	graciefightercaribou.com	118 Bennett Dr
Acadia Brazilian Jiu-Jitsu	Ellsworth	ME	acadiabjj.com	385 High St STE H
Rolls Jiu Jitsu	Ellsworth	ME	rollsjiujitsumaine.com	249 Bucksport Rd
The Foundry Brazilian Jiu Jitsu	Farmington	ME	foundrybjj.com	218 Fairbanks Rd
Empire Brazilian Jiu Jitsu	Freeport	ME	empirebjjmaine.com	15 Depot St
Port City BJJ	Kittery	ME	portcitybjj.com	280 Route 1
Bearclan Jiujitsu	Oakland	ME	bearclanjiujitsu.com	826 Kennedy Memorial Dr
Stonecoast Brazilian Jiu Jitsu	Portland	ME	stonecoastbjj.com	131 Johnson Rd
Flow Brazilian Jiu Jitsu	Rockland	ME	flowbrazilianjiujitsu.com	4 Cedar St
Evolution Athletix	Saco	ME	evolutionathletix.com	4 Cascade Rd
Gracie Barra South Portland	South Portland	ME	graciebarrasouthportland.com	798 Main St Suite 9B
Brunswick Martial Arts Academy	Topsham	ME	brunswickmartialarts.com	126 Main St Suite 5
Alexey Pickerell BJJ	Westbrook	ME	alexeybjj.com	90 Bridge St #335
Gracie Gym Maine	Windham	ME	graciegymmaine.com	
Huard's Ju-Jitsu & Karate	Winslow	ME	huardsmartialarts.com	234 Clinton Ave
Elemental Jiu Jitsu	Ajax	ON	elementaljiujitsu.com	845 Westney Road South Unit 4
Karma Jiu Jitsu	Ajax	ON	karmajiujitsu.com	487 Westney Rd Unit 4
Moyo Jiu-Jitsu Academy	Ajax	ON	moyojiujitsu.com	55 Mills Rd Unit 6
905 Brazilian Jiujitsu	Aurora	ON	905brazilianjiujitsu.com	10 Furbacher Ln Unit 2
Champs Academy	Barrie	ON	champsacademy.ca	131 Commerce Park Dr
Legacy Fight Club	Barrie	ON	legacyfightclub.com	351 King St. Unit 7
Submission Arts Academy	Barrie	ON	submissionartsacademy.com	112 Commerce Park Dr
Alcateia Brazilian Jiu Jitsu	Belleville	ON	alcateiabjj.com	40 Hanna Court
MN Brazilian Jiu Jitsu Academy	Burlington	ON	mnbjj.ca	5230 South Service Rd Unit 301
Octa BJJ Burlington	Burlington	ON	burlington.octabjj.com	1176 Blair Road
Grand River BJJ	Cambridge	ON	grandriverbjj.ca	26-1 Main Street
MAS Academy of Martial Arts	Cambridge	ON	masthaiboxing.com	695 Bishop Street North
Octa BJJ Cambridge	Cambridge	ON	cambridge.octabjj.com	90 Pinebush Rd
King Jiu Jitsu Vaughan	Concord	ON	kingjiujitsuvaughan.com	207 Edgeley Blvd #19
Etobicoke BJJ	Etobicoke	ON	etobicoke-bjj.com	2918 Lake Shore Blvd W
Omerta BJJ	Guelph	ON	omertabjj.com	101-121 Wyndham St N
Royal City BJJ	Guelph	ON	royalcitybjj.com	20 Cowan Place Unit 3
Bora Jiu-Jitsu	Hamilton	ON	borabjj.com	625 Greenhill Ave Unit 7
Hamilton School of Martial Arts	Hamilton	ON	hsma1.com	1085 Barton Street East
Joslin's MMA	Hamilton	ON	joslinsmma.com	436 Concession St
The Grappling Garden	Hamilton	ON	grapplinggarden.ca	100 Frid St. Unit #15
Silver 7 Martial Arts	Kanata	ON	silver7martialarts.com	737 Silver Seven Rd
Guardhouse BJJ	Kitchener	ON	guardhousebjj.ca	41 Ardelt Place #1b
Octa BJJ Kitchener	Kitchener	ON	octabjjkitchener.com	Unit 5-6, 248 Stirling Ave S
Olympus Martial Arts	Kitchener	ON	olympusmma.com	50 Ottawa St S Unit 201
Return of the Dragon	Kitchener	ON	rotdma.com	900 Guelph St #108
Bindner Academy	London	ON	bindner.academy	19-1615 North Routledge Park
Gracie Barra London	London	ON	graciebarra.com	1712 Hyde Park Rd #104
The Submission Academy	London	ON	subacademyldn.com	1068 Dundas St.
88 BJJ	Markham	ON	eighteightbjj.com	Unit 17 - 50 Anderson Ave
AMA Dojo	Mississauga	ON	amadojo.ca	Unit 8 - 6790 Kitimat Rd
Core Jiu-Jitsu	Mississauga	ON	bjjmississauga.com	966 Dundas Street East Unit 13
Current Jiu Jitsu	Mississauga	ON	currentbjj.com	6810 Kitimat Rd Units 8 & 9
New Valor Brazilian Jiu-Jitsu Academy	Mississauga	ON	newvalorbjj.com	3250 Ridgeway Dr Unit 7
Octa BJJ Mississauga	Mississauga	ON	mississauga.octabjj.com	3065 Ridgeway Dr Unit 46 & 47
Passador BJJ	Niagara Falls	ON	passadorbjj.com	4536 Portage Road
Grounded Studios	North Bay	ON	grounded.ca	945 Stockdale Road
The Garden Brazilian Jiu Jitsu	North Bay	ON	thegardenbjj.ca	397 Wyld Street
Toronto Top Team Martial Arts and Fitness	North York	ON	torontommateam.com	161 Bartley Drive Unit 3 and 4
Oakville Brazilian Jiu-Jitsu	Oakville	ON	oakvillejiujitsu.ca	2828 Kingsway Drive
Octa BJJ Oakville	Oakville	ON	octabjj.com	220 Wyecroft Road Unit 41
VS Brazilian Jiu-Jitsu	Oakville	ON	vsbjj.com	3114 Dundas St W
Big Country - Orillia	Orillia	ON	bigcountryorillia.gymdesk.com	27 West St S
Resolve Martial Arts Academy Orillia	Orillia	ON	resolvemartialartsorillia.com	300 Peter St N
Mamute Martial Arts	Oshawa	ON	mamutemaa.com	907 Simcoe St N
Brave Martial Arts Institute	Ottawa	ON	bravemai.com	2161 Thurston Dr
Gracie Barra Ottawa	Ottawa	ON	gb-ottawa.com	250 Avenue City Centre
Jiujitsu Culture	Ottawa	ON	jiujitsuculture.ca	2-397b Richmond Road
Ottawa Academy of Martial Arts	Ottawa	ON	oama.ca	1810 Carling Ave
The Ottawa Jiu Jitsu Club	Ottawa	ON	theottawajiujitsuclub.com	1484 Scott St
Zen MMA	Ottawa	ON	zenmma.ca	32 Colonnade Rd N #1000, Ottawa (Nepean)
Eris Martial Arts Academy	Peterborough	ON	erismartialarts.com	306 George St N
Kawartha Combat	Peterborough	ON	kawarthacombat.com	910 High St Unit 15
AACE Martial Arts Academy	Pickering	ON	aacemartialartsacademy.com	633 Kingston Road
Action & Reaction MMA Pickering	Pickering	ON	actionreactionmma.com	821 Brock Rd Unit 9
Richmond Hill Jiu-Jitsu	Richmond Hill	ON	rh-bjj.com	132 King Rd
Forge Training Centre	Sarnia	ON	forgetrainingcentre.com	1880 London Line
The Butcher Shop	Sarnia	ON	butchershopjiujitsu.ca	Unit 7, 110 East Street S
Gracie Jiu-Jitsu Sault Ste. Marie	Sault Ste. Marie	ON	graciejiujitsusaultstemarie.com	274 Lake St
Steel City MMA	Sault Ste. Marie	ON	steelcitymma.com	258 Queen St E
Evolve MMA & Fitness	St. Catharines	ON	evolvemma.ca	325 Welland Ave
Renzo Gracie Niagara	St. Catharines	ON	renzogracieniagara.com	486 Grantham Ave
SBG Niagara	St. Catharines	ON	sbgniagara.ca	11 Seapark Drive
Hamilton BJJ	Stoney Creek	ON	hamilton-bjj.com	166 Green Mountain Rd E
Caique Jiu-Jitsu Academy Windsor Essex	Tecumseh	ON	cjjwe.com	11700 County Rd 42
Leading Edge MMA	Thunder Bay	ON	leadingedgemma.ca	340A Waterloo St N
Thunder Valley Martial Arts	Thunder Bay	ON	thundervalleymartialarts.com	910 Memorial Avenue unit C
Gracie Barra Toronto East	Toronto	ON	graciebarra.com	68 Railside Rd Unit B
JT6 Academy	Toronto	ON	jt6.ca	28 Industrial Street Unit 218
Vaughan Jiu-Jitsu Academy	Vaughan	ON	vaughanbjj.com	130 Racco Parkway Unit 5
The Jiu-Jitsu Lab	Waterloo	ON	labjiujitsu.com	420 Weber St N
DNA Brazilian Jiu Jitsu	Whitby	ON	dnabjj.com	2001 Thickson Road South Unit 15
APEX MMA	Windsor	ON	apexmma.ca	1529 Highland Ave
META BJJ Windsor	Windsor	ON	metabjj.ca	956 McDougall St
Maximum Training Centre	Windsor	ON	mtcwindsor.ca	1929 Provincial Rd
Bismarck MMA	Bismarck	ND	bismarckmma.com	1418 Airport Rd Shop #14, Bismarck ND 58504
Ice Dragon Academy	Bismarck	ND	icedragonacademy.com	3007 Morrison Ave, Bismarck ND 58504
Carlos Machado Jiu Jitsu Dickinson	Dickinson	ND	carlosmachadojiujitsudickinson.com	11 4th Ave E, Dickinson ND 58601
Elite BJJ	Dickinson	ND	elitebjj.org	71 12th St SE, Dickinson ND
Academy of Combat Arts	Fargo	ND	fmaca.com	3332 4th Ave S Ste D, Fargo ND 58103
Grand Forks Brazilian Jiu-jitsu Academy	Grand Forks	ND	grandforksbjj.com	2750 Gateway Dr, Grand Forks, ND 58203
Progressive Martial Arts Grand Forks	Grand Forks	ND	progressivemartialartsgf.com	1604 S Washington Ste B2, Grand Forks ND 58201
Gracie Jiu-jitsu Minot	Minot	ND	sites.google.com	2825 S Broadway Ste 1, Minot ND 58701
Valley City Jiu-Jitsu and Self Defense Academy	Valley City	ND	jiujitsuvc.wixsite.com	200 Co Hwy 21, Valley City, ND 58072
SBG Williston	Williston	ND	sbgwilliston.com	1135 2nd Ave W Ste 206, Williston, ND
Estevan Combat Sports and Fitness	Estevan	SK		
WARCRY Martial Arts	Melville	SK	warcrymartialarts.com	543 Main St, Melville SK S0A 2P0
Control Jiu Jitsu	Moose Jaw	SK	controlbjj.com	244a River St W, Moose Jaw SK
Green Dojo	North Battleford	SK	greendojo.ca	2202 101 St, North Battleford SK S9A 0S2
North Wake Martial Arts	Prince Albert	SK	northwakemartialarts.com	16-243 S Industrial Dr, Prince Albert SK S6V 7L7
The Lab Brazilian Jiu-Jitsu Academy	Prince Albert	SK	thebjjlab.com	21 11th St E, Prince Albert SK
Ascendant Martial Arts	Regina	SK	ascendantmartialarts.ca	1171 Winnipeg St, Regina SK S4R 1J5
Expedition Brazilian Jiu-Jitsu	Regina	SK	expeditionbjj.ca	1535-B McAra St, Regina SK S4N 6H4
Alliance Training Center	Saskatoon	SK	alliancetrainingcenter.com	339 Edson St, Saskatoon SK S7J 4C8
Scheer's Martial Arts	Saskatoon	SK	scheersmartialarts.com	15 Glazier Rd, Saskatoon SK S7K 3J8
Valens Jiu Jitsu Academy Saskatoon	Saskatoon	SK	valensjiujitsu.ca	510 Lauriston St #20, Saskatoon SK S7K 0R5
Weyburn MMA Club	Weyburn	SK		46 13th St
Yorkton Martial Arts Training Center	Yorkton	SK	ymatc.com	295 Broadway St W, Yorkton SK
Paul Tom's Academy of Brazilian Jiu-Jitsu	American Fork	UT	bjjutah.com	920 E State St, American Fork, UT 84003
Crown BJJ	Bluffdale	UT	crownbjj.com	14719 S 855 W, Bluffdale, UT 84065
Viotti BJJ Academy	Bountiful	UT	viottibjjacademy.com	545 W 500 S #130, Bountiful, UT 84010
Caique Jiu Jitsu Utah Academy	Clearfield	UT	cjjutah.com	1060 W 300 N Suite C, Clearfield, UT 84015
Gracie Barra Heber City	Heber City	UT	graciebarraheber.com	2237 S 390 W, Heber City, UT 84032
Adapt Jiu-Jitsu	Herriman	UT	adaptbjj.com	
Gracie Barra Herriman	Herriman	UT	gbherriman.com	5746 W 13400 S, Herriman, UT 84096
Ultimate Combat Training Center	Holladay	UT	ultimatecombat.com	1939 E Murray Holladay Rd, Holladay, UT 84117
J-Crew Jiu-Jitsu	Hyrum	UT	jcrewbjj.com	120 N 800 E Bldg B Unit 4
Renzo Gracie Utah	Kaysville	UT	renzogracieutah.com	860 W 300 N, Kaysville, UT
Gracie Barra Layton	Layton	UT	gblayton.com	70 S Fairfield Rd E #4, Layton, UT 84041
Team Link Utah	Layton	UT	teamlinkutahbjj.com	3020 N Fairfield Rd Ste B
Roots Combat Club	Lehi	UT	rootscombatclub.com	1657 N State St
Cache Valley Martial Arts and Fitness	Logan	UT	cachevalleymartialarts.com	953 W 700 N Ste 107
Infinity BJJ Utah	Mapleton	UT	infinitybjjutah.com	1885 W Alvey Dr Unit 3
First BJJ	Millcreek	UT	firstbjj.com	5508 Van Winkle, Salt Lake City, UT 84117
Gracie Barra North Salt Lake	North Salt Lake	UT	gbnorthsaltlake.com	76 S Orchard Dr, North Salt Lake, UT 84054
Mori Training Center	Ogden	UT	mori-jiu-jitsu.com	3733 S 250 W
Westside BJJ Ogden	Ogden	UT	westsidebjjogden.com	2562 Washington Blvd
Bobby Lawrence Karate Orem	Orem	UT	oremkarate.com	976 S State St
Gracie Barra Orem	Orem	UT	gborem-utah.com	64 State St, Orem, UT
BJJ Revolution Park City (Malmberg Jiu-Jitsu)	Park City	UT	jiujitsurevolution.com	2080 Gold Dust Lane
Gracie Barra Park City	Park City	UT	gbparkcity.com	8178 Gorgoza Pines Rd Ste G, Park City, UT 84098
Park City Jiu Jitsu	Park City	UT	parkcitybjj.com	6430 N Business Park Loop Rd Unit D
10th Planet Pleasant Grove	Pleasant Grove	UT	10thplanetpleasantgrove.com	2416 W 700 S Unit 120
Agema Jiu Jitsu and MMA	Provo	UT	agemagym.com	1200 Towne Centre Blvd
Thiago Alves BJJ	Riverdale	UT	thiagoalvesbjj.com	4042 Pacific Ave, Riverdale, UT 84405
Gracie Barra Riverton	Riverton	UT	gbriverton.com	2936 W 12600 S Ste 1&2, Riverton, UT 84065
10th Planet Jiu-Jitsu SLC	Salt Lake City	UT	10thplanetslc.com	215 S 1000 E, Salt Lake City, UT 84102
Fusion Academy	Salt Lake City	UT	fusionbjj.com	Simpson Ave, Salt Lake City, UT
Marangoni BJJ	Salt Lake City	UT	bjjsaltlake.com	480 E 6th Ave, Salt Lake City, UT 84103
Renzo Gracie SLC	Salt Lake City	UT	renzogracieslc.com	615 Simpson Ave, Salt Lake City, UT 84106
Elite Performance Gym (Jeremy Horn's)	Sandy	UT	eliteperformancegym.com	9599 S 500 W
Gracie Barra Sandy	Sandy	UT	graciebarra.com	8912 S 700 E, Sandy, UT 84070
Unified BJJ	South Jordan	UT	unifiedbjj.com	1098 W South Jordan Pkwy #107 & #108, South Jordan, UT 84095
Vida Jiu-Jitsu Utah	Spanish Fork	UT	vidajiujitsu.com	198 W 3450 N Ste 103
Fusion MMA and Jiu Jitsu	St. George	UT	teamfusionmma.com	2746 E 850 N #1
Fusion MMA and Jiu Jitsu Sunset	St. George	UT	teamfusionmma.com	1469 W Sunset Blvd
Gracie Jiu-Jitsu St. George	St. George	UT	graciestgeorge.com	1478 S 270 E Ste 4A
STG Jiu Jitsu	St. George	UT	stgjiujitsu.com	1487 S Silicon Way A6
Tooele Martial Arts Academy	Tooele	UT	tooelemartialartsacademy.com	10 S Garnet St Bldg 669 #4, Tooele, UT 84074
Triad Jiu Jitsu	Vernal	UT	triadjiujitsu.com	510 E Main St
Absolute MMA	West Jordan	UT	absolutemma.com	1338 W 7800 S
CR Brazilian Jiu Jitsu	West Jordan	UT	crbjjusa.com	5320 Wells Park Rd Unit 1
Gracie Barra West Jordan	West Jordan	UT	gbwestjordan.com	8018 Welby Park Dr #2, West Jordan, UT 84088
D's Jiu-Jitsu Academy	Casper	WY	dsbjjcasper.com	2000 Casper St, Casper WY 82604
Black Label BJJ of Cheyenne	Cheyenne	WY	blacklabel307.com	1121 Old Town Ln, Cheyenne WY 82009
Potter Combat Academy	Cody	WY	pottercombat.com	1713 17th St, Cody WY 82414
Western Plains Brazilian Jiu Jitsu	Gillette	WY	westernplainsbrazilianjiujitsu.com	900 Ez Street, Gillette, WY 82718
Duality BJJ	Green River	WY	dualitybjj.com	142 E Flaming Gorge Way, Green River WY 82935
Jackson Hole MMA	Jackson	WY	jacksonholemma.com	3580 South Park Dr, Jackson WY 83001
Wind River Dojo	Lander	WY	windriverdojo.org	465 Lincoln St, Lander WY 82520
Third Way Jiu Jitsu	Laramie	WY	thirdwayjiujitsu.com	407 S 21st St, Laramie WY 82070
Wyo Faction	Rock Springs	WY	wyofaction.com	1248 Dewar Drive, Rock Springs, WY 82901
Alliance Ames Brazilian JiuJitsu	Ames	IA	amesbrazilianjiu-jitsu.com	104 Kellogg Ave, Ames, IA 50010
Elite Edge Gym Ankeny	Ankeny	IA	eliteedgegym.com	116 SE Lorenz Drive, Ankeny, IA 50021
Breaking Point Jiu-Jitsu Bettendorf	Bettendorf	IA	breakingpointbjj.com	6990 Competition Court, Bettendorf, IA 52722
Kutting Edge Jiu-Jitsu Academy	Burlington	IA	kuttingedgejiujitsuacademy.com	
Hard Drive Performance Center	Cedar Rapids	IA	harddriveperformance.com	712 3rd Ave SE, Cedar Rapids, IA 52401
Mission Athletics	Cedar Rapids	IA	missionathletics.com	5265 Rockwell Dr NE Ste 100, Cedar Rapids, IA 52402
Tipping Point Brazilian Jiu Jitsu	Cedar Rapids	IA	tippingpointbjj.com	5313 N Park Pl NE, Cedar Rapids, IA 52402
Iowa Top Team Boxing & Jiu-Jitsu	Clinton	IA	iowatopteam.com	123 Main Ave, Clinton, IA 52732
Precision Submission Grappling	Clive	IA	precisionsubmissiongrappling.com	2023 NW 92nd Court Suite A, Clive, IA 50325
Ascent Jiu Jitsu	Coralville	IA	ascent-jiujitsu.com	708 5th St Ste 3, Coralville, IA 52241
CBBJJ	Council Bluffs	IA	cbbjj.com	300 West Broadway Suite 112, Council Bluffs, IA 51503
Gracie Jiu-Jitsu Council Bluffs	Council Bluffs	IA	graciecb.com	3415 W Broadway Suite C, Council Bluffs, IA 51501
Breaking Point Jiu-Jitsu Davenport	Davenport	IA	breakingpointbjj.com	3840 W River Dr, Davenport, IA 52802
Tarpein's Dojo	Davenport	IA	tarpeinsdojo.com	235 West 35th Street, Davenport, IA 52806
Decorah Martial Arts	Decorah	IA	decorahmartialarts.com	216 W Water St, Decorah, IA 52101
Des Moines Jiu-Jitsu Academy	Des Moines	IA	iowabjj.com	841 11th St, Des Moines, IA 50309
Renzo Gracie Des Moines	Des Moines	IA	renzograciedesmoines.com	4711 University Ave, Des Moines, IA 50311
Dubuque Jiu-Jitsu	Dubuque	IA	dubuquebjj.com	3135 Cedar Crest Ridge Suite D
Faiferlick Martial Arts	Fort Dodge	IA	fortdodgemartialarts.com	326 South 25th Street, Fort Dodge, IA
Southside Martial Arts	Fort Dodge	IA	southsidemartialarts.com	1028 S 22nd St, Fort Dodge, IA 50501
Olive Branch Jiu Jitsu	Fort Madison	IA	olivebranchjj.com	802 Avenue G, Fort Madison, IA 52627
Arroyo Grappling Academy	Iowa City	IA	arroyograppling.com	1604 Sycamore St, Suite B, Iowa City, IA 52240
Citadel BJJ	Iowa City	IA	bjjiniowacity.com	2325 Naples Ave SW, Iowa City, IA 52240
Zura Jiu-Jitsu	Marshalltown	IA	zurajiujitsu.com	104 E Linn St STE B, Marshalltown, IA
The Flow Institute Mason City	Mason City	IA	tfiexperience.com	100 S Federal Ave, #109, Mason City, IA 50401
Tsunami Flow Jiu Jitsu	Mason City	IA	tsunamiflowjiujitsu.com	
Ludus Combat Sports	Mount Pleasant	IA		
Guardian Jiujitsu & Judo	Ottumwa	IA	guardianjj.com	102 S Market St, Suite A, Ottumwa, IA 52501
Triumph Martial Arts Pella	Pella	IA	triumphma.com	1582 Washington Street, Pella, IA 50219
Jiu-Jitsu Unlimited	Sioux City	IA	jjxkbultd.com	6009 Gordon Dr, Sioux City, IA 51106
One Combat Academy	Sioux City	IA	fourseasonshealthclub.com	1600 7th St, Sioux City, IA 51101
Triumph Martial Arts	Urbandale	IA	triumphma.com	8545 Hickman Road, Urbandale, IA 50322
Cedar Valley Jiu Jitsu	Waterloo	IA	cv-bjj.com	2325 Crossroads Blvd, Waterloo, IA 50701
Andover Jiu Jitsu	Andover	KS	andoverjiujitsu.com	622 N Andover Rd, Andover, KS
Elite Martial Arts Academy	Arkansas City	KS	elitemartialartsacademyks.com	220 South Summit Street, Arkansas City, KS 67005
NWKS Jiu Jitsu Colby	Colby	KS	nwksjiujitsu.com	1035 Taylor Avenue, Colby, KS 67701
Laselva MMA	Derby	KS	laselvamma.com	124 S. Baltimore Ave, Derby, KS 67037
Dodge City House of Grappling	Dodge City	KS	dodgecitygrappling.com	1701 N 14th Ave Suite 6, Dodge City, KS 67801
NWKS Jiu Jitsu Goodland	Goodland	KS	nwksjiujitsu.com	602 Caldwell Avenue, Goodland, KS 67735
November Tango BJJ	Great Bend	KS	novembertangobjj.com	2100 Broadway Avenue, Great Bend, KS 67530
NWKS Jiu Jitsu Hays	Hays	KS	nwksjiujitsu.com	208 E 8th St #1, Hays, KS 67601
Elite Combat Sports Center	Hutchinson	KS	elitecombatsportscenter.com	13 S Main, Hutchinson, KS
Elite Academy of Martial Arts Junction City	Junction City	KS	eliteacademyma.com	826 N Washington St, Junction City, KS 66441
RS MMA and Fitness	Junction City	KS	rsmartialarts.com	121 E 6th Street, Junction City, KS 66441
Caio Terra Academy Lawrence	Lawrence	KS		850 E 13th St, Lawrence, KS 66044
Ground Theory Jiu Jitsu	Lawrence	KS	groundtheoryjiujitsu.com	1035 E 23rd St Suite 3, Lawrence, KS 66046
Rivers Brazilian Jiu-Jitsu	Lawrence	KS	riversjiujitsu.com	850 E 13th St, Lawrence, KS 66044
Brazil Academy USA	Lenexa	KS	brazilacademyusa.com	11441 Strang Line Rd, Lenexa, KS 66215
Bulldog Muay Thai and BJJ	Lenexa	KS		8920 Summit St, Lenexa, KS 66215
Chute Boxe KC	Lenexa	KS	chuteboxekc.com	9530 Marshall Drive, Lenexa, KS 66215
Combative Sports Center	Manhattan	KS	cscmhk.com	116 South 4th Street, Manhattan, KS 66502
Kansas City Brazilian Jiu Jitsu	Mission	KS	kcbjj.com	6516 Martway, Mission, KS 66202
Chaotic Jiu Jitsu	Newton	KS	chaoticjiujitsu.com	212 N Main, Newton, KS 67114
Newton Jiu Jitsu	Newton	KS	newtonjiujitsu.com	400 S Main St, Newton, KS 67114
E3 Jiu-Jitsu	Overland Park	KS	e3sf.org	7010 W 83rd Street, Overland Park, KS 66204
Gracie Barra Overland Park	Overland Park	KS	gboverlandpark.com	9142 W 135th St, Overland Park, KS 66221
Marathon Mixed Martial Arts Academy	Overland Park	KS	overlandparkmma.com	10559 Metcalf Avenue, Overland Park, KS 66212
TMC Brazilian Jiu-Jitsu	Overland Park	KS	tmcbjj.com	6741 W 135th Unit A69, Overland Park, KS 66223
Arise Brazilian Jiu-Jitsu Academy	Pittsburg	KS	arisebjj.org	311 S Broadway St Suite C, Pittsburg, KS 66762
WaveMan Combat Academy	Salina	KS	wavemanjiujitsu.com	740-B Duvall Ave, Salina, KS 67401
R.E. Training Center	Topeka	KS	roneyedlerbrazilianjiujitsu.com	5711 SW 21st, Topeka, KS 66604
Rabbit Hole Jiu Jitsu	Topeka	KS		116 SE Monroe St, Topeka, KS 66603
Animal House FC	Wichita	KS	animalhousefc.com	4300 W Central Ave, Wichita, KS 67212
Burns Martial Arts	Wichita	KS	burnsmartialarts.com	1711 South Eisenhower Street, Wichita, KS 67209
Ethos BJJ Wichita	Wichita	KS	ethosjj.com	1310 West Douglas Avenue, Wichita, KS
Fox Fitness BJJ	Wichita	KS	foxfitnessbjj.com	2923 N Tyler Road, Wichita, KS 67205
Immortal MMA	Wichita	KS	immortalmmawichita.com	1050 S Oliver Ave, Wichita, KS 67218
Prairie Wolfe Jiu Jitsu	Wichita	KS	prairiewolfejiujitsu.com	449 N Mosley, Wichita, KS 67202
Valor Martial Arts	Wichita	KS	wichitavalor.com	1836 South Woodlawn, Wichita, KS 67218
WAMMA Brandon	Brandon	MB	wammabrandon.com	389 Park Avenue East, Brandon, MB
WAMMA Dauphin	Dauphin	MB	wamma.site	PARK-FIT Building, 304 Main Street North (2nd floor), Dauphin, MB R7N 0Y5
WAMMA Flin Flon	Flin Flon	MB	wamma.site	363 Princess Blvd, Flin Flon, MB R8A 0K8
Precision MMA Morden	Morden	MB	precisionmma.ca	451 Jefferson Street, Morden, MB R6M 0C3
WAMMA Niverville	Niverville	MB	wammaniverville.ca	
Iron Image Barbell Club	Selkirk	MB	ironimage.ca	511 Robinson Ave, Selkirk, MB R1A 1E5
Future MMA	Steinbach	MB	futuremma.ca	375 North Front Drive Unit 24, Steinbach, MB R5G 0X7
Revelation Martial Arts	Steinbach	MB	revelationmartialarts.com	34062 Pansy Rd, Steinbach, MB R5G 2R4
WAMMA Thompson	Thompson	MB	wamma.site	25 Station Rd (rear entrance, upstairs), Thompson, MB R8N
RISE Athletics	Winkler	MB	riseactive.ca	245 Kimberly Road, Winkler, MB R6W 0H7
Balance Jiu Jitsu	Winnipeg	MB	balancebjjwinnipeg.com	1308 Portage Ave, Winnipeg, MB R3G 0V2
Brazil-021 Winnipeg	Winnipeg	MB	brazil021wpg.com	1000 Notre Dame Ave, Winnipeg, MB
Canadian Fighting Center	Winnipeg	MB	cfcgym.net	675 Archibald St, Winnipeg, MB R2J 0Y1
Champion Brazilian Jiu-Jitsu & Capoeira	Winnipeg	MB	beachampion.ca	Unit 104, 240 Newmarket Blvd, Winnipeg, MB R3T 6G7
Gracie Jiu-Jitsu Winnipeg	Winnipeg	MB	graciejiujitsuwinnipeg.com	827 Cavalier Dr, Winnipeg, MB R2Y 1C6
Innovative Martial Arts & Fitness	Winnipeg	MB	winnipegmartialarts.ca	15-1599 Dugald Rd, Winnipeg, MB
Robert Lee Martial Arts	Winnipeg	MB	robertleema.ca	3323 Roblin Boulevard, Winnipeg, MB R3R 0C2
Socius BJJ	Winnipeg	MB	sociusbjj.com	Unit 5, 1455 Waverley St, Winnipeg, MB R3T 5Y6
Thrive Academy	Winnipeg	MB	thriveacademy.ca	181 Stradbrook Ave, Winnipeg, MB R3L 0J4
WAMMA NextGen	Winnipeg	MB	wamma.site	222 St Mary's Rd, Winnipeg, MB R2H 1J3
Hub City MMA & BJJ	Aberdeen	SD	hubcitymma.gymdesk.com	206 S Dakota St, Aberdeen, SD 57401
Wolfpack Family Jiujitsu	Aberdeen	SD	wolfpackfamilybjj.com	313 S Main St, Aberdeen, SD 57401
No Illusions Martial Arts	Brookings	SD	noillusionsmartialarts.com	323 6th Street, Brookings, SD 57006
Black Hills Brazilian Jiu-Jitsu	Rapid City	SD	bhbjj.com	3325 W. Main St, Rapid City, SD 57702
Gold Bar Training Center	Rapid City	SD	goldbartrainingcenter.com	2090 Deadwood Ave Suite 3, Rapid City, SD 57701
Rapid City Brazilian Jiu Jitsu	Rapid City	SD		101b New York St, Rapid City, SD 57701
Gracie Jiu-Jitsu Sioux Falls	Sioux Falls	SD	gjjsiouxfalls.com	2300 S West Ave, Entrance D, Sioux Falls, SD 57105
Midwest Martial Arts Academy	Sioux Falls	SD	midwestmartialartssf.com	5014 S Marion Rd, Sioux Falls, SD 57106
Misfits Grappling Club	Sioux Falls	SD	misfitsgrapplingclub.com	3506 N Casco Ave, Sioux Falls, SD 57104
Next Edge Academy	Sioux Falls	SD	nextedgeacademy.com	909 E 8th St, Sioux Falls, SD 57103
Spearfish Martial Arts	Spearfish	SD	spearfishmartialarts.com	2431 E Colorado Blvd, Spearfish, SD 57783
Bozeman JuJitsu	Belgrade	MT	bozemanjujitsu.com	20900 Frontage Rd G2
Kron Gracie Academy	Belgrade	MT	facebook.com	70 Motherlode Ln
CEMA BJJ at BASE Big Sky	Big Sky	MT	cemartialarts.com	285 Simkins Dr.
Straight Blast Gym Bigfork	Bigfork	MT	sbgmontana.com	108 Crestview Dr.
Billings Jiu Jitsu	Billings	MT	billingsjiujitsu.com	1116 Broadwater Ave
Function Jiu Jitsu	Billings	MT	functionjiujitsu.com	1313 Grand Ave. #8A
Gracie Jiu-Jitsu Billings	Billings	MT	graciejiujitsubillings.com	777 15th St W Ste D
The Grindhouse Billings	Billings	MT	mmabillings.com	712 Carbon St ste C
Gallatin Valley Martial Arts	Bozeman	MT	gallatinvalleymma.com	255 Village Center Lane Unit B
Montana Mixed Martial Arts	Bozeman	MT	facebook.com	2010 N 7th Ave
Straight Blast Gym Bozeman	Bozeman	MT	sbgbozeman.com	2320 W Main St. Unit 5
Grit Training Center	Butte	MT	gritmartialarts.com	1707 Continental Dr.
Imperial BJJ	Butte	MT	facebook.com	1131 Utah Ave
Bitterroot Warrior Arts Corvallis	Corvallis	MT	bugoutmt.com	1200 Eastside Hwy Suite C
GB Great Falls	Great Falls	MT	dragonfirebrazilianjiujitsu.com	1200 10th Ave S
Olsen Behring Vale Tudo/MMA	Hamilton	MT	olsenmma.com	404 S 1st St
Bear Hug Jiu-Jitsu	Helena	MT	bearhugmt.com	685 Barney St Suite C
Deliberate Jiu Jitsu at Valley Speedway Athletics	Helena	MT	valleyspeedwayathletics.com	1404 Valley Speedway Rd
Helena Brazilian Jiu-Jitsu	Helena	MT	helenabjj.com	1350 Cherry Ave
Absolute Fight Factory	Kalispell	MT	absolutefightfactory.com	465 Ash Rd Unit H
Hughes' Grappling Academy	Kalispell	MT	hughesgrapplingacademy.com	20 North Main St Center Mall Suite 13
Straight Blast Gym Kalispell	Kalispell	MT	sbgkalispell.com	30 4th St E
Livingston Jiu-Jitsu	Livingston	MT	facebook.com	1014 W Park St. Ste. 3
Dojo USA South BJJ Missoula	Missoula	MT	dojousa.co	3700 S Russell St Suite 122
Missoula Brazilian Jiu Jitsu	Missoula	MT	mslabjj.com	2301 Palmer St 12
Sakura Warrior Arts	Missoula	MT	sakurawarriorarts.com	255 SW Higgins Ave
Straight Blast Gym Missoula	Missoula	MT	sbgmissoula.com	218 W Main St
Traphouse Jiu Jitsu	Missoula	MT	traphousesociety.com	2825 Stockyard Rd Unit A20
Zoo Brazilian Jiu Jitsu	Missoula	MT	zoobjj.com	1521 Cooper St
Red Lodge Grindhouse Jiu Jitsu	Red Lodge	MT	redlodgegrindhouse.com	111 Broadway Ave S
Bitterroot Warrior Arts Stevensville	Stevensville	MT	bugoutmt.com	4039 US Hwy N Suite D
CJJF Central	Aiea	HI	cjjfcentral.com	98-390 Kamehameha Highway Unit A, Aiea, HI 96701
O2 Martial Arts Academy	Aiea	HI	onzuka.com	98-019 Kamehameha Hwy, Suite 208A, Aiea, HI 96701
Island Jiu Jitsu West	Ewa Beach	HI	islandjiujitsuwest.com	91-902 Fort Weaver Road, Ewa Beach, HI 96706
Maui Jiu-Jitsu Academy	Haiku	HI	mauijiujitsu.com	810 Haiku Rd Unit 230, Haiku, HI 96708
UFC GYM Hilo	Hilo	HI	ufcgym.com	777 Kinoole St, Hilo, HI 96720
Caveirinha Jiu-Jitsu Family Hawaii Kai	Honolulu	HI	cjjfhawaii.com	377 Keahole Street #D-1D, Honolulu, HI 96825
Gracie Allegiance Honolulu	Honolulu	HI	honolulubjj.com	
Gracie Barra Aloha Stadium	Honolulu	HI	graciebarra.com	4510 Salt Lake Blvd, Honolulu, HI 96818
HNL Jiu Jitsu Academy	Honolulu	HI	hnljiujitsuacademy.com	7192 Kalanianaole Highway Suite C-200, Honolulu, HI 96825
Island Jiu-Jitsu	Honolulu	HI	islandjiujitsu.com	760 Halekauwila Street, Honolulu, HI 96813
Kansept Academy	Honolulu	HI	kanseptacademy.com	904 Kohou St Suite 201, Honolulu, HI 96817
Mano Jiu Jitsu	Honolulu	HI	manojiujitsu.com	2752 Woodlawn Drive 2nd floor, Honolulu, HI 96822
Relson Gracie Jiu-Jitsu Ronn Shiraki Academy	Honolulu	HI	ronnshiraki.com	737 Kapahulu Ave, Honolulu, HI 96816
Relson Gracie Jiu-Jitsu Team HK	Honolulu	HI	graciehonolulu.com	1712 S King Street 2nd Fl #200, Honolulu, HI 96826
Sapateiro Jiu Jitsu Academy	Honolulu	HI	oahubjj.com	560 N. Nimitz Hwy Suite 112A, Honolulu, HI 96817
Technics Jiu-Jitsu Academy	Honolulu	HI	gracietechnics.com	1222 Kaumualii St, Honolulu, HI 96817
Maui Grappling Academy	Kahului	HI	mauigrapplingacademy.com	180 East Wakea Avenue, Unit I, Kahului, HI 96732
Gracie Jiu Jitsu Kailua	Kailua	HI	graciejiujitsukailua.com	35 Kainehe St Suite 103, Kailua, HI 96734
Masters Martial Arts School	Kailua	HI	mastersmartialartsschool.com	270 Kuulei Rd Suite 202, Kailua, HI 96734
Exodus Martial Arts Academy	Kailua-Kona	HI	exodusmaahawaii.squarespace.com	74-5599 Luhia Street, Suite E2, Kailua-Kona, HI 96740
Foundation BJJ	Kailua-Kona	HI	foundationbjj.net	73-5563 Olowalu St, Kailua-Kona, HI 96740
Shibui Dojo	Kailua-Kona	HI		73-5619 Kauhola St Ste 105-106, Kailua-Kona, HI 96740
The Process Martial Arts Academy	Kailua-Kona	HI	theprocessmartialarts.com	73-5590 Kauhola St, Kailua-Kona, HI 96740
Hawaii Jiu Jitsu Lab	Kaneohe	HI	hawaiijiujitsulab.com	47-388 Hui Iwa St #11, Kaneohe, HI 96744
K-Team Martial Arts	Kaneohe	HI	k-team-martial-arts.com	46-012 Alaloa Street 3rd Warehouse Unit, Kaneohe, HI 96744
Bragiao BJJ MMA	Kapaa	HI	mmaonkauai.com	4-484 Kuhio Hwy #L4, Kapaa, HI 96746
Gracie Barra Kapolei	Kapolei	HI	graciebarra.com	1019 Lauia St Bay 7, Kapolei, HI 96707
TRXTR Studio	Kapolei	HI	bjjkapolei.com	2045 Lauwiliwili St 403, Kapolei, HI 96707
House of Alameda Jiu Jitsu	Keaau	HI	alamedajj.com	16-212 Melekahiwa Place, Keaau, HI 96749
Ohana Jiu Jitsu Academy	Kihei	HI	ohanajiujitsumaui.com	650 Lipoa Pkwy, Kihei, HI 96753
Lions BJJ Kauai	Lihue	HI	kauaibjj.com	3205 Fujii Street, Lihue, HI 96766
United BJJ Hawaii	Pearl City	HI	unitedbjjhawaii.com	1000 Kamehameha Hwy, Pearl City, HI 96782
Central Oahu Jiu-Jitsu Academy	Wahiawa	HI	graciehi.com	401 North Cane St. #A3, Wahiawa, HI 96786
Mad Tiger Academy	Wahiawa	HI	madtigerbjj.com	249 Kellogg St, Wahiawa, HI 96786
Hanaloa School of Jiu-Jitsu	Wailuku	HI	hanaloaschoolofjiujitsu.com	261 Hookahi Street, Wailuku, HI 96793
Maui Kombat Academy	Wailuku	HI	mauikombatacademy.com	1161 Main St, Wailuku, HI 96793
United Team Maui	Wailuku	HI	bjjwailuku.com	37 Central Ave, Wailuku, HI 96793
West Kauai Jiu-Jitsu	Waimea	HI	westkauaijiujitsu.com	Makana Training Center, 9935 Kaumualii Hwy, Waimea, HI 96796
Blackfoot Jiu Jitsu and Fitness	Blackfoot	ID	blackfootjiujitsu.com	1010 W Bridge Street Suite F, Blackfoot, ID 83221
Alliance Jiu Jitsu East Boise	Boise	ID	allianceboise.org	880 S Vista Ave, Boise, ID 83705
Brave BJJ Boise	Boise	ID	brave-bjj.com	8707 W State St, Boise, ID 83714
Gracie Barra South Boise	Boise	ID	gbsouthboise.com	8958 W Ardene St, Boise, ID 83709
Gracie Barra Southeast Boise	Boise	ID	gbsoutheastboise.com	2475 S Apple St Suite 104, Boise, ID 83706
SBG Idaho	Boise	ID	sbgidaho.com	1522 W River St, Boise, ID 83702
Self Reliant Jiu Jitsu	Boise	ID	selfreliantjiujitsu.com	2769 S Broadway Ave, Boise, ID 83706
The PIT Idaho	Boise	ID	thepitidaho.com	10 S Cole Rd, Boise, ID 83709
Gracie Barra Caldwell	Caldwell	ID	graciebarra.com	708 Main St, Suite 1a, Caldwell, ID 83605
Idahome Jiu-Jitsu	Caldwell	ID	idahomejiujitsu.com	2922 Cleveland Blvd Ste 600, Caldwell, ID 83605
Studio 671 Jiu Jitsu	Caldwell	ID	studio671jiujitsu.com	1322 Lauren Lane Suite 101, Caldwell, ID 83605
BPi Fighting Systems	Coeur d'Alene	ID	bpifight.com	1917 North Lakewood Drive, Coeur d'Alene, ID 83814
CDA Jiu-Jitsu	Dalton Gardens	ID	cdajiujitsu.com	7680 N Government Way 2, Dalton Gardens, ID 83815
SBG Teton Valley	Driggs	ID	sbgtetonvalley.com	528 Valley Centre Dr 1, Driggs, ID 83422
Alliance Jiu Jitsu Eagle	Eagle	ID	allianceboise.org	195 S Wooddale Ave, Eagle, ID 83616
Battles Jiu Jitsu	Eagle	ID	battlesjiujitsu.com	220 S Herons Flight Ln #103, Eagle, ID 83616
Gracie Barra Boise	Garden City	ID	graciebarra.com	5681 N Glenwood St, Garden City, ID 83714
Jiu-Jitsu 100 Academy	Hailey	ID	jiujitsu100.com	111 S Main St, Hailey, ID 83333
Gracie Barra Hayden	Hayden	ID	gbhayden.com	978 W Hayden Ave, Hayden, ID 83835
SOMA Jiu-Jitsu Academy Idaho Falls	Idaho Falls	ID	idahofallsbjj.com	1572 N Hitt Road, Idaho Falls, ID 83401
Vibe Jiu Jitsu & Grappling Arts	Idaho Falls	ID	vibejiujitsu.com	1808 E Piper St #1, Idaho Falls, ID 83401
Gracie Jiu-Jitsu Sandpoint	Kootenai	ID	graciesandpoint.com	323 McGhee Rd 107, Kootenai, ID 83840
Gem State Jiu Jitsu	Kuna	ID	gemstatejiujitsu.com	757 E Stagecoach Way Suite 103, Kuna, ID 83634
Arnett's Martial Arts America	Lewiston	ID	martialartsamericaid.com	650 Thain Road, Lewiston, ID 83501
Atlas Jiu Jitsu	Meridian	ID	atlas-jiujitsu.com	2932 N Eagle Rd #101, Meridian, ID 83646
Gracie Barra Meridian	Meridian	ID	graciebarrameridian.com	68 East Fairview Ave, Meridian, ID 83642
JG Academy Meridian	Meridian	ID	jgacademy.net	53 E Calderwood Drive, Meridian, ID 83642
System Jiu-Jitsu	Meridian	ID	systemjiujitsu.com	735 N Ralstin St, Meridian, ID 83642
Team Rhino Gracie Jiu-Jitsu	Meridian	ID	teamrhinoidaho.com	750 S Progress #125, Meridian, ID 83642
The Base Jiu Jitsu Boise	Meridian	ID	jiujitsuboise.com	2640 E State Ave STE 110, Meridian, ID 83642
Casa De Fera Jiu Jitsu	Moscow	ID	cdfjiujitsu.com	214 North Main Street, Suite A, Moscow, ID 83843
V7 Martial Arts	Moscow	ID	v7martialarts.com	
Vital Brothers Brazilian Jiu Jitsu Mountain Home	Mountain Home	ID	vitalbrazilianjiujitsu.com	1250 Sunset Strip, Mountain Home, ID 83647
208 Jiu Jitsu Academy	Nampa	ID	208jiujitsuacademy.com	8849 Grizzly Ln, Nampa, ID 83686
Core Jiu Jitsu	Nampa	ID	corejjidaho.com	1124 1st St S, Nampa, ID 83651
Colossal Fight Company	Pocatello	ID	colossalfightcompany.com	300 North 5th Avenue, Pocatello, ID 83201
Pocatello Jiu Jitsu	Pocatello	ID	pocatellobjj.com	777 Yellowstone Ave Suite D, Pocatello, ID 83201
Gracie Jiu-Jitsu Post Falls	Post Falls	ID	graciepostfalls.com	414 W Seltice Way, Post Falls, ID 83854
PAC Jiu-Jitsu	Rexburg	ID	pacjiujitsu.com	887 Jet Stream Dr, Rexburg, ID 83440
SOMA Jiu-Jitsu Academy Rexburg	Rexburg	ID	rexburgbjj.com	257 N 2nd W, Rexburg, ID 83440
North Idaho Jiu Jitsu	Sandpoint	ID	northidahojiujitsu.com	1411 N Division Ave Unit D, Sandpoint, ID 83864
West Idaho BJJ	Star	ID	westidahobjj.com	11231 W Hercules Dr, Star, ID 83669
Desert Dynasty MMA	Alamogordo	NM	desertdynastymma.com	700 E 1st St #720/#721, Alamogordo, NM 88310
Otero Combat Sports	Alamogordo	NM	oterocombatsports.com	700 E 1st St # 749, Alamogordo, NM 88310
10th Planet Jiu Jitsu Albuquerque	Albuquerque	NM	10pabq.com	237 Eubank Blvd NE, Albuquerque, NM 87123
Coyote Brazilian Jiu Jitsu Academy	Albuquerque	NM	coyotebjj.com	8430 Washington Pl NE, Albuquerque, NM 87113
Gracie Barra Albuquerque	Albuquerque	NM	gbalbuquerque.com	12251 Academy Rd NE #103, Albuquerque, NM 87120
Gracie Barra New Mexico	Albuquerque	NM	gbnewmexico.com	1504 San Pedro Dr NE, Albuquerque, NM 87110
Gracie Barra Westside	Albuquerque	NM	gbwestside.com	3200 La Orilla Rd NW, Albuquerque, NM 87120
Impact Jiu Jitsu Albuquerque	Albuquerque	NM	impactjjabq.com	6509 Lomas Blvd NE, Albuquerque, NM 87110
Invictus Brazilian Jiu Jitsu and Muay Thai Academy	Albuquerque	NM	invictusmartialarts.com	1453 Wyoming Blvd NE, Albuquerque, NM 87112
New Mexico Jiujitsu Academy	Albuquerque	NM	nmjiujitsu.com	5600 San Francisco Rd NE, Albuquerque, NM 87109
Sindalu Brazilian Jiu-Jitsu Albuquerque	Albuquerque	NM	sindalubjj.com	3614 High St NE, Albuquerque, NM 87107
SmartJits Brazilian Jiu Jitsu Academy	Albuquerque	NM	smartjits.life	8520 Pan American Fwy NE, Albuquerque, NM 87113
Round 2 Martial Arts	Aztec	NM	round2martialarts.com	218 N Main Ave, Aztec, NM 87410
San Juan Brazilian Jiu Jitsu	Aztec	NM	sanjuanbjj.com	1409 W Aztec Blvd Suites 4 and 5, Aztec, NM 87410
Kingdom Jiu Jitsu Academy	Carlsbad	NM	kingdombjj.com	113 S Canyon St, Carlsbad, NM 88220
Silverback Jiu Jitsu	Clovis	NM	silverbacksoulbjj.com	1012 Main St, Clovis, NM 88101
Apex Grappling Academy	Deming	NM	ufdeming.com	700 E Florida St, Deming, NM 88030
Gracie Barra Espanola	Espanola	NM	graciebarra.com	1227 N Railroad Ave A5, Espanola, NM 87532
Farmington Jiu Jitsu Academy	Farmington	NM	farmingtonjiujitsu.com	2501 E 20th St #17, Farmington, NM 87401
Megaton Gallup Jiu-Jitsu	Gallup	NM	gallupjiujitsu.com	804 S 2nd St, Gallup, NM 87301
Kings Jiu Jitsu	Las Cruces	NM	kingsjiujitsucruces.com	1001 W Picacho Ave, Ste B, Las Cruces, NM 88005
Zia Martial Arts	Las Cruces	NM	ziamartialarts.com	102 W Conway Ave, Las Cruces, NM 88005
Los Alamos Brazilian Jiu-Jitsu Academy	Los Alamos	NM	losalamosbjj.com	1183 Diamond Drive Suite C, Los Alamos, NM 87544
Sindalu Brazilian Jiu-Jitsu Portales	Portales	NM	sindalubjj.com	1608 E Spruce St #400, Portales, NM 88130
Gracie Barra Rio Rancho	Rio Rancho	NM	gbriorancho.com	1000 Golf Course Rd Suite 109, Rio Rancho, NM 87124
Next Move Jiu Jitsu	Rio Rancho	NM	nmjj.com	3301 Southern Blvd SE Ste 501, Rio Rancho, NM 87124
Academy Jiu Jitsu	Roswell	NM	academyjiujitsu.net	4501 N Main St Ste 9, Roswell, NM 88201
Gracie Barra Roswell	Roswell	NM	graciebarra.com	2801 N Main Suite D, Roswell, NM 88201
10th Planet Jiu Jitsu Santa Fe	Santa Fe	NM	10thplanetsantafe.com	1221 Flagman Way Ste B-1, Santa Fe, NM 87505
Gracie Barra Santa Fe	Santa Fe	NM	santafebjj.com	2801 Rodeo Rd, Suite A6, Santa Fe, NM 87507
Jesse Jacquez Brazilian Jiu-Jitsu Santa Fe	Santa Fe	NM	jessejacquezbjj.com	2235 Henry Lynch Road, Santa Fe, NM 87507
Jesse Jacquez Brazilian Jiu-Jitsu Taos	Taos	NM	jessejacquezbjj.com	216 Paseo Del Canon, Taos, NM 87571
Mata Leao Brazilian Jiu Jitsu	Taos	NM		112 Dona Ana Dr, Taos, NM 87571
G13 Jiu-Jitsu New Mexico	Tijeras	NM	g13bjjnewmexico.com	500 Hwy 333 Ste A, Tijeras, NM 87059
Danny Savery BJJ and Martial Arts Academy	Bristol	RI	dannysaverybjj.com	655 Metacom Avenue, Bristol, RI 02809
Ocean State Studios BJJ	East Providence	RI	oceanstatestudiosbjj.com	89 Valley St, East Providence, RI 02914
Playground Jiu Jitsu	East Providence	RI	playgroundjiujitsu.com	3350 Pawtucket Ave Unit E, East Providence, RI 02914
Elevate Dojo	Exeter	RI	elevatedojo.com	560 S County Trail Building C, Exeter, RI 02822
Ocean State Brazilian Jiu Jitsu	Jamestown	RI	oceanstatebjj.com	16 Douglas Street, Jamestown, RI 02835
Pride Martial Arts and Fitness	Kingston	RI	pridemartialarts.com	1958 Kingstown Road, Kingston, RI 02881
Terrinha BJJ Lincoln	Lincoln	RI	tdtbjj.com	17 Lower Road, Lincoln, RI 02865
Mission First Jiu-Jitsu	Middletown	RI	missionfirstbjj.com	999 West Main Road, Middletown, RI 02842
Just Train	North Kingstown	RI	justtrainri.com	3520 Quaker Ln, North Kingstown, RI 02852
Ricardo Cavalcanti Brazilian Jiu-Jitsu - RI	North Providence	RI	rcbjjri.com	1910 Smith St, North Providence, RI 02911
Team Santos Fighting Academy	Pawtucket	RI	matsantos.com	999 Main Street Suite 112, Pawtucket, RI 02860
Tri-Force MMA	Pawtucket	RI	triforcemma.com	181 Conant St, Pawtucket, RI 02860
Gracie Jiu-Jitsu Providence	Providence	RI	graciejiujitsuprovidence.com	21 Turner St, Providence, RI 02908
Tim Burrill Brazilian Jiu Jitsu	Providence	RI	timburrill.com	55 Porter St, Providence, RI 02905
Renzo Gracie RI	Smithfield	RI	renzogracieri.com	417 Douglas Pike, Smithfield, RI 02917
Braman Jiu Jitsu	Warwick	RI	bramanjiujitsu.com	24 Quaker Lane Unit G, Warwick, RI 02889
Gracie Jiu-Jitsu Warwick	Warwick	RI	graciejiujitsuwarwick.com	2200 Warwick Ave, Warwick, RI 02889
Rilion Gracie Rhode Island	West Warwick	RI	riliongracieri.com	71 Manchester St, West Warwick, RI 02893
Kiefer's Martial Arts	Westerly	RI	kiefersmartialarts.com	114 Granite Street Suite 3, Westerly, RI 02891
Brattleboro Jiu-Jitsu	Brattleboro	VT	brattleborojiujitsu.com	55 Marlboro Rd., Suite 14, Brattleboro, VT 05301
Grind BJJ	Burlington	VT	grindbjjvt.com	294 N Winooski Ave #112B, Burlington, VT 05401
Martial Way Self-Defense Center	Colchester	VT	martialwayvt.com	73 Prim Road, Colchester, VT 05446
Gracie Jiu Jitsu Vermont	Essex Junction	VT	gracievermont.com	90 Center Road, Essex Junction, VT 05452
Granite City MMA	Graniteville	VT	granitecitymmavt.com	223 Church Hill Rd, Graniteville, VT 05654
Kingdom Jiu Jitsu	Hardwick	VT	sites.google.com	154 VT Route 15, Hardwick, VT 05843
Middlebury American Jiu Jitsu Academy	Middlebury	VT	mbjiujitsu.com	812 Exchange Street, Middlebury, VT 05753
Rutland American Jiu Jitsu Academy	Rutland	VT	rutlandjiujitsu.com	228 S Main Street, Rutland, VT 05701
Combat Fitness MMA	Winooski	VT	combatfitnessmma.com	276 East Allen Street, Unit 8, Winooski, VT 05404
Freestyle Martial Arts	Albert Lea	MN	minnesotafighting.com	115 N Newton Ave, Albert Lea, MN 56007
Rio Jitsu	Apple Valley	MN	riojitsu.com	6950 146th St W Suite 118, Apple Valley, MN 55124
Prodigy Martial Arts	Blaine	MN	prodigymartialartsmn.com	1630 101st Ave NE Suite 190, Blaine, MN 55449
Black Arrow Martial Arts	Brainerd	MN	blackarrowmartialarts.com	217 Washington Street, Brainerd, MN 56401
The Academy MN	Brooklyn Center	MN	theacademymn.com	6840 Shingle Creek Pkwy #24, Brooklyn Center MN 55430
Burnsville Martial Arts Academy	Burnsville	MN	burnsvillemartialartsacademy.com	11921 Portland Ave, Burnsville, MN 55337
Tracks Brazilian Jiu-Jitsu	Coon Rapids	MN	tracksbjj.com	11403 Foley Blvd NW, Coon Rapids, MN 55448
Apex Jiu-Jitsu	Duluth	MN	apexjiujitsu.net	228 1/2 N Central Ave, Duluth, MN 55807
Drengr Jiu-Jitsu	Duluth	MN	drengrjiujitsu.com	230 E Superior St, Duluth, MN 55802
Minnesota Top Team	Eagan	MN	minnesotatopteam.com	3500 Dodd Rd, Eagan, MN 55123
Gorilla Combat	Eden Prairie	MN	gorillacombat.com	7887 Fuller Rd STE #101, Eden Prairie, MN 55344
World Jiu Jitsu Academy	Eden Prairie	MN	wjja4u.com	6900 Shady Oak Rd #100, Eden Prairie, MN 55344
Alliance Jiu Jitsu MPLS	Edina	MN	alliancebjjmn.com	7387 Bush Lake Road, Edina, MN 55439
The Academy Eden Prairie	Edina	MN	academyedenprairie.com	7501 Washington Ave S, Edina, MN 55439
The Academy Elk River	Elk River	MN	academyelkriver.com	17375 US Highway 10, Elk River, MN 55330
Hamel Jiu Jitsu Club	Hamel	MN	hameljiujitsu.com	770 Tower Drive, Hamel, MN 55340
Iron Academy Martial Arts	Hibbing	MN	ironacademymartialarts.com	2225 1st Ave, Hibbing, MN 55746
Isanti Grappling Club	Isanti	MN	isantigrapplingclub.com	101 Isanti Parkway NW Suites C, D and E, Isanti, MN 55040
Resilience Martial Arts	Lakeville	MN	resilience-ma.com	17630 Juniper Path Suite G, Lakeville, MN 55044
Warrior's Cove Martial Arts and Fitness Little Canada	Little Canada	MN	warriorscove.com	2900 Rice Street, Little Canada, MN 55113
Kato Jiujitsu	Mankato	MN	katojiujitsu.com	410 Park Lane, Mankato, Minnesota 56001, United States
Mark44 Martial Arts Academy	Mankato	MN	mark44mma.com	219 S. Victory Dr., Mankato, MN 56001
United Jiu Jitsu	Maplewood	MN	ujjmn.com	2055 White Bear Ave Suite 100, Maplewood, MN 55109
MKG Martial Arts Minneapolis	Minneapolis	MN	mnkali.com	4532 Chicago Avenue, Minneapolis, MN 55407
Migration BJJ	Minneapolis	MN	migrationbjj.com	5406 S 34th Ave, Minneapolis, MN 55417
Southside Brazilian Jiu Jitsu	Minneapolis	MN	southsidebrazilianjiujitsu.com	2303 Kennedy St NE, Minneapolis, MN 55413
Motion City	New Brighton	MN	motioncitybjj.com	550 County Rd D West #2, New Brighton, MN 55112
Spartan Martial Arts	Oakdale	MN	spartanmartialartsgym.com	432 Hayward Ave N, Oakdale, MN 55128
The Flow Lab Owatonna	Owatonna	MN	theflowlabowatonna.com	1010 Hoffman Dr NW, Owatonna, MN 55060
The Academy Plymouth	Plymouth	MN	academyplymouth.com	13605 27th Ave N, Plymouth, MN 55441
American MMA	Prior Lake	MN	american-mma.com	14869 Hwy 13 S, Prior Lake, MN 55372
UnderGround Boxing & Brazilian Jiu-Jitsu	Red Wing	MN	ugroundboxing.com	415 Main St, Red Wing, MN 55066
Tensei Jiu-Jitsu	Richfield	MN	tenseibjj.com	1309 E 66th St, Richfield, MN 55423
Imperial Training Center	Rochester	MN	imperialtrainingcenter.com	2571 Clare Ln NE Unit 102, Rochester, MN 55906
Mario Roberto Jiu-Jitsu Academy	Rochester	MN	mrjja.com	4915 Hwy 52 N Suite B, Rochester, MN 55901
Stock Martial Arts	Rochester	MN	stockmartialarts.com	1608 US-52, Rochester, MN 55901
The Cellar Gym	Roseville	MN	thecellargym.com	2480 Fairview Ave N, #11, Roseville, MN 55113
Royce Gracie Jiu Jitsu Academy Shakopee	Shakopee	MN	rgjjmn.com	1038 1st Avenue E, Shakopee, MN 55379
Start BJJ Minnesota	St. Cloud	MN	startbjjminnesota.squarespace.com	3333 W Division Street Suite 220, Saint Cloud, MN 56301
M-Theory Martial Arts	St. Louis Park	MN	mtheorymartialarts.com	5700 W 36th St, St Louis Park, MN 55416
Warrior's Cove Martial Arts and Fitness	St. Louis Park	MN	warriorscove.com	7107 Cedar Lake Rd, Saint Louis Park, MN 55426
Bellum Brazilian Jiu Jitsu	St. Paul	MN	bellumbrazilianjiujitsu.com	655 Fairview Avenue, St. Paul, MN 55104
Grappler Station	St. Paul	MN	grapplerstation.com	2015 Ford Pkwy, St Paul, MN 55116
St. Paul Brazilian Jiu Jitsu Academy	St. Paul	MN	bjjacademymn.com	322 Chester St, St. Paul, MN 55107
Higher Ground Brazilian Jiu-Jitsu	White Bear Lake	MN	hgbjjmn.com	4395 Lake Ave S, White Bear Lake, MN 55110
Flow Jiu-Jitsu Winona	Winona	MN	winonabjj.com	168 E Third St, Winona, MN 55987
Next Level Combat	Woodbury	MN	nextlevelcombat.com	1890 Wooddale Drive, Suite 600, Woodbury, MN 55125
Gracie United Hancock	Bay St. Louis	MS	hancockbjj.com	835 US-90 Suite 22, Bay St Louis, MS 39520
Gracie Gulf Coast Brazilian Jiu-Jitsu	Biloxi	MS	graciegc.com	1937 Pass Road, Biloxi, MS 39531
Gulf Coast Jiu Jitsu	Biloxi	MS	gulfcoastjiujitsu.net	2575 Pass Rd Ste A, Biloxi, MS 39531
Leonardo Delgado Jiu-Jitsu Academy	Biloxi	MS	selfdefensedibervillems.com	15513 Lemoyne Blvd, Biloxi, MS 39532
Grapple Jiu Jitsu	Brandon	MS	grapplejiujitsu.com	1576 Old Fannin Road Suite D, Brandon, MS 39047
Rankin Jiu-Jitsu Academy	Brandon	MS	rankinjiujitsu.com	114 E Business Park Dr Ste I, Brandon, MS 39042
Pursuit Jiu Jitsu	Brookhaven	MS	pursuitjj.com	929 West Chickasaw St, Brookhaven, MS 39601
Relentless Mixed Martial Arts	Columbus	MS	relentless-mma.com	128 S. McCrary Rd, Columbus, MS 39702
American Top Team D'Iberville	D'Iberville	MS	attdiberville.com	
Gracie United - Team Jucao Hancock County in Diamondhead	Diamondhead	MS	hancockbjj.com	17077 Kapalama Dr Suite C, Pass Christian, MS 39571
No Limit Combatives	Flowood	MS	nolimitflowood.com	1679 Old Fannin Road Suite I, Flowood, Mississippi 39232
Precision Martial Arts Academy Flowood	Flowood	MS	mississippijiujitsu.com	901 Lakeland Pl., Flowood, MS 39232
Gracie United Hattiesburg	Hattiesburg	MS	championfactory.com	5004 Lincoln Rd, Hattiesburg, MS 39402
Team Hopkins Hattiesburg	Hattiesburg	MS	teamhopkinsjiujitsu.com	22 Commercial Warehouse Drive, Hattiesburg, MS 39402
KC Jones Martial Arts	Long Beach	MS	kcjonesmartialarts.com	
Anthony Mitchell Jiu Jitsu Studio	Madison	MS	bigantbjj.com	316 Old Jackson Road, Madison, MS, USA
Relson Gracie 601 Jiu-Jitsu and MMA	Meridian	MS		2210 Front St, Meridian, MS 39301
Gracie Jiu-Jitsu Ocean Springs	Ocean Springs	MS	gracieoceansprings.com	2200 Bienville Blvd Suite D, Ocean Springs, MS 39564
Shackelford's MMA Center	Olive Branch	MS	shackelfordsmma.com	8804 Caroma St STE 155, Olive Branch, MS 38654
Stratos Jiu Jitsu	Olive Branch	MS	stratosbjj.com	4850 Goodman Rd, Suite 207, Olive Branch, MS 38654
662 JiuJitsu	Oxford	MS	jiujitsuoxford.com	1903 University Ave Suite 11, Oxford, MS 38655
Gracie South Jiu-Jitsu of Pearl	Pearl	MS	graciesouthjiujitsupearl.com	
Graham MMA	Petal	MS	grahammma.com	300 McInnis Street, Petal, Mississippi 39465
Gracie South Jiu Jitsu Headquarters	Ridgeland	MS	graciesouth.com	775 Lake Harbour Dr Suite E, Ridgeland, MS 39157
Summit Fitness Kickboxing and Jiu Jitsu	Starkville	MS	starkvillefitnesskickboxing.com	400 Industrial Park Rd G, Starkville, MS 39759
Tupelo Jiu Jitsu Academy	Tupelo	MS	tupelojiujitsuacademy.com	811b Varsity Drive, Tupelo, MS 38801
Gracie United Wiggins	Wiggins	MS	championfactory.com	323 South Magnolia Drive, Wiggins, MS 39577
10th Planet Jiu-Jitsu Auburn	Auburn	NE	10thplanetauburn.com	1916 O Street, Auburn, NE 68305
10th Planet Jiu-Jitsu Omaha	Bellevue	NE	10thplanetomaha.com	1512 Harlan Drive, Bellevue, NE 68005
Bellevue Academy of Brazilian Jiu Jitsu	Bellevue	NE	bellevuebjj.com	2851 Capehart Rd Suites I&J, Bellevue, NE 68123
Kassebaum's Martial Arts	Bellevue	NE	nebraskakma.com	2111 Harvell Dr, Bellevue, NE 68005
Elkhorn BJJ	Elkhorn	NE	elkhornbjj.com	3203 N 204th St, Elkhorn, NE 68022
Kearney Combat Sports and Fitness	Kearney	NE	kearneycombatsports.com	2219 Central Ave, Kearney, NE 68847
Lincoln Brazilian Jiu-Jitsu Center - College View	Lincoln	NE	lincolnbjj.com	4707 Prescott Ave, Lincoln, NE 68506
Lincoln Brazilian Jiu-Jitsu Center - Havelock	Lincoln	NE	lincolnbjjnorth.com	6317 Havelock Ave, Lincoln, NE 68507
West O Dojo	Lincoln	NE	westodojo.com	201 Capitol Beach Blvd. Suite 10, Lincoln, NE 68528
SIMS Dojo Nebraska City	Nebraska City	NE	learn.simsdojo.net	1121 Central Avenue, Nebraska City, NE 68410
Top Tier MMA and Boxing	North Platte	NE	toptier.ninja	495 W State Farm Rd, North Platte, NE 69101
Ares Brazilian Jiu-Jitsu Omaha	Omaha	NE	nebraskabjj.com	4307 S. 120th St, Omaha, NE 68137
Carlson Gracie Omaha Coyote BJJ Team	Omaha	NE	carlsongracieomaha.com	10730 Pacific St Suite 060, Omaha, NE 68114
Gracie Jiu-Jitsu Omaha	Omaha	NE	gracieomaha.com	10605 Burt Circle, Omaha, NE 68116
Lokahi Jiu-Jitsu Collective	Omaha	NE	lokahiomaha.com	14535 Industrial Rd, Omaha, NE 68144
Mid America Martial Arts	Omaha	NE	midamericamartialarts.com	14951 Chandler Rd, Omaha, NE 68138
Narrow Path Martial Arts	Omaha	NE	npmaomaha.com	18101 R. Plaza #103, Omaha, NE 68135
Omaha's Academy of Brazilian Jiu Jitsu	Omaha	NE	oabjj.com	4518 South 132nd Street, Omaha, NE 68137
Premier Combat Center	Omaha	NE	premiercombatcenter.com	13540 Discovery Drive, Omaha, NE 68137
Gracie Humaita Omaha	Papillion	NE	graciehumaitaomaha.com	823 Tara Plaza, Papillion, NE 68046
Legacy BJJ Omaha	Papillion	NE	legacybjjomaha.com	11446 Valley Ridge Drive, Papillion NE 68046
White Mtn. Brazilian Jiu-Jitsu and MMA Club	Ashland	NH	whitemtbjj.com	13 West Street, Ashland, NH 03217
National Institute of Modern Martial Arts	Claremont	NH	nimmadojo.com	140 North Street, Claremont, New Hampshire, 03743
Leverage BJJ NH	Concord	NH	leveragebjjnh.com	80 South Main St, Unit C, Concord, NH 03301
New England BJJ Academy	Concord	NH	nebjj.com	30 Henniker St. Unit 9, Concord, NH 03301
Primal Jiu Jitsu and Mixed Martial Arts	Derry	NH	primaljiujitsuacademy.com	6 A Street, Derry, NH 03038
Professional Martial Arts Academy Derry	Derry	NH	pmaderry.com	15 E Broadway, Derry, NH 03038
Kevin Watson Brazilian Jiu-Jitsu	Dover	NH	kwbjj.com	1200 Industrial Park Drive, Dover, NH 03820
Limitless Pride Martial Arts and Fitness Center	East Hampstead	NH	limitlesspridemartialarts.com	320 Sandown Rd, East Hampstead, NH 03826
Upper Valley Brazilian Jiu Jitsu	Enfield	NH	uppervalleybjj.com	Town Center Park, 502 US Route 4, Enfield, NH 03748
Hero Jiu Jitsu	Exeter	NH	herojiujitsu.com	3 Holland Way, Exeter, NH 03833
Renzo Gracie NH Exeter	Exeter	NH	renzogracienh.org	34 Portsmouth Avenue, Exeter NH 03833
Elements MMA	Keene	NH	elements-mma.com	310 Marlboro Street, Suite 264, Keene, NH 03431
Infinity Gracie Brazilian Jiu Jitsu	Lebanon	NH	gracieuppervalley.com	45 Hanover St. Penthouse STE, Lebanon, NH 03766
Brazilian Top Team Londonderry	Londonderry	NH	bttlondonderry.com	73 Rockingham Rd BLD Left, Londonderry, NH 03053
Valle Brazilian Jiu Jitsu	Londonderry	NH	vallebjj.com	44 Nashua Road 20 B, Londonderry, NH 03053
Bare Knuckle Murphy	Manchester	NH	bareknucklemurphy.com	163 Lake Avenue, Manchester, NH 03104
Burgess Academy of BJJ and MMA	Manchester	NH	burgessmma.com	9 Old Falls Road, Manchester, New Hampshire 03103, United States
Full Circle Martial Arts and Fitness Center	Manchester	NH	fullcirclemafc.com	880 Page St, Manchester, NH 03109
Renzo Gracie NH Manchester	Manchester	NH	renzogracienh.org	590 Second Street, Manchester, NH 03102
The Martial Arts Zone	Manchester	NH	themartialartszone.com	31 Auburn St, Manchester, NH 03103
Bazzani BJJ	Nashua	NH	bazzanibjj.com	23 Dumaine Ave Unit 4, Nashua, NH 03063
Blue Wave Brazilian Jiu Jitsu	Nashua	NH	bluewavejiujitsu.com	1 Progress Ave, Nashua, NH, 03062
Triumph Brazilian Jiu-Jitsu	Nashua	NH	teamtriumphbjj.com	2 Townsend West Unit 4, Nashua, NH 03063
Granite State BJJ	North Hampton	NH	granitestatebjj.com	10 Lafayette Rd, North Hampton, NH 03862
Heavy Mettle Jiu Jitsu	North Hampton	NH	heavymettlejj.com	69 Lafayette Road, Unit 7, North Hampton, NH 03862
Professional Martial Arts Academy Plaistow	Plaistow	NH	pmaplaistow.com	37 Plaistow Rd, Plaistow, NH 03865
Sanders Jiu Jitsu	Rochester	NH	sandersbjjacademy.com	25 Old Dover Rd, Unit E, Rochester, NH 03867
New England Top Team	Salem	NH	newenglandtopteam.com	8D Industrial Way Unit 7, Salem, NH 03079
Off Your Back BJJ Academy	Salem	NH	offyourbackbjj.com	224 North Broadway, Salem, NH 03079
Nostos MMA	Somersworth	NH	nostos-mma.com	1 Somersworth Plaza, Somersworth, NH 03878
Renzo Gracie NH Windham	Windham	NH	renzogracienh.org	16 Rockingham Rd, Windham, NH 03087
Renzo Gracie South Carolina	Anderson	SC	renzograciesc.com	4474 Liberty Highway, Anderson, SC 29621
Beaufort MMA	Beaufort	SC	beaufortmma.com	2127 Boundary St, Suite 14-B, Beaufort, SC 29902
May River BJJ	Bluffton	SC	mayriverbjj.com	1 Sherington Dr Suite D, Bluffton, SC 29910
Riptide Mixed Martial Arts Academy	Bluffton	SC	riptidemma.com	36 Persimmons St., Suite 303, Bluffton, SC 29910
Black Label Martial Arts	Charleston	SC	blacklabelmartialarts.com	1850 Wallace School Rd, Charleston, SC 29407
Gracie Barra West Ashley	Charleston	SC	gbwestashley.com	874 Orleans Rd Unit 4, Charleston, SC 29407
Jitsu Academy SC	Columbia	SC	jitsuacademy.com	
Spartan Academy MMA	Columbia	SC	spartanacademymma.com	6169 Saint Andrews Rd. Ste 130, Columbia, SC 29212
Ozone Brazilian Jiu-Jitsu	Florence	SC	ozonebjj.co	1735 South Irby St, Florence, SC 29505
Great Grappling Brazilian Jiu Jitsu	Fort Mill	SC	greatgrappling.com	2040 Carolina Pl Dr, Fort Mill, SC 29708
Lucas Lepri Jiu Jitsu Academy Fort Mill	Fort Mill	SC	lepribjj.com	1852 Highway 160, Suite 105, Fort Mill, SC 29708
FightWorks Academy	Greenville	SC	fightworksacademy.com	1200 Woodruff Road Suite E-2, Greenville, SC 29607
Greenville Alliance Jiu Jitsu	Greenville	SC	alliancegreenville.com	117 Haywood Rd Suite B, Greenville, SC 29607
Senzo Jiu-Jitsu Academy	Greenville	SC	senzobjj.com	3225 N Pleasantburg Dr Ste D, Greenville, SC 29609
Divinus Lux Jiu Jitsu	Greenwood	SC	divinusluxjiujitsu.com	1310 Bypass 72 Northeast, Greenwood, SC 29649
Rilion Gracie Greenville	Greer	SC	riliongraciegreenville.com	600 N Main St Ste D, Greer, SC 29650
Red Fox Brazilian Jiu-Jitsu	Hartsville	SC	redfoxbjj.com	821 South Fifth Street, Hartsville, SC 29550
Revolution Martial Arts and Performance Fitness	Inman	SC	revolution-martialarts.com	6400 Highway 9, Inman, SC 29349
Columbia Self Defense	Irmo	SC	columbiaselfdefense.com	10071 Broad River Road, Irmo, SC 29063
Gracie Jiu-Jitsu Lexington Carter's Academy	Lexington	SC	gracielexington.com	1216-G West Main Street, Lexington, SC 29072
Believe Jiu Jitsu	Moncks Corner	SC	believejiujitsu.com	3514 S. Live Oak Dr, Unit D, Moncks Corner, SC 29461
Heritage Jiu-Jitsu	Moncks Corner	SC	heritagebjj.com	314 Rembert C. Dennis Blvd, Moncks Corner, SC 29461
Houzn Jiu Jitsu Academy	Mount Pleasant	SC	houznjiujitsu.academy	498 Wando Park Blvd. Suite 100, Mount Pleasant, SC 29464
Royce Gracie Academy Mount Pleasant	Mount Pleasant	SC	roycegraciemp.com	1007 Johnnie Dodd's Blvd Suite 123, Mount Pleasant, SC 29464
Myrtle Beach BJJ and Judo	Murrells Inlet	SC	myrtlebeachbjj.com	American 24 Fitness, 3334 US-17 Bus, Murrells Inlet, SC 29576
Checkmat Myrtle Beach	Myrtle Beach	SC	checkmatmbsc.com	3721 Wesley Street, Myrtle Beach, SC 29579
Kilo Delta BJJ and MMA	Myrtle Beach	SC	kilodeltabjjsc.com	568 George Bishop Pkwy, Myrtle Beach, SC 29579
TAP Brazilian Jiu-Jitsu Academy	Rock Hill	SC	tapbjjacademy.com	1539 Celanese Rd Suite 103, Rock Hill, SC 29732
Spartanburg Jiu-Jitsu	Spartanburg	SC	spartanburgjiujitsu.com	
Gracie Barra Summerville	Summerville	SC	gbsummerville.com	801 N. Main St, Summerville, SC 29483
Airdrie Martial Arts Centre	Airdrie	AB	airdriemartialartscentre.ca	28 Gateway Drive, Airdrie, AB T4B 0J6
Jiu-Jitsu For Life Airdrie	Airdrie	AB	jiujitsuforlifeairdrie.com	46 Baysprings Way, Airdrie, AB T4B 4C4
Ground Control Academy	Ardrossan	AB	groundcontrolacademy.ca	60 First Ave, Ardrossan, AB T8E 2A2
101 Academy	Calgary	AB	101academy.ca	5192 80 Ave SE, Calgary, AB
Affinity Academy Nolan Hill	Calgary	AB	affinityacademy.ca	318 Nolanridge Cres NW Unit 320, Calgary, AB T3R 1W9
Affinity Academy Varsity	Calgary	AB	affinityacademy.ca	5403 Crowchild Trail NW Unit 215, Calgary, AB T3B 4Z1
Alavanca	Calgary	AB	alavanca.ca	209 16 Ave NE, Calgary, AB T2E 1J9
Alliance BJJ Calgary	Calgary	AB	alliancebjjcalgary.com	Deer Run Shopping Center, 1172 137 Avenue SE, Calgary, AB T2J 6N5
Arashi-Do Martial Arts Calgary NE Deerfoot McCall Lake	Calgary	AB	arashido.com	1120 53 Ave NE Unit 101C, Calgary, AB T2E 6N9
Arashi-Do Martial Arts Calgary SE Deerfoot Douglasdale	Calgary	AB	arashido.com	252-11488 24 Street SE, Calgary, AB T2Z 4C9
Arashi-Do Martial Arts Calgary SW Rutland Park	Calgary	AB	arashido.com	3130 40 Avenue SW, Calgary, AB T3E 4T2
Arashi-Do Martial Arts Calgary South Acadia	Calgary	AB	arashido.com	8318 Fairmount Drive SE, Calgary, AB T2H 0Y8
Arashi-Do Martial Arts Calgary West Springbank	Calgary	AB	arashido.com	250021 Mountain View Trail Bay D, Calgary, AB T3Z 3S3
Authentic Jiu Jitsu	Calgary	AB	authenticjiujitsu.com	3616 52 Ave NW, Calgary, AB T2L 1V9
Carlson Gracie Calgary	Calgary	AB	carlsongraciecalgary.com	7060 Farrell Road SE Bay D, Calgary, AB T2H 0T2
Champion's Creed Martial Arts North	Calgary	AB	championscreed.ca	Unit 13, 5720 Silver Springs Blvd NW, Calgary, AB T3B 4N7
Champion's Creed Martial Arts South	Calgary	AB	championscreed.ca	119 42 Ave SW, Calgary, AB T2G 1Y2
Dynamic MMA Calgary	Calgary	AB	dynamicmma.ca	1237 45 Ave NE, Calgary, AB T2E 2P2
Gracie Barra Calgary	Calgary	AB	graciebarracalgary.ca	10 - 8989 Macleod Trail SW, Calgary, AB T2H 0M2
JR Academy	Calgary	AB	jracademy.co	6031 3 St SE, Calgary, AB T2H 1K3
Main Quest BJJ	Calgary	AB	mainquestbjj.com	5, 6020 1A Street SW, Calgary, AB T2H 0G3
Rocky Mountain Brazilian Jiu Jitsu	Calgary	AB	rockymountainbjj.com	6419 Bowness Road NW Second Level, Calgary, AB T3B 0E6
The Old Way Jiu-Jitsu	Calgary	AB	theoldwayjiujitsu.com	Unit 150, 10233 Elbow Drive SW, Calgary, AB T2W 1E8
Tried & True Jiu Jitsu	Calgary	AB	triedandtruejj.ca	7056 Philips Court, 7056 Farrell Rd SE, Calgary, AB T2H 0T2
Upper Academy & Alliance Brazilian Jiu-Jitsu	Calgary	AB	upperacademy.ca	2020 32 Avenue NE Bay I, Calgary, AB T2E 6T4
Dark Horse Martial Arts	Canmore	AB	darkhorsemartialarts.ca	306 Bow Valley Trail, Canmore, AB T1W 0N2
Arashi-Do Martial Arts Cochrane	Cochrane	AB	arashido.com	4105, 101 Sunset Dr, Cochrane, AB T4C 0B4
Arashi-Do Martial Arts Edmonton East	Edmonton	AB	arashido.com	12127 54th St., Edmonton, AB T5W 3N4
Arashi-Do Martial Arts Edmonton North	Edmonton	AB	arashido.com	12730 St Albert Trail NW, Edmonton, AB T5L 4S5
Arashi-Do Martial Arts Edmonton South	Edmonton	AB	arashido.com	1803 91 St SW Unit 116, Edmonton, AB T6X 0W8
Arashi-Do Martial Arts Edmonton West Mayfield	Edmonton	AB	arashido.com	17885 106A Ave NW, Edmonton, AB T5S 1V8
Bairro Brazilian Jiu-Jitsu Academy	Edmonton	AB	bairro.ca	10542 106 St, Edmonton, AB T5H 2X6
Bairro Martial Arts Academy South	Edmonton	AB	bairro.ca	5222 86 St NW, Edmonton, AB T6E 5J6
Black Sails Brazilian Jiu Jitsu	Edmonton	AB	blacksailsbjj.com	9746 54 Ave NW, Edmonton, AB T6E 0A9
Bravé MMA and Fitness	Edmonton	AB	bravemmaandfitness.com	10023 168 St NW, Edmonton, AB T5P 3W9
Edmonton Gracie Jiu-Jitsu	Edmonton	AB	edmontongraciejiujitsu.com	5637 Riverbend Road NW, Edmonton, AB T6H 5K4
Elite Taekwondo and Brazilian Jiu Jitsu	Edmonton	AB	eliteedmonton.ca	9831 45 Ave NW, Edmonton, AB T6E 5C8
Gracie Barra Edmonton	Edmonton	AB	graciebarra.com	11500 170 St NW, Edmonton, AB T5S 1J7
Kamikaze Punishment Foundation	Edmonton	AB	kpfit.ca	12034 Fort Rd NW, Edmonton, AB T5B 4H1
Kazoku BJJ	Edmonton	AB	kazokubjj.ca	4359 68 Ave NW, Edmonton, AB T6B 2N2
Munduruca North Edmonton BJJ	Edmonton	AB	northedmontonbjj.com	14809 Yellowhead Trail, Edmonton, AB T5L 3C4
SBG Edmonton	Edmonton	AB	straightblastgymedmonton.com	11714 82 Street Northwest, Edmonton, AB T5B 2V9
The Ludus Martial Arts Academy	Edmonton	AB	ludusmartialarts.ca	9547 42 Ave NW, Edmonton, AB T6E 5R2
Arashi-Do Martial Arts Edson	Edson	AB	arashido.com	5023 4 Ave, Edson, AB T7E 1T3
Heiho Dojo	Grande Prairie	AB	heihodojo.ca	10015 100 Ave, Grande Prairie, AB T8V 0V2
The Komodo Academy	Grande Prairie	AB	thekomodoacademy.com	10016 110 Avenue, Grande Prairie, AB
Arashi-Do Martial Arts Hinton	Hinton	AB	arashido.com	127 Athabasca Ave, Hinton, AB T7V 2A4
Arashi-Do Martial Arts Leduc	Leduc	AB	arashido.com	207-6051B 47 St., Leduc, AB T9E 7A5
Canadian Martial Arts Centre	Lethbridge	AB	cmcmma.com	3307 3 Ave S, Lethbridge, AB
Gracie Barra Lethbridge	Lethbridge	AB	gblethbridge.com	731 30 St N Unit 10, Lethbridge, AB
Progressive Fighting Academy	Lethbridge	AB	pfakickboxing.com	1720 2 Avenue South, Lethbridge, AB
Resilience Brazilian Jiu Jitsu	Medicine Hat	AB	rbjj.ca	640 Kingsway Ave SE, Medicine Hat, AB T1A 2W9
Arashi-Do Martial Arts Olds	Olds	AB	arashido.com	4806 50 Ave., Olds, AB T4H 1P5
Arashi-Do Martial Arts Penhold	Penhold	AB	arashido.com	108 - 9 Hawkridge Blvd, Penhold, AB T0M 1R0
Arashi-Do Martial Arts Red Deer	Red Deer	AB	arashido.com	Unit 104, 179 Clearview Drive, Red Deer County, AB T4E 0A1
KENSEI MMA	Red Deer	AB	kensei.ca	4768 Riverside Dr Unit 2, Red Deer, AB T4P 1M6
Arashi-Do Martial Arts Sherwood Park	Sherwood Park	AB	arashido.com	38 Sioux Rd, Sherwood Park, AB T8A 4X1
Frontline Academy Canada	Sherwood Park	AB	frontlinebjj.com	214 Sioux Road, Sherwood Park, AB T8A 3X5
Black Gold Jiu-Jitsu Academy	Spruce Grove	AB	blackgoldbjj.com	123 - 20 Westwind Drive, Spruce Grove, AB T7X 2E3
Complete Fitness and Martial Arts	St. Albert	AB	stalbertmartialarts.com	40 Chisholm Ave Unit 60, St. Albert, AB T8N 7K6
Hayabusa Training Centre	St. Albert	AB	hayabusatrainingcentre.com	175 Carleton Drive Suite 150, St. Albert, AB T8N 4J9
Ironside Martial Arts St. Albert	St. Albert	AB	ironsidemartialarts.ca	135 - 44 Riel Drive, St. Albert, AB T8N 3Z8
Limitless BJJ Edmonton	St. Albert	AB	limitlessbjjedmonton.com	215 Carnegie Dr #2, St. Albert, AB T8N 5B1
The Dojo MMA	St. Albert	AB	thedojomma.com	125 Carleton Drive Unit 204, St. Albert, AB T8N 3S6
Arashi-Do Martial Arts Sylvan Lake	Sylvan Lake	AB	arashido.com	Unit 4, 14 Thevanaz Industrial Trail, Sylvan Lake, AB T4S 2J5
Arte Suave Jiu Jitsu Academy	Beckley	WV	artesuavebeckley.com	321 South Fayette Street, Beckley, WV 25801
Family Martial Arts and Gracie Jiu-Jitsu Beckley	Beckley	WV	fmawv.com	311 Beckley Plaza, Beckley, WV 25801
Ground Zero BJJ Bridgeport	Bridgeport	WV	groundzerobjjbridgeport.com	529 E Main St Ste 6, Bridgeport, WV 26330
Body Armor MMA	Buckhannon	WV	bodyarmorwv.com	191 Vicksburg Rd, Buckhannon, WV 26201
Butch Hiles Brazilian Jiu-Jitsu and MMA	Charleston	WV	advancedbkj.com	410 Summers Street, Charleston, WV 25301
Team Luiz Palhares of West Virginia - Imperium Jiu-Jitsu	Elkins	WV	bjjclub.weebly.com	2285 Beverly Pike Suite 5, Elkins, WV 26241
Andrew Pardee Brazilian Jiu-Jitsu Academy	Follansbee	WV	andrewpardeebjj.com	134 May Road, Follansbee, WV 26037
Ground Zero Fighting Systems Huntington	Huntington	WV	gzfshuntington.wordpress.com	1639 7th Avenue, Huntington, WV 25701
Category Five Jiu-Jitsu	Hurricane	WV	c5jj.com	270 Progress Way Unit A2, Hurricane, WV 25526
Relson Gracie Jiu-Jitsu of West Virginia	Hurricane	WV	relsongraciewv.com	3551 Teays Valley Rd, Hurricane, WV 25526
Revelations Brazilian Jiu-Jitsu	Inwood	WV	revelationsbjj.wordpress.com	209 Middleway Pike, Inwood, WV 25428
Spectrum Jiu Jitsu	Kearneysville	WV	spectrumjiujitsu.com	59 Ruland Road Suite A, Kearneysville, WV 25430
True Elevation Brazilian Jiu Jitsu	Kearneysville	WV	tpfgym.com	362 W Burr Blvd, Kearneysville, WV 25430
Stellar Jiu Jitsu	Lewisburg	WV	stellarjj.com	232 Lee St Building D, Lewisburg, WV 24901
Elite Martial Arts and MMA	Martinsburg	WV	elitemartialartsandmma.com	295 Monroe Street, Martinsburg, WV 25402
Nine Realms MMA and Freya Jiu Jitsu	Martinsburg	WV	ninerealmsmma.net	204 North Queen Street, Martinsburg, WV 25401
Renzo Gracie Martinsburg	Martinsburg	WV	renzograciemartinsburg.com	1211 N Queen Street, Martinsburg, WV 25405
Black Cat MMA	Morgantown	WV	morgantownmma.com	9500 Mall Rd Ste 217, Westover, Morgantown, WV 26501
Ground Zero Fighting Systems	Morgantown	WV	teamgzfs.com	5000 Green Bag Road Ste E3 and E5, Mountaineer Mall, Morgantown, WV 26501
Renzo Gracie Brazilian Jiu Jitsu Morgantown	Morgantown	WV	renzograciemorgantown.com	300 Frederick Lane, Morgantown, WV 26508
Team Junqueira Brazilian Jiu Jitsu	Morgantown	WV	teamrjbjj.com	308 Cheat Road, Morgantown, WV 26508
Oak Hill Brazilian Jiu-Jitsu	Oak Hill	WV		
The Compound Mixed Martial Arts Training Center	Pleasant Valley	WV	thecompoundmmatc.com	2331 Rollingwoods Dr, Pleasant Valley, WV 26554
Nova Jiu Jitsu	Ronceverte	WV	nova-wv.com	8484 Seneca Trail S, Ronceverte, WV 24970
Mountain State Jiu-Jitsu	South Charleston	WV	mountainstatejiujitsu.com	1101 Jefferson Road, South Charleston, WV 25309
Parkersburg Martial Arts Center	Vienna	WV	parkersburgbjj.com	101 12th St, Vienna, WV
West Karate & Brazilian Jiu Jitsu	Weirton	WV	westkarateofweirton.com	328 Penco Rd, Weirton, WV 26062
Bullpen Fight Club WV	Wheeling	WV	bullpenfightclub.com	Nelson Jordan Center, 1100-1198 Charles St, Wheeling, WV 26003
Burridge Martial Arts and Fitness	Abbotsford	BC	maxburridge.com	2631 Gladys Avenue, Abbotsford, BC V2S 3X6
Genesis Martial Arts	Abbotsford	BC	genesismartialarts.ca	102 - 2313 West Railway Street, Abbotsford, BC V2S 2E3
Pacific Top Team Abbotsford	Abbotsford	BC	pttabbotsford.com	2427 Pauline Street, Abbotsford, BC
BVJJ	Burnaby	BC	bvjj.ca	3710 Canada Way, Burnaby, BC V5G 1G4
Budo Mixed Martial Arts Burnaby	Burnaby	BC	budoburnaby.com	3972 Hastings St, Burnaby, BC V5C 6C1
GFTeam Canada	Burnaby	BC	gfteamcanada.ca	5528 Kingsway, Burnaby, BC V5H 2G2
Gracie Barra Burnaby	Burnaby	BC	gbburnaby.com	4277 Kingsway m24, Burnaby, BC V5H 3Z2
Gracie Barra North Burnaby	Burnaby	BC	gbnorthburnaby.com	4029 Hastings Street, Burnaby, BC V5C 2J1
InFighting Training Centres	Burnaby	BC	infighting.ca	010-4664 Lougheed Hwy, Burnaby, BC V5C 3Y2
Kajan Johnson MMA	Burnaby	BC	kajanjohnsonmma.com	7759 Edmonds St, Burnaby, BC V3N 1B8
North Burnaby Brazilian Jiu Jitsu	Burnaby	BC	northburnabyjiujitsu.com	4543 Hastings Street, Burnaby, BC V5C 2K3
Disciple BJJ	Campbell River	BC	disciplebjj.ca	220 Dogwood Street, Campbell River, BC V9W 2X9
Pure Martial Arts and Fitness	Campbell River	BC	puremartialarts.ca	1426 Ironwood St, Campbell River, BC V9W 5T5
Chilliwack Jiu Jitsu	Chilliwack	BC	chilliwackjiujitsu.ca	45844 Yale Rd Unit 1, Chilliwack, BC
Gracie Barra Chilliwack	Chilliwack	BC	gbchilliwack.com	45945 Wellington Ave, Chilliwack, BC V2P 2C6
Hiscoe Jiu-Jitsu	Chilliwack	BC	hiscoejiujitsu.com	17-8635 Young Rd, Chilliwack, BC V2P 4P3
Pacific Top Team Chilliwack	Chilliwack	BC	pttchilliwack.ca	7-7355 Vedder Road, Chilliwack, BC
Legacy Brazilian Jiu Jitsu Academy	Coquitlam	BC	legacybjjacademy.com	3-2731 Barnet Highway, Coquitlam, BC
Titan Training Centre	Coquitlam	BC	titantrainingcentre.com	910 Sherwood Ave, Coquitlam, BC V3K 1A6
Courtenay Brazilian Jiu-Jitsu	Courtenay	BC	courtenaybjj.ca	2441 Cousins Avenue, Courtenay, BC
Goblins Martial Arts	Courtenay	BC	goblinsmartialarts.com	204 Island Hwy North, Courtenay, BC V9N 3P1
Cranbrook Brazilian Jiu-Jitsu	Cranbrook	BC	cranbrookbjj.com	22 8th Ave S, Cranbrook, BC
Delta BJJ British Columbia	Delta	BC	deltabjj.ca	3-1835 56 Street, Delta, BC
Gracie Barra Delta	Delta	BC	gbdelta.com	5000 Bridge St #101, Delta, BC V4K 2T8
World Martial Arts	Delta	BC	worldtkd.ca	11939 88 Ave, Delta, BC V4C 3C8
South Island Brazilian Jiu-Jitsu	Duncan	BC	sibjj.com	The HUB at Cowichan Station, 2375 Koksilah Rd, Duncan, BC
Iron Forge Fight and Fitness	Fort St. John	BC	ironforge.ca	Skyway Plaza, 8221 100 Ave, Fort St. John, BC V1J 1W7
Tidal BJJ	Gibsons	BC	tidalbjj.ca	1066 Gibsons Way, Gibsons, BC
Valley Jiu-Jitsu	Kamloops	BC	valleybjj.ca	#201 - 982 Camosun Crescent, Kamloops, BC
Alliance Kelowna	Kelowna	BC	alliancekelowna.com	110-1854 Kirschner Rd, Kelowna, BC V1Y 4N7
Gracie Barra Kelowna	Kelowna	BC	gbkelowna.ca	101 - 2333 Hunter Rd, Kelowna, BC V1X 7C5
Preta Jiu Jitsu Academy	Kelowna	BC	pretaacademy.ca	1044 Richter Street, Kelowna, BC
Toshido MMA	Kelowna	BC	toshido.ca	165 HWY 33E, Kelowna, BC
Gracie Barra Lake Country	Lake Country	BC	gblakecountry.com	723 - 11850 Oceola Rd, Lake Country, BC V4V 2T5
Factory Fresh Jiu Jitsu	Langley	BC	factoryfreshbjj.com	Unit 5 - 6322 202 St, Langley, BC V2Y 1N2
Gracie Barra Langley	Langley	BC	gblangley.com	20241 Fraser Highway, Langley, BC V3A 4E7
Marcus Soares Brazilian Jiu-Jitsu Langley	Langley	BC	marcussoares.com	Unit 103 - 20691 Langley Bypass, Langley, BC V3A 5E8
Gracie Barra Maple Ridge	Maple Ridge	BC	gbmapleridge.com	22720 Dewdney Trunk Rd, Maple Ridge, BC V2X 8S5
Marcus Soares Brazilian Jiu-Jitsu Maple Ridge	Maple Ridge	BC	marcussoares.com	11924 207th Street, Maple Ridge, BC V2X 1X7
Mission Brazilian Jiu Jitsu	Mission	BC	missionbjj.ca	Unit 301 - 31510 Gill Avenue, Mission, BC V4S 0A1
CJ Martial Arts & Fitness	Nanaimo	BC	cjmartialartsnanaimo.ca	1722 Bowen Rd, Nanaimo, BC V9S 1G9
North Kootenay Martial Arts	Nelson	BC	northkootenaymartialarts.com	
Transcendent Combat Sports	Nelson	BC	transcendentcombatsports.com	402 Anderson St, Nelson, BC V1L 3Y3
Gracie Barra New Westminster	New Westminster	BC	gbnewwest.com	482 E Columbia St, New Westminster, BC V3L 3X5
Hero Academy	North Vancouver	BC	hero-academy.ca	208 - 250 Esplanade E, North Vancouver, BC V7L 1B4
North Vancouver Brazilian Jiu Jitsu	North Vancouver	BC	northvanbjj.com	Unit 206, 250 Esplanade E, North Vancouver, BC V7L 1A5
Roll Jiu Jitsu Academy	North Vancouver	BC	rjja.ca	286 Pemberton Ave, North Vancouver, BC
Universal MMA	North Vancouver	BC	universalmma.com	1326 Main Street, North Vancouver, BC V7J 1C3
Gracie Barra Port Coquitlam	Port Coquitlam	BC	gbportcoquitlam.com	3130-853 Seaborne Ave, Port Coquitlam, BC V3B 0N9
Tri-Cities Gracie Jiu-Jitsu	Port Moody	BC	tricitiesgjj.com	2813 Spring Street, Port Moody, BC V3H 4C6
Galbraith Jiu Jitsu	Prince George	BC	galbraithjiujitsu.ca	1791 Nicholson Street, Prince George, BC V2N 1A9
Kaiten Mixed Martial Arts Academy	Prince George	BC	princegeorgemma.com	185 Dominion Street, Prince George, BC
Muscle Panda MMA	Prince Rupert	BC	musclepandamma.ca	100 1st Avenue West, Prince Rupert, BC
Summit Jiu Jitsu	Revelstoke	BC	summitjjrevelstoke.com	1240 Powerhouse Road, Unit 3103, Revelstoke, BC
10th Planet Richmond	Richmond	BC	10thplanetrichmond.ca	11151 Horseshoe Way Unit 24, Richmond, BC V7A 4S5
Advantage Jiu Jitsu	Richmond	BC	advantagejiujitsu.ca	6231 London Rd #120, Richmond, BC V7E 3S3
Apex Martial Arts	Richmond	BC	apexma.ca	#140 - 13571 Verdun Place, Richmond, BC V6V 1W5
Gracie Barra Central Richmond	Richmond	BC	graciebarra.com	12200 Vulcan Way, Richmond, BC V6V 1J8
Gracie Barra Richmond Steveston	Richmond	BC	gbrichmond.ca	#340 - 12211 First Ave, Richmond, BC V7E 3M3
Kaizen Martial Arts and Health Club	Richmond	BC	kaizenjhc.ca	12800 Bathgate Way #9, Richmond, BC V6V 1Z4
Pinnacle Martial Arts Academy Richmond	Richmond	BC	pinnaclemma.ca	12100 Vulcan Way, Richmond, BC V6V 1J8
Way Of BJJ Training Studio	Richmond	BC	wayofbjj.com	Crux Fitness upstairs, 3771 Jacombs Rd #420, Richmond, BC V6V 2L9
Salmon Arm Jiu-Jitsu	Salmon Arm	BC	salmonarmjiujitsu.ca	371 7th St SW, Salmon Arm, BC V1E 1S9
Nomad Brazilian Jiu Jitsu Studio	Sechelt	BC	thenomadstudio.ca	1780 Blower Road, Sechelt (Wilson Creek), BC
Mountain Jiu Jitsu	Squamish	BC	mtnjjsq.com	#110, 39455 Discovery Way, Squamish, BC V8B 0R5
The Sound Martial Arts	Squamish	BC	thesoundmartialarts.com	115 - 1111 Pioneer Way, Squamish, BC V8B 0M8
Eternal BJJ	Surrey	BC	eternalbjj.ca	107-2255 King George Blvd, Surrey, BC V4A 5A4
Golden Glory Fitness and Martial Arts Academy	Surrey	BC	goldenglory.ca	2-2336 King George Blvd, Surrey, BC
Gracie Barra Cloverdale	Surrey	BC	gb-cloverdale.com	17720 65A Ave Unit 4, Surrey, BC V3S 4J7
Gracie Barra Guildford	Surrey	BC	gbguildford.com	15310 103A Ave #205, Surrey, BC V3R 7A2
Gravity Brazilian Jiu-Jitsu	Surrey	BC	gravitybjj.ca	#209-13308 76th Ave, Surrey, BC
Isshindo Martial Arts	Surrey	BC	isshindomartialarts.com	16793 60 Ave #202, Surrey, BC V3S 1S8
Kaboom Brazilian Jiu-Jitsu	Surrey	BC	kaboombjj.com	8556 120 St #111, Surrey, BC V3W 3N5
Red Tiger Martial Arts	Surrey	BC	redtigersurrey.com	208 - 15290 103A Ave, Surrey, BC V3R 7A2
Surrey Combat Sports and Performance	Surrey	BC	surreymma.ca	13638 Grosvenor Road, Surrey, BC V3R 5C9
Triunity Martial Arts Studio	Surrey	BC	triunitymartialarts.com	4a - 15685 Fraser Hwy, Surrey, BC V4N 0Y6
Alliance BJJ Vancouver	Vancouver	BC	alliancebjjteam.com	2625 Kingsway, Vancouver, BC V5R 5H4
BUDō Jiu-Jitsu Team Vancouver	Vancouver	BC	budojiujitsuteam.com	3163 Kingsway, Vancouver, BC
Diaz Combat Sports	Vancouver	BC	diazcombatsports.com	276 E Pender St, Vancouver, BC V6A 1T7
Flow Martial Arts	Vancouver	BC	flowmartialarts.ca	1355 Kingsway, Vancouver, BC V5V 3E3
Gracie Barra Kerrisdale	Vancouver	BC	gbkerrisdale.com	2038 W 41st Ave, Vancouver, BC V6M 1Y8
Gracie Barra Kitsilano	Vancouver	BC	gbkitsilano.com	3611 W Broadway, Vancouver, BC V6R 2B8
Gracie Barra Vancouver	Vancouver	BC	gbvancouver.com	2440 Main St, Vancouver, BC V5T 3E2
Kuzushi Grappling	Vancouver	BC	kuzushigrappling.com	150 West Hastings St, Floor 2, Vancouver, BC
Lapel Arts	Vancouver	BC	lapelarts.ca	
Marcus Soares Brazilian Jiu-Jitsu	Vancouver	BC	marcussoares.com	910 Richards St #201, Vancouver, BC V6B 3C1
Nimbus Grappling Athletics Club	Vancouver	BC	nimbusgrappling.com	4259 Fraser Street, Vancouver, BC V5V 4G1
Pacific Top Team Vancity	Vancouver	BC	pttvancity.com	3470 East Hastings, Vancouver, BC V5K 2A6
NOS Brazilian Jiu-Jitsu & MMA	Vernon	BC	shuswapbjj.com	Unit 5, 740 Waddington Drive, Vernon, BC V1T 9E9
Unity MMA & Kickboxing	Vernon	BC	unitymma.ca	4215 25 Ave, Vernon, BC V1T 7G8
Hood Rich Jiu Jitsu	Victoria	BC	hoodrichjj.com	1510 Fort St, Victoria, BC V8S 5J2
Island MMA Training Centre	Victoria	BC	islandmma.com	831 Fisgard Street, Victoria, BC
Kaiser Jiu Jitsu	Victoria	BC	kaiserjiujitsu.com	5-770 Bay Street, Victoria, BC V8T 5E4
Peterec's Kombat Center	Victoria	BC	peterecskickboxing.com	851 Johnson St, Victoria, BC V8W 1N4
West Coast Brazilian Jiu Jitsu Victoria	Victoria	BC	westcoastbjjvic.ca	765 Broughton Street, Victoria, BC
ZUMA Martial Arts	Victoria	BC	zuma.tv	1855 Blanshard Street, Victoria, BC V8T 4H9
Gracie Barra West Vancouver	West Vancouver	BC	gbwestvancouver.com	1765 Bellevue Ave, West Vancouver, BC V7V 1A9
Académie Impak	Beloeil	QC	impakmma.com	347 Rue Duvernay, Beloeil, QC J3G 2M2
Gracie Barra Boucherville	Boucherville	QC	gbbou.ca	540 Rue D'Avaugour, unité 1050, Boucherville, QC
Gracie Barra Brossard	Brossard	QC	gbbrossard.ca	7565 Taschereau Blvd, Brossard, QC J4Y 1A2
Guara BJJ	Brossard	QC	guarabjj.com	5635 Grande-Allée suite 106, Brossard, QC J4Z 3G3
Elite Jiu Jitsu Drummondville	Drummondville	QC	elitejjd.ca	4587 boulevard Allard, Drummondville, QC J2A 1R9
Arts Martiaux DeRocque BJJ	Gatineau	QC	derocquebjj.com	10 rue Belmont, Gatineau, QC
Aylmer Jiu-Jitsu and Muay-Thai	Gatineau	QC	aylmerjiujitsu.com	140 Rue Principale, Gatineau, QC J9H 3M4
Centre Evolution	Gatineau	QC	artsmartiauxevolution.com	74 boulevard Gréber, Gatineau, QC J8T 3P8
Rossi BJJ & Kickboxing	Gatineau	QC	rossibjjkick.ca	2019 Boulevard Maloney E, Gatineau, QC J8R 3Z3
Les Mauvais Compagnons	Granby	QC	lesmauvaiscompagnons.com	231 rue Saint-Charles Sud #4, Granby, QC J2G 9M6
Gracie Barra Laval	Laval	QC	gblaval.com	3625 Bd Curé-Labelle, Laval, QC H7T 1R6
Renzo Gracie Laval	Laval	QC	gracielaval.com	3274 Blvd. Saint-Martin O Suite 201, Laval, QC H7T 1A1
Bravado BJJ Rive-Sud	Longueuil	QC	bravadobjjrivesud.com	4180 Chemin de Chambly, Longueuil (St-Hubert), QC
Outros Caras Jiu-Jitsu	Longueuil	QC	outroscaras-bjj.com	1175 Chemin du Coteau-Rouge, Longueuil, QC J4K 1X1
Volt BJJ	Longueuil	QC	voltbjj.com	1077 Chemin de Chambly, Longueuil, QC J4H 3M7
Gracie Jiu-Jitsu St-Nicolas	Lévis	QC	graciejiujitsustnicolas.com	845 Route Marie-Victorin, Lévis, QC G7A 3S8
Académie Frontenac	Montreal	QC	academiefrontenac.com	2600 rue Ontario E. suite 152, Montréal, QC H2K 4K4
Gracie Barra Kirkland	Montreal	QC	gbkirkland.ca	16751 Boul Hymus, Kirkland, QC H9H 3L4
Gracie Barra Montreal	Montreal	QC	gbmontreal.ca	3975 Notre-Dame O., Montreal, QC H4C 1R2
Gracie Barra Montreal-Ouest	Montreal	QC	gbmontrealouest.ca	14c Av. Westminster N., Montreal-Ouest, QC H4X 1Y9
Gracie Barra Saint-Laurent	Montreal	QC	gbsaintlaurent.ca	2167 Blvd. Marcel-Laurin, Montréal, QC H4R 1K4
Gracie Barra Sainte-Anne-de-Bellevue	Montreal	QC	gbsainteanne.ca	37 Rue Sainte-Anne, Sainte-Anne-de-Bellevue, QC
Plateau BJJ	Montreal	QC	plateaubjj.com	3655 Boul. Saint-Laurent Unit 107, Montreal, QC
Renzo Gracie West Island	Montreal	QC	rgwestisland.ca	100 Jacques Bizard Blvd, L'Île-Bizard, QC H9C 2T9
Académie JiuManji	Nicolet	QC	academiejiumanji.com	2041 Bd Louis Fréchette, Nicolet, QC J3T 1M4
Groupe Butactik	Notre-Dame-du-Mont-Carmel	QC	butactik.com	801 Rang St-Louis, Notre-Dame-du-Mont-Carmel, QC
Bjj Québec	Quebec City	QC	bjjquebec.com	2376 Rue Galvani, Québec, QC
Royal Jiu-Jitsu Québec	Quebec City	QC	royaljiujitsuqc.com	3347 Rue du Carrefour, Québec, QC G1C 8J9
Sampa Jiu-Jitsu	Quebec City	QC	sampajjb.com	1375 Frank Carrel #19, Québec, QC G1N 2E2
North Legion Académie	Repentigny	QC	northlegionacademie.ca	565 Rue Lanaudière, Repentigny, QC J6A 7N1
Tristar Gym Repentigny	Repentigny	QC	tristarrepentigny.ca	530 Rue Notre-Dame, Repentigny, QC J6A 2T8
Rimouski Submission Fight	Rimouski	QC		254 Rue Saint-Germain Est, Rimouski, QC G5L 1B4
Alliance Jiu Jitsu Montréal - Rosemère	Rosemère	QC	brazilianjiujitsumontreal.com	Centre Sportif Rosemère, 235 Boul. Labelle, Rosemère, QC J7A 2H3
Newaza Studio Jiujitsu	Rouyn-Noranda	QC		Rouyn-Noranda, QC
Jiu-Jitsu Saguenay	Saguenay	QC	bjjsaguenay.com	2367 Rue Mathias, Jonquière, QC G7S 3V4
Académie Connexion	Saint-Amable	QC	academieconnexion.com	510 Rue Charbonneau, Saint-Amable, QC J0L 1N0
Arts Martiaux KJS	Saint-Constant	QC	artsmartiauxkjs.com	2 Montée des Bouleaux #100, Saint-Constant, QC J5A 1M1
Nova Uniao St-Jean	Saint-Jean-sur-Richelieu	QC		685 Rue Saint-Jacques, Saint-Jean-sur-Richelieu, QC J3B 2M9
Kuzushi Fight Club	Saint-Jérôme	QC	saintjeromebjj.com	1085 rue Melançon, Saint-Jérôme, QC
LV Jiu-Jitsu	Saint-Mathieu-de-Beloeil	QC	lvbjj.ca	3110 Rue Bernard-Pilon, Saint-Mathieu-de-Beloeil, QC J3G 4S5
Arts Martiaux K2V	Shefford	QC	ecolekaratebromont.com	104 rue Clermont, Shefford, QC J2M 1X3
Académie Athéna	Sherbrooke	QC	athenabjj.com	1381 Rue King E, Sherbrooke, QC J1G 1E8
Académie SGS	Sherbrooke	QC	academiesgs.com	297 Rue King Ouest, Sherbrooke, QC J1H 1R2
Nomad Brazilian Jiu-Jitsu	Sherbrooke	QC	nomadbjj.com	1581 Rue Denault, Sherbrooke, QC J1H 2R1
Three Headed Beast	Sherbrooke	QC	sherbrookebjj.com	1271 rue King Est, Sherbrooke, QC J1G 1E4
École de kickboxing de l'Estrie	Sherbrooke	QC	estriekickboxing.com	565 King Est local 300, Sherbrooke, QC J1G 1B6
Terra Atma	Sutton	QC	terra-atma.com	909 Québec 139N, Sutton, QC J0E 2K0
Dojo Fusion	Terrebonne	QC	dojofusion.ca	1977 Chemin Gascon, Terrebonne, QC J6X 4H2
AM3R - Arts Martiaux Trois-Rivières	Trois-Rivières	QC	am3r.ca	2545 Unité B Boulevard Thibeault, Trois-Rivières, QC G8T 1G1
Centre SAGA	Trois-Rivières	QC	centresaga.ca	2640 Rue Royale, Trois-Rivières, QC G9A 4L5
Institut Impact Élite Martial	Val-d'Or	QC	institutimpactelitemartial.com	1218 7e Rue, Val-d'Or, QC J9P 5S7
Alaska Krav Maga & Fitness (BJJ program)	Fairbanks	AK	akkravmaga.com	3501 Lathrop Street Suite D, Fairbanks, AK 99701
Gracie Jiu-Jitsu North Pole	North Pole	AK	gracieuniversity.com	
BETA Academy	Washington	DC	betaacademy.com	
Estilo Jiu Jitsu	Washington	DC	estilojiujitsu.com	770 Park Rd NW #T01, Washington, DC 20010
Underworld BJJ DC	Washington	DC	underworlddc.com	
First State Martial Arts Academy	Dover	DE		
Kaizen Jiu-Jitsu Academy	Dover	DE	kaizen-jiu-jitsu.com	
Meia Guarda Gracie Brazilian Jiu-Jitsu	Dover	DE	delawareselfdefenseacademy.com	
Rip Tide Brazilian Jiu Jitsu	Lewes	DE	brazilianjiujitsudelaware.com	17314 N Village Main Blvd #51, Lewes, DE 19958
302 BJJ Middletown	Middletown	DE	302bjj.com	
Bayside Athletics	Milford	DE	baysideathleticsde.com	
Dauntless BJJ & MMA	Newark	DE	fightdrive.com	13 Prestbury Square, Newark, DE
302 BJJ Wilmington	Wilmington	DE	302bjj.com	
Restigouche Dojo	Campbellton	NB	restigouchedojo.com	
Victory Jiu-Jitsu Edmundston	Edmundston	NB	facebook.com	12 Ben-Martin Avenue, Local 339, Edmundston, NB
MXT BJJ Miramichi	Miramichi	NB	mxt-bjj-miramichi.gymdesk.com	1745 Water St, Miramichi, NB E1N 1L9
Team Flow State	Saint John	NB	facebook.com	
B7 Jiu Jitsu	Woodstock	NB	facebook.com	
Golden Rule Jiu Jitsu	Flat Bay	NE	golden-rule-jiu-jitsu-ltd.gymdesk.com	
Woodshop Jiu-Jitsu	Antigonish	NS	facebook.com	400 Williams Point Road, Antigonish
Cheticamp Martial Arts	Chéticamp	NS	cheticampmartialarts.com	
True Leverage Alliance BJJ	Kingston	NS	instagram.com	
Bulldog Martial Arts	Lantz	NS	facebook.com	1076 Hwy 2, Lantz
Manimal Athletics Training Center	Lucasville	NS	facebook.com	495 Lucasville Road, Lucasville
The Tap Room Grappling Group	Middle Sackville	NS	facebook.com	55 Hanwell Drive, Middle Sackville
Shiretown Grappling Club	Pictou	NS	instagram.com	31 Naylor Drive, Pictou
Workhorse Mixed Martial Arts	Port Hawkesbury	NS	workhorse-mma.gymdesk.com	
Porters Lake Brazilian Jiujitsu	Porters Lake	NS	facebook.com	
Marmac Athletics	Truro	NS	facebook.com	36 Inglis Place, Truro
Abhaya Martial Arts Academy	Windsor	NS	abhaya.ca	
JM Brazilian Jiu-Jitsu	Charlottetown	PE	jmbjj.ca	21 Macaleer Dr, Charlottetown, PEI
Renzo Gracie PEI Lot 36	Charlottetown	PE	facebook.com	
PEI Martial Arts Academy O'Leary	O'Leary	PE	peimma.com	424 Main St, O'Leary, PE C0B 1V0
Athens Jiu Jitsu Tennessee	Athens	TN	athensjiu-jitsu.com	
Chattanooga Jiu-Jitsu Academy	Chattanooga	TN	chattanoogajiujitsu.com	3901 Hixson Pike, Chattanooga, TN 37415
Border Martial Arts Academy	Collierville	TN	colliervillemartialarts.com	
Vigilance Martial Arts	Dickson	TN	vigilancemartialarts.com	
Renzo Gracie of Stewart County	Dover	TN	renzogracieofstewartcounty.com	
Dogwood MMA	Dyersburg	TN	dogwoodmma.com	
Triangle Academy of Jiu-Jitsu	Franklin	TN	trianglefranklin.com	251 2nd Avenue South, Franklin, TN 37064
Global Martial Arts USA	Gallatin	TN	globalmartialartsusa.com	
Greeneville Jiu-Jitsu	Greeneville	TN	greenevillejiujitsu.com	201 West Summer Street, Greeneville, TN 37743
Olson's Martial Arts Academy	Johnson City	TN	olsonsma.com	
Kingsport JiuJitsu	Kingsport	TN	kingsportjiujitsu.com	
Progressive Martial Arts Academy - Knoxville	Knoxville	TN	pmaoakridge.com	
McMinnville Jiu-Jitsu Academy	McMinnville	TN	mcminnvillejiujitsu.com	
Alliance TN	Memphis	TN	facebook.com	
Brazilian Jiu-Jitsu Centers of Memphis	Memphis	TN	bjjmemphis.com	
Victory Brazilian Jiu-Jitsu	Morristown	TN	teamvictorybjj.com	
Tennessee BJJ Academy Murfreesboro	Murfreesboro	TN	bestboromma.com	
Progressive Martial Arts Academy	Oak Ridge	TN	pmaoakridge.com	
Paris Gracie Jiu Jitsu Academy	Paris	TN	facebook.com	
Fit Factory Fitness and Jiu Jitsu	Sevierville	TN	fitfactoryonline.com	
Seymour Brazilian Jiu-Jitsu Academy	Seymour	TN	seymourbjj.com	10341 Chapman Hwy #2, Seymour, TN 37865
Shelbyville BJJ	Shelbyville	TN	bjjshelbyville.com	
Station 6 Fitness and Martial Arts	Tullahoma	TN	station6fitness.com	
Impact Martial Arts Harrison	Harrison	AR	impactharrison.com	
Infinite Jiu-Jitsu Phoenix	Phoenix	AZ	infinitearizona.com	4220 W Opportunity Way Ste 103
Carlson Gracie Jiu Jitsu Gainesville	Gainesville	FL	carlsongraciegainesville.com	
Core Combat Sports Louisville	Louisville	KY	corelouisville.com	
Southern Maryland Martial Arts & Fitness Bryans Road	Bryans Road	MD	smmafitness.com	3065 Marshall Hall Rd
Southern Maryland Martial Arts & Fitness La Plata	La Plata	MD	smmafitness.com	140 Drury Dr
Integrity Martial Arts Moore	Moore	OK	integrityma.ninja	1991 Tower Dr Suite E
EchoValor Striking & MMA Beaverton	Beaverton	OR	echovalor.com	4370 SW Lloyd Ave
Zombie Brazilian Jiu-Jitsu and MMA Allentown	Allentown	PA	zombiebjjpa.com	1801 Union Blvd h2
Capital MMA & Elite Fitness Fairfax	Fairfax	VA	capitalmma.com	3226 Old Pickett Rd
Capital MMA & Elite Fitness Sterling	Sterling	VA	capitalmma.com	23520 Overland Dr #164
Connection Rio Jiu-Jitsu Academy College Place	College Place	WA		508 S College Ave
Logic Jiu Jitsu Spanaway	Spanaway	WA	logicjiujitsu.club	20020 20th Ave Ct E
Evolution Jiu Jitsu Burlington	Burlington	WI	facebook.com	1104 Milwaukee Ave.
GB Agoura	Agoura Hills	CA		5885 Kanan Road
Gracie Jiu-Jitsu Alameda	Alameda	CA		2424 Blanding Ave.
Cosmic Training Center Brazilian Jiu Jitsu	Alhambra	CA	cosmictrainingcenter.com	43 E Main St #201
Alpine Jiu Jitsu	Alpine	CA	alpinebjjacademy.com	1347 Tavern Rd Suite D
Carlson Gracie Jiu Jitsu Anaheim	Anaheim	CA	carlsongraciebjj.club	428 N Lakeview Ave
GB West Anaheim	Anaheim	CA	gbwestanaheim.com	910 South Euclid Street
Javier Blanchard Brazilian Jiu Jitsu / BJJ Anaheim CA 92801	Anaheim	CA	javierblanchard.com	
Kings MMA Anaheim	Anaheim	CA	kingsanaheim.com	4388 E La Palma Ave
Sovereign Brazilian Jiu Jitsu (BJJ)	Antioch	CA		Sunset Dr
Gracie Jiu-Jitsu Apple Valley	Apple Valley	CA	graciejjav.com	13470 Manhasset Rd #9
Logic Brazilian Jiu-Jitsu HQ	Arcadia	CA	logicjj.com	113 E Huntington Dr
SCHOOL Brazilian Jiu-Jitsu Arcadia	Arcadia	CA	schoolbjjarcadia.com	310 S 1st Ave
Paragon Brazilian Jiu-Jitsu & Muay Thai Atascadero	Atascadero	CA	paragonbjjslo.com	8665 El Camino Real
Bakersfield Brazilian Jiu Jitsu / BJJ Bakersfield CA 93313	Bakersfield	CA	mattbakerbjj.com	4308 Resnik Ct, Bakersfield, CA 93313
Eric Nolan’s Xtreme Training Center	Bakersfield	CA	ericnolan.com	4510 Stine Road
South Valley Brazilian Jiu Jitsu	Bakersfield	CA	southvalleyjiujitsu.com	6403 7 Seas Ave
The Chute MMA, Jiu Jitsu and Wrestling	Bakersfield	CA	chutetraining.com	4621 District Ave
Trujitsu Bakersfield Brazilian Jiu Jitsu/mattbakerbjj	Bakersfield	CA	mattbakerbjj.com	3714 Coffee Rd
Gracie Jiu-Jitsu Barstow	Barstow	CA		304 East Main St.; Ste B
Team Mata Brazilian Jiu Jitsu	Bell	CA		5140 E Florence Ave
Bay Area Boxing and BJJ	Belmont	CA	bayareaboxing.net	210 El Camino Real
New Creation Wrestling and Jiu Jitsu Academy LLC	Benicia	CA	newcreationwrestlingandjiujitsu.com	675 E H St
Bay Jiu-Jitsu / BJJ Berkeley CA 94704	Berkeley	CA	baycombat.com	
Modern Combatives Mixed Martial Arts	Berkeley	CA	moderncombatives.com	1450 San Pablo Avenue
Ralph Gracie Berkeley Jiu Jitsu Academy	Berkeley	CA	ralphgracieberkeley.com	1500 Ashby Ave
Gracie Jiu-Jitsu Beverly Hills	Beverly Hills	CA		324 S. Beverly Drive; 2nd Floor
Carlson Gracie Brawley	Brawley	CA	carlsongraciebrawley.com	224 A Street
Brea Jiu-Jitsu	Brea	CA	breajiujitsu.com	379 W Central Ave
Ares BJJ Brentwood	Brentwood	CA	aresbrentwood.com	4530 Balfour Rd Suite I
Checkmat Brentwood	Brentwood	CA	checkmatbrentwood.com	640 Harvest Park Dr Suite F & G
Crosley Gracie Jiu-Jitsu	Brentwood	CA	crosleygracie.com	3291 Walnut Blvd #140
Ricardo Barros Brazilian Jiu-Jitsu	Brentwood	CA	rbbjj.com	6730 Lone Tree Wy Suite 8
10th Planet Burbank	Burbank	CA	10thplanetburbank.com	4130 W Burbank Blvd
Defiant MMA & Fitness	Burbank	CA	defiantmuaythai.com	146 Cypress Ave #103
Legacy Burbank	Burbank	CA	legacybjj.com	330 N Victory Blvd
Bond Squad MMA	Camarillo	CA		1877 E Daily Dr
The Los Angeles Jiu-Jitsu Club	Camarillo	CA	lajjclub.com	1151 Avenida Acaso
Jean Jacques Machado Brazilian Jiu-Jitsu - Santa Clarita Valley	Canyon Country	CA	jjmachadoscv.com	17750 Sierra Highway
Alliance Jiu-Jitsu Carlsbad / BJJ Carlsbad CA 92008	Carlsbad	CA	alliancecarlsbad.com	2804 Roosevelt St Suite B, Carlsbad, CA 92008
Gracie Jiu Jitsu Carlsbad and San Marcos	Carlsbad	CA	graciecarlsbad.com	6108 Avenida Encinas # C
Uprise MMA	Carmichael	CA	uprisemma.com	6432 Fair Oaks Blvd
MCBJJ - Marcelo Cavalcanti Brazilian Jiu-JItsu	Carson	CA	mcbjj.com	441 E Carson St
Lake Arrowhead Jiu-Jitsu	Cedar Glen	CA	lakearrowheadjiujitsu.com	28949 Hook Creek Rd.
Academy of Brazilian Jiu Jitsu	Chatsworth	CA	academyofbrazilianjiujitsu.com	9820 CA-27
Kings Combat Sports	Chatsworth	CA	kingscombatsports.com	9400 Lurline Avenue Unit A1
Gracie Barra Chino Jiu-Jitsu	Chino	CA	gbchino.com	13751 Roswell Ave suite g
Vital Force Muay Thai & MMA	Chino	CA	vitalforcemma.com	12632 Central Ave
10th Planet Chino Hills	Chino Hills	CA	10thplanetchinohills.com	4070 Chino Hills Parkway
10th Planet South Bay (Chula Vista CA)	Chula Vista	CA	10thplanetsouthbay.com	241 Third Ave Suite E
Alliance MMA Gym	Chula Vista	CA		646 H St
GB Chula Vista	Chula Vista	CA		2015 Birch Roadsuite 1007
Global Fighting Legion / Jiu-Jitsu Chula Vista CA 91914	Chula Vista	CA	theinstituteofhealthandfitness.com	
7th Generation Jiu Jitsu	Clovis	CA	7thgenerationbjj.com	50 W bullard ave suite 114
Gracie Jiu-Jitsu Clovis	Clovis	CA		1521 Tollhouse Road Suite F
Pacific Martial Arts Clovis CA	Clovis	CA	fresnopma.com	275 N Clovis Ave Suite 147
925 Jiu Jitsu Club / BJJ Concord CA 94520	Concord	CA	925jiujitsu.com	1776 Arnold Industrial Way, Suite M, Concord, CA 94520
Sabre Jiu-Jitsu Academy	Concord	CA	sabrebjj.com	930 Detroit Ave
UFC GYM Concord	Concord	CA	ufcgym.com	1975 Diamond Blvd
10th Planet Corona	Corona	CA	10thplanetjjcor.com	12391 Sampson St
Edj School Of Jiu Jitsu	Corona	CA	jiujitsucorona.com	210 Dupont St
GB Corona	Corona	CA	graciebarra.com	280 Teller Street ste 100
Pacific Top Team Brazilian Jiu Jitsu Corona / BJJ Corona CA 92879	Corona	CA	jiujitsucorona.com	210 Dupont St
UFC GYM Corona	Corona	CA	ufcgym.com	470 McKinley St
Art of Jiu Jitsu Academy	Costa Mesa	CA	artofjiujitsu.com	411 E 17th St
GB Costa Mesa	Costa Mesa	CA	gbcostamesa.com	1304 Logan Ave. Suite J
Triunfo Jiu Jitsu & MMA	Costa Mesa	CA	triunfomma.com	801 Baker St ste b
UFC GYM Costa Mesa	Costa Mesa	CA	ufcgym.com	2860 Harbor Blvd
10th Planet Covina Jiu Jitsu & Blitz Muay Thai	Covina	CA	10thplanetcovina.com	1050 N Citrus Ave
Teixeira/Garcia Brazilian jiu-jitsu training academy	Covina	CA	gfteamcovina.com	4706 Grand Ave
Abrigo Martial Arts	Culver City	CA	abrigomartialarts.com	6508 1/2 Sepulveda Blvd.
Revolution Martial Arts & Jiu Jitsu	Culver City	CA	revolutionculvercity.com	10814 Jefferson Blvd Suite K
10th Planet Daly City	Daly City	CA	10pdc.com	69 Washington St
Charles Gracie Jiu-Jitsu Academy	Daly City	CA	charlesgracie.com	7340 Mission St
GB Dana Point	Dana Point	CA	graciebarra.com	34085 Pacific Coast Highway #106
Nova Geração Davis	Davis	CA	novageracaodavis.com	215 Madson Pl.; Ste B; Ste B
Del Mar Jiu Jitsu Club	Del Mar	CA	delmarjiujitsuclub.com	2120 Jimmy Durante Blvd Suite 121
GB Diamond Bar	Diamond Bar	CA	graciebarra.com	1273 South
Fabio Prado Brazilian Jiu-Jitsu Academy	Dixon	CA		2600 Plaza Ct
Academy Jiu-Jitsu & Kickboxing / Downtown Downey	Downey	CA	academyjj.com	11012 Downey Ave
Academy Jiu-Jitsu and Kickboxing / Headquarters	Downey	CA	academyjj.com	9220 Lakewood Blvd
GB Downey	Downey	CA	graciebarra.com	8043 2nd St Suite 101
Scorpion MMA (Aloisio Silva Associated Academy)	East Los Angeles	CA	scorpion-mma.us	1014 S Atlantic Blvd
Silva BJJ Cajon CA (Aloisio Silva Associated Academy)	El Cajon	CA	silvabjjacademy.com	1043 Broadway
Trilogy Martial Arts	El Cajon	CA	trilogymmagym.com	13727 Camino Canada A4
Gracie Jiu-Jitsu El Sobrante	El Sobrante	CA		435 Valley View Road; 3rd Floor
Charles Gracie Jiu-Jitsu Academy Elk Grove	Elk Grove	CA	gracieelkgrove.com	8835 Sheldon Rd. Suite 100
Waza Brazilian Jiu Jitsu	Elk Grove	CA	wazabjj.com	9105 Laguna Main St #150
GB Encinitas	Encinitas	CA	graciebarra.com	613 Westlake St.
GB Escondido	Escondido	CA	graciebarra.com	135 E Grand Ave
Aguirre's Fighting System	Fontana	CA	aguirresfightingsystem.com	7898 Cherry Ave Suite B
Fearless Fitness	Foster City	CA	fearlessfitness.us	1125 East Hillsdale Blvd. Suite 108
Piranha Jiu Jitsu	Fountain Valley	CA		8552 Warner Ave
Williams Academy of MMA	Fountain Valley	CA	williamsmma.com	8552 Warner Ave
Baem Jiu Jitsu - Fremont	Fremont	CA	baemjiujitsu.com	47900 Warm Springs Blvd
Gracie Brazilian Jiu Jitsu Fremont / Jiu-Jitsu Fremont CA 94538	Fremont	CA	graciefremont.com	43086 Christy St
Checkmat Fresno-Roots Brazilian Jiu-Jitsu	Fresno	CA	checkmatfresno.com	1835 E Dakota Ave
Dethrone Mixed Martial Arts	Fresno	CA	dethronefresno.com	3069 W Bullard Ave
Fresno Ultimate Martial Arts	Fresno	CA	ultmartialarts.com	7731 N 1st St
Halo Jiu-Jitsu Training Center	Fresno	CA	halobjj.net	3980 N Chestnut Diagonal
Jean Jacques Machado Fresno	Fresno	CA	jjmachadofresno.com	6701 N Milburn Ste 160
Pacific Martial Arts Fresno CA (inside Fit Republic Health Club)	Fresno	CA	fresnopma.com	6735 N First St
Rivalry Jiu-Jitsu	Fresno	CA	rivalryjiujitsu.com	379 W Shaw Ave
Royce Gracie Jiu-Jitsu Of Fresno	Fresno	CA	graciefresno.com	2950 E. Nees Ave. #107
10th Planet Jiu Jitsu Fullerton	Fullerton	CA	10thplanetorangecounty.com	601 S Euclid St
CSW Training Center	Fullerton	CA	erikpaulson.com	4080 N. Palm St. Suite 801
GB Fullerton	Fullerton	CA	graciebarra.com	231 E Imperial Hwy Ste 101
Gracie Jiu-Jitsu Fullerton	Fullerton	CA		721 N Placentia Ave
Rounders MMA Fullerton	Fullerton	CA	roundersmma.com	353 S State College Blvd
Carlson Gracie Academy of Garden Grove	Garden Grove	CA	carlsongraciegardengrove.com	13142 Garden Grove Blvd
GB Garden Grove	Garden Grove	CA	gbgardengrove.com	12062 Valley View Street. Suite 101
Nam Phan MMA Academy	Garden Grove	CA	iamnam.com	10662 Stanford Ave
Antdawgs MMA Training Center	Gilroy	CA	antdawgsmma.com	6901 Monterey Rd
Gilroy Brazilian Jiu -Jitsu	Gilroy	CA	gilroybjj.com	7560 Monterey Rd ste 206
Sampa Brazilian Jiu Jitsu / BJJ Fontana CA 92335	Glendora	CA	sampabrazilianjiujitsu.com	903 East Route 66
Brazilian Jiu Jitsu Academy of Sacramento	Gold River	CA	elementsofjiujitsu.com	11357B Pyrites Way #11
Granada Hills Martial Arts & Fitness	Granada Hills	CA		10355 Balboa Blvd
Bruddas BJJ @ Granite Bay JJ	Granite Bay	CA	bruddasbjj.com	9705 Village Center Dr
Royce Gracie Jiu Jitsu Academy SoCal	Harbor City	CA	roycegraciesouthbay.com	1234 254th St unit b
Pedigo Submission Fighting Los Angeles	Hawthorne	CA		12958 Hawthorne Blvd
Bay Area Fighter Academy (BAFA)	Hayward	CA	bayareafighter.com	1625 Industrial Pkwy W
EDGE Training Center	Hayward	CA	edgebjj.com	22136 Mission Blvd
Hayward BJJ Darcio Lira	Hayward	CA	haywardbjjdarciolira.com	21463 B Foothill Blvd
Mindset Martial Arts & Fitness	Hayward	CA	haywardmma.com	24249 Hesperian Blvd
Omnimovement	Hercules	CA	omnimovement.com	678 Alfred Nobel Dr
Electric Jiu Jitsu	Huntington Beach	CA	electricjiujitsu.com	4972 Warner Ave #103
GB Huntington Beach	Huntington Beach	CA	graciebarrahb.com	16889 Beach Blvd
Gracie Jiu-Jitsu Huntington Beach	Huntington Beach	CA	graciejiujitsuhuntingtonbeach.com	9887 Hamilton Avenue
Hb Ultimate Training Center	Huntington Beach	CA	hbutc.com	19240 Beach Blvd
Kings MMA	Huntington Beach	CA	kingsmma.com	7391 Warner Ave Unit C
Power of Leverage Brazilian Jiu-Jitsu	Huntington Beach	CA	powerofleveragebjj.com	19060 Brookhurst St
UFC GYM Huntington Beach	Huntington Beach	CA	ufcgym.com	17091 Beach Blvd
Flow Academy BJJ Indio	Indio	CA		42425 Jackson St C#112
Gracie Jiu-Jitsu Indio	Indio	CA		80150 HWY 111; C-1
wolfpac combat ju-jitsu	Inglewood	CA	wolfpac.co.nr	316 W Beach Ave
10th Planet Irvine	Irvine	CA	10thplanetmonstersquad.com	16632 Hale Ave
Butokuden Martial Arts Training Center	Irvine	CA	butokuden.com	1581 Browning
GB HQ - Irvine	Irvine	CA	graciebarra.com	14988 Sand Canyon Ave Suite 1
Phenom Brazilian Jiu Jitsu	Irvine	CA	phenombjjoc.com	Inside Next Level Fitness 17811 Sky Park Cir
Team Oyama MMA & Fitness	Irvine	CA	teamoyamamma.com	16632 Hale Avenue; Suite 100
Valhalla Jiu Jitsu	Irvine	CA	valhallabjj.com	4213 Campus Dr # 166C
GB La Canada Flintridge	La Cañada Flintridge	CA	graciebarra.com	814 Foothill Blvd
GB La Crescenta	La Crescenta	CA		3115 Foothill Blvd; #E
Lucas Leite Brazilian Jiu-Jitsu	La Habra	CA	lucasleitebjj.net	819 E La Habra Blvd
Gracie Jiu-Jitsu La Jolla	La Jolla	CA	graciejiu-jitsulajolla.com	7598 Eads Ave
Gridlock Academy -Gracie Jiu Jitsu Self Defense	La Mirada	CA	rgracie.com	12711 Valley View Ave
United Mixed Martial Arts	La Mirada	CA	unitedmixedmartialarts.com	15843 East Imperial Hwy
Gracie Jiu-Jitsu La Palma	La Palma	CA	gracielapalma.com	7821 Valley View St
Six Blades Jiu Jitsu La Quinta	La Quinta	CA	laquintajiujitsu.com	79485 Highway 111 Suite 6
Gracie Jiu-Jitsu Laguna Hills	Laguna Hills	CA		23601-E Moulton Pkwy.
Joker's MMA	Laguna Hills	CA	jokersmma.com	23211 Del Lago Dr. Unit B
Royce Gracie Jiu-Jitsu Academy OC	Laguna Niguel	CA	rgjjoc.com	30251 Golden Lantern suite i
GB Lake Elsinore	Lake Elsinore	CA	graciebarra.com	109 S Main Street
One Jiu Jitsu Lake Elsinore	Lake Elsinore	CA	onejiujitsulakeelsinore.com	31712 Casino Dr 2C
Oc Jiu-Jitsu & Mixed Martial Arts	Lake Forest	CA	ocjj.com	22661 Lambert Street #209
Silva BJJ Lancaster CA (Aloisio Silva BJJ Associated Academy)	Lancaster	CA	silvabjj.com	44219 Sierra Hwy unit K
Silva BJJ Lawndale CA (Aloisio Silva Affiliated Academy)	Lawndale	CA	facebook.com	4646 Manhattan Beach Blvd.
Arena Training Center	Livermore	CA	arenastrong.com	4555 Las Positas Rd
Charles Gracie Jiu-Jitsu Academy Livermore	Livermore	CA	gracielivermore.com	1861 2nd St
Darcio Lira Brazilian Jiu Jitsu and Martial Arts	Livermore	CA	darciolirajiujitsu.com	1601 Railroad Ave
Caique - Gracie Brazilian Jiu Jitsu Academy	Lomita	CA	cjjusa.com	24831 Narbonne Ave
10th Planet Long Beach CA	Long Beach	CA	10thplanetjj.com	1757 Pacific Ave.
GB Long Beach	Long Beach	CA	gblongbeach.com	5423 Village Rd Suite C&D
The Jiu-Jitsu League	Long Beach	CA	thejiujitsuleague.com	6376 Pacific Coast Hwy A
Conde Koma Brazilian Jiu-Jitsu Academy	Los Alamitos	CA	condekomabjj.com	4340 Katella Ave.
Jg Academy	Los Altos	CA	cscmhk.com	4916 El Camino Real Suite 180
Bang Bang Power Fit	Los Angeles	CA	bangbangpowerfit.com	1861 S.Bundy Dr. #208
Clube Jiu Jitsu	Los Angeles	CA	clubejiujitsu.com	4472 W Adams Blvd
Cobrinha Brazilian Jiu-Jitsu & Fitness	Los Angeles	CA	cobrinhabjj.com	4929 Wilshire Blvd #104
Eagle Rock Jiu-Jitsu	Los Angeles	CA	eaglerockbjj.com	7105 N Figueroa St suite A
GB Northridge	Los Angeles	CA	gbnorthridge.com	19520 Nordhoff StreetUnits 10 & 15
Gomez Jiu-jitsu	Los Angeles	CA	gomezjiujitsu.com	120 E 8th St #401
Hollywood BJJ	Los Angeles	CA		7131 1/2 Sunset Blvd
Independent Jiu-Jitsu	Los Angeles	CA	independentjiujitsu.co	7901 Melrose Ave Suite 207-208
Rey Diogo Brazilian Jiu Jitsu	Los Angeles	CA	reydiogojiujitsu.com	8733 Venice Blvd
Uactp	Los Angeles	CA		2200 Beverly
Xtreme Martial Arts and Fitness Center	Los Gatos	CA	xmagym.com	15405 Los Gatos Blvd #103
Madera Martial Arts	Madera	CA	maderamma.com	1920 Modoc St
Mammoth Lakes Jiu-Jitsu	Mammoth Lakes	CA	mammothlakesjiujitsu.com	51 Club Dr
Jg Academy Manteca	Manteca	CA	jgacademy.net	125 W Louise Ave
Inosanto Academy of Martial Arts	Marina Del Rey	CA	inosanto.com	13348-13352 Beach Ave.
East Bay Academy Jiu Jitsu	Martinez	CA	ebajiujitsu.com	835 Arnold Dr Ste 106
Merced Academy of Jiu Jitsu	Merced	CA		1725 G St B
Merced Mixed Martial Arts Academy	Merced	CA	mmamerced.com	745 W Main St
Unlimited MMA	Milpitas	CA	unlimitedmma.com	1000 Jacklin Road
Phenom Brazilian Jiu-Jitsu & Mixed Martial Arts	Mission Hills	CA	phenombjj.com	15230 San Fernando Mission Blvd b104
Ares BJJ Modesto	Modesto	CA	bjjmodesto.com	1713 Prescott Rd
Charles Gracie Academy Brazilian Jiu Jitsu Modesto CA	Modesto	CA	graciemodesto.com	1501 Coffee Rd
Dynamic Mixed Martial Arts	Modesto	CA	dynamicmmaonline.com	518 Kiernan Ave
Gracie Jiu Jitsu Downtown Modesto	Modesto	CA	modestobjj.com	142 N 9th St. #4
MMA Cardio Fitness Center	Modesto	CA		1314 10th St
Versus Fitness & Martial Arts	Montebello	CA	versusfitnesscenter.com	1431 N Montebello Blvd
Gracie Jiu-Jitsu Monterey	Monterey	CA		636 Lighthouse Avenue
Marcellini’s Martial Arts Academy	Moreno Valley	CA	mmaa.us	24471 Sunnymead Boulevard
United Brazilian Jiu-Jitsu / BJJ Moreno Valley CA 92557	Moreno Valley	CA	unitedbjj.com	12125 Day Street Suite T-103, Moreno Valley, CA 92557
GB Morgan Hill	Morgan Hill	CA	graciebarra.com	16145 Monterey Rd
Mtn House Jiu-Jitsu Academy	Mountain House	CA	graciemh.com	266 W Adoncia Dr
Serao Academy - Brazilian Jiu-Jitsu	Mountain View	CA	seraoacademy.com	580 N Rengstorff Ave
10th Planet Jiu JItsu Murrieta	Murrieta	CA	10thplanetjjmurrieta.com	26305 Jefferson Ave. Ste. L
Carlson Gracie Murrieta Temecula Team	Murrieta	CA	carlsongracietemecula.com	38397 Innovation Ct - 103
Checkmat BJJ Murrieta	Murrieta	CA	checkmatmurrieta.com	24831 Jefferson Ave #101
Fight Syndicate Mixed Martial Arts and Fitness	Murrieta	CA	fightsyndicatemma.com	33040 Antelope Rd STE 112
Rise Jiu Jitsu Academy	Murrieta	CA	risejiujitsumurrieta.com	40165 Murrieta Hot Springs Rd Ste K
Napa Brazilian Jiu Jitsu	Napa	CA	napavalleybrazilianjiujitsu.com	2000 W Pueblo Ave
One Legacy Training Center - Jiu Jitsu, MMA, Muay Thai, Self Defense	National City	CA	onelegacytc.com	820 Highland Ave
One World Jiu Jitsu	Newark	CA	oneworldjiujitsu.com	37300 Cedar Blvd a
GB Newport Beach	Newport Beach	CA	graciebarra.com	3810 East Coast Highway
Gracie Jiu-Jitsu Nipomo	Nipomo	CA		670 S Frontage Rd; Unit D
CQuence Jiu Jitsiu	Norco	CA	facebook.com	1880 Town and Country Dr STE 105
Cassio Werneck Brazilian Jiu-Jitsu	North Highlands	CA	cassiowerneck.com	5800 Madison Ave
Hayastan MMA	North Hollywood	CA	gokor.com	7229 Atoll Ave.
NoHo MMA	North Hollywood	CA	nohomma.com	5642 Lankershim Blvd #2515
Checkmat Northridge Brazilian jiu jitsu	Northridge	CA	checkmatnorthridge.com	8415 Reseda Blvd
North Bay Jiu Jitsu	Novato	CA	northbayjiujitsu.com	5420 Nave Dr.
Kihon Traditional MMA	Oakhurst	CA		40120 CA-41 suite f
10th Planet Jiu Jitsu Oakland	Oakland	CA	10thplanetoakland.com	301 8th St
Catch MMA	Oakland	CA	catchmma.com	1922 Webster St Suite C
Pacific Ring Sports	Oakland	CA	pacificringsports.com	493 40th St
Six Blades Jiu Jitsu	Oakland	CA	oaklandbjj.com	1333 Grand Ave
Big Break Jiu Jitsu	Oakley	CA	bigbreakbjj.com	5351 Neroly Rd #c
Growth Mindset Collective	Oakley	CA	growthmindsetcollective.com	2031 Main St.
10th Planet Oceanside	Oceanside	CA	10thplanetoceanside.com	1006 Missions Ave Suite E
760 Jiu-Jitsu / BJJ Oceanside CA 92057	Oceanside	CA	760jiujitsu.com	3320 Mission Ave Suite F, Oceanside, CA 92058
Compound MMA & Fitness	Oceanside	CA	thecompoundmma.com	1401 El Camino Real
CSG 360 Jiu Jitsu	Oceanside	CA	csg360jiujitsu.com	3365 Mission Ave C/D
EXCEL Jiu Jitsu MMA & Fitness	Oceanside	CA	exceljiujitsu.com	4093 Oceanside Blvd
GB Oceanside	Oceanside	CA	graciebarra.com	3772 Mission Avenue
Oceanside Jiu Jitsu	Oceanside	CA	oceansidejiujitsu.com	1833 S Oceanside Blvd. building C
UFC Gym Oceanside	Oceanside	CA	ufcgym.com	2216 S El Camino Real #101
10th Planet Jiu Jitsu Orange	Orange	CA	10thplanetorangecounty.com	1832 N Tustin St
OC Carlson Gracie Jiu Jitsu	Orange	CA	carlsongracieoc.com	3702 E Chapman Ave # E
Point of Impact MMA	Orange	CA	poimma.com	542 W Katella Ave
UFC GYM Orange	Orange	CA	ufcgym.com	1605 E Collins Ave
West Coast Jiu Jitsu & Muay	Oxnard	CA	westcoastjiujitsu.com	2945 Los Olivos #101
Thrive Jiu Jitsu	Pacifica	CA	thrivemartialarts.com	215 Rockaway Beach Blvd
GB Palm Desert	Palm Desert	CA	graciebarra.com	39615 Washington StreetSuite F
10th Planet Palmdale	Palmdale	CA	10thplanetpalmdale.com	40125 Tenth St. W.
SoCal Fight Factory	Palmdale	CA	socalfightfactory.com	2027 E Palmdale Blvd
MZ Brazilian Jiu-Jitsu	Palo Cedro	CA	reddingselfdefense.com	9481 Deschutes Road; ste. 7
Silva BJJ Parlier CA (Aloisio Silva Affiliated Academy)	Parlier	CA	silvabjj.com	885 Manning Ave Ste 301
Gracie Barra Pasadena	Pasadena	CA	graciebarra.com	2560 E Colorado Blvd
GB Paso Robles	Paso Robles	CA	gbpasorobles.com	2200 Golden Hill Road
Crispim BJJ	Pleasanton	CA	crispimbjj.com	7063 Commerce Cir.; Unit E
Guerrilla Jiu-Jitsu	Pleasanton	CA	guerrillajiujitsu.com	6654 Koll Center Pkwy Suite 185
10th Planet Poway Jiu Jitsu	Poway	CA	10thplanetpoway.com	14009 Midland Rd.
10th Planet Rancho Cucamonga	Rancho Cucamonga	CA	10thplanetjjroute66.com	11819 Foothill Blvd Suite D
Javier Vazquez Jiu Jitsu Rancho / BJJ Rancho Cucamonga CA 91730	Rancho Cucamonga	CA	jiujitsuranchocucamonga.com	9816 Crescent Center Dr # 701
Millennia MMA Gym HQ Rancho Cucamonga	Rancho Cucamonga	CA	millenniamma.com	8423 Rochester Ave #102
Evolve Checkmat Jiu Jitsu / Muay Thai Academy	Rancho Mission Viejo	CA	joinevolve.com	28236 Airoso St
Next Generation MMA	Rancho Santa Margarita	CA	nextgenerationmma.com	22566 Avenida Empresa
10th Planet Redland	Redlands	CA	10thplanetredlands.com	821 West Colton Ave.
Pinnacle Mixed Martial Arts, Inc.	Redlands	CA		840 Tri City Center Dr
Redlands Jiu Jitsu	Redlands	CA	redlandsbjj.com	310 Alabama st
Black House MMA	Redondo Beach	CA	blackhouseredondo.com	2416 Artesia Blvd
148 Jiu-Jitsu Academy	Redwood City	CA	the148collective.com	2766 Bay Road
Carlos Alberto's MMA & Fitness Center	Rialto	CA	carlosalbertosmma.com	244 E Foothill Blvd
Flawless Victory MMA	Ridgecrest	CA	fvmma.com	737 W Ridgecrest Blvd
Charles Gracie Jiu Jitsu Ripon	Ripon	CA	gracieripon.com	1201 W Main St #15
10th Planet Jiu Jitsu Riverside CA	Riverside	CA	10thplanetjjriverside.com	6065 Magnolia Ave
Academy Of Striking & Grappling	Riverside	CA	asgfacility.com	6592 Box Springs Blvd
Gracie Barra Riverside Brazilian Jiu-Jitsu Martial Arts	Riverside	CA	graciebarra.com	2050 E La Cadena Dr Unit G
Riverside MMA	Riverside	CA	mmariverside.com	6250 Brockton Ave
Infinite Jiu-Jitsu	Rocklin	CA	infinitejiujitsu.net	6508 Lonetree Blvd #107
SLL Grappling Academy - Brazilian Jiu-Jitsu (BJJ)	Rocklin	CA	sllgrapplingacademy.com	6160 Stanford Ranch Rd STE 800
Synergy Jiu-Jitsu Academy	Rocklin	CA	bjj-rocklin.com	4157 Rocklin Rd
UFC GYM Rocklin	Rocklin	CA	ufcgym.com	6684 Lonetree Blvd
GB Rohnert Park	Rohnert Park	CA	graciebarra.com	7271 Snyder Lane
10th Planet Sacramento	Sacramento	CA	10psac.com	8345 Folsom Blvd Suite 105
Capitol Jiu Jitsu	Sacramento	CA	capitoljiujitsu.com	1734 34th St
Logic Jiu Jitsu	Sacramento	CA	logicbjj.com	4415 Freeport Blvd
Next Generation MMA & Fitness	Sacramento	CA		
Sacramento Brazilian Jiu Jitsu Academy - Yemaso BJJ	Sacramento	CA	yemasobjj.com	3021 65th St
Sacramento Jiu Jitsu / Jiu-Jitsu Sacramento CA 95822	Sacramento	CA	sacbjj.com	2300 Sutterville Rd, Sacramento, CA 95822
UFC GYM Sacramento	Sacramento	CA	ufcgym.com	8241 Bruceville Rd #140
Urijah Faber's Ultimate Fitness	Sacramento	CA	ufultimatefitness.com	6700 Folsom Blvd
Salinas Jiu Jitsu & Personal Training	Salinas	CA	salinasbjj.com	1860 N Main St Unit J
Adrenaline MMA Gym	San Bernardino	CA	adrenalinefc.com	1930 S E St
Cobrinha Brazillian Jiu-Jitsu Academy (San Bernardino, California)	San Bernardino	CA	cobrinhabjjsanbernardino.com	955 S E St F
Fight Strong MMA	San Clemente	CA	scfightstrong.com	140 Calle de Los Molinos
GB San Clemente	San Clemente	CA	graciebarra.com	225 Calle Pintoresco
Guillobel BJJ	San Clemente	CA	guillobelbjj.com	146 Calle de Los Molinos
4S Brazilian Jiu Jitsu / Jiu-Jitsu San Diego CA 92127	San Diego	CA	4sbjj.com	9926 Carmel Mountain Rd B, San Diego Ca 92129
Alliance San Diego	San Diego	CA	alliancesandiego.com	8990 Miramar Rd #225
Atos	San Diego	CA	atosjiujitsuhq.com	4810 Mercury St.
Boxing Club	San Diego	CA	theboxingclub.net	8650 Genesee Ave # 206
Clark Gracie Jiu Jitsu Academy	San Diego	CA	clarkgracie.com	1162 Morena Blvd
Fabio Santos BJJ	San Diego	CA	fabiojiujitsu.com	4616 Mission Gorge Place
GB San Diego	San Diego	CA	graciebarrasandiego.com	3952 Clairemont Mesa Blvd
Legion AJJ	San Diego	CA	legionsandiego.com	7550 Miramar Road; Suite 330
Rodrigo Medeiros BJJ	San Diego	CA	rodrigomedeirosbjj.com	4878 Cass St - Pacific Beach
The Stronghold JJ	San Diego	CA	thestrongholdsd.com	2176 Chatsworth Blvd
Gracie Jiu-Jitsu San Dimas	San Dimas	CA	graciejiujitsusandimas.com	744 W. Arrow Highway
Bay Jiu-Jitsu	San Francisco	CA	bayjiujitsu.com	1628 Post St
BJJ at 11th Street Dojo by Nayo Fauntes (Clois Silva)	San Francisco	CA	11thstreetdojo.com	141 11th St
Cesar Gracie Jiu Jitsu	San Francisco	CA	graciefighter.com	175 De Haro St
CS Jiu Jitsu Self Defense	San Francisco	CA	csjiujitsu.com	710 La Playa St
El Niño Training Center	San Francisco	CA	elninomma.com	1 S Linden Ave Ste 7
Evolve Training Center	San Francisco	CA	evolvetrainingcenter.com	647 El Camino Real
Ralston Gracie Jiu Jitsu	San Francisco	CA	ralstongracie.com	1475 Polk St Fl 2
Romulo Melo Brazilian Jiu-Jitsu	San Francisco	CA	romulomelobjj.com	1313 Mason St
Studio86 Jiu Jitsu	San Francisco	CA	studio86bjj.com	1204 Pacific Ave
American Kickboxing Academy	San Jose	CA	americankickboxingacademy.com	7012 Realm Dr
Caio Terra Academy	San Jose	CA	bjjsanjose.com	855 Park Ave
Claudio Franca Brazilian Jiu-Jitsu	San Jose	CA	claudiofrancabjj.com	14396 Union Ave
Gloglo Brazilian Jiu-jitsu, Kickboxing & Fitness Academy	San Jose	CA	gloglobjj.com	95 Phelan Ave Suite 3
Guerrilla Jiu-Jitsu Martial Arts Academy	San Jose	CA	guerrillajiujitsu.com	478 W San Carlos St
I M C Survival Center	San Jose	CA	imcsurvivalcenter.com	916 S Bascom Ave
Knoxx Martial Arts and Fitness	San Jose	CA	knoxxgym.com	4424 Pearl Avenue
Ralph Gracie Jiu Jitsu - San Jose	San Jose	CA	ralphgraciesj.com	4607 Cherry Ave
Tribull MMA Center	San Jose	CA	tribullmma.typepad.com	1043 Garland Avenue (at Race St.); Suite 1
San Lorenzo Brazilian Jiu Jitsu	San Lorenzo	CA	sanlorenzobjj.com	15911 Hesperian Blvd
Paragon Brazilian Jiu Jitsu	San Luis Obispo	CA	paragonbjjslo.com	235 Tank Farm Road
San Diego Brazilian Jiu-Jitsu & Mixed Martial Arts	San Marcos	CA	sdbjj.com	684 Rancheros Dr
10th Planet San Mateo	San Mateo	CA	10thplanetsm.com	910 S Amphlett Blvd
Charles Gracie San Mateo Academy	San Mateo	CA	graciesm.com	174 W 25th Ave
San Pedro Fight Club/ Ribeiro Jiu-Jitsu San Pedro	San Pedro	CA	facebook.com	505 S. Pacific Ave Suite 101
Warrior Brazilian Jiu Jitsu Academy	San Ramon	CA	warrior-bjj.com	2001 Omega Rd #200
GB San Ysidro	San Ysidro	CA	graciebarra.com	1685 Precision Park Lane; Suite N
10th Planet Jiu Jitsu Costa Mesa	Santa Ana	CA	10thplanetorangecounty.com	3771 S Plaza Dr
GB Santa Ana	Santa Ana	CA	graciebarra.com	1717 Old Tustin Ave.
Rocknroll Brazilian Jiu Jitsu & Fitness	Santa Ana	CA	rocknrollbjj.com	10862 Coronel Rd
Tomacelli Academy: Brazilian Jiu-Jitsu & Mixed Martial Arts	Santa Ana	CA	tomacelliacademy.com	2537 S Main St
10th Planet Santa Barbara	Santa Barbara	CA	10thplanetsantabarbara.com	1113 State St
Gracie Barra BJJ	Santa Barbara	CA	gbsantabarbara.com	1014 State St.
Paragon Academy Jiu Jitsu-Boxing-Kickboxing Gym	Santa Barbara	CA	paragonbjj.com	617 N Salsipuedes St
Ralph Gracie Jiu Jitsu - Santa Clara	Santa Clara	CA	ralphgraciesc.com	2801 El Camino Real
GB Santa Clarita	Santa Clarita	CA	gbvalencia.com	22961 Soledad Canyon Road
Gracie Jiu-Jitsu Santa Clarita	Santa Clarita	CA		27737 Bouquet Canyon Rd.
Honor Roll Brazilian Jiu-Jitsu / BJJ Santa Clarita CA 91350	Santa Clarita	CA	honorrollbjj.com	26541 Golden Valley Road Santa Clarita, CA 91350
Ultra Brazilian Jiu-Jitsu & Mixed Martial Arts Santa Clarita	Santa Clarita	CA	ultrabrazilianjiujitsusantaclarita.business.site	26069 Bouquet Canyon Rd
Gracie Jiu-Jitsu Santa Cruz	Santa Cruz	CA		1345 Capitola Road
Kaijin MMA / West Cliff Jiu-Jitsu	Santa Cruz	CA	kaijinmma.com	2100-E Delaware Avenue
New Breed Mixed Martial Arts & Fitness	Santa Fe Springs	CA	newbreedacademy.com	9848 Jersey Ave
Santa Maria Brazilian Jiu JITSU	Santa Maria	CA	smbjj.com	2337 A St
MC Brazilian Jiu Jitsu Club	Santa Monica	CA	mcbrazilianjiujitsuclub.com	320 Wilshire Blvd #101
West Coast Jiu-Jitsu	Santa Paula	CA	westcoastjiujitsu.com	217 N. 10th St
GB Santa Rosa	Santa Rosa	CA	graciebarra.com	3501 Industrial DriveSuite D
NorCal Fighting Alliance	Santa Rosa	CA	norcalfighting.com	917 Piner rd suite E/F
Ringtime Fitness	Santa Rosa	CA	ringtimefitness.com	808 Donahue Street, #3, Santa Rosa, California 97401
Infinity Brazilian Jiu Jitsu	Santee	CA	infinitybjj.com	9225 2425 Carlton Hills Blvd UNIT 23
Chris Lisciandro’s Street Sports BJJ Club	Sherman Oaks	CA	brazilianjiujitsuclub.com	14454 Ventura Blvd
Valley Martial Arts Center	Sherman Oaks	CA	valleymac.com	4635 Van Nuys Blvd.
Brazilian Top Team Long Beach	Signal Hill	CA	bttlongbeach.com	2680 Dawson Ave
Checkmat	Signal Hill	CA	checkmatjiujitsusignalhill.com	3290 E 19th St
GB Simi Valley	Simi Valley	CA	graciebarra.com	2964 Cochran Street
Watts Brazilian Jiu-Jitsu & Muay Thai Academy	Simi Valley	CA	wattsbjj.com	4210 E Los Angeles Ave
GB Santa Ynez Valley	Solvang	CA		320 Alisal Road
Sonora MMA Academy	Sonora	CA	oakdalemma.com	13760 Mono Way Suite D
Connect Brazilian Jiu Jitsu	South Gate	CA	connectbjj.com	13228 Paramount Blvd A
Stanford BJJ	Stanford	CA		341 Galvez St
DE LA O Jiu-Jitsu	Stanton	CA	delaojiujitsu.com	8381 Katella Ave. #F
Andre de Freitas Brazilian Jiu-Jitsu / BJJ Stockton CA 95210	Stockton	CA	andredefreitasbjj.com	654 W. Grider Way, Unit B, Stockton, Ca 95210
Ares BJJ Stockton	Stockton	CA	aresbjjstockton.com	7475 Murray Dr, Suite 6
Shingu Fighter	Stockton	CA	shingufighter.com	6852 Pacific Avenue; Suite K
Stockton Jiu-Jitsu Academy	Stockton	CA	stocktonjiujitsuvalleyfit.com	1620 Stanton Way
Gracie Barra Studio City	Studio City	CA	gbstudiocity.com	12323 Ventura Blvd
Train 4 Life	Suisun	CA	train4life.info	254 Sunset Ave suite D.
UFC GYM Sunnyvale	Sunnyvale	CA	ufcgym.com	733 S Wolfe Rd
Underground MMA and Amador gym and fitness	Sutter Creek	CA		130 Lincoln Ave
Kaiju MMA & Fitness	Tarzana	CA	kaiju-mma.com	18851 Ventura Blvd
Carlson Gracie Wine Country Jiu Jitsu	Temecula	CA	temeculajiujitsu.com	32828 Wolf Store Road
Dan Henderson's Athletic Fitness Center - Formerly Team Quest	Temecula	CA	dhfitnesscenter.com	27901 Jefferson Ave
Lohaki Jiu Jitsu	Temecula	CA	lokahijiujitsu.com	27580 Ynez Road; Suite B
10th Planet Thousand Oaks	Thousand Oaks	CA	10thplanetthousandoaks.com	1125 Lindero Canyon Road
GB Thousand Oaks	Thousand Oaks	CA	graciebarra.com	1011 Rancho Conejo Blvd
10th Planet Torrance	Torrance	CA	darkartsacademy.net	3817 Pacific Coast Hwy
Excellence School of Jiu-Jitsu South Bay	Torrance	CA	esjjsouthbay.com	22223 Palos Verdes Blvd
GB Redondo Beach	Torrance	CA		5147 Calle Mayor
Golden State BJJ	Torrance	CA	goldenstatebjj.com	19019 Hawthorne Blvd. Ste. 200A
Gracie Jiu-Jitsu Academy	Torrance	CA	gracieacademy.com	3515 Artesia Blvd
Gracie University Headquarters	Torrance	CA	gracie-torrance.com	
UFC GYM Torrance	Torrance	CA	ufcgym.com	19800 Hawthorne Blvd
Charles Gracie Jiu-Jitsu Academy Tracy	Tracy	CA	gracietracy.com	1005 E Pescadero Ave #149
JG Academy - Jiu Jitsu & Fitness	Tracy	CA	jgacademy.net	404 W Grant Line Rd
Open Mat Academy	Tracy	CA	openmatacademy.com	3200 Naglee Rd Ste 106
Turlock Academy Of Jiu-Jitsu	Turlock	CA	turlockjiujitsu.com	1608 Fulkerth Rd
One Jiu Jitsu	Tustin	CA	onebjjfitness.com	544 E 1st St
Total MMA Studios	Tustin	CA	totalmmastudios.com	632 El Camino Real Suite A
The Agoge	Twentynine Palms	CA		1502 5th St
Dragon's Den Kajukenbo Club	Union City	CA	dragonsdenmma.com	2801 Whipple Rd
Braga Jiu-Jitsu	Upland	CA	braga-jiu-jitsu.business.site	1848 W 11th St suite g
GB Upland	Upland	CA	gbupland.com	1131 West 9th Street
Ralph Gracie Vacaville	Vacaville	CA	ralphgracievacaville.com	1969 Peabody Rd #1
Rodrigo Cardoso Brazilian Jiu-Jitsu Academy	Vacaville	CA	rodrigocardosoacademy.com	134 Browns Valley Pkwy
Big John Mccarthy's Ultimate Training Gym	Valencia	CA	bjmuta.com	25385 Rye Canyon Rd
Julio Juarez Brazilian Jiu-Jitsu	Valencia	CA	jjbjjsc.com	27734 Avenue Scott # 100
Combat Fitness	Vallejo	CA	combatfitness-rma.com	4380 Sonoma Blvd #200
Gracie Jiu-Jitsu Vallejo	Vallejo	CA		4300 Sonoma Blvd unit 516
Fight Factory MMA	Valley Village	CA	fightfactory.com	4405 Laurel Canyon Blvd
10th Planet Jiu Jitsu Ventura / BJJ Ventura CA 93001	Ventura	CA	10thplanetventura.com	1540 E Main St, Ventura, California 93001
GB Ventura	Ventura	CA		2498 East Main Street
Morumbi Jiu Jitsu & Fitness Academy - Ventura	Ventura	CA	morumbijiujitsuacademy.com	3171 E Main St
Paragon BJJ	Ventura	CA	paragonbjjventura.com	3000 Bunsen Ave Suite E
Rock And Roll Fight Company	Ventura	CA	rocknrollfightcompany.com	2646 Palma Dr #250
Elite Team Visalia Bjj	Visalia	CA	facebook.com	760 E Center Ave
Kajupit MMA & Fitness	Visalia	CA	freewebs.com	101 N. Chinowth
Outlaw MMA & Fitness	Visalia	CA	outlaw559gym.com	6420 S Mooney Blvd
Resilience Brazilian Jiu-Jitsu Academy	Visalia	CA	facebook.com	6624 W Pershing Ave #A
Trifecta MMA/BJJ	Visalia	CA	trifecta-mmabjj.maonrails.com	1933 E Main St
Gracie Jiu-Jitsu Vista	Vista	CA		602 E Vista Way
North Coast Jiu Jitsu / Jiu Jitsu Vista CA 92084	Vista	CA	northcoastjj.com	131 Main St., Vista, CA 92084
Caique Jiu Jitsu Walnut Academy	Walnut	CA	cjjwalnut.com	4000 Valley Blvd #106
Sampa Brazilian Jiu Jitsu Walnut	Walnut	CA	sampabjj.com	355 S Lemon Ave unit l
10th Planet Walnut Creek	Walnut Creek	CA	10thplanetwalnutcreek.com	325 N Wiget Ln Suite 150
Champions Fitness Brazilian Jiu-JItsu Muay-Thai & Boxing	West Covina	CA	championsbjj.com	539 N Azusa Ave
GB West Covina	West Covina	CA	graciebarra.com	141 North Azusa Avenue
Untamed Jiu-Jitsu	West Covina	CA	untamedbjj.com	2550 E. Amar Road #A-3B
GB West Lancaster	West Lancaster	CA	graciebarra.com	42458 60th Street
Buena Vida Jiu Jitsu Academy	West Sacramento	CA		2551 Del Monte St
Bas Rutten's Elite MMA	Westlake Village	CA	elitemmagym.com	880 Hampshire Rd X
Osvaldvo Alves Jiu-Jitsu Academy	Westlake Village	CA	osvaldoalvesbjjsocal.com	31840 Village Center Rd
10th Planet Whittier	Whittier	CA	join10pwhittier.com	9150 Painter Ave Unit D
GB Whittier	Whittier	CA	gbwhittier.com	14153
GIT Right Sports Performance & MMA (Ralph Gracie Whittier)	Whittier	CA	gitrightspf.com	11510 Whittier Blvd
Gracie Jiu-Jitsu Whittier	Whittier	CA		6723 Comstock Ave.
Tillis Brazilian Jiu Jitsu	Whittier	CA	tillisbjj.com	10707 La Mirada Blvd
Carlson Gracie Inland Valley	Wildomar	CA	jiujitsuwildomar.com	32326 Clinton Keith Rd Unit 102
Gracie Jiu-Jitsu Woodland Hills	Woodland Hills	CA		5340 Topanga Canyon Blvd.
Jean Jacques Machado Brazilian Jiu Jitsu Academy	Woodland Hills	CA	jeanjacquesmachado.com	20935 Warner Center Lane; Suite B
ZR Brazilian Jiu-jitsu Thousand Oaks / BJJ Thousand Oaks CA 91362	Woodland Hills	CA	zrwoodlandhills.com	22100 Ventura Blvd
GB Yorba Linda	Yorba Linda	CA	gbyorbalinda.com	18551
GB Yuba City	Yuba City	CA	graciebarra.com	990 Klamath Lane Building D; Suite 27 & 2
BloodSpillerBJJ & Caveirinha Jiu Jitsu Academy	Yucaipa	CA	cjjfsocal.com	32355 Yucaipa Blvd #4
Eagle Brazilian Jiu Jitsu	Yucaipa	CA	eaglebjj.com	12202 California St
Revolutionary Fitness & MMA	Abilene	TX	revfitmma.com	881 E Hwy 80
Zombie Brazilian Jiu-Jitsu and MMA	Abilene	TX	zombiebjj.com	650 S Leggett Dr #1
Guy Mezger's Fs Martial Arts	Addison	TX	guymezger.com	14839 Inwood Rd.
Gracie Jiu-Jitsu Adkins	Adkins	TX		281 Wood Valley Drive
Checkmat BJJ Allen - Texas	Allen	TX		109 N Greenville Ave STE A
John Machado Brazilian Jiu-Jitsu	Allen	TX	johnmachadobjj.com	111 Central Expy S #116
Legacy Brazilian Jiu Jitsu	Allen	TX	legacy-bjj.com	190 E Stacy Rd #1605
Soul Fighters Martial Arts Training Center - Allen	Allen	TX	soulfightersallen.com	1223 W. McDermott Dr. #100
Still Waters Brazilian Jiu Jitsu	Alvin	TX	stillwatersbjj.com	1101 E HWY 6 ste D
Submission Boxing Academy	Alvin	TX		2201 Hwy 31
Guetho Texas BJJ	Amarillo	TX	amarillobjj.com	8910 SW 34th Ave Suite 500
Bushido Martial Arts Academy	Arlington	TX	bushidomartialarts.net	1304 W Arkansas Ln
Independent Brazilian Jiu Jitsu, Arlington	Arlington	TX		7201 S Cooper St #111
Team One Mixed Martial Arts	Arlington	TX	teamonept.wix.com	955 N Cooper St
Texas Self Defense Academy	Arlington	TX	martialartsarlingtontx.com	524 Fielder N Plaza
Austin Fitness Martial Arts - Now is THE VOID MArtial Arts	Austin	TX	austinfitnessmartialarts.com	4327 S 1st St #104d
Austin Jiu-Jitsu	Austin	TX	austinjiujitsu.com	301 Inwood Rd.
Austin Martial Arts Academy	Austin	TX	austinmartialarts.com	5000 Bee Cave Road; Suite 210
Brazilian Fight Factory	Austin	TX	brazilianfightfactory.com	9607 Research Blvd #675
Claunch Academy of Brazilian Jiu-Jitsu	Austin	TX	claunchacademyofbjj.com	12112 Ranch Rd 620 N
GB Dripping Springs	Austin	TX		14121 U.S. 290Building #10
GB Westlake	Austin	TX		8947 Bee Caves RoadLower Level 102
Mario Esfiha Brazilian Jiu Jitsu Austin - Brasa Team	Austin	TX	mebjj.com	1921 Cedar Bend Dr APT 146
Paragon Jiu-Jitsu Academy - Austin	Austin	TX	paragonaustin.com	6800 West Gate Blvd APT 116
Veterans Jiu-Jitsu	Austin	TX	veteransjiujitsu.com	500 VFW Rd
TMAC Tipton Martial Arts Club	Azle	TX	tonytiptontraining.wixsite.com	1169 Southeast Pkwy
Insight BJJ	Bastrop	TX	insightbjj.com	201 Hunters Crossing Blvd #1
Insight BJJ Bastrop – Team Renzo Gracie	Bastrop	TX	insightbjj.com	696 Hwy 71 W, Suite 3A, Bastrop, TX 78602
Elite MMA Baytown	Baytown	TX	elite-mma.com	6934 Garth Rd
10th Planet Jiu Jitsu Beaumont	Beaumont	TX	10thplanetbeaumontjiujitsumma.com	5925 Caswell Rd
TPC Brazilian Jiu-Jitsu & MMA	Beaumont	TX	tpcjiujitsu.com	6376 Phelan Blvd
Carlos Machado Jiu-Jitsu Mid Cities	Bedford	TX	carlosmachadojiujitsumidcities.com	2843 Central Dr
DFW Personal Training and Self Defense	Bedford	TX	dfwkickboxing.com	1820 Reliance Pkwy #100
Ironside Martial Arts	Bedford	TX	ironsidemartialarts.com	1805 Airport Fwy
MACBJJ (Marcos Cerqueira BJJ/Brazil-021 Houston)	Bellaire	TX	brazil021houston.com	5410 Bellaire Blvd Ste 210
Pablo Silva Brazilian Jiu Jitsu HQ	Bellaire	TX	pablosilvabjj.com	5233 Bellaire Blvd
Grapplers Lair	Belton	TX	grapplerslair.com	1402 Waco Rd
Virtue Brazilian Jiu Jitsu	Belton	TX	virtuebjjtx.com	12017 FM 2305
Warlord MMA	Big Spring	TX		602 S Main St #4524
GB Boerne	Boerne	TX	graciebarra.com	30875 'A' IH-1o West Suite B
Grind House Training Facility	Boerne	TX	grindhousetraining.com	645 S School St Suite 301
Gracie Barra Brownsville	Brownsville	TX	gbbrownsville.com	3230 Pablo Kisel Blvd #104
Gracie Barra Buda	Buda	TX	gbbuda.com	2610 Main Street
Gustavo Machdo Brazilian Jiu-Jitsu - Texas (GMBJJTX)	Bulverde	TX	gmbjjtx.com	721 Bulverde Rd; Suite 101
Inochi Mixed Martial Arts Academy - Paul Haben	Bulverde	TX	inochimma.com	4800 US-281
GB Burleson	Burleson	TX	gbburleson.com	201-C Northeast Wilshire Boulevard
10th Planet North Dallas	Carrollton	TX	10thplanetjjdallas.com	1602 S Interstate 35E, Suite 105
Carlos Machado Jiu-Jitsu	Carrollton	TX	member-site.net	2201 Midway Rd #312
Gameness Sports	Carrollton	TX	gameness.com	1545 Capital Dr #103
Gracie Barra Carrollton	Carrollton	TX	gbcarrollton.com	2812 TRINITY SQUARE DR Ste 106
Hicks MMA	Carrollton	TX	hicksmma.com	1400 W Hebron Pkwy
Star Jiu Jitsu	Carrollton	TX	starbjj.com	3030 N Josey Ln #133
Trainers Elite	Carrollton	TX	trainerselite.net	2659 Belt Line Rd
GB Cedar Hill	Cedar Hill	TX	gbcedarhill.com	329 North Highway 67
Magness Brazilian Jiu-Jitsu Martial Arts Academy	Cedar Hill	TX	magnessbjj.com	621 Jealouse Way #101
GKX Martial Arts	Cedar Park	TX	gkxtreme.com	700 N Vista Ridge Blvd #102
Gracie Barra Cedar Park	Cedar Park	TX	gbcedarpark.com	500 Cypress Creek Road #120
Nunan's Martial Arts	Cedar Park	TX	nunansmartialarts.com	2100 Cypress Creek Road #500
The Mat Martial Arts & Fitness	Cedar Park	TX	themataustin.com	12617 Ridgeline Blvd
Brazos Valley Mixed Martial Arts	College Station	TX	bvmma.com	1500 Harvey Road; Suite 2002
GB College Station	College Station	TX	gbcollegestation.com	1702 George Bush Drive East
JJ Machado DFW	Colleyville	TX	jjmachadodfw.com	6100 Colleyville Blvd Suite #100
Ares BRAZILIAN JIU-JITSU	Conroe	TX	aresbjj.com	1510 E Dallas St
Carlson Gracie Houston	Conroe	TX	carlsongracieteamhouston.com	1647 N Frazier Rd st 5
Endure Cross- Training	Conroe	TX	facebook.com	1647 N. Frazier suite 5 Conroe Tx 77301
EnergyFIT Mixed Martial Arts & Fitness	Conroe	TX	energyfitacademy.com	2330 Farm to Market Rd 1488 #700
Gracie Humaita Conroe	Conroe	TX	gymconroe.com	2064 N Farm to Market 3083 Rd W C
Infinitum Jiu Jitsu Academy - PSBJJ Lake Conroe	Conroe	TX	infinitumjiujitsuconroe.com	2064 N Farm to Market 3083 Rd W C
Absolute Self Defense Academy	Copperas Cove	TX	absolute-self-defense-academy-school.business.site	2308 E. US 190
Jiu Jitsu Tech Mix martial arts and fitness	Corinth	TX	jiujitsutechofcorinth.com	7650 I-35 E South suite 134
Risen Jiu-Jitsu and Fitness	Corinth	TX	risenbjj.com	1402 N Corinth St Suite 109
Full Contact Fight Academy	Corpus Christi	TX	fullcontactfightacademy.com	6330 Saratoga Blvd
Gracie Allegiance Jiu Jitsu/ APrx Fitness	Corpus Christi	TX	gracieallegiancetexas.zenplanner.com	Country Village Shopping Center Behind Andy's Kitchen 5822 S Staples St
Gracie Barra Brazilian Jiu Jitsu	Corpus Christi	TX	graciebarracorpuschristi.com	6102 Ayers St #108
Hardstyle KBJJ	Corpus Christi	TX	hardstylekettlebell.com	5702 S Staples St
Lumampao Martial Arts	Corpus Christi	TX	lumampaomartialarts.com	6901 S Padre Island Dr #107
Presa Brazillian Jiu-Jitsu	Corpus Christi	TX	presabjj.com	6313 Wooldridge Rd #8
Renzo Gracie	Corpus Christi	TX	renzogracietx.com	6314 Yorktown Blvd
South texas fight academy	Corpus Christi	TX		3237 S Padre Island Dr
Xtreme MMA	Corpus Christi	TX	xtrememmabjj.com	5801 Patton Suite106
GB Cypress	Cypress	TX	gb-cypress.com	15103 Mason Road
Team Tooke Mixed Martial Arts Cypress	Cypress	TX	teamtooke-cypress.com	16718 House Hahl Rd Ste L
144 Academy Jiu Jitsu/Self-Defense/Fitness	Dallas	TX		1925 E Levee St
5 Elements Studio- Jiu-Jitsu & Fitness	Dallas	TX	5elementsstudio.com	2613 N Carroll Ave
Dallas Jiu-Jitsu	Dallas	TX	dallasjiujitsu.com	10310 Plano Rd. # E
GracieOne Academy	Dallas	TX	gracieone.com	11661 Preston Rd
Peak Performance Decatur Brazilian Jiu-Jitsu	Decatur	TX	peakdecatur.com	3882 US-287 #5
Atos Jiu-Jitsu Houston	Deer Park	TX	atoshoustonbjj.com	2826 Center St
CEV Athletics	Deer Park	TX	cevathletics.com	106 E San Augustine St
Virtues Jiu-Jitsu Self Defense	Deer Park	TX	virtuesjiu-jitsu.com	4922 Luella Ave
Texas Elite MMA	Denton	TX	teamgibson.net	5800 N I-35 E Ste 401
Furia Training Center MMA & BJJ	Dickinson	TX	furiatrainingcenter.com	1314 Farm To Market Road 646 E Ste 19
JJ Machado Austin Jiujitsu	Dripping Springs	TX	jjmachadoaustin.com	4955 Bell Springs Rd
Brazilian Jiu Jitsu and Sambo - Koulikov Grappling Academy	Edinburg	TX	sambofusion.com	2001 W Trenton Rd Suite 104-105
SOTX BJJ (South Texas Brazilian Jiu Jitsu)	Edinburg	TX	sotxbjj.com	2030 @ Universiry Dr
10th Planet El Paso	El Paso	TX	10thplanetelpaso.com	1491 N Lee Treviño Dr Ste. J
Bushido MMA and BJJ Academy	El Paso	TX	bushidommateam.com	11501 Rojas Dr B
El Paso Jiujitsu / Jiu-Jitsu El Paso TX 79936	El Paso	TX	elpjiujitsu.com	11385 JAMES WATT B-7 EL PASO, TX 79936
GB East El Paso	El Paso	TX	graciebarra.com	12025 Rojas DriveSuite H
GB El Paso	El Paso	TX	graciebarra.com	125 Graphite DriveSuite H
Roots Jiu Jitsu Club	El Paso	TX	roots-jiujitsuclub.com	1568 Joe Battle BLVD 102
Warriors Lair MMA	El Paso	TX		8500 Dyer Street, Suite 20
FXMMA - Brazilian Jiu-Jitsu - Wrestling - Boxing	Euless	TX	fxmma.com	1430 Westpark Way Suite C
Sloth BJJ	Euless	TX	slothbjjtx.com	501 N Main St #121
North Texas Mixed Martial Arts	Flower Mound	TX	ntmma.com	6050 Long Prairie Rd;Suite 800D
WolfPack MMA Forney	Forney	TX	mindbodyonline.com	107 N Profit Row
Fitness Fight Factory Haslet	Fort Worth	TX	fitnessfightfactoryhaslet.com	12515 N Saginaw Blvd Suite 103
Frequency BJJ & Fitness	Fort Worth	TX	frequencyjiujitsu.com	2603 8th Ave B
Marcos Santos Academy	Fort Worth	TX	fwbjj.com	2537 Weisenberger St
Powerhouse MMA Academy	Fort Worth	TX		3001 Shamrock Ave
Silverback Brazilian Jiu Jitsu	Fort Worth	TX	silverbackbjjfw.com	5769 Westcreek Dr
TX Black Belt Academy Ft Worth	Fort Worth	TX	txbba-fortworth.com	6136 Bryant Irvin Rd
War Room MMA, Kickboxing, and Fitness	Fort Worth	TX	war-room-mma-kickboxing-and-fitness.business.site	5501 Thelin St
Zombie Krew Jiu Jitsu	Fort Worth	TX	instagram.com	2720 Western Center Blvd Suite #300
PRESS Forward MMA & Fitness	Friendswood	TX	pressforwardmma.com	17130 Townes Rd Ste B
Campuzano Martial Arts	Frisco	TX	campuzanomartialarts.com	2626 Stonebrook Pkwy Suite 600
CJJF West Frisco	Frisco	TX	cjjftx.com	207 King Rd #204
Neutral Grounds	Frisco	TX	bjjtexas.com	207 King Rd Suite 205
Rockstar Martial Arts and Fitness	Frisco	TX	rockstarmartialarts.com	5444 FM423 #500
GB Fulshear	Fulshear	TX	graciebarra.com	7609 Tiki Drive
Becerra Judo & Jiu-Jitsu Club / Jiu-Jitsu Garland TX 75041	Garland	TX	becerrajudo.com	3035 S Shiloh Rd #175, Garland, TX 75041
Texas Gladiators Academy	Garland	TX	texasgladiators.org	2206 S Jupiter Rd
10th Planet Georgetown	Georgetown	TX	10pgtx.com	1523 Northwest Blvd
Georgetown Brazilian Jiu Jitsu	Georgetown	TX	jiujitsugeorgetown.com	2522 Shell Rd
John's Gym Georgetown Jiu Jitsu and MMA	Georgetown	TX	johnsgymgeorgetown.com	3301 Shell Rd #402
360 BJJ	Grand Prairie	TX	360bjj.com	830 Mayfield Rd Suite 120
Mohler MMA – Brazilian Jiu Jitsu & Boxing	Grapevine	TX	mohlermma.com	201 N. Starnes Street
Rogue Jiu Jitsu Studio	Grapevine	TX	roguebjj.com	3549 Grapevine Mills Pwkay; Suite 107
Chop Shop MMA	Greenville	TX	chopshopmma.com	2801 Lee St.
Flux MMA	Haltom City	TX	fluxmma.com	5405 Stanley Keller Rd
Twin Wolves MMA	Harker Heights	TX	twmma.com	217 Cox Dr
Harlingen Jiu-Jitsu Club	Harlingen	TX	harlingenjjc.com	211 W. Jefferson St.; Suite 4
Helio Soneca/ 8ight Limbs Academy	Harlingen	TX	the8ightlimbsacademy.com	109 South Expressway 77
Gann BJJ Fight & Fitness	Haslet	TX	teamgann.com	12512 Willow Springs Rd Suite 112
Double Five Jiu Jitsu	Highland Village	TX	doublefiveonline.com	1800 Justin Rd; #1800A
Gracie Jiu-Jitsu Highland Village	Highland Village	TX		2225 Highland Village Rd
Honor Martial Arts - Houston Brazilian Jiu-Jitsu, Judo, Karate and Yoga.	Hockley	TX	honormartialarts.com	18919 Hopfe Rd
Active Jiu Jitsu	Houston	TX	activejiujitsu.com	11020 Katy Fwy
Cantu’s Texas Brazilian Jiu Jitsu Self Defense Academy	Houston	TX	cantuselfdefense.com	8674 Hwy 6
Dark Gift Combat	Houston	TX	darkgiftcombat.com	7540 Harwin
Elite MMA	Houston	TX	elite-mma.com	11380 Westheimer Rd
Elite MMA - Greenway Plaza	Houston	TX	elite-mma.com	3311 Richmond Ave Ste 101
Gracie Jiu Jitsu Houston	Houston	TX	graciejiujitsuwesthouston.com	1322 S Dairy Ashford Memorial Indoor Sports Academy
Ravlin Brazilian Jiu-Jitsu & Muay Thai-Kickboxing	Houston	TX	ravlinmartialarts.com	10371 Stella Link Rd Second Floor
Revolution Dojo Cypress	Houston	TX	revolutiondojo.com	15460 FM 529 Rd
Rilion Gracie Jiu Jitsu Energy Corridor	Houston	TX	riliongraciewesthouston.com	1396 Eldridge Pkwy B
Texas Barbell Syndicate	Houston	TX	texasbarbellsyndicate.com	14503 Bammel N Houston Rd Ste 350
Abstract Jiu-Jitsu Club	Humble	TX	abstractjiujitsu.com	22704 Lp 494 Ste M
Denizen Brazilian Jiu-Jitsu	Humble	TX	facebook.com	8057 Farm to Market 1960 Rd E
Elite Mixed Martial Arts - Atascocita	Humble	TX	elite-mma.com	5360 FM 1960 suite b
Henderson's Martial Arts	Humble	TX	hendersonsma.com	17655 W Lake Houston Pkwy
McCall Mixed Martial Arts	Humble	TX	mccallmixedmartialarts.com	6730 Atascocita Road Ste 109
Solis Martial Arts Academy	Humble	TX	solismartialarts.com	1903 Treble Drive; Suite A
Collins Martial Arts	Hurst	TX	collinsmartialarts.com	540 West Pipeline Rd
Caio Terra Academy - Irving	Irving	TX	bjjirving.com	
George's MMA & Boxing Gym	Irving	TX	dallasmmaboxing.com	612 Valley Ranch Pkwy S
MA BJJ Academy	Irving	TX	mabjjacademy.com	2108-200 Hurd Dr
Reyes Jiu-Jitsu	Irving	TX	reyesjiujitsu.com	5443 N MacArthur Blvd
Blitz Martial Arts	Jarrell	TX	blitzmatx.com	200 County Rd 306 Suite 2201
Gracie Barra Katy	Katy	TX	graciebarrakaty.com	21734 Provincial Blvd Bldg 200-240
Katy Brazilian Jiu Jitsu Revolution Team	Katy	TX	katybjj.com	20140 Morton Rd Ste 105C
Renzo Gracie Katy	Katy	TX	renzograciekaty.com	25757 Westheimer Pkwy; Suite 172
Rilion Gracie Katy	Katy	TX	riliongraciekaty.com	962 S Fry Rd
The Fight Lab	Katy	TX	thefightlabtx.com	20820 Park Row Dr Ste B
All American MMA and BJJ	Keller	TX	allamericanmma.com	102 Keller Hicks Rd #127
Strike And Submit Martial Arts And Fitness	Killeen	TX		1602 W Stan Schlueter Loop
Terra Leon Brazilian Jiu Jitsu	Killeen	TX		3905 E Veterans Memorial Blvd
Kingwood MMA	Kingwood	TX	kingwoodmixedmartialarts.com	2855 West Lake Houston Pkwy Suite 107
ACS Mixed Martial Arts	La Marque	TX	acsmmatx.com	13001 Delany Rd
Applied Sports MMA Family Fitness Gym	Lakeway	TX		15527 Debba Dr
Gracie Barra – Lakeway	Lakeway	TX	gblakeway.com	1607 Ranch Road 620 N; suite 700
Alpha Omega BJJ / jiu jitsu Laredo TX 78041	Laredo	TX	alphaomegabjj.wordpress.com	8510 Las Crucas Avenue, Laredo, TX 78045
Cadejo Brazilian Jiu Jitsu Academy	Laredo	TX	cadejobjj.com	708 Chaparral St
Sangue Novo Brazilian Jiu-Jitsu Academy	Laredo	TX		216 N Zapata Hwy #11
Cornerstone Jiu Jitsu	Leander	TX	cornerstonejiujitsuacademy.com	1309 Leander Dr Suite 602
Silva BJJ Lewisville TX (Aloisio Silva BJJ Associated Academy)	Lewisville	TX	silvaacademy.com	2488 Meadowglen Dr #201
John's Gym Liberty Hill Jiu Jitsu	Liberty Hill	TX	johnsgymlibertyhill.com	101 Jonathan Dr #5
Pure Jiu-Jitsu Longview	Longview	TX	pjlvtx.com	414 W Loop 281
Team 515 Mixed Martial Arts	Longview	TX	team515.com	320 E Tyler St
BASE Brazilian Jiu Jitsu / BJJ Lubbock TX 79414	Lubbock	TX	yourbasebjj.com	5064 50th Suite A, Lubbock, Texas, 79414
Different Breed MMA	Lubbock	TX	facebook.com	3424 I 27 Frontage Road
Victory Combat Sports Academy	Lubbock	TX	victorycombatsportsacademy.com	3520 Woodrow Rd Suite 103
West Texas Jiu Jitsu Academy	Lubbock	TX	wtxjja.com	4116 34th St
Cobra Brazilian Jiu Jitsu Mansfield	Mansfield	TX	cobrabjjmansfield.com	7941 Rodeo Trl #720
Gracie Barra Jiu Jitsu Mansfield	Mansfield	TX	gbmansfield.com	780 W Debbie Ln #300
Stoic Brazilian Jiu Jitsu	Mansfield	TX	stoicjj.com	1910 Lone Star Rd Suite A
Enzo Jiu Jitsu / BJJ McAllen TX 78501	McAllen	TX	enzojiujitsu.com	
GB McAllen	McAllen	TX	graciebarra.com	1701 Dove Ave Suite F&G
Modern Jiu-Jitsu Self Defense	McAllen	TX	mdrnjj.com	5305 N 23rd St
UFC GYM McAllen	McAllen	TX	ufcgym.com	3300 N McColl Rd
Combat Base TX / Shebaro Jiu Jitsu / We Defy HQ	McKinney	TX	shebarojiujitsu.com	320 Industrial Blvd Suite 206
GB McKinney	McKinney	TX		7901 Eldorado Parkway
Tbt Gym-Total Body Training	McKinney	TX	tbtgym.com	1434 N Central Expy UNIT 122
KO Empire Fight Academy / BJJ Mesquite TX 75149	Mesquite	TX	koempirefa.com	
Sfs MMA	Mesquite	TX	sfsmma.com	1220 N Town E Blvd #320
Premier Martial Arts-Mission	Mission	TX	missiontxmartialarts.com	2518 E Griffin Pkwy
Rilion Gracie Academy Missouri City	Missouri City	TX	riliongraciemissouricity.com	3340 FM 1092 Rd #120 ste 120
Golden Triangle Jiu-jitsu Academy	Nederland	TX	goldentrianglejiujitsu.com	605 N Twin City Hwy
Gracie Jiu-Jitsu New Braunfels	New Braunfels	TX		4306 FM482
NBTC Brazilian Jiu Jitsu (New Braunfels Training Center)	New Braunfels	TX	nbtcbjj.com	1389 Industrial Drive Suite A
SBG New Braunfels Brazilian Jiu Jitsu	New Braunfels	TX	sbgnewbraunfels.com	167A IH 35 S South
Unconventional Performance & Training	New Braunfels	TX	rodrigopinheirobjj.com	1117 N Walnut Ave
Peak Performance Brazilian Jiu-Jitsu	North Richland Hills	TX	peakbjj.com	6455 Hilltop Rd; Suite 105
The MATS Academy	North Richland Hills	TX	themats.academy	8701 N. Tarrant Parkway Suite 100B
RuFFhouse MMA & Fitness	Odessa	TX	m.facebook.com	518 N Grant Ave
Warriors Legacy MMA	Paris	TX	warriorslegacymma.com	1005 South Collegiate Drive
GB Pearland	Pearland	TX	gbpearland.com	3229 E. Broadway
Gracie Jiu-Jitsu Pearland	Pearland	TX		4141 Bailey Rd
Grappling Zone Pearland	Pearland	TX	grapplingzonepearland.com	2849 Miller Ranch Rd Ste 505
UFC GYM Pearland	Pearland	TX	ufcgym.com	8201 W Broadway St Ste 181
Sahuque Brazilian Jiu-jitsu	Pecos	TX		1118 Eddy St
Eclectic Combat Systems	Pflugerville	TX	ecsmma.com	1202 FM 685; Suites C1 & C2
Team Rabadi Brazilian Jiu Jitsu & Muay Thai	Pflugerville	TX	rrbjj.com	4674 Priem Ln #300
Cobra Brazilian Jiu-Jitsu	Plano	TX	cobrabjj.com	1441 Coit Rd G
Mcsweeney Martial Arts and Performance Center	Plano	TX	mcsweeneymma.com	2901 W 15th St Ste B
Progresso Jiu Jitsu	Plano	TX	progressojiujitsu.com	3000 Custer Rd #220
Royal Art BJJ	Plano	TX	bjjroyal.com	3198 W Parker Rd Ste 3166
Underground Jiu Jitsu	Plano	TX	underground-bjj.com	1406 Capital Ave #104
10th Planet Jiu Jitsu New Caney Texas	Porter	TX	10thplanetnewcaney.com	23464 FM 1314 RD Monstros Gym
Aguilera Martial Arts Prosper TX	Prosper	TX	aguilerabjj.com	711 Industry Way Suite 50
CJJF Academy - North Texas	Prosper	TX	cjjfntx.com	2111 E. University Dr. Ste 60
Spartan Fit MMA	Rhome	TX		6225 TX-114
COR Brazilian Jiu Jitsu	Richardson	TX	corbjj.com	711 W Arapaho Rd
Corvo Martial Arts	Richardson	TX	corvomartialarts.com	810 west Arapaho suite 94
Gracie Gym Richardson / Brazilian Jiu-Jitsu	Richardson	TX	graciegymrichardson.com	819 W Arapaho Rd Suite 18
AON Jiu Jitsu	Richmond	TX	aonjiujitsu.com	9825 Mason Rd Ste 160
Markle Brazilian Jiu-Jitsu	Richmond	TX	marklebjj.com	602 Crabb River Road
Renzo Gracie The Grove	Richmond	TX	renzograciethegrove.com	7850 W Grand Pkwy S Ste 100
316 BJJ - Rockwall Jiu Jitsu Self Defense Martial Arts	Rockwall	TX	316bjj.com	1407 S Goliad St
CAYA Martial Arts	Rockwall	TX	cayamartialarts.com	811 E Yellow Jacket Ln Suite 130
Wolfpack Mixed Martial Arts	Rockwall	TX	mindbodyonline.com	179 County Line Rd
Strong Style MMA	Rosenberg	TX	strongstylemma.com	3902 Farm to Market Rd 723 Suite A
GB Round Rock	Round Rock	TX	gbroundrock.com	105 East Old Settlers BoulevardSuite 108
True JiuJitsu Academy	Round Rock	TX	truejiujitsu.com	#1300B 2111 Sam Bass Rd
Gracie Jiu-Jitsu Salado	Salado	TX		227 N. Main Street
Angelo Mixed Martial Arts and fitness	San Angelo	TX	facebook.com	1602 N Chadbourne St
Seeds 13 Jiujitsu Academy	San Angelo	TX	seeds13bjj.com	105 Westland Ave
10th Planet San Antonio Huebner Oaks	San Antonio	TX	10psanantonio.com	11255 Huebner Rd Ste 106
American Kickboxing Academy Texas	San Antonio	TX	akatexas.com	8318 Jones Maltsberger Rd
Caveman HQ Combat Sports Club	San Antonio	TX	apps.apple.com	11503 Jones-Maltsberger Rd.; STE 1160
GB Alamo Ranch	San Antonio	TX		10919 Culebra RoadSuite 187
Gracie Jiu-Jitsu North-East San Antonio	San Antonio	TX	graciejiujitsusanantonio.com	4141 Naco Perrin Blvd.
Gracie Jiu-Jitsu North-West San Antonio	San Antonio	TX	gracienorthwestsanantonio.com	3511 Colony Drive
JBSA BJJ Open Mat	San Antonio	TX		1395 Chaffee Rd
Marra Senki Brazilian Jiu-Jitsu	San Antonio	TX	marrajj.com	15201 San Pedro Ave
Martial Arts Academy Of San Antonio	San Antonio	TX	martialartssa.com	2334 Jackson Keller
RDA Fitness & MMA	San Antonio	TX	rda-fitness-mma.business.site	15122 Potranco Rd; Suite 102
Semper Fortis	San Antonio	TX	brazil021sanantonio.com	5723 North Foster Road
Victory Martial Arts Leon Springs	San Antonio	TX	victoryma.com	24165 IH 10 W #113
Benavides Mixed Martial Arts	San Benito	TX	benavidesmma.com	Located at 173 Abigail Lane
Garcia Brazilian Jiu-Jitsu	San Benito	TX		780 US-77 BUS
South Texas Grappling Team	San Benito	TX	southtexasgrappling.com	2400 Highway 77 Building Y
Cross Collar Jiu Jitsu - An Ed Ramos Affiliate	Seabrook	TX	edramosclearlake.com	2114 Seabrook Cir
Ed Ramos Clear Lake	Seabrook	TX	edramosclearlake.com	1002 N Meyer Ave Ste A
Gracie Jiu-Jitsu Seguin	Seguin	TX		110 West Court Street
Gracie Barra – Southlake	Southlake	TX	gbsouthlake.com	480 W Southlake Blvd
Lucky Jiu-Jitsu and Fitness Club	Southlake	TX	luckybjj.com	1607 Hart St. #100
Sampson Jiu Jitsu Academy	Southlake	TX	sampsonjiujitsuacademy.com	280 Commerce St Suite 175
Lake Travis Jiu-Jitsu Club	Spicewood	TX	ltjjc.com	21300 State Hwy 71
Finesse BJJ	Spring	TX	finessebjj.com	17711 Kuykendahl Rd ste A
Gracie Barra – The Woodlands	Spring	TX	mmathewoodlands.com	606 Suite A Rayford Rd.
Ground Dwellers BJJ	Spring	TX	grounddwellers.com	9222 Louetta Rd
Hero Martial Arts Academy	Spring	TX	heromaa.com	6411 Fm 2920
Katana Jiu-Jitsu Academy	Spring	TX	katanajiu-jitsuacademy.com	2400 Fm 2920
Maozinha Brazilian Jiu Jitsu	Spring	TX	teammaozinha.com	27359 W Hardy Rd Ste 210
Torres Brazilian Jiu Jitsu	Spring	TX	torresjiujitsu.com	4750 Farm to Market 2920 Ste 401
GB Spring Branch	Spring Branch	TX		19750 Texas 46Unit 110
Spartan Fit MMA - Springtown TX	Springtown	TX		630 W J E Woody Rd
TX 3rd Coast MMA	Stafford	TX	tx3rdcoastmma.com	11925 SW Fwy Ste 3A
Makhuwabjj Brazilian JiuJitsu	Stephenville	TX	makhuwabjj.com	2900 W Washington St #21-B
GB Fort Bend	Sugar Land	TX	gbfortbend.com	350 Promenade Way# 700
LX Jiu-Jitsu & Self Defense	Sugar Land	TX	lxbjj.com	3322 Hwy 6 Ste B
Renzo Gracie Houston	Sugar Land	TX	graciebarrasugarland.com	3527 Hwy 6 Ste 240
Sugarland MMA	Sugar Land	TX	sugarlandmixedmartialarts.com	5022 Highway 90a Ste B
Ion Jiu Jitsu	Sulphur Springs	TX	ionjiujitsuandfitness.com	500 N Jackson Street
Legends Brazilian Jiu Jitsu	Temple	TX	legendsbjj.com	12 S 4th St
Storm MMA & Fitness	Temple	TX	stormmmaandfitness.com	4305 S 31st St
Carlos Machado Jiu-Jitsu: The Colony	The Colony	TX	calendly.com	5201 S Colony Blvd #575
Maven Jiu-Jitsu Academy	The Woodlands	TX	mavenbjj.com	538 Sawdust Rd
Defenders Martial Arts Academy	Tomball	TX	defendersmaa.com	24922 Tomball Parkway Ste 112
Global Martial Arts	Tomball	TX	teamglobalmma.com	11715 Spring Cypress Rd Ste B
McCoy's Brazilian Jiu Jitsu & MMA - Tomball	Tomball	TX	mccoysmma.com	419 E Hufsmith Rd
WAR Training Center	Tomball	TX	wartrainingcenter.com	18107 N Eldridge Pkwy Ste 320;340
Ethos Jiu Jitsu and Martial Arts	Tyler	TX	ethosjiujitsutyler.com	4703 DC Drive Ste 105
Gracie Barra Tyler Brazilian Jiu-Jitsu & Self Defense	Tyler	TX	gbtyler.com	6371 Elkton Trail
Satori MMA	Victoria	TX	satorimma.com	2523 N Laurent St
Martial arts of Waco	Waco	TX	martialartswaco.com	504B Lake Air Dr
Ralph Gracie Jiu-Jitsu Waco Texas	Waco	TX	ralphgracietexas.com	1109 Richland Dr
Select Jiu Jitsu Academy	Waco	TX	selectjiujitsu.com	3116 Franklin Ave
Fitness Fight Factory	Watauga	TX	fitnessfightfactory.com	6801 Rufe Snow Dr STE 300
Gracie Jiu-Jitsu Weatherford	Weatherford	TX		1011 Upper Denton Rd Building 12
Red River BJJ	Wichita Falls	TX	redriverbjj.com	2526 Missile Rd Suite 1
Fighteria Academy	Wimberley	TX	fighteriatx.com	10330 Ranch Rd 12
VA Academy Jiu Jitsu	Wylie	TX	vabjj.com	709 Business Way
Gracie Jiu-Jitsu Altamonte Springs	Altamonte Springs	FL	graciejjcfl.com	249 W State Rd 436 Suite 1085
6 Levels Apopka Jiu-Jitsu	Apopka	FL	6levelsapopka.com	111 S Bradshaw Rd
Marcus Aurelio Jiu Jitsu Academy	Aventura	FL	maximusmartialarts.com	2626 NE 188th St
10th Planet Boca Raton	Boca Raton	FL	10thplanetboca.com	170 Yamato Rd
GB Boca Raton	Boca Raton	FL	braziliantopteamflorida.com	450 NE 20th St #109-110
Gracie Barra Brazilian Jiu-Jitsu Boca Raton	Boca Raton	FL	gbbocaraton.com	1141 S Rogers Cir Suite 1
Gracie Jiu-Jitsu Boca Raton	Boca Raton	FL		11401 B West Palmetto Park Road
Kimura Brazilian Jiu-Jitsu Boca Raton	Boca Raton	FL	kimurabjj.com	23269 FL-7 #117
R2F Boxing & MMA Fitness Studio	Boca Raton	FL		1050 NW 1st Ave #1
Renzo Gracie Jiu Jitsu Academy of Boca Raton	Boca Raton	FL	renzograciejiujitsubocaraton.com	9045 La Fontana Blvd #116
GB Boynton Beach	Boynton Beach	FL	sbgboyntonbeach.com	7410 Boynton Beach Boulevard
Champion Mma of Bradenton	Bradenton	FL		1980 1st St
Olivera Jiu Jitsu And Fitness Academy	Bradenton	FL	oliverabjj.com	501 Village Green Pkwy
Fabio Novaes Brazilian Jiu-Jitsu	Brandon	FL	fabionovaesbjj.com	529 W Brandon Blvd
Black Tie Brazilian Jiu Jitsu	Cape Coral	FL	blacktiebrazilianjiu-jitsu.com	Nicholas Pkwy NW
Black Trunk Martial Arts	Cape Coral	FL	blacktrunk.net	4814 Cape Coral St.
Brazilian Jiu Jitsu Academy Cape Coral	Cape Coral	FL		1423 SE 10th Street Units 2&3
Cali Style MMA	Cape Coral	FL	calistylemma.com	1404 Del Prado Blvd S
Mata Leao BJJ/MMA Academy	Casselberry	FL		873 FL-436
Gracie Barra Clearwater	Clearwater	FL	gbclearwater.com	1490 N Belcher Rd. Suite I
Grady's Family Mixed Martial Arts	Clearwater	FL	gradysmma.com	16803 US Highway 19 N
Omega MMA Training Center	Clearwater	FL	omegamma.com	26246 US 19 N
GB Clermont	Clermont	FL	graciebarra.com	16215 SR 50 Suite 301
Cocoa Beach Fight Club BJJ & Fitness	Cocoa Beach	FL	cocoa-beach-fight-club-bjj-fitness.business.site	195 N Brevard Ave
Off The Grid BJJ	Cocoa Beach	FL	offthegridjiujitsu.com	2370 S Atlantic Ave
American Top Team	Coconut Creek	FL	americantopteam.com	5750 FL-7
Everyone Jiu-Jitsu	Cooper City	FL	everyonebjj.com	2585 N Hiatus Rd
Refit Academy - Coral Gables	Coral Gables	FL	refitacademycoralgables.com	4940 S Le Jeune Rd
Valente Brothers Jiu-Jitsu Coral Gables	Coral Gables	FL	valentebrothers.com	275 University Dr
Alliance Coral Springs	Coral Springs	FL	alliancecoralsprings.com	4674 Coral Ridge Dr.
Real World M.M.A. Training Center	Coral Springs	FL		11322 Wiles Rd
Rmbjj Coral Springs / BJJ Coral Springs FL 33065	Coral Springs	FL	coralspringsbjj.com	9645 W Sample Rd, Coral Springs, FL 33065
GB Crestview	Crestview	FL		751 North Ferdon BoulevardUnit 763-775D
ATP Brazilian Jiu Jitsu	Dania Beach	FL	atpbjj.com	714 S Federal Hwy
Marcelo Meleiro BJJ – Nova Uniao South Florida	Dania Beach	FL	novauniaosouthflorida.com	714 South Federal Hwy.
Dynamic Martial Arts & Fitness Studios	Davie	FL	nitroacademy.com	12940 State Road 84
GB Davie	Davie	FL		5167 South University Drive
Mattix Gracie Jiu Jitsu Academy	Davie	FL	mattixacademy.com	4301 S Flamingo Rd Ste 103
RAIVA Brazilian Jiu Jitsu	Davie	FL	raivabjj.com	8234 West State Road 84
Rock MMA	Davie	FL	fightingchancebjj.com	12930 W State Rd 84
Complete MMA Fitness	DeBary	FL		961 Diplomat Dr
American Combat Gym	Deerfield Beach	FL	americancombatgym.com	252 SW 12th Ave
GB Deerfield Beach	Deerfield Beach	FL	rogergraciedeerfieldbeach.com	
DeLand Brazilian Jiu-Jitsu	DeLand	FL	delandjiujitsu.com	235 N Amelia Ave
Gator Family Brazilian Jiu Jitsu	DeLand	FL	gatorfamilybjj.com	127 East New York Avenue
Warrior Defense Brazilian Jiu Jitsu	DeLand	FL	warriordefense.com	815 New York Ave W
West Volusia Academy Of Mixed Martial Arts	DeLand	FL	theacademyofmma.com	1324 E. Intl Spdwy Blvd; Suite 1
Carlson Gracie Manny Soares	Delray Beach	FL	mannysoaresbjj.com	105 Avenue L
Destin Academy of Mixed Martial Arts	Destin	FL		12273 US-98 #103
Gracie Jiu-Jitsu Destin	Destin	FL	graciejiujitsudestin.com	12273 Emerald Coast Pkwy #103
Anta's Fitness & Self Defense	Doral	FL	mindbodyonline.com	10721 NW 58th St
Rilion Gracie Jiu-Jitsu Doral	Doral	FL	riliongraciedoral.com	7902 NW 36th St STE 213
Team Carvalho Academy	Dunnellon	FL	teamcarvalho.com	20077 SW 110th St
The Grounds MMA	Estero	FL	traininggroundsma.com	20451 S Tamiami Trail #8
Mount Dora BJJ Academy	Eustis	FL	mountdorabjjacademy.com	2750 Dillard Rd STE 1-4
GB Fleming Island	Fleming Island	FL	graciebarra.com	3555 U.S. 17#04
Extraordinary Martial Arts	Florida City	FL	extraordinaryma.com	35202 South Dixie Hwy Ste 140
A & M Jiu-Jitsu	Fort Lauderdale	FL	aandmbjj.com	5300 Powerline Rd Suite #210
American Top Team Fort Lauderdale	Fort Lauderdale	FL	attftl.com	582 SW Flagler Ave
Carbon SG	Fort Lauderdale	FL	carbonsg.com	331 E Commercial Blvd.
Gracie Barra Fort Lauderdale / BJJ Fort Lauderdale FL 33306	Fort Lauderdale	FL	graciebarra.com	5439 North Federal Highway
Moncaio Brothers Brazilian Jiu Jitsu	Fort Lauderdale	FL	bjjbrothers.com	1594 E Commercial Blvd
Fight Zone MMA	Fort Myers	FL	fightzonefl.com	10180 Metro Pkwy
GB Fort Myers	Fort Myers	FL	gbfortmyers.com	9961 Interstate Commerce Drive
Vickery Jiu-Jitsu & MMA	Fort Myers	FL	vickerybjj.com	1469 Colonial Blvd #130
Team Carvalho Treasure Coast	Fort Pierce	FL	teamcarvalho.com	113 Orange Avenue
Capitao Jiu Jitsu and Mixed Martial Arts	Fort Walton Beach	FL	capitaomma.com	105 Hughes St NE
GB Green Cove Springs	Green Cove Springs	FL	solidbasemma.com	4002 J Louis Street
Christian Carvalho BJJ-MMA	Greenacres	FL	carvalhobjjmma.com	2234 Jog Rd
K2 MMA & BJJ	Greenacres	FL	k2life.com	6615 Forest Hill Blvd
Gracie Barra Hallandale Beach	Hallandale Beach	FL	gbhallandale.com	648 W Hallandale Beach Blvd
GB Hialeah	Hialeah	FL		1001 West 49th StreetSuite 6
Gladiator Sports Fitness MMA	Hialeah	FL		224 W 29th St
MMA Masters	Hialeah	FL	mmamasters.com	6440 W 20th Ave
Paladin MMA Academy	Hialeah	FL		2760 W 84th St Ste 1
Round 5 MMA and Jiu-Jitsu	Hialeah	FL		13460 NW 107th Ave
Team Rollyson Brazilian Jiu-Jitsu	Hollywood	FL	rollysonbjj.com	4443 Hollywood Boulevard
The Academy of Martial Arts	Hollywood	FL	aomacoopercity.com	9259 Sheridan St
Gracie Barra Homestead	Homestead	FL	graciebarra.com	13400 SW 288th St
BLTeam Brazilian Jiu-Jitsu and Muay Thai Academy	Indian Harbour Beach	FL	blteam1.com	1090 E Eau Gallie Blvd
Framework BJJ (Indian Harbour Beach FL)	Indian Harbour Beach	FL	frameworkbjj.com	1897 South Patrick Drive
Agogi Academy of Combatives	Inverness	FL	agogiac.com	136 Heights Ave
10th Planet Jiu Jitsu Jacksonville	Jacksonville	FL	10pjax.com	4849 Dawin Rd #2
Bill Brazilian Jiu Jitsu Association Inc	Jacksonville	FL	billjiujitsu.com	11701 San Jose Blvd Suite 24
Gracie Barra – Jacksonville	Jacksonville	FL	gbjacksonville.com	8570 Philips Hwy
Jacksonville Gracie Jiu-Jitsu	Jacksonville	FL	jacksonville-gracie-jiu-jitsu.business.site	9759 San Jose Blvd Suite # 3
Studio 8 BJJ - JJM Mandarin	Jacksonville	FL	studio8bjj.com	11570 San Jose Blvd, Suite 8
Ludus Martial Arts LLC	Jacksonville Beach	FL	ludusmartialarts.com	730 Beach Blvd #105
Armory Training Center	Jupiter	FL		1695 W Indiantown Rd #22-23
GB Jupiter	Jupiter	FL	graciebarra.com	400 Tony Penna Drive; Suite B
Harmony Martial Arts Center	Jupiter	FL	harmonymartialarts.com	1928 Commerce Lane Ste 8
Team Nogueira Bloise Academy	Jupiter	FL	teamnog.com	1601 Commerce Ln Unit 104
The Jupiter Jiu Jitsu Academy in Jupiter Fl	Jupiter	FL	jupiterjiujitsu.com	1312 Commerce Ln #4b
The Hidden Lotus	Kendale Lakes	FL		8530 SW 124th Ave Ste 201
Academy of Martial Arts	Key Biscayne	FL	rdcamma.com	328 Crandon Blvd Ste 206
Alliance Jiu Jitsu	Key Biscayne	FL	alliancekb.com	929 Crandon Blvd
Miloki Flow / Jiu-Jitsu and Movement	Key Biscayne	FL	milokiflow.com	200 Crandon Blvd Ste 103
Key West PAL Gym (Jiu-jitsu/Wrestling/Kickboxing/MMA)	Key West	FL	floridakeysjiujitsu.com	1030 United St
American Top Team Kissimmee - Black Boxx	Kissimmee	FL	attkissimmee.com	2254 E Irlo Bronson Memorial Hwy
GB Kissimmee	Kissimmee	FL	marciosimas.com	2800 W Vine St
Knights BJJ	Kissimmee	FL	knightsbjj.com	2556 Simpson Rd
Hardkore MMA & Jiu-Jitsu	Lake City	FL		2128 SW Main Blvd
Cardona's Brazilian Jiu Jitsu	Lake Worth	FL	cardonasbjj.com	1930 7th Ave N
Renzo Gracie of Lake Worth	Lake Worth	FL	renzogracielakeworth.com	6752A Lantana rd
Champions Mixed Martial Arts	Lakeland	FL	championsmma.tv	8220 US Hwy 98 N
Fabio Novaes Brazilian Jiu-jitsu Lakeland	Lakeland	FL	fabionovaesbjj.com	845 Creative Dr #1
Combat Club	Lantana	FL	combatclub.com	6240 S Congress Ave Suite G1
Gracie Jiu-Jitsu Largo	Largo	FL		5047 Ulmerton Road
Supremacy Brazilian Jiu Jitsu	Largo	FL	supremacybjj.com	8888 Ulmerton Rd
Inside Control Academy	Lauderhill	FL	insidecontrolacademy.com	5770 W Oakland Park Blvd
South Florida Fight Club	Lauderhill	FL	sffc.tv	5400 N University Dr
UFC GYM Lauderhill	Lauderhill	FL	ufcgym.com	5770 W Oakland Park Blvd
American Top Team Longwood	Longwood	FL	attlongwood.com	104 Commerce St
GB Seminole	Longwood	FL	graciebarra.com	1060 W Street Rd 434 #100
Kokopelli's Gym	Longwood	FL	kokogym.com	390 Sansu Court
Relic Jiu Jitsu	Longwood	FL	cp.mystudio.io	225 N Ronald Reagan Blvd Suite 103
GB Lutz	Lutz	FL	gblutz.com	1908 Oak Grove Boulevard
Gracie Wesley Chapel	Lutz	FL	graciewesleychapel.com	24720 State Rd 54
Olympus Jiu Jitsu Academy	Lutz	FL	bjjolympus.com	19004 1st St SW
GB Coral Springs	Margate	FL	graciebarra.com	3270 Northwest 62nd Avenue
Souther Soul Jiu-Jitsu Academy – Renzo Gracie Emerald Coast	Mary Esther	FL	southernsoulacademy.com	1654 US-98 Mary Esther FL 32569
American Killer Bees Fitness	Melbourne	FL	americankillerbeesfitness.com	249 Babcock St
Carlson Gracie JiuJitsu Melbourne FL- Hot Box MMA	Melbourne	FL	bjjmelbournefl.com	880 Mc Clendon St
Control Jiu-Jitsu	Melbourne	FL	controljiujitsu.com	2447 N Wickham Rd Suite #126
Master Lowell's MMA Academy	Melbourne	FL	jlmma.com	4865 N.Wickham Rd. Suite 106
Arise Martial Arts (BJJ)	Miami	FL	arisebjj.com	4563 SW 71st Ave
Boca De La Riva	Miami	FL	bocajiujitsumiami.com	2656 SW 87th Ave Fl 2
Cardoso Jiu Jitsu	Miami	FL	cardosojiujitsu.com	12812 SW 122nd Ave
Champion Martial Arts	Miami	FL	judochampion.com	13810 SW 56 St.
First Order of JiuJitsu	Miami	FL	firstorderjiujitsu.com	12039 SW 132nd ct; unit 26
Hybrid Martial Arts	Miami	FL	hybridmartialart.com	14180 SW 143rd Ct Ste 408
Miami Jiu Jitsu	Miami	FL		10471 SW 88th St Ste 201
Refit Academy - Wynwood	Miami	FL	refit-academy.com	1657 N Miami Ave
Team Alpha Miami	Miami	FL		8150 SW 8th St Ste 209
American Top Team Aventura	Miami Beach	FL	attaventura.com	16215 Biscayne Blvd
Beach Martial Arts	Miami Beach	FL		1510 Alton Road
Black House Miami Beach	Miami Beach	FL	blackhousemiamibeach.com	7140 Abbott Ave Fl 2
Capital Jiu Jitsu	Miami Beach	FL		2275 NE 164th St
101 Academy Jiu Jitsu	Calgary	AB	101academyjiujitsu.com	
Airdrie BJJ	Airdrie	AB	airdriebjj.com	
Alliance Jiu Jitsu Calgary	Calgary	AB	alliancejiujitsucalgary.com	
Angry Monkey MMA	Calgary	AB	angrymonkeymma.com	
Banff BJJ	Banff	AB	banffbjj.com	
Brooks BJJ	Brooks	AB	brooksbjj.com	
Camrose BJJ	Camrose	AB	camrosebjj.com	
Cochrane BJJ	Cochrane	AB	cochranebjj.com	
Edmonton BJJ	Edmonton	AB	edmontonbjj.com	
Elite Martial Arts Calgary	Calgary	AB	elitemartialarts.ca	
Fort McMurray BJJ	Fort McMurray	AB	fortmcmurraybjj.com	
Grande Prairie BJJ	Grande Prairie	AB	grandeprairebjj.com	
Lethbridge BJJ	Lethbridge	AB	lethbridgebjj.com	
Medicine Hat BJJ	Medicine Hat	AB	medicinehatbjj.com	
Okotoks BJJ	Okotoks	AB	okotoksbjj.com	
Phoenix Martial Arts Club	St. Albert	AB	phoenixmartialarts.ca	
Red Deer BJJ	Red Deer	AB	reddeerbjj.com	
Sherwood Park BJJ	Sherwood Park	AB	sherwoodparkbjj.com	
Straight Blast Gym Calgary	Calgary	AB	sbgcalgary.com	
Wetaskiwin BJJ	Wetaskiwin	AB	wetaskiwinbjj.com	
Wolfhouse MMA Edmonton	Edmonton	AB	wolfhousemma.com	
YYC Brazilian Jiu Jitsu	Calgary	AB	yycbjj.com	
AK-49 Martial Arts	Soldotna	AK	ak49martialarts.com	
Alaska Center For The Martial Arts	Wasilla	AK	akmartialarts.com	
Anchorage Brazilian Jui-Jitsu	Anchorage	AK	anchoragebjj.com	
Anchorage Grappling Academy	Anchorage	AK	anchoragegrapplingcoop.com	
Arctic Warrior Brazilian Jiu-Jitsu	Anchorage	AK	facebook.com	
Crazy Monkey Alaska	Anchorage	AK	crazymonkeyalaska.com	
Eclipse Martial Arts	Anchorage	AK	eclipsemartialartsak.com	
Evolution Jiu Jitsu	Juneau	AK	evojj.com	
Frostbite Vale-tudo	Fairbanks	AK	frostbitevaletudo.com	
Gracie Barra - Jiu Jitsu	Anchorage	AK	graciebarra.com	
Greatland Martial Arts	Anchorage	AK	facebook.com	
Ketchikan Jiu-Jitsu	Ketchikan	AK	ketchikanbjj.com	
Krav Maga Anchorage	Anchorage	AK	kravmagaanc.com	
Legacy Jiu Jitsu	Anchorage	AK	legacyjiujitsuak.com	
Revolution BJJ	Fairbanks	AK	revolutionalaska.com	
Shoshin Ryu	Anchorage	AK	shoshinryu.org	
Shoshindo of Alaska	Wasilla	AK	facebook.com	
Team Caique Jiu-Jitsu Alaska	Palmer	AK	cjjusaalaska.com	
The International Karate Association & College of the Martial Arts	Fairbanks	AK	ikaalaska.com	
The Sword BJJ	Eagle River	AK	theswordbjj.com	
Tonbo Dojo - Alaska Samurai Arts	Big Lake	AK	facebook.com	
Tribe Jiujitsu Academy	Fairbanks	AK	tribebjj.net	
10th Planet Birmingham	Birmingham	AL	mmabirmingham.com	
ALLIANCE JIU JITSU	Huntsville	AL	alliancehuntsville.com	
American Top Team Tuscaloosa - Kickboxing, MMA, Brazilian Jiu-Jitsu and Fitness Kickboxing	Tuscaloosa	AL	summitfitnesskickboxing.com	
Anniston BJJ	Anniston	AL	annistonbjj.com	
Arsenal Combat Sports Club	Huntsville	AL	arsenal-bjj.com	
Athens Jiu Jitsu	Athens	AL	athensjiujitsu.info	
Auburn Jiu Jitsu	Auburn	AL	auburn-jiujitsu.com	
Bailey's Tiger Rock Martial Arts	Tuscaloosa	AL	baileystkd.com	
Birmingham Brazilian Jiu Jitsu Spartan Fitness	Homewood	AL	spartanfitnessmma.com	
Calera Fitness and MMA	Calera	AL	calerafitness.com	
Cobra BJJ	Tuscaloosa	AL	cobrabjjtuscaloosa.com	
Cobra BJJ Chelsea	Chelsea	AL	cobrabjjchelsea.com	
Coosa Jiu Jitsu & Wellness	Wetumpka	AL	coosajiujitsuandwellness.com	
Decatur BJJ Alabama	Decatur	AL	decaturbjalab.com	
Dothan BJJ	Dothan	AL	dothanbjj.com	
Fight Club Fitness, LLC	Birmingham	AL	mmabirmingham.com	
FLORENCE BRAZILIAN JIU-JITSU ACADEMY	Florence	AL	florencebjj.com	
Gadsden BJJ	Gadsden	AL	gadsdenbjj.com	
GRACIE JIU-JITSU	Madison	AL	graciejiujitsumadisonal.com	
Ground Strike Grappling	Columbiana	AL	groundstrikegrappling.com	
Guerrilla Fitness	Montgomery	AL	guerrillafitnessonline.com	
Gulf Coast Jiu-jitsu	Mobile	AL	gcjiujitsu.com	
HEROES MARTIAL ARTS ACADEMY	Birmingham	AL	heroesmma.com	
Hooked Martial Arts + Fitness	Opelika	AL	hookedmartialarts.com	
Koryu Martial arts	Scottsboro	AL		
Lion Heart Jiu-Jitsu Academy	Hoover	AL	trainbjj.passion.io	
Maverick Training Center	Huntsville	AL	mavericktraining.net	
MONTGOMERY MARTIAL ARTS	Montgomery	AL	montgomerymartialartsonline.com	
NEXTGEN MARTIAL ARTS	Prattville	AL	nextgenmartialarts.com	
NXG COMBAT SPORTS	Montgomery	AL	nxgcombatsports.com	
Pirate BJJ	Madison	AL	piratebjj.com	
Richardson Jiu Jitsu	Prattville	AL	richardsonjj.com	
Rocket City MMA	Huntsville	AL	rocketcitymma.com	
ROCKET CITY REVOLUTION BJJ	Madison	AL	rcrbjj.com	
Russell County Training Center	Fort Mitchell	AL	rctc980.com	
Samuel Puccio Brazilian Jiu-Jitsu	Birmingham	AL	bhmbjj.com	
Selma Soul -Team	Selma	AL	bjjselma.com	
The Cage MMA & Fitness	Vestavia Hills	AL		
Triad Martial Arts Academy	Cullman	AL	triadmartialarts.com	
Valhalla Jiu-Jitsu & MMA	Alexandria	AL	valhallamartialarts.com	
WuDang Martial Arts Center	Athens	AL	wudangcenter.com	
Alliance Jiu Jitsu - Northwest Arkansas	Cave Springs	AR	alliancejjnorthwestarkansas.com	
American Jiu Jitsu Academy	Rogers	AR	jiujitsu4america.com	
Arkansas Center for Sports Science Trainin	Malvern	AR	facebook.com	
ATA Martial Arts - Bentonville	Bentonville	AR	tryata.com	
ATA Martial Arts Jonesboro	Jonesboro	AR	jonesboroata.com	
Blue Collar Grappling Academy	Marion	AR	facebook.com	
Cerberus Brazilian Jiu-Jitsu	Jonesboro	AR	cerberusbjj.weebly.com	
Conway BJJ	Conway	AR	conwaybjj.com	
El Dorado Martial Arts	El Dorado	AR	facebook.com	
Eternal Warrior Brazilian Jiu-Jitsu	Bentonville	AR	eternalwarriorbjj.com	
Fayetteville Brazilian Jiu-Jitsu	Fayetteville	AR	fayetteville-jiujitsu.com	
Fort Smith BJJ	Fort Smith	AR	fortsmithbjj.com	
Gendai Budo Jiu Jitsu-MMA-Fitness	Mountain Home	AR	arkansastraveller.wixsite.com	
Gracie Jiu-Jitsu Harrison	Harrison	AR	gracieuniversity.com	
Impact Martial Arts	Harrison	AR	impactharrison.com	
Inferno Martial Arts Siloam Springs	Siloam Springs	AR	myinfernofitness.com	
Jonesboro Grappling Association	Jonesboro	AR	jonesborograpplingassociation.com	
Kore Brazilian Jiu-Jitsu NWA	Lowell	AR	facebook.com	
Meta Martial Arts	Fayetteville	AR	meta-ma.com	
Nemesis Jiu Jitsu	Little Rock	AR	nemesisjiujitsu.com	
ONE HEART DOJO	El Dorado	AR	eldoradomartialarts.com	
Overcome Brazilian jiu-jitsu school	Bentonville	AR	overcomejiujitsu.com	
Phoenix Rising Martial Arts	Mountain Home	AR	phoenixrisingma.com	
Pine Bluff BJJ	Pine Bluff	AR	pinebluffbjj.com	
Russellville BJJ	Russellville	AR	russellvillebjj.com	
Springdale BJJ	Springdale	AR	springdalebjj.com	
T.O.S.S. Academy / Gracie Brazilian Jiu-Jitsu	Bentonville	AR	tossbjj.com	
Texarkana Combat Sports	Texarkana	AR	texarkanacombatsports.com	
The House MMA Academy	Wynne	AR	wynnegym.com	
TK Martial Arts	Lowell	AR	tkmartialarts.com	
Tribe Gym & Tribe Martial Arts	Camden	AR	tribegymandmartialarts.com	
Troy Holton's Brazilian Jiu-Jitsu	Harrison	AR	troyholtonbjj.com	
Veneration Jiu Jitsu LLC	Jonesboro	AR	jonesborojiujitsu.com	
Westside BJJ	Little Rock	AR	littlerockbjj.com	
Without Limits MMA	Batesville	AR	facebook.com	
(Muay Thai Gym) Sitan Gym Arizona LLC	Chandler	AZ	sitangymaz.com	
10th Planet Goodyear	Avondale	AZ	10thplanetgoodyear.com	
12th Street Jiu-Jitsu	Phoenix	AZ	12stjiujitsu.com	
66 JIU-JITSU	Flagstaff	AZ	66jiu-jitsu.com	
ABUNAI MMA	Avondale	AZ	abunaimma.com	
Alliance Jiu Jitsu - Tucson	Tucson	AZ	alliancejiujitsutucson.com	
Alliance Jiu Jitsu - Vail	Tucson	AZ	alliancejiujitsuvail.com	
Ares Arizona Brazilian Jiu Jitsu	Mesa	AZ	aresazbjj.com	
Ares BJJ	Phoenix	AZ	aresbjj.com	
Ares BJJ Academy Association	Phoenix	AZ	aresbjjphoenix.com	
Ares BJJ Phoenix	Phoenix	AZ	aresbjjphoenix.com	
Ares East Mesa BJJ Academy	Mesa	AZ	areseastmesabjj.com	
Arevalo Academy	Lake Havasu City	AZ	arevaloacademy.com	
Averitt Jiu Jitsu	Flagstaff	AZ	averittjiujitsu.com	
Black Flag Submission Co.	Glendale	AZ	blackflagsubco.com	
Blackout Mixed Martial Arts	Sierra Vista	AZ	blackoutmmaandfitness.com	
Boxer's Rebellion Martial Arts	Tucson	AZ	boxersrebellionmartialarts.com	
CARLSON GRACIE JIU JITSU AND KICKBOXING KINGMAN	Kingman	AZ	13007.prod.live.site.mystudio.io	
CAVE CREEK MILLENNIA MMA	Cave Creek	AZ	cavecreekmillenniamma.com	
Checkmat Phoenix	Phoenix	AZ	mkbjj.com	
Chute Boxe Academy	Sierra Vista	AZ	chuteboxeacademy.com	
Combat Club Cottonwood	Cottonwood	AZ	cottonwoodbjj.com	
Cove Jiu Jitsu	Apache Junction	AZ	covejiujitsu.com	
Crypto Jiu Jitsu - Peoria, Arizona	Peoria	AZ	cryptojiujitsu.com	
DeBrazil Jiu-Jitsu Academy	Tucson	AZ	debraziljiujitsu.com	
Ethos Martial Arts	Queen Creek	AZ	ethosmartialartsaz.com	
Excellence School of Jiu Jitsu	Prescott	AZ	esjjprescott.com	
Faction Combat Mixed Martial Arts Gym	Mesa	AZ	factioncombat.com	
Fury Brazilian Jiu Jitsu	Phoenix	AZ	furybjj.com	
Gracie Arizona Gilbert Jiu Jitsu Academy	Gilbert	AZ	graciearizonagilbert.com	
Gracie Barra Buckeye	Buckeye	AZ	graciebarra.com	
Gracie Barra East Mesa Brazilian Jiu-Jitsu & Self-Defense	Mesa	AZ	gbeastmesa.com	
Gracie Barra Flagstaff Jiu Jitsu and Self Defense	Flagstaff	AZ	graciebarra.com	
GRACIE BARRA OCOTILLO SOUTH GILBERT	Gilbert	AZ	gilbertjiujitsu.com	
Gustavo Dantas Brazilian Jiu-Jitsu Academy	Tempe	AZ	gdjiujitsu.com	
Infinite Jiu-Jitsu	Phoenix	AZ	infinitearizona.com	
Insurgent Fitness	Flagstaff	AZ	insurgent.fitness	
Jay Pages Jiu-Jitsu & MMA	Tempe	AZ	jaypagesjjmma.com	
Jiu Jitsu & Muay Thai - Carlson Gracie Tucson	Tucson	AZ	carlsongracietucson.com	
JVLO Jiu-Jitsu	Douglas	AZ	instagram.com	
Kingman Riot MMA LLC	Kingman	AZ	kingmanriotmma.gymdesk.com	
Kioto BJJ Southwest	Chandler	AZ	kiotobjjsouthwest.com	
Lake Powell Jiu-Jitsu	Page	AZ	lpbjjaz.com	
Lopez Martial Arts	Chandler	AZ	lopezjiujitsu.com	
Lucero Jiu-Jitsu Academy	Fort Mohave	AZ	lucerobjj.com	
M3 Karate	Gilbert	AZ	m3martialarts.com	
Magnus Mixed Martial Arts	Tucson	AZ	magnusmma.com	
Mako Brazilian Jiu-Jitsu Tucson	Tucson	AZ	makobjj.com	
Maracaba BJJ	Mesa	AZ	maracabajiujitsu.com	
Marcio Andre Brazilian Jiu-Jitsu Academy	Phoenix	AZ	marcioandrejiujitsu.com	
Master Haydar's Black Belt Academy	Goodyear	AZ	masterhaydar.com	
Megaton Brazilian Jiu-Jitsu Academy	Phoenix	AZ	megatonjiujitsu.com	
Mike Burlaka's Brazilian Jiu Jitsu @Hard Knocks Gym	Phoenix	AZ	facebook.com	
Mountain Tribe Brazilian Jiu-Jitsu	Prescott	AZ	bjjprescott.com	
My Style Martial Arts	San Tan Valley	AZ	mystylemartialarts.com	
Next Level Krav Maga & Gracie Humaita BJJ	Gilbert	AZ	kravmagagilbert.com	
No Surrender Athletics	Avondale	AZ	nosurrenderathletics.com	
One Love Grappling Arts	Phoenix	AZ	onelovegrapplingarts.com	
One Ten Brazilian Jiu Jitsu Academy	Scottsdale	AZ	onetenbjj.com	
Patriot Martial Arts Academy	Queen Creek	AZ	queencreekmartialarts.com	
Red Hawk Academy	Peoria	AZ	redhawkacademyaz.com	
REFUGE BJJ	Phoenix	AZ	refugebjj.com	
Revive Jiu Jitsu - Mesa BJJ	Mesa	AZ	bjjmesa.com	
Ric Centron Brazilian Jiu Jitsu Academy	Chandler	AZ	riccentronbjj.com	
Roots Brazilian Jiu-Jitsu	Gilbert	AZ	rootsbjjaz.com	
Route 66 Jiu Jitsu	Williams	AZ	route66jiujitsu.com	
Sahuarita Brazilian Jiu Jitsu	Green Valley	AZ	sahuaritabjj.com	
Sardinha Brazilian Jiu Jitsu	Avondale	AZ	sardinhabjj.com	
Satori Brazilian Jiu Jitsu Academy LLC	Phoenix	AZ	satoribjjacademy.com	
Sentosa Martial Arts and Fitness	Avondale	AZ	sentosamartialartsandfitness.com	
Siege Mixed Martial Arts & Fitness (MMA)	Peoria	AZ	siegemma.com	
Sol BJJ - Brazilian Jiu Jitsu Classes in Phoenix	Phoenix	AZ	solbjj.com	
Solid Ground Brazilian Jiu-Jitsu	Queen Creek	AZ	solidgroundbjj.com	
Soul Fighters Headquarters	Tempe	AZ	soulfightershq.com	
South Mountain Brazilian Jiu Jitsu & Self Defense	Phoenix	AZ	southmountainjiujitsu.com	
Southside Combat Academy	Flagstaff	AZ	facebook.com	
Strong Heart Academy Brazilian jiu-jitsu & MMA	Phoenix	AZ	strongheartacademy.com	
Success Martial Arts	Tucson	AZ	smatucson.com	
The Arena Brazilian Jiu Jitsu Academy & Fitness	Tucson	AZ	thearenabjj.com	
The Desert Dojo	Chandler	AZ	thedesertdojo.com	
The Eyrie Brazilian Jiu-Jitsu	Tucson	AZ	eyriebjj.com	
Ucelo Martial Arts Phoenix	Phoenix	AZ	ucelomartialartsphoenix.com	
UNIVERSAL FITNESS AND MIXED MARTIAL ARTS	Mesa	AZ	ufitmma.com	
Van Buren Jiu Jitsu Chandler	Chandler	AZ	vanburenjiujitsu.com	
Vanquish MMA & Jiu Jitsu	Payson	AZ	vanquishselfdefense.com	
Verde Valley Brazilian Jiu Jitsu	Cottonwood	AZ	verdevalleybjj.com	
White 2 Black Brazilian Jiu-Jitsu Academy	Mesa	AZ	white2blackacademy.com	
Zero Point Gracie Jiu Jitsu	Camp Verde	AZ	zeropointgjj.com	
Alliance Jiu Jitsu Vancouver	Vancouver	BC	alliancejiujitsuvancouver.com	
BUDo Vancouver	Vancouver	BC	budovancouver.com	
Campbell River BJJ	Campbell River	BC	campbellriverbjj.com	
Chilliwack BJJ	Chilliwack	BC	chilliwackbjj.com	
Fort St. John BJJ	Fort St. John	BC	fortstjohnbjj.com	
Kamloops BJJ	Kamloops	BC	kamloopsbjj.com	
Kelowna BJJ	Kelowna	BC	kelownabjj.com	
Lions MMA	Vancouver	BC	lionsmma.com	
Maple Ridge BJJ	Maple Ridge	BC	mapleridgebjj.com	
Mission BC BJJ	Mission	BC	missionbcbjj.com	
Nanaimo BJJ	Nanaimo	BC	nanaimobjj.com	
North Vancouver BJJ	North Vancouver	BC	northvancouverbjj.com	
Pacific Top Team	Vancouver	BC	pacifictopteam.com	
Penticton BJJ	Penticton	BC	pentictonbjj.com	
Pinnacle MMA	Richmond	BC	pinncalemma.com	
Poderoso Jiu Jitsu	Abbotsford	BC	poderosojiujitsu.com	
Power3 Academy	Burnaby	BC	power3academy.com	
Prince George BJJ	Prince George	BC	princegeorgebjj.com	
SBG Victoria	Victoria	BC	sbgvictoria.com	
Surrey BJJ	Surrey	BC	surreybjj.com	
Trail BJJ	Trail	BC	trailbjj.com	
Van Isle BJJ	Victoria	BC	vanislebjj.com	
Vernon BJJ	Vernon	BC	vernonbjj.com	
West Coast BJJ	Vancouver	BC	westcoastbjj.ca	
Williams Lake BJJ	Williams Lake	BC	williamslakebjj.com	
Wise Warrior Gym	Langley	BC	wisewarriorgym.com	
Alliance Jiu Jitsu Los Angeles	Los Angeles	CA	alliancejiujitsusla.com	
Alliance Jiu Jitsu San Diego	San Diego	CA	alliancejiujitsusandiego.com	
Americana Brazilian-Jiu Jitsu	Chico	CA	americanabjj.com	
Atos BJJ San Diego	San Diego	CA	atosjiujitsu.com	
Auburn CA Jiu Jitsu Academy	Auburn	CA	auburnjiujitsuacademy.com	
Bakersfield BJJ	Bakersfield	CA	bakersfieldbjj.com	
Base Camp Brazilian Jiu Jitsu	Mt Shasta	CA	basecampbjj.com	
Berkeley BJJ	Berkeley	CA	berkeleybjj.com	
Bruno Lima Brazilian Jiu Jitsu	Chico	CA	brunolimabjj.com	
Combat Base Shasta/ Mendes Brazilian Jiu-Jitsu	Palo Cedro	CA	reddingselfdefense.com	
Cultivate Power Fighting Arts	Oroville	CA	cultivatepower.net	
Elevated Academy of Martial Arts	Truckee	CA	elevatedbjj.com	
Fresno BJJ	Fresno	CA	fresnobjj.com	
Gold Country Jiu Jitsu	Auburn	CA	goldcountryjiujitsu.com	
Ground-Up Brazilian Jiu-Jitsu Academy, LLC	Yuba City	CA	gubjja.com	
Humboldt Jiu Jitsu	Arcata	CA	humboldtjiujitsu.com	
Institute of Combat	Arcata	CA	instituteofcombat.com	
Jobu Shin Kan	Eureka	CA	jobushinkan.weebly.com	
Lincoln Jiu Jitsu Academy	Lincoln	CA	lincolnjiujitsuacademy.com	
Long Beach BJJ	Long Beach	CA	longbeachbjj.com	
LongShot MMA	Burney	CA	longshotmma.weebly.com	
Lost Boys Jiu-Jitsu & Muay Thai	Arcata	CA	lostboysbjj.com	
Marcelo Garcia Academy LA	Los Angeles	CA	marcelogarciaacademy.com	
Mendo Training Center	Ukiah	CA	mendomma.com	
Modesto BJJ	Modesto	CA	modestobjj.com	
NorCal Fitness Co-op	Yuba City	CA	norcalfitness.net	
Orange County BJJ	Santa Ana	CA	ocbjj.com	
Oroville Jiu Jitsu Academy	Oroville	CA	orovillejiujitsu.com	
Palm Springs BJJ	Palm Springs	CA	palmspringsbjj.com	
Pasadena BJJ	Pasadena	CA	pasadenabjj.com	
Quincy Brazilian JiuJitsu	Quincy	CA	facebook.com	
Raiz Brazilian Jiu-Jitsu	Eureka	CA	raizbjj.net	
Redding Ju Jitsu Academy Inc	Redding	CA	ajjf.org	
Renzo Gracie Los Angeles	Los Angeles	CA	renzogracielosangeles.com	
Rice brothers Brazilian Jiu Jitsu	Redding	CA	ricebrosacademy.com	
Riverside BJJ	Riverside	CA	riversidebjj.com	
Sacramento BJJ	Sacramento	CA	sacramentobjj.com	
San Bernardino BJJ	San Bernardino	CA	sanbernardbjj.com	
San Jose BJJ	San Jose	CA	sanjosebjj.com	
Santa Barbara BJJ	Santa Barbara	CA	santabarbarabjj.com	
Standalone MMA, Brazilian Jiu-Jitsu, Boxing, Muay Thai Kickboxing and Fitness	Chico	CA	standalonemma.com	
Stockton BJJ	Stockton	CA	stocktonbjj.com	
Ventura BJJ	Ventura	CA	venturabjj.com	
Visalia BJJ	Visalia	CA	visaliabjj.com	
Willows Jiu Jitsu & MMA	Willows	CA	willowsjiujitsumma.com	
10th Planet Denver	Denver	CO	10thplanetjiujitsu.com	
303 Training Center	Westminster	CO	303trainingcenter.com	
Alliance Jiu Jitsu Boulder	Boulder	CO	alliancejiujitsububoulder.com	
Alliance Jiu Jitsu Colorado	Aurora	CO	alliancejiujitsucolorado.com	
Aspen BJJ	Aspen	CO	aspenbjj.com	
Boulder BJJ	Boulder	CO	boulderbjj.com	
Broomfield BJJ	Broomfield	CO	broomfieldbjj.com	
Catalyst BJJ	Loveland	CO	catalystbjj.com	
Cheyenne Mountain BJJ	Colorado Springs	CO	cheyennemountainbjj.com	
Colorado Springs Brazilian Jiu Jitsu	Colorado Springs	CO	csbjj.com	
Durango BJJ	Durango	CO	durangobjj.com	
Easton Training Center	Denver	CO	eastonbjj.com	
Grand Junction BJJ	Grand Junction	CO	grandjunctionbjj.com	
Groundwork BJJ	Fort Collins	CO	groundworkbjj.com	
Iron Roots Brazilian Jiu Jitsu	Colorado Springs	CO	ironrootsbjj.com	
Leverage Jiu Jitsu Colorado	Louisville	CO	leveragejiujitsuco.com	
Longmont BJJ	Longmont	CO	longmontbjj.com	
Mile High Gracie Jiu-Jitsu	Lakewood	CO	milehighgraciejiujitsu.com	
Northern Colorado BJJ	Fort Collins	CO	northerncoloradobjj.com	
Parker BJJ	Parker	CO	parkerbjj.com	
Pueblo BJJ	Pueblo	CO	pueblobjj.com	
Steamboat Springs BJJ	Steamboat Springs	CO	steamboatbjj.com	
The Farm BJJ	Greeley	CO	thefarmbjj.com	
Vail BJJ	Vail	CO	vailbjj.com	
Alliance Jiu Jitsu Glastonbury	Glastonbury	CT	alliancejiujitsu.com	
Bridgeport BJJ	Bridgeport	CT	bridgeportbjj.com	
Bristol BJJ CT	Bristol	CT	bristolbjjct.com	
Connecticut Brazilian Jiu-Jitsu	Milford	CT	ctbjj.com	
Greenwich BJJ	Greenwich	CT	greenwichbjj.com	
Meriden BJJ	Meriden	CT	meridenbjj.com	
Middletown BJJ CT	Middletown	CT	middletownbjjct.com	
New Britain BJJ	New Britain	CT	newbritainbjj.com	
New England BJJ	Hamden	CT	newenglandbjj.com	
New Haven BJJ	New Haven	CT	newhavenbjj.com	
Prime BJJ	Simsbury	CT	primebjj.com	
Renzo Gracie Connecticut	Norwalk	CT	renzogracieconnecticut.com	
Shelton BJJ	Shelton	CT	sheltonbjj.com	
Stamford BJJ	Stamford	CT	stamfordbjj.com	
Torrington BJJ	Torrington	CT	torringtonbjj.com	
Twisted Kimura	Danbury	CT	twistedkimura.com	
Waterbury BJJ	Waterbury	CT	waterburybjj.com	
Capital City BJJ	Washington	DC	capitalcitybjj.com	
Capitol Hill BJJ	Washington	DC	capitolhillbjj.com	
Combat Athletics DC	Washington	DC	combatathletics.com	
DC BJJ Academy	Washington	DC	dcbjjacademy.com	
Highstyle Jiu-Jitsu	Washington	DC	highstylejiujitsu.com	
N-Flux	Washington	DC	n-flux.com	
Vortex Jiu-Jitsu	Washington	DC	vortexjiujitsu.com	
Delaware BJJ	Wilmington	DE	delawarebjj.com	
Dover AFB BJJ	Dover	DE	doverafbbjj.com	
First State BJJ	Middletown	DE	firststatebjj.com	
Milford BJJ Delaware	Milford	DE	milfordbjjde.com	
Rehoboth Beach BJJ	Rehoboth Beach	DE	rehobothbeachbjj.com	
Synergy MMA	Wilmington	DE	synergymma.com	
Tribal BJJ	Dover	DE	tribalbjj.com	
10th Planet Miami	Miami	FL	10thplanetmiami.com	
5th St. Gym	Miami Beach	FL	5thstreetgym.com	
Alliance Jiu Jitsu Orlando	Orlando	FL	alliancejiujitsuorlando.com	
Alliance South Florida Team Rollyson	Hollywood	FL	alliancesouthflorida.com	
Alpha Dogs Martial Arts	Jacksonville	FL	alphadogsmartialarts.com	
American Tigers Martial Arts	Sunrise	FL	americantigers.com	
American TKA Martial Arts	Davie	FL	americantka.com	
American Top Team Davie	Davie	FL	americantopteam.com	
BlackSmith Jiu Jitsu Florida	Tallahassee	FL	blacksmithjiujitsu.com	
Boca Raton BJJ	Boca Raton	FL	bocaratonbjj.com	
Bradenton BJJ	Bradenton	FL	bradentonbjj.com	
Burns Bros Jiu Jitsu	Deerfield Beach	FL	burnsbrosjiujitsu.com	
Carlson Gracie Gainesville	Gainesville	FL	carlsongraciegainesville.com	
Carlson Gracie Jiu Jitsu	Gainesville	FL	carlsongraciegainesville.com	
Clearwater BJJ	Clearwater	FL	clearwaterbjj.com	
Combat Club Lake Worth	Lake Worth	FL	combatclublakeworth.com	
Daytona Beach BJJ	Daytona Beach	FL	daytonabeachbjj.com	
Destin BJJ	Destin	FL	destinbjj.com	
Fabin Rosa BJJ Altamonte Springs	Altamonte Springs	FL	bjjorlando.com	
Fight Sports Miami	Miami	FL	fightsportsmiami.com	
Future School of Jiu Jitsu	Port Saint Lucie	FL	futurejiujitsu.com	
Gainesville BJJ Florida	Gainesville	FL	gainesvillebjjfl.com	
Global Brazilian Jiu-Jitsu Naples	Naples	FL	global1bjj.com	
Gracie Barra North Orlando	Orlando	FL	northorlandobjj.com	
Gracie Humaita St. Petersburg	St. Petersburg	FL	graciejiujitsustpete.com	
Gracie Tampa	Tampa	FL	gracietampa.com	
GTK Academy of Martial Arts	Ocala	FL	gtkacademy.com	
Gulf Breeze Jiu Jitsu	Gulf Breeze	FL	gulfbreezejiujitsu.com	
Guto Campos BJJ	Orlando	FL	gutocamposbjj.com	
Lakeland BJJ	Lakeland	FL	lakelandbjj.com	
Marcio Cruz BJJ	Tampa	FL	marciocruzbjj.com	
New Journey Jiu Jitsu	St. Cloud	FL	newjourneyjj.com	
Orlando Brazilian Jiu Jitsu	Orlando	FL	orlandobjj.com	
Palm Beach BJJ	West Palm Beach	FL	palmbeachbjj.com	
Panama City BJJ	Panama City	FL	panamacitybjj.com	
Renzo Gracie Fort Lauderdale	Fort Lauderdale	FL	renzogracieftlauderdale.com	
Renzo Gracie Naples	Naples	FL	renzogracienaples.com	
RM BJJ Academy	Delray Beach	FL	rmbjjacademy.com	
Ronin Training Center Orlando	Orlando	FL	roninorlandofl.com	
Sarasota BJJ / Ribeiro Jiu Jitsu	Sarasota	FL	sarasotabjj.com	
School of Combat Arts	Gainesville	FL	schoolofcombatarts.com	
Stuart BJJ	Stuart	FL	stuartbjj.com	
Team Remedy	Pensacola	FL	teamremedymma.com	
Team Third Law BJJ Naples	Naples	FL	teamthirdlaw.com	
Teknica MMA	Miami	FL	teknicamartialarts.com	
The Academy of Pensacola	Pensacola	FL	theacademyofpensacola.com	
United Legion Brazilian Jiu-Jitsu	Altamonte Springs	FL	unitedlegionbjj.com	
Vagner Rocha Martial Arts	Miami	FL	vagnerrochamartialarts.com	
Vero Beach BJJ	Vero Beach	FL	verobeachbjj.com	
Xcell Jiu Jitsu	Boynton Beach	FL	xcelljiujitsu.com	
Alliance Jiu Jitsu Atlanta	Atlanta	GA	alliancejiujitsuatlanta.com	
Alliance Jiu Jitsu Roswell	Roswell	GA	alliancejiujitsuroswell.com	
Ascension MMA	Kennesaw	GA	ascensionmma.com	
Athens BJJ	Athens	GA	athensbjj.com	
Augusta BJJ	Augusta	GA	augustabjj.com	
Brunswick BJJ	Brunswick	GA	brunswickbjj.com	
Carrollton BJJ	Carrollton	GA	carrolltonbjj.com	
Checkmat Atlanta	Atlanta	GA	checkmatatlanta.com	
Columbus BJJ	Columbus	GA	columbusbjj.com	
Dalton BJJ	Dalton	GA	daltonbjj.com	
Gainesville BJJ Georgia	Gainesville	GA	gainesvillebjjga.com	
LaGrange BJJ	LaGrange	GA	lagrangebjj.com	
Macon BJJ	Macon	GA	maconbjj.com	
Moultrie BJJ	Moultrie	GA	moultriebjj.com	
Renzo Gracie Savannah	Savannah	GA	renzograciesavannah.com	
Rome BJJ Georgia	Rome	GA	romebjjga.com	
Sakura BJJ	Woodstock	GA	sakurabjj.com	
SBG Atlanta	Norcross	GA	sbgatlanta.com	
Statesboro BJJ	Statesboro	GA	statesborobjj.com	
Tiger Academy Gracie Atlanta	Decatur	GA	gracieatlanta.com	
Union Team BJJ	Alpharetta	GA	unionteambjj.com	
Valdosta BJJ	Valdosta	GA	valdostabjj.com	
Warner Robins BJJ	Warner Robins	GA	warnerrobinsbjj.com	
BJ Penn MMA	Hilo	HI	bjpennmma.com	
Fighting Arts Academy Hawaii	Maui	HI	fightingartsacademyhi.com	
Gracie Technics Hawaii	Honolulu	HI	gracietechnics.com	
Hawaii Academy of Brazilian Jiu-Jitsu	Honolulu	HI	hawaiibjj.com	
Kailua BJJ	Kailua	HI	kailuabjj.com	
Kona BJJ	Kailua-Kona	HI	konabjj.com	
Lihue BJJ	Lihue	HI	lihuebjj.com	
Maui BJJ Academy	Kahului	HI	mauibjjacademy.com	
Pearl City BJJ	Pearl City	HI	pearlcitybjj.com	
Purebred Jiu-Jitsu	Honolulu	HI	purebredjiujitsu.com	
Wailuku BJJ	Wailuku	HI	wailukubjj.com	
Alliance Jiu Jitsu Iowa	Cedar Rapids	IA	alliancejiujitsuiowa.com	
Ames BJJ	Ames	IA	amesbjj.com	
Burlington BJJ Iowa	Burlington	IA	burlingtonbjjiowa.com	
Clinton BJJ Iowa	Clinton	IA	clintonbjjiowa.com	
Council Bluffs BJJ	Council Bluffs	IA	councilbluffsbjj.com	
Dubuque BJJ	Dubuque	IA	dubuquebjj.com	
Fighting Gravity Jiu Jitsu	Davenport	IA	fightinggravityjiujitsu.com	
Fort Dodge BJJ	Fort Dodge	IA	fortdodgebjj.com	
Iowa City BJJ	Iowa City	IA	iowacitybjj.com	
Marshalltown BJJ	Marshalltown	IA	marshalltownbjj.com	
Mason City BJJ	Mason City	IA	masoncitybjj.com	
No Coast Brazilian Jiu Jitsu	Urbandale	IA	waukeemartialarts.com	
Ottumwa BJJ	Ottumwa	IA	ottumwabjj.com	
Sioux City BJJ	Sioux City	IA	siouxcitybjj.com	
Waterloo BJJ	Waterloo	IA	waterloobjj.com	
Alliance Jiu Jitsu Twin Falls	Twin Falls	ID	alliancejiujitsutf.com	
Authentic BJJ Idaho	Star	ID	authenticbjjidaho.com	
Coeur d'Alene BJJ	Coeur d'Alene	ID	cdalenebjj.com	
Elite Jiu-Jitsu Academy	Boise	ID	elitejiujitsu.com	
Idaho Falls BJJ	Idaho Falls	ID	idahofallsbjj.com	
Lewiston ID BJJ	Lewiston	ID	lewistonidbjj.com	
Meridian BJJ Idaho	Meridian	ID	meridianbjjidaho.com	
Nampa BJJ	Nampa	ID	nampabjj.com	
Rexburg BJJ	Rexburg	ID	rexburgbjj.com	
Sandpoint BJJ	Sandpoint	ID	sandpointbjj.com	
Snake River MMA	Pocatello	ID	snakerivermma.com	
Aurora BJJ	Aurora	IL	aurorabjj.com	
Bloomington-Normal BJJ	Bloomington	IL	bloomingtonnormalbjj.com	
Carbondale BJJ	Carbondale	IL	carbondalebjj.com	
Champaign BJJ	Champaign	IL	champaignbjj.com	
Decatur BJJ Illinois	Decatur	IL	decaturbjjil.com	
Dekalb County BJJ	Hinckley	IL	dcbjj.com	
Elgin BJJ	Elgin	IL	elginbjj.com	
Evanston BJJ	Evanston	IL	evanstonbjj.com	
Galesburg BJJ	Galesburg	IL	galesburgbjj.com	
Grassroots Jiu-Jitsu	Chicago	IL	grassrootsjiujitsu.com	
Joliet BJJ	Joliet	IL	jolietbjj.com	
LCCT Brazilian Jiu Jitsu	Schaumburg	IL	lcctbjj.com	
Molinaro Jiu-Jitsu	Chicago	IL	molinarojiujitsu.com	
Naperville BJJ	Naperville	IL	napervillebjj.com	
North Side Brazilian Jiu Jitsu	Chicago	IL	northsidebjj.com	
Ohana Martial Arts	Waukegan	IL	ohanamartialarts.net	
P3 Martial Arts	Schaumburg	IL	p3jiujitsu.com	
Pedigo Submission Fighting	Mt. Vernon	IL	pedigosubmissionfighting.com	
Peoria BJJ	Peoria	IL	peoriabjj.com	
Quincy BJJ Illinois	Quincy	IL	quincybjjil.com	
Rockford BJJ	Rockford	IL	rockfordbjj.com	
Springfield BJJ Illinois	Springfield	IL	springfieldbjjil.com	
Staley Martial Arts / Carlson Gracie North Shore	Wilmette	IL	staleymartialarts.com	
Valko Brazilian Jiu-Jitsu Academy	Chicago	IL	valkobjj.com	
Anderson BJJ Indiana	Anderson	IN	andersonbjjin.com	
Bushido Jiu-Jitsu Zionsville	Zionsville	IN	bushidojiujitsu.com	
Columbus BJJ Indiana	Columbus	IN	columbusbjjin.com	
Evansville BJJ	Evansville	IN	evansvillebjj.com	
Fortitude BJJ	Fort Wayne	IN	fortitudebjj.com	
Gary BJJ	Gary	IN	garybjj.com	
Hoosier BJJ	Bloomington	IN	hoosierbjj.com	
Indiana Brazilian Jiu-Jitsu Academy	Greenwood	IN	ibjja.com	
Kokomo BJJ	Kokomo	IN	kokomobjj.com	
Lafayette BJJ	Lafayette	IN	lafayettebjj.com	
Michigan City BJJ	Michigan City	IN	michigancitybjj.com	
Muncie Brazilian Jiu Jitsu	Muncie	IN	munciebjj.com	
Richmond BJJ Indiana	Richmond	IN	richmondbjjin.com	
South Bend BJJ	South Bend	IN	southbendbjj.com	
Terre Haute BJJ	Terre Haute	IN	terrehautebjj.com	
Valparaiso BJJ	Valparaiso	IN	valparaisobjj.com	
Alliance Jiu Jitsu Lawrence	Lawrence	KS	alliancejiujitsulawrence.com	
Dodge City BJJ	Dodge City	KS	dodgecitybjj.com	
Emporia BJJ	Emporia	KS	emporiabjj.com	
Garden City BJJ	Garden City	KS	gardencitybjj.com	
Hutchinson BJJ	Hutchinson	KS	hutchinsonbjj.com	
Junction City BJJ	Junction City	KS	junctioncitybjj.com	
Kansas BJJ	Wichita	KS	kansasbjj.com	
Leavenworth BJJ	Leavenworth	KS	leavenworthbjj.com	
Liberal BJJ	Liberal	KS	liberalbjj.com	
Manhattan KS BJJ	Manhattan	KS	manhattanksbjj.com	
Midwest Training Center	Topeka	KS	midwesttrainingcenter.com	
Pittsburg KS BJJ	Pittsburg	KS	pittsburgksbjj.com	
Salina BJJ	Salina	KS	salinabjj.com	
Bowling Green BJJ	Bowling Green	KY	bowlinggreenbjj.com	
Core Combat Sports	Louisville	KY	corelouisville.com	
Covington BJJ	Covington	KY	covingtonbjj.com	
Danville BJJ	Danville	KY	danvillebjj.com	
Derby City MMA	Louisville	KY	derbycitymartialarts.com	
E-town Brazilian Jiu-Jitsu	Elizabethtown	KY	etownjiujitsu.com	
Fight Factory Louisville	Louisville	KY	fightfactoryky.com	
Florence BJJ Kentucky	Florence	KY	florencebjjky.com	
Frankfort BJJ	Frankfort	KY	frankfortbjj.com	
Hopkinsville BJJ	Hopkinsville	KY	hopkinsvillebjj.com	
Lexington Jiu-Jitsu & Fitness	Lexington	KY	lexingtonjiujitsuandfitness.com	
Morehead BJJ	Morehead	KY	moreheadbjj.com	
Murray BJJ	Murray	KY	murraybjj.com	
Old Louisville Jiu Jitsu Academy	Louisville	KY	oldlouisvillejiujitsuacademy.com	
Owensboro BJJ	Owensboro	KY	owensborobjj.com	
Reaction MMA	Nicholasville	KY	reactionmma.com	
Richmond BJJ Kentucky	Richmond	KY	richmondbjjky.com	
Rough Hands BJJ	Louisville	KY	roughhandsbjj.com	
Three Rivers Martial Arts Academy	Paducah	KY	threeriversacademy.com	
Triple Crown MMA	Lexington	KY	triplecrownnmma.com	
Acadiana Martial Arts Academy	Lafayette	LA	acadianamartialarts.com	
Alexandria BJJ Louisiana	Alexandria	LA	alexandriabjjla.com	
Alliance Jiu Jitsu Slidell	Slidell	LA	alliancebjjslidell.com	
AMP BJJ Baton Rouge	Baton Rouge	LA	ampbjj.com	
Bayou Jiu Jitsu & Self Defense	Baton Rouge	LA	bayoujiujitsu.com	
Be Jiu Jitsu	Lafayette	LA	be-jj.com	
BJJ Revolution Team - Baton Rouge	Zachary	LA	bjjrevolutionteam.com	
Brazilian Jiu Jitsu Houma	Houma	LA	bjjhouma.com	
Covington BJJ Louisiana	Covington	LA	covingtonbjjla.com	
Cyclone Brazilian Jiu Jitsu & Combatives	Boutte	LA	cyclonecombatives.com	
Danny Daniels' MMA & Fitness	New Orleans	LA	dannydanielsmma.com	
Gracie Jiu-Jitsu Shreveport / Bossier City	Bossier City	LA	graciesbc.com	
Gracie United Baton Rouge - Tiger Bend	Baton Rouge	LA	batonrougejiujitsu.com	
Hammond BJJ	Hammond	LA	hammondbjj.com	
JM Modern Jiu Jitsu	Baton Rouge	LA	jmmodernjj.com	
Kenner BJJ	Kenner	LA	kennerbjj.com	
Louisiana BJJ Academy	Baton Rouge	LA	louisianabjj.com	
Martial Arts America Baton Rouge	Baton Rouge	LA	martialartsamericabr.com	
Mid City Martial Arts & Fitness Academy	New Orleans	LA	midcitymartialarts.com	
Monroe Brazilian Jiu Jitsu	Monroe	LA	monroebjj.com	
NOLA BJJ (Uptown)	New Orleans	LA	nolabjj.com	
NOLA MMA	New Orleans	LA	nolammaacademy.com	
Premier Martial Arts Lafayette	Lafayette	LA	premiermartialartsacademy.com	
Primal Fitness Lake Charles	Sulphur	LA	primalfitnessla.com	
Shreveport Brazilian Jiu Jitsu	Shreveport	LA	shreveportbjj.com	
Team Tooke Mixed Martial Arts Lafayette	Lafayette	LA	teamtooke.com	
The Dojang New Orleans	New Orleans	LA	thedojangneworleans.com	
Thibodaux BJJ	Thibodaux	LA	thibodauxbjj.com	
UFC Gym New Orleans	New Orleans	LA	ufcgym.com	
Warrior Training Center	Shreveport	LA	warriortrainingcenterla.com	
Warrior's Cove Baton Rouge	Baton Rouge	LA	warriorscovebjj.com	
Alliance Framingham Jiu Jitsu	Framingham	MA	alliancebjjframingham.com	
American Martial Arts Center	Cambridge	MA	americanmartialartscenter.com	
Atlas Jiu Jitsu Waltham	Waltham	MA	atlasjiujitsu.com	
Attleboro BJJ	Attleboro	MA	attleborobjj.com	
BattleGround Jiu-Jitsu Academy	West Springfield	MA	battlegroundjiujitsu.com	
Bernardo Faria Academy	Bedford	MA	bernardofariaacademy.com	
Boston Brazilian Jiu Jitsu	Boston	MA	bostonbjj.com	
Boston Brazilian Jiu-Jitsu of Framingham	Framingham	MA	bbjjoff.com	
Boston Brazilian Jiu-Jitsu Woburn	Woburn	MA	bostonbjjwoburn.com	
Brazilian Top Team Back Bay	Boston	MA	bttbackbay.co	
Central Rock Gym	Cambridge	MA	centralrockgym.com	
Daniel Gracie Academy Falmouth	Falmouth	MA	daniel-gracie.com	
Dave Ginsberg Brazilian Jiu Jitsu / GAMMA	Cambridge	MA	daveginsbergbjj.com	
Evolution Brazilian Jiu Jitsu	Lowell	MA	evolutionlowell.com	
Fenix Brazilian Jiu Jitsu	Lowell	MA	fenixbjj.com	
Florian Martial Arts Center	Brookline	MA	florianmartialartscenter.com	
Gracie Barra Peabody	Peabody	MA	graciebarrapeabody.com	
Leominster BJJ	Leominster	MA	leominsterbjj.com	
New Bedford BJJ	New Bedford	MA	newbedfordbjj.com	
Northampton BJJ	Northampton	MA	northamptonbjj.com	
Paradigm Brazilian Jiu Jitsu	Lowell	MA	theparadigmacademy.com	
Pittsfield BJJ	Pittsfield	MA	pittsfieldbjj.com	
Redline Fight Sports	Cambridge	MA	redlinefightsports.com	
Sardinha BJJ Cape Cod	Dennis	MA	sardinhabjjcapecod.com	
SBG East Coast	Dartmouth	MA	sbgdartmouth.com	
Soneca Brazilian Jiu-Jitsu Marlborough	Marlborough	MA	sonecabjj.com	
South Boston BJJ	Boston	MA	southbostonbjj.com	
Springfield BJJ	Springfield	MA	springfieldbjj.net	
Taunton BJJ	Taunton	MA	tauntonbjj.com	
Team Flo Brazilian Jiu Jitsu	Lowell	MA	teamflobjj.com	
VACA BJJ & MMA	West Springfield	MA	vacabjjmma.com	
Brandon BJJ	Brandon	MB	brandonbjj.com	
CFC Gym Winnipeg	Winnipeg	MB	cfcgym.com	
Flin Flon BJJ	Flin Flon	MB	flinflobbjj.com	
Portage la Prairie BJJ	Portage la Prairie	MB	portagebjj.com	
Red River BJJ	Winnipeg	MB	redriverbjj.com	
Steinbach BJJ	Steinbach	MB	steinbachbjj.com	
Swan River BJJ	Swan River	MB	swanriverbjj.com	
Thompson BJJ	Thompson	MB	thompsonbjj.com	
Thompson Jiu Jitsu Winnipeg	Winnipeg	MB	thompsonjiujitsu.com	
Winkler BJJ	Winkler	MB	winklerbjj.com	
Winnipeg BJJ	Winnipeg	MB	winnipegbjj.com	
Aberdeen BJJ MD	Aberdeen	MD	aberdeenbjjmd.com	
American Top Team Maryland	Rockville	MD	attmaryland.com	
Bowerhouse MMA	Frederick	MD	bowerhousemma.com	
Capital City MMA	Baltimore	MD	capitalcitymma.com	
Culture of Jiu Jitsu Academy	Gaithersburg	MD	cultureofjiujitsuacademy.com	
Dundalk BJJ	Dundalk	MD	dundalkbjj.com	
Frederick BJJ	Frederick	MD	frederickbjj.com	
Hagerstown BJJ	Hagerstown	MD	hagerstownbjj.com	
Lloyd Irvin's MMA Academy	Temple Hills	MD	lloydirvinmma.com	
Prince Frederick BJJ	Prince Frederick	MD	princefrederickbjj.com	
Relative Jiu Jitsu	Annapolis	MD	relativejiujitsu.com	
Renzo Gracie Maryland	Germantown	MD	renzograciemd.com	
Salisbury BJJ	Salisbury	MD	salisburybjj.com	
Top Flight Mixed Martial Arts	Fort Washington	MD	topflightmma.com	
Waldorf BJJ	Waldorf	MD	waldorfbjj.com	
Augusta BJJ Maine	Augusta	ME	augustabjjme.com	
Brunswick BJJ Maine	Brunswick	ME	brunswickbjjme.com	
Ellsworth BJJ	Ellsworth	ME	ellsworthbjj.com	
Lewiston-Auburn BJJ	Lewiston	ME	lewistonauburnbjj.com	
Maine BJJ	Bangor	ME	mainebjj.com	
Portland BJJ Maine	Portland	ME	portlandbjjmaine.com	
Presque Isle BJJ	Presque Isle	ME	presqueislebjj.com	
Rumford BJJ	Rumford	ME	rumfordbjj.com	
Saco BJJ	Saco	ME	sacobjj.com	
Seacoast Brazilian Jiu-Jitsu	Biddeford	ME	seacoastbjjme.com	
Waterville BJJ	Waterville	ME	watervillebjj.com	
Alliance BJJ Ann Arbor	Ann Arbor	MI	alliancebjjannarb.com	
Alliance BJJ Michigan Livonia	Livonia	MI	alliancebjjlivonia.com	
Alliance Jiu Jitsu Michigan	Kalamazoo	MI	alliancejiujitsumichigan.com	
Alpena BJJ	Alpena	MI	alpenabjj.com	
Battle Creek BJJ	Battle Creek	MI	battlecreekbjj.com	
Bay City BJJ	Bay City	MI	baycitybjj.com	
Detroit Jiu Jitsu	Detroit	MI	detroitjiujitsu.com	
Flint BJJ	Flint	MI	flintbjj.com	
Great Lakes BJJ	Grand Rapids	MI	greatlakesbjj.com	
Jackson BJJ Michigan	Jackson	MI	jacksonbjjmi.com	
Lansing BJJ	Lansing	MI	lansingbjj.com	
Marquette BJJ	Marquette	MI	marquettebjj.com	
Michigan Kickboxing Academy / 10th Planet Troy	Troy	MI	michigankickboxingacademy.com	
Michigan Top Team	Detroit	MI	michigantopteam.com	
Midland BJJ	Midland	MI	midlandbjj.com	
Monroe BJJ Michigan	Monroe	MI	monroebjjmi.com	
Muskegon BJJ	Muskegon	MI	muskegonbjj.com	
Saginaw BJJ	Saginaw	MI	saginawbjj.com	
Sterling Heights BJJ	Sterling Heights	MI	sterlingheightsbjj.com	
TNT Martial Arts	Romeo	MI	tntmartialarts.com	
Traverse City BJJ	Traverse City	MI	traversecitybjj.com	
West Michigan BJJ	Holland	MI	westmichiganbjj.com	
Akagi Jiu-Jitsu	St. Paul	MN	akagijiujitsu.com	
Alliance Jiu Jitsu Minnesota	Eden Prairie	MN	alliancejiujitsumn.com	
Bemidji BJJ	Bemidji	MN	bemidjibjj.com	
Brainerd BJJ	Brainerd	MN	brainerdbjj.com	
Checkmat S. Minneapolis	Minneapolis	MN	dangerooms612.com	
Duluth BJJ	Duluth	MN	duluthbjj.com	
Fargo BJJ MN side	Moorhead	MN	fargobjjmn.com	
Faribault BJJ	Faribault	MN	faribaultbjj.com	
Hibbing BJJ	Hibbing	MN	hibbingbjj.com	
Mankato BJJ	Mankato	MN	mankatobjj.com	
Minnesota Martial Arts Academy	Minneapolis	MN	mmaa.com	
Moorhead BJJ	Moorhead	MN	moorheadbjj.com	
Rochester BJJ	Rochester	MN	rochesterbjj.com	
Roufusport MMA Academy	Minneapolis	MN	roufusport.com	
St. Cloud BJJ	St. Cloud	MN	stcloudbjj.com	
TC Martial Arts	St. Paul	MN	tcmartialarts.com	
Willmar BJJ	Willmar	MN	willmarbjj.com	
Winona BJJ	Winona	MN	winonabjj.com	
Alliance Jiu Jitsu Columbia	Columbia	MO	alliancejiujitsucolumbia.com	
Cape Girardeau BJJ	Cape Girardeau	MO	capegcbjj.com	
Checkmat St. Louis	St. Louis	MO	checkmatstl.com	
Jefferson City BJJ	Jefferson City	MO	jeffersoncitybjj.com	
Joplin BJJ	Joplin	MO	joplinbjj.com	
Next Level STL	St. Louis	MO	nextlevelstl.com	
St. Joseph BJJ	St. Joseph	MO	stjosephbjj.com	
Coast BJJ	Gulfport	MS	coastbjj.com	
Columbus MS BJJ	Columbus	MS	columbusmsbjj.com	
Corinth BJJ	Corinth	MS	corinthbjj.com	
Delta BJJ	Biloxi	MS	deltabjj.com	
Greenville BJJ MS	Greenville	MS	greenvillebjjms.com	
Laurel BJJ	Laurel	MS	laurelbjj.com	
Meridian BJJ	Meridian	MS	meridianbjj.com	
Mississippi BJJ	Ridgeland	MS	mississippibjj.com	
Natchez BJJ	Natchez	MS	natchezbjj.com	
Oxford BJJ	Oxford	MS	oxfordbjj.com	
Southern Combat Arts	Hattiesburg	MS	southerncombatarts.com	
Starkville BJJ	Starkville	MS	starkvillebjj.com	
Tupelo BJJ	Tupelo	MS	tupelobjj.com	
Vicksburg BJJ	Vicksburg	MS	vicksburgbjj.com	
Billings BJJ	Billings	MT	billingsbjj.com	
Butte BJJ	Butte	MT	buttebjj.com	
Great Falls Jiu Jitsu	Great Falls	MT	greatfallsjiujitsu.com	
Grizzly Combat Sports	Bozeman	MT	grizzlycombatsports.com	
Havre BJJ	Havre	MT	havrebjj.com	
Kalispell BJJ	Kalispell	MT	kalispellbjj.com	
Livingston BJJ	Livingston	MT	livingstonbjj.com	
Miles City BJJ	Miles City	MT	milescitybjj.com	
Missoula BJJ	Missoula	MT	missoulabjj.com	
Montana BJJ	Helena	MT	montanabjj.com	
Whitefish BJJ	Whitefish	MT	whitefishbjj.com	
Campbellton BJJ	Campbellton	NB	campbelltonbjj.com	
Evolution Training Centre	Fredericton	NB	evolutiontrainingcenter.ca	
Fredericton BJJ	Fredericton	NB	frederictonbjj.com	
Icon Combat	Moncton	NB	iconcombat.com	
Junglefowl Brazilian Jiu Jitsu	Sackville	NB	junglefowlbjj.ca	
Knots Jiu Jitsu	Moncton	NB	knotsjj.ca	
Miramichi BJJ	Miramichi	NB	miramichibjj.com	
Moncton BJJ	Moncton	NB	monctonbjj.com	
MXT BJJ	Saint John	NB	mxtbjj.com	
Quantum Jiu Jitsu	Moncton	NB	quantumjj.com	
Saint John BJJ	Saint John	NB	saintjohnbjj.com	
Synergy BJJ Fredericton	Fredericton	NB	bjjfredericton.com	
Victory Jiu Jitsu	Quispamsis	NB	victorykv.gymdesk.com	
Victory Jiu Jitsu Dieppe	Dieppe	NB	victoryjjdieppe.com	
Woodstock NB BJJ	Woodstock	NB	woodstocknbbjj.com	
Alliance Jiu Jitsu Greensboro	Greensboro	NC	alliancejiujitsugreensboro.com	
Alliance Jiu Jitsu Raleigh	Raleigh	NC	alliancejiujitsuraleigh.com	
Alliance Wilmington	Leland	NC	alliancewilmington.com	
Apex Jiu Jitsu NC	Apex	NC	apexjiujitsunc.com	
Asheville BJJ	Asheville	NC	ashevillebjj.com	
Burlington BJJ NC	Burlington	NC	burlingtonbjjnc.com	
Charlotte Jiu-Jitsu Academy	Charlotte	NC	charlottejiujitsuacademy.com	
Checkmat Charlotte	Charlotte	NC	checkmat.com	
Fayetteville BJJ	Fayetteville	NC	fayettevillebjj.com	
Goldsboro BJJ	Goldsboro	NC	goldsborobjj.com	
Gracie Raleigh	Raleigh	NC	gracieraleigh.com	
Greensboro BJJ	Greensboro	NC	greensborobjj.com	
High Point BJJ	High Point	NC	highpointbjj.com	
Lucas Lepri Jiu Jitsu Charlotte	Charlotte	NC	lucasleprijiujitsu.com	
New Bern BJJ	New Bern	NC	newbernbjj.com	
Rocky Mount BJJ	Rocky Mount	NC	rockymountbjj.com	
Triangle BJJ	Durham	NC	trianglebjj.com	
Wilmington BJJ NC	Wilmington	NC	wilmingtonbjjnc.com	
Winston-Salem BJJ	Winston-Salem	NC	winstonsalembjj.com	
Bismarck Jiu Jitsu	Bismarck	ND	bismarckjiujitsu.com	
Dickinson BJJ	Dickinson	ND	dickinsonbjj.com	
Fargo BJJ	Fargo	ND	fargobjj.com	
Grand Forks BJJ	Grand Forks	ND	grandforksjj.com	
Jamestown BJJ ND	Jamestown	ND	jamestownbjjnd.com	
Mandan BJJ	Mandan	ND	mandanbjj.com	
Prairie Jiu Jitsu	Minot	ND	prairiejiujitsu.com	
Valley City BJJ	Valley City	ND	valleycitybjj.com	
Williston BJJ	Williston	ND	willistonbjj.com	
Alex Foley's Academy of Martial Arts	St. John's	NE	alexfoley.ca	
Anchor Combat Academy	Corner Brook	NE	anchorcombatacademy.com	
Columbus NE BJJ	Columbus	NE	columbusnebj.com	
Corner Brook BJJ	Corner Brook	NE	cornerbrookbjj.com	
Evolution Martial Arts NL	St. John's	NE	evolutionbjjstjohns.com	
Foley's Martial Arts	Paradise	NE	foleysmartialarts.com	
Fremont BJJ	Fremont	NE	fremontbjj.com	
Gander BJJ	Gander	NE	ganderbjj.com	
Grand Island BJJ	Grand Island	NE	grandislandbjj.com	
Hastings BJJ	Hastings	NE	hastingsbjj.com	
Husker Combat Club	Lincoln	NE	huskercombatclub.com	
Jason Foley Martial Arts	Conception Bay South	NE	jasonfoleyma.com	
Kearney BJJ	Kearney	NE	kearneybjj.com	
Labrador City BJJ	Labrador City	NE	novauniao.ca	
Lincoln BJJ	Lincoln	NE	lincolnbjj.com	
Michael Foley's Academy of Martial Arts	St. John's	NE	michaelfoley.ca	
Nebraska BJJ	Omaha	NE	nebraskabjj.com	
New Found TAO BJJ	Grand Falls-Windsor	NE	newfoundtaobjj.ca	
NL BJJ Academy	St. John's	NE	nlbjj.com	
Norfolk BJJ	Norfolk	NE	norfolkbjjne.com	
Norfolk NE BJJ	Norfolk	NE	norfolknebjj.com	
North Platte BJJ	North Platte	NE	northplattebjj.com	
Republic BJJ	St. John's	NE	republicbjj.com	
Scottsbluff BJJ	Scottsbluff	NE	scottsbluffbjj.com	
St. John's BJJ	St. John's	NE	stjohnsbjj.com	
Tera BJJ	St. John's	NE	terabjj.com	
Velocity Martial Arts Academy	Clarenville	NE	velocitynl.com	
Alliance Jiu Jitsu NH	Nashua	NH	alliancejiujitsunh.com	
Claremont BJJ	Claremont	NH	claremontbjj.com	
Concord BJJ	Concord	NH	concordbjj.com	
Derry BJJ	Derry	NH	derrybjj.com	
Dover BJJ	Dover	NH	doverbjjnh.com	
Keene BJJ	Keene	NH	keenebjj.com	
Laconia BJJ	Laconia	NH	laconiabjj.com	
Lebanon BJJ NH	Lebanon	NH	lebanonbjjnh.com	
NH BJJ	Manchester	NH	nhbjj.com	
Seacoast BJJ NH	Portsmouth	NH	seacoastbjjnh.com	
Alliance Jiu Jitsu Freehold	Freehold	NJ	alliancejiujitsufreehold.com	
American Jiu Jitsu	Newark	NJ	americanjiujitsu.com	
Atlantic City BJJ	Atlantic City	NJ	atlanticcitybjj.com	
B Team Jiu Jitsu	Edison	NJ	bteamjiujitsu.com	
Bayshore BJJ	Middletown	NJ	bayshorebjj.com	
CULTR BJJ	Jersey City	NJ	cultrbjj.com	
David Branch Jiu Jitsu	Hoboken	NJ	davidbranchbjj.com	
Gracie Barra Princeton	Lawrenceville	NJ	gbprinceton.com	
Gracie Barra Toms River	Toms River	NJ	gbtomsriver.com	
Gracie Barra Westfield	Westfield	NJ	gbwestfield.com	
Gracie New Jersey Academy	Lawrenceville	NJ	gracienewjersey.com	
Jiu Jitsu North Jersey / Otimo JJ	Waldwick	NJ	otimojj.com	
Kombat Brazilian Jiu-Jitsu	Clark	NJ	kombatbjj.com	
Method BJJ	South Plainfield	NJ	methodbjj.com	
Ocean County BJJ	Toms River	NJ	oceancountybjj.com	
Performance Jiu-Jitsu Academy	Fair Lawn	NJ	armlock.com	
Precision MMA	Poughkeepsie	NJ	precisionmma.com	
Princeton Brazilian Jiu Jitsu	Princeton	NJ	princetonbjj.com	
Procel Brazilian Jiu-Jitsu	Jersey City	NJ	procelbjj.com	
Renzo Gracie Denville	Denville	NJ	renzograciedenville.com	
Renzo Gracie Fort Lee / TEO BJJ	Fort Lee	NJ	teobjj.com	
Renzo Gracie Harrison	Harrison	NJ	renzograciecrowncollection.com	
Renzo Gracie Hoboken	Hoboken	NJ	renzograciehoboken.com	
Renzo Gracie Newark	Newark	NJ	renzogracienj.com	
Renzo Gracie Northern Valley	Northvale	NJ	nvbjj.com	
Renzo Gracie South Plainfield	South Plainfield	NJ	renzograciesouthplainfield.com	
Ricardo Almeida BJJ Academy	Hamilton	NJ	ricardoalmeida.com	
Rising Sun Brazilian Jiu Jitsu Academy	Ridgefield Park	NJ	risingsunacademy.com	
Roberto Gordo BJJ	Newark	NJ	robertogordo.com	
Savarese BJJ Academy - Jersey City	Jersey City	NJ	njbjj.com	
Snake Pit U.S.A. MMA	Galloway	NJ	snakepitusamma.com	
Straight Blast Gym New Jersey	Montclair	NJ	sbgnj.com	
Studio 1908 (Miyao Brothers)	Jersey City	NJ	studio1908bjj.com	
Thiago Rela BJJ	Jersey City	NJ	thiagorelateam.com	
Tiger Schulmann's Clifton	Clifton	NJ	tsk.com	
Trenton BJJ	Trenton	NJ	trentonbjj.com	
Unity Jiu Jitsu Jersey City	Jersey City	NJ	unityjiujitsujc.com	
Vineland BJJ	Vineland	NJ	vinelandbjj.com	
Zen Jiu Jitsu	Summit	NJ	zenjiujitsu.com	
Alamogordo BJJ	Alamogordo	NM	alamogordobjj.com	
Carlsbad BJJ	Carlsbad	NM	carlsbadbjj.com	
Clovis BJJ	Clovis	NM	clovisbjj.com	
Duke City BJJ	Albuquerque	NM	dukecitybjj.com	
Farmington BJJ	Farmington	NM	farmingtonbjj.com	
Jackson-Wink MMA	Albuquerque	NM	jacksonwink.com	
Las Cruces BJJ	Las Cruces	NM	lascrucesbjj.com	
Las Vegas NM BJJ	Las Vegas	NM	lasvegasnmbjj.com	
New Mexico BJJ	Santa Fe	NM	newmexicobjj.com	
Portales BJJ	Portales	NM	portalesbjj.com	
Roswell BJJ	Roswell	NM	roswellbjj.com	
Taos BJJ	Taos	NM	taosbjj.com	
374 MMA	Halifax	NS	374mma.com	
Abhaya Mixed Martial Arts	Greenwich	NS	abhaya.ca	
Atlantic BJJ	Dartmouth	NS	atlanticbjj.com	
Breakthrough BJJ	Amherst	NS	breakthroughbjj.ca	
Cape Breton BJJ	Sydney	NS	capebretonbjj.com	
Clinch Training Centre	Lower Sackville	NS	clinchtrainingcenter.ca	
Fit Plus MMA	Dartmouth	NS	fitplusmma.com	
Grant's Martial Arts	Dartmouth	NS	grantsmartialarts.ca	
Halifax BJJ	Halifax	NS	halifaxbjj.com	
Halifax BJJ Society	Halifax	NS	halifaxbjj.ca	
Integrity Martial Arts	Sydney	NS	integritymartialarts.ca	
Jake MacKenzie School of Jiu Jitsu	Halifax	NS	jakemackenziebjj.com	
Maritime Jiu-Jitsu	Halifax	NS	maritimejiujitsu.ca	
Pictou County Jiu Jitsu	New Glasgow	NS	tapology.com	
Presley BJJ	Wellington	NS	presleybjj.com	
Shelburne BJJ NS	Shelburne	NS	shelburnebjjns.com	
Stellarton BJJ	Stellarton	NS	stellartonbjj.com	
Team Fortitude NS	Bridgewater	NS	teamfortitudens.com	
Titan's Martial Arts and Fitness	Halifax	NS	titansmaaf.ca	
Tower 1 Combat Sports	Dartmouth	NS	tower1combatsports.com	
Truro BJJ	Truro	NS	trurojiujitsu.com	
Yarmouth BJJ	Yarmouth	NS	yarmouthbjj.com	
Zombie Proof BJJ	Sydney	NS	zombieproofbjj.com	
Alliance Jiu Jitsu Las Vegas	Las Vegas	NV	alliancejiujitsulasvegas.com	
Carson City BJJ	Carson City	NV	carsoncitybjj.com	
Elko BJJ	Elko	NV	elkobjj.com	
Gracie Las Vegas	Las Vegas	NV	gracielasvegas.com	
Henderson BJJ	Henderson	NV	hendersonbjj.com	
Las Vegas Fight Center	Las Vegas	NV	lasvegasfightcenter.com	
Mesquite BJJ	Mesquite	NV	mesquitebjj.com	
North Las Vegas BJJ	North Las Vegas	NV	northlasvegasbjj.com	
Pahrump BJJ	Pahrump	NV	pahrumpbjj.com	
Reno BJJ	Reno	NV	renobjj.com	
Sparks BJJ	Sparks	NV	sparksbjj.com	
Summerlin BJJ	Las Vegas	NV	summerlinbjj.com	
Tristar Las Vegas	Las Vegas	NV	tristarlasvegas.com	
Xtreme Couture MMA	Las Vegas	NV	xtremecouture.tv	
10th Planet Jiu Jitsu NYC	New York	NY	10thplanetjjnyc.com	
A-Force BJJ Academy	Great Neck	NY	aforcebjj.com	
Anderson's Martial Arts Academy	New York	NY	andersonsmartialarts.com	
Bellmore Kickboxing Academy	Bellmore	NY	bellmorekickboxing.com	
Binghamton Brazilian Jiu Jitsu	Binghamton	NY	binghamtonbjj.com	
Brandon Abdullah's Martial Arts and Fitness	Albany	NY	albanybjj.com	
Brazilian Power Team Westchester	White Plains	NY	bptwestchester.com	
Brian Beury Jiu Jitsu	Albany	NY	brianbeury.com	
Brooklyn Brazilian Jiu Jitsu	Brooklyn	NY	brooklynbjj.com	
Buffalo Brazilian Jiu Jitsu Academy	Buffalo	NY	buffalobjj.com	
City Jiu Jitsu Academy	Long Island City	NY	cityjiujitsuacademy.com	
Clobber Jiu Jitsu Academy	Cohoes	NY	clobberbjj.com	
Clockwork Brazilian Jiu-Jitsu	New York	NY	clockworkbjj.com	
CNY MMA	Baldwinsville	NY	cnymma.com	
Elite Fitness & Martial Arts	Rochester	NY	elitefitnessmartialarts.com	
Fight-Sport Training Center	Niagara Falls	NY	fightsporttrainingcenter.com	
Gentle Art Studio Lotus Club	Astoria	NY	gentleartstudio.com	
Gregor Gracie Academy Brooklyn	Brooklyn	NY	gregorgracie.com	
Haven Jiu Jitsu	Syracuse	NY	cnyjiujitsu.com	
Igor Gracie Jiu Jitsu Academy	New Rochelle	NY	igorgraciejiujitsu.com	
International Training Center of New York	Long Island City	NY	itcny.com	
Ithaca BJJ	Ithaca	NY	ithacabjj.com	
Jiu Livre NYC	New York	NY	jiulivrenyc.com	
Jon Calestine BJJ	New York	NY	joncalestinebjj.com	
Jungle Gym Martial Arts	New Rochelle	NY	junglegym.com	
Kings Combat	Brooklyn	NY	kingscombat.com	
Kioto Brazilian Jiu Jitsu	New York	NY	kiotobjj.com	
Long Island MMA	Lake Grove	NY	limixedmartialarts.com	
Marcelo Garcia Academy	New York	NY	marcelogarciajj.com	
Marlon Colorado BJJ NYC	Sunnyside	NY	marloncoloradobjjnyc.com	
Maxum BJJ Long Island	Huntington	NY	maxumbjj.com	
Middletown BJJ NY	Middletown	NY	middletownbjjny.com	
Miori Martial Arts	Syracuse	NY	miorimartialarts.com	
Modern Martial Arts NYC	New York	NY	modernmartialarts.com	
Newburgh BJJ	Newburgh	NY	newburghbjj.com	
Next Evolution Martial Arts	New York	NY	nextevolutionma.com	
Nova Jiu Jitsu Rochester	Rochester	NY	novajiujitsu.com	
Paxibellum	New York	NY	paxibellum.com	
Peak Performance MMA	Yonkers	NY	peakperformancemma.com	
Plattsburgh BJJ	Plattsburgh	NY	plattsburghbjj.com	
Precision Brazilian Jiu Jitsu	Utica	NY	precisionbjj.com	
Queens Jiu-Jitsu	Astoria	NY	queensjiujitsu.com	
Range Brazilian Jiu-Jitsu	New York	NY	rangebjj.com	
Renzo Gracie Academy	New York	NY	renzogracieacademy.com	
Renzo Gracie Bayside	Bayside	NY	renzograciebayside.com	
Renzo Gracie Brooklyn	Brooklyn	NY	renzograciebrooklynnyc.com	
Renzo Gracie East Side	New York	NY	renzogracieeastside.com	
Renzo Gracie Latham	Latham	NY	renzogracielatham.com	
Renzo Gracie Rockland	New City	NY	renzogracierockland.com	
Rochester Fitness Martial Arts	Rochester	NY	rochesterfitnessmartialarts.com	
Rochester Jiu Jitsu	Irondequoit	NY	rochesterjiujitsu.com	
Ronin Athletics	New York	NY	roninathletics.com	
Savarese BJJ Academy	Lynbrook	NY	savarese.com	
Serra BJJ Academy	Levittown	NY	serrabjj.com	
Seven Tigers Martial Arts Academy	Cheektowaga	NY	seventigersmartialarts.com	
Studio X	New York	NY	studiox.nyc	
Sub Zero Brazilian Jiu Jitsu	Hamburg	NY	subzerobjj.com	
Swan's Martial Arts Academy	Cheektowaga	NY	swansmartialarts.com	
Synthesis Brazilian Jiu-Jitsu	Rochester	NY	synthesisbjj.com	
The Dojo NYC	Brooklyn	NY	thedonycny.com	
The Jiu Jitsu Mill	Port Chester	NY	thejiujitsumill.com	
Unity Jiu Jitsu	New York	NY	unityjiujitsu.com	
Vitor Shaolin BJJ NYC	New York	NY	bjjnewyorkcity.com	
Watertown BJJ NY	Watertown	NY	watertownbjjny.com	
Akron BJJ	Akron	OH	akronbjj.com	
Alliance Jiu Jitsu Columbus	Columbus	OH	alliancejiujitsucolumbus.com	
Alliance Jiu Jitsu Ohio	Cleveland	OH	alliancejiujitsuohio.com	
Canton BJJ	Canton	OH	cantonbjj.com	
Chillicothe BJJ	Chillicothe	OH	chillicothebjj.com	
Cuyahoga Falls BJJ	Cuyahoga Falls	OH	cuyahogafallsbjj.com	
Dayton BJJ	Dayton	OH	daytonbjj.com	
Findlay BJJ	Findlay	OH	findlaybjj.com	
Kombat Arts Ohio	Cincinnati	OH	kombatartsohio.com	
Lima BJJ	Lima	OH	limabjj.com	
Limitless BJJ Cincinnati	Cincinnati	OH	limitlessbjj.com	
Mansfield BJJ	Mansfield	OH	mansfieldbjj.com	
Medina BJJ	Medina	OH	medinabjj.com	
Newark BJJ Ohio	Newark	OH	newarkbjjoh.com	
Renzo Gracie Cleveland	Cleveland	OH	renzograciecleveland.com	
Sandusky BJJ	Sandusky	OH	sanduskybjj.com	
Springfield BJJ Ohio	Springfield	OH	springfieldbjjoh.com	
Steubenville BJJ	Steubenville	OH	steubenvillebjj.com	
Toledo BJJ	Toledo	OH	toledobj.com	
U A Jiu Jitsu	Upper Arlington	OH	uajiujitsu.com	
Youngstown BJJ	Youngstown	OH	youngstownbjj.com	
Zanesville BJJ	Zanesville	OH	zanesvillebjj.com	
Alexander Jiu-Jitsu	Seminole	OK	alexanderjiujitsu.com	
Bartlesville BJJ	Bartlesville	OK	bartlesvillebjj.com	
Blackout Jiu Jitsu	Moore	OK	blackoutjiujitsu.com	
Broken Arrow BJJ	Broken Arrow	OK	brokenarrowbjj.com	
Burdette BJJ	Glenpool	OK	burdettebjj.com	
Carson Fight & Fitness	Tulsa	OK	carsonfightfitness.com	
Edmond BJJ	Edmond	OK	edmondbjj.com	
Enid BJJ	Enid	OK	enidbjj.com	
Lawton BJJ	Lawton	OK	lawtonbjj.com	
Midwest City BJJ	Midwest City	OK	midwestcitybjj.com	
Muskogee BJJ	Muskogee	OK	muskogeebjj.com	
Norman BJJ	Norman	OK	normanbjj.com	
Owasso BJJ	Owasso	OK	owassobjj.com	
Shawnee BJJ	Shawnee	OK	shawneebjj.com	
Stillwater BJJ	Stillwater	OK	stillwaterbjj.com	
Tulsa BJJ	Tulsa	OK	tulsabjj.com	
Ajax BJJ	Ajax	ON	ajaxbjj.com	
Alliance Jiu Jitsu London Ontario	London	ON	alliancejiujitsulondon.ca	
Alliance Jiu Jitsu Ottawa	Ottawa	ON	alliancejiujitsuottawa.com	
Barrie BJJ	Barrie	ON	barriebjj.com	
Belleville BJJ	Belleville	ON	bellevillebjj.com	
BJJ Battalion	Etobicoke	ON	bjjbattalion.com	
Brampton Brazilian Jiu Jitsu Academy	Brampton	ON	bramptonbjj.com	
Brantford BJJ	Brantford	ON	brantfordbjj.com	
Burlington BJJ	Burlington	ON	burlingtonbjj.ca	
Cambridge BJJ	Cambridge	ON	cambridgebjj.com	
Four-Eleven Brazilian Jiu Jitsu	Whitby	ON	foureleven-bjj.com	
Greenwood Jiu-Jitsu	Toronto	ON	brazilianjiujitsutoronto.com	
Ground X Jiu Jitsu Ottawa	Ottawa	ON	groundxjiujitsu.com	
Guelph BJJ	Guelph	ON	guelphbjj.com	
Hamilton Brazilian Jiu-Jitsu	Hamilton	ON	hamiltonbjj.com	
Junction Academy	Toronto	ON	junctionacademy.ca	
Kingston BJJ	Kingston	ON	kingstonbjj.ca	
Kombat Arts Training Academy	Mississauga	ON	kombatarts.com	
Mississauga Jiu Jitsu	Mississauga	ON	mississaugajiujitsu.com	
Niagara BJJ	St. Catharines	ON	niagarabjj.com	
North Bay BJJ	North Bay	ON	northbaybjj.com	
Orillia BJJ	Orillia	ON	orilliabjj.com	
Oshawa BJJ	Oshawa	ON	oshawawbjj.com	
Ottawa Jiu Jitsu	Ottawa	ON	ottawajiujitsu.com	
Peterborough BJJ	Peterborough	ON	peterboroughbjj.com	
Pickering BJJ	Pickering	ON	pickeringbjj.com	
Salvosa Jiu-Jitsu Academy	Scarborough	ON	salvosabjj.com	
Santos Brothers BJJ	Mississauga	ON	santosbrothersbjj.com	
Sault Ste. Marie BJJ	Sault Ste. Marie	ON	saultbjj.com	
South Mississauga Jiu Jitsu	Mississauga	ON	southmississaugabjj.com	
St. Catharines BJJ	St. Catharines	ON	stcatharinesbjj.com	
Stratford BJJ Ontario	Stratford	ON	stratfordbjjon.com	
Sudbury BJJ	Sudbury	ON	sudburybjj.com	
Thunder Bay BJJ	Thunder Bay	ON	thunderbaybjj.com	
Toronto BJJ	Toronto	ON	torontobjj.com	
Toronto Jiu Jitsu Club	Toronto	ON	torontojiujitsuclub.com	
Valens Jiu Jitsu Academy	Hamilton	ON	valensjiujitsu.com	
Windsor BJJ	Windsor	ON	windsorbjj.com	
Woodstock BJJ Ontario	Woodstock	ON	woodstockbjjon.com	
Yorkdale Martial Arts	Toronto	ON	yorkdalemartialarts.com	
Albany BJJ Oregon	Albany	OR	albanybjjor.com	
Alliance Jiu Jitsu Portland	Portland	OR	alliancejiujitsuportland.com	
Alliance Jiu Jitsu Salem	Salem	OR	alliancejiujitsusalem.com	
Ashland BJJ	Ashland	OR	ashlandbjj.com	
Bend BJJ	Bend	OR	bendbjj.com	
Coos Bay BJJ	Coos Bay	OR	coosbaybjj.com	
Corvallis BJJ	Corvallis	OR	corvallisbjj.com	
Grants Pass BJJ	Grants Pass	OR	grantspassbjj.com	
Klamath Falls BJJ	Klamath Falls	OR	klamathfallsbjj.com	
Medford BJJ	Medford	OR	medfordbjj.com	
Newport BJJ Oregon	Newport	OR	newportbjjor.com	
Oregon BJJ	Eugene	OR	oregonbjj.com	
Pendleton BJJ	Pendleton	OR	pendletonbjj.com	
Portland BJJ	Portland	OR	portlandbjj.com	
Roseburg BJJ	Roseburg	OR	roseburgbjj.com	
Alliance Jiu Jitsu Pittsburgh	Pittsburgh	PA	alliancejiujitsupittsburgh.com	
Bethlehem BJJ	Bethlehem	PA	bethlehembjj.com	
Butler BJJ	Butler	PA	butlerbjj.com	
Carlson Gracie Pennsylvania	Allentown	PA	carlsongracieteam.com	
Chester PA BJJ	Chester	PA	chesterpabjj.com	
Easton PA BJJ	Easton	PA	eastonpabjj.com	
Erie BJJ	Erie	PA	eriebjj.com	
Harrisburg BJJ	Harrisburg	PA	harrisburgbjj.com	
Indiana PA BJJ	Indiana	PA	indianapabjj.com	
Johnstown BJJ	Johnstown	PA	johnstownbjj.com	
Lancaster BJJ	Lancaster	PA	lancasterbjj.com	
Norristown BJJ	Norristown	PA	norristownbjj.com	
Pottsville BJJ	Pottsville	PA	pottsvillebjj.com	
Reading BJJ	Reading	PA	readingbjj.com	
Renzo Gracie Philadelphia	Philadelphia	PA	renzograciephiladelphia.com	
SBG Pennsylvania	Scranton	PA	sbgpa.com	
State College BJJ	State College	PA	statecollegebjj.com	
Wilkes-Barre BJJ	Wilkes-Barre	PA	wilkesbarrebjj.com	
York BJJ	York	PA	yorkbjj.com	
Charlottetown BJJ Academy	Charlottetown	PE	charlottetownbjj.com	
Island Grappling Club	Summerside	PE	islandgrapplingclub.com	
Montague BJJ	Montague	PE	montaguebjj.ca	
PEI Brazilian Jiu Jitsu	Charlottetown	PE	peibjj.com	
PEI Martial Arts Academy Summerside	Summerside	PE	peimma.com	
Souris Brazilian Jiu-Jitsu	Souris	PE	sourisbjj.com	
Stratford BJJ PEI	Stratford	PE	stratfordbjjpei.com	
Summerside BJJ PEI	Summerside	PE	summersidebjjpei.com	
West River Jiu Jitsu	Bonshaw	PE	westriverjiujitsu.ca	
Wulfrun Martial Arts	York	PE	wulfrunmartialarts.com	
Action & Reaction MMA	Laval	QC	actionreactionmma.ca	
Alliance Jiu Jitsu Montreal	Montreal	QC	alliancejiujitsumontreal.com	
Alliance Jiu Jitsu Quebec City	Quebec City	QC	alliancejiujitsuqc.com	
Alma BJJ	Alma	QC	almabjj.com	
Carlson Gracie Montreal	Montreal	QC	carlsongraciemontreal.com	
Drummondville BJJ	Drummondville	QC	drummondvillebjj.com	
Fearless MMA	Laval	QC	fearlessmma.ca	
Levis BJJ	Lévis	QC	levisbjj.com	
Longueuil BJJ	Longueuil	QC	longueuilbjj.com	
Nordik Fight Club	Quebec City	QC	nordikfightclub.com	
NovaGym	Montreal	QC	novagym.ca	
Patenaude Martial Arts Gatineau	Gatineau	QC	patenaude-martialarts.com	
Renzo Gracie Montreal	Montreal	QC	renzogracieontreal.com	
Rimouski BJJ	Rimouski	QC	rimouskibjj.com	
Royal Jiu-Jitsu Quebec	Quebec City	QC	royaljiujitsu.ca	
Saguenay BJJ	Saguenay	QC	saguenaybjj.com	
Santos Brothers BJJ Montreal	Montreal	QC	santosbrothersbjjmtl.com	
Sept-Iles BJJ	Sept-Îles	QC	septilesbjj.com	
Sherbrooke BJJ	Sherbrooke	QC	sherbrookebjj.com	
Tristar Gym Montreal	Montreal	QC	tristargym.com	
Trois-Rivieres BJJ	Trois-Rivières	QC	troisrivieresbjj.com	
Bristol BJJ	Bristol	RI	bristolbjj.com	
Cortes BJJ	Warwick	RI	cortesbjj.com	
Coventry Brazilian Jiu Jitsu	Coventry	RI	coventrybjj.com	
Cranston BJJ	Cranston	RI	cranstonbjj.com	
East Providence BJJ	East Providence	RI	eastprovidencebjj.com	
Middletown BJJ RI	Middletown	RI	middletownbjjri.com	
Mission First BJJ	Newport	RI	missionfirstbjj.com	
Pawtucket BJJ	Pawtucket	RI	pawtucketbjj.com	
Providence BJJ	Providence	RI	providencebjj.com	
Ricardo Cavalcanti BJJ RI	Providence	RI	cavalcantibjjri.com	
Woonsocket BJJ	Woonsocket	RI	woonsocketbjj.com	
Aiken Jiu-Jitsu	Aiken	SC	aikenjiujitsu.com	
Alliance Jiu Jitsu Anderson	Anderson	SC	allianceanderson.com	
Alliance Jiu Jitsu Easley	Easley	SC	allianceeasley.com	
American Judo and Jiu-Jitsu	North Charleston	SC	americanjudoandjiujitsu.com	
Beaufort BJJ	Beaufort	SC	beaufortbjj.com	
Charleston BJJ	Charleston	SC	charlestonbjj.com	
Columbia BJJ	Columbia	SC	columbiabjj.com	
Florence BJJ SC	Florence	SC	florencebjjsc.com	
Hilton Head BJJ	Hilton Head Island	SC	hiltonheadbjj.com	
Myrtle Beach BJJ	Myrtle Beach	SC	myrtlebeachbjj.com	
Orangeburg BJJ	Orangeburg	SC	orangeburgbjj.com	
Rock Hill BJJ	Rock Hill	SC	rockhillbjj.com	
Spartanburg BJJ	Spartanburg	SC	spartanburgbjj.com	
Summerville BJJ	Summerville	SC	summervillebjj.com	
Aberdeen BJJ	Aberdeen	SD	aberdeenbjj.com	
Black Hills BJJ	Rapid City	SD	blackhillsbjj.com	
Brookings BJJ	Brookings	SD	brookingsbjj.com	
Huron BJJ	Huron	SD	huronbjj.com	
Joku Dojo	Sioux Falls	SD	jokudojo.com	
Mitchell BJJ	Mitchell	SD	mitchellbjj.com	
Sioux Falls BJJ	Sioux Falls	SD	siouxfallsbjj.com	
Vermillion BJJ	Vermillion	SD	vermillionbjj.com	
Watertown BJJ SD	Watertown	SD	watertownbjjsd.com	
Estevan BJJ	Estevan	SK	estevanbjj.com	
Lloydminster BJJ	Lloydminster	SK	lloydminsterbjj.com	
Melfort BJJ	Melfort	SK	melfortbjj.com	
Moose Jaw BJJ	Moose Jaw	SK	moosejawbjj.com	
North Battleford BJJ	North Battleford	SK	northbattlefordbjj.com	
Prince Albert BJJ	Prince Albert	SK	princealberbjj.com	
Regina BJJ	Regina	SK	reginabjj.com	
Saskatoon BJJ	Saskatoon	SK	saskatoonbjj.com	
Swift Current BJJ	Swift Current	SK	swiftcurrentbjj.com	
Weyburn BJJ	Weyburn	SK	weyburnbjj.com	
Yorkton BJJ	Yorkton	SK	yorktonbjj.com	
Absolute Jiu-Jitsu Academy Bristol	Bristol	TN	absolutejj.com	
ADG Jiu-Jitsu	Smyrna	TN	adgjiujitsu.com	
Alliance Jiu Jitsu Tennessee	Nashville	TN	alliancejiujitsutennessee.com	
Alpha Jiu-Jitsu Academy	Cookeville	TN	alphajiujitsuacademy.com	
Armory Jiu-Jitsu Academy Chattanooga	Chattanooga	TN	armoryjiujitsuacademy.com	
Athens Brazilian Jiu-Jitsu	Athens	TN	athensbrazilianjiujitsu.com	
Chattanooga BJJ	Chattanooga	TN	chattanoogabjj.com	
Clarksville BJJ	Clarksville	TN	clarksvillebjj.com	
Columbia BJJ Tennessee	Columbia	TN	columbiabjjtn.com	
Cookeville Jiu-Jitsu	Cookeville	TN	cookevillejiujitsu.com	
Crossville MMA	Crossville	TN	crossvillemma.com	
Gracie Barra Knoxville	Knoxville	TN	samuelbragabjj.com	
Gracie Jiu-Jitsu Foothills	Seymour	TN	graciefoothills.com	
Jackson BJJ Tennessee	Jackson	TN	jacksonbjjtn.com	
Kaze BJJ and Judo Institute	Clarksville	TN	kazebjj.com	
Kingsport BJJ	Kingsport	TN	kingsportbjj.com	
Kioto Brazilian Jiu-Jitsu Chattanooga	Chattanooga	TN	kiotobjjchattanooga.com	
Knoxville BJJ	Knoxville	TN	knoxvillebjj.com	
Knoxville Martial Arts Academy	Knoxville	TN	knoxmma.com	
Lebanon BJJ Tennessee	Lebanon	TN	lebanonbjjtn.com	
Leviathan Academy Brazilian Jiu-Jitsu	Cleveland	TN	leviathanacademy.com	
Liberdade Brazilian Jiu-Jitsu	Nashville	TN	liberdadebjj.com	
Lucas Lepri Brazilian Jiu-Jitsu Knoxville	Knoxville	TN	lepribjjknoxville.com	
Maryville Jiu-Jitsu	Alcoa	TN	maryvillejiujitsu.com	
Memphis Judo & Jiu-Jitsu	Memphis	TN	memphisbjj.com	
Murfreesboro BJJ	Murfreesboro	TN	murfreesborobjj.com	
Nashville Mixed Martial Arts	Nashville	TN	nashvillemma.com	
Profectus Jiu-Jitsu Hendersonville	Hendersonville	TN	profectusjiujitsu.com	
Renzo Gracie Nashville	Brentwood	TN	renzogracienashville.com	
Shield Systems Academy	Knoxville	TN	shieldsystemsacademy.com	
Team Oxendine Mixed Martial Arts	Johnson City	TN	teamoxendine.com	
Tennessee Brazilian Jiu-Jitsu Academy	Spring Hill	TN	tbjja.com	
Tri-Cities BJJ	Johnson City	TN	tricitiesbjj.com	
Upper Cumberland MMA	Cookeville	TN	uppercumberlandmma.com	
360 Jiu Jitsu	Grand Prairie	TX	360jiujitsu.com	
Abdias Brazilian Jiu-Jitsu	Dallas	TX	bushidostrength.com	
Abilene BJJ	Abilene	TX	abilenebjj.com	
Aces Jiu Jitsu Club	Pflugerville	TX	acesjiujitsuclub.com	
Advantage BJJ Martial Arts & Fitness	Houston	TX	advantagebjj.com	
Al Garza's Premier Martial Arts	League City	TX	algarza.com	
Alex Martins Brazilian Jiu Jitsu	Dallas	TX	alexmartinsbrazilianjiujitsu.com	
Alliance BJJ Houston	Pearland	TX	alliancebjjhouston.com	
Alliance Jiu Jitsu Dallas	Dallas	TX	alliancejiujitsudallas.com	
Aloisio Silva Brazilian Jiu-Jitsu Academy	Arlington	TX	aloisiosilvabjj.com	
Alvarez Brazilian Jiu-Jitsu Arlington	Arlington	TX	alvarezbjj.com	
Amarillo BJJ	Amarillo	TX	amarillobjj.com	
Amazonas MMA & Fitness Academy	Edinburg	TX	amazonasmma.com	
American Revolution Muay Thai & Submission Center	Corpus Christi	TX	americanrevolutionmma.com	
Applied MMA Austin	Pflugerville	TX	appliedmma.com	
Arlington MMA	Arlington	TX	arlingtonmma.com	
ASL JunSur Martial Arts	Richardson	TX	asljiujitsu.com	
Austin Fitness Martial Arts	Austin	TX	afmatx.com	
Austin Mixed Martial Arts	Austin	TX	austinmixedmartialarts.com	
Beaumont BJJ	Beaumont	TX	beaumontbjj.com	
Brazil 021 San Antonio	San Antonio	TX	brazil021.com	
Brazilian Top Team North Dallas	Richardson	TX	bttnorthdallas.com	
Brazilian Top Team Texas	San Antonio	TX	bttsa.com	
Carlos Machado Jiu Jitsu Dallas	Dallas	TX	marciosantosjiujitsu.com	
Carlos Machado Jiu-Jitsu Carrollton	Carrollton	TX	carlosmachado.net	
Caveirinha Jiu-Jitsu Family Texas	Prosper	TX	cjjftx.com	
Centex Combatives & Fitness	Pflugerville	TX	centexcombatives.com	
Concept Brazilian Jiu Jitsu	Taylor	TX	taylorbjj.com	
Denton BJJ	Denton	TX	dentonbjj.com	
El Paso BJJ	El Paso	TX	elpasobj.com	
Evolve BJJ	Fort Worth	TX	evolvebjj.com	
Fight Factory Austin	Austin	TX	fightfactoryaustin.com	
Flow Brazilian Jiu-Jitsu	Pantego	TX	flowbjj.com	
Genesis Jiu Jitsu	River Oaks	TX	genesisjiujitsu.com	
Gracie Barra Frisco	Frisco	TX	gbfriscotexas.com	
Gracie Barra Texas	Webster	TX	graciebarratx.com	
John's Gym Mixed Martial Arts & Fitness	Austin	TX	johnsgym.com	
Killeen BJJ	Killeen	TX	killeenbjj.com	
Kingsway Jiu-Jitsu	Austin	TX	kingswayjiujitsu.com	
Longview BJJ	Longview	TX	longviewbjj.com	
Lubbock Jiu Jitsu Academy	Lubbock	TX	lubbockjiujitsuacademy.com	
Marcelo Garcia Jiu-Jitsu of Dallas	Dallas	TX	marcelogarciadallas.com	
Mcallen BJJ	McAllen	TX	mcallenbjj.com	
Midland BJJ Texas	Midland	TX	midlandbjjtx.com	
New Braunfels BJJ	New Braunfels	TX	dalua.com	
Odessa BJJ	Odessa	TX	odessabjj.com	
Peak Performance	North Richland Hills	TX	peakperformancemartialarts.com	
Reign Jiu Jitsu	Katy	TX	reignbjj.com	
Renzo Gracie Jiu Jitsu DFW	Hurst	TX	renzograciejiujitsudfw.com	
Renzo Gracie Round Rock	Round Rock	TX	renzogracieroundrock.com	
Revolution Dojo	Houston	TX	revolutiondojo.com	
Roberto Kaelin BJJ	Keller	TX	robertokaelin.com	
Rodrigo Pinheiro BJJ	San Antonio	TX	rodrigopinheirobjj.com	
San Marcos Jiu Jitsu	San Marcos	TX	smjiujitsu.com	
Sangue Novo FT / Gallos Prietos Jiu Jitsu	Laredo	TX	sanguenovojj.com	
Six Blades Austin	Austin	TX	sixblades.com	
Six Blades Jiu-Jitsu Fort Worth	Fort Worth	TX	jiujitsufortworth.com	
Supreme Academy ATX	Austin	TX	supremeacademyatx.com	
Travis Lutter MMA	Fort Worth	TX	travislutter.com	
Tyler BJJ	Tyler	TX	tylerbjj.com	
Waco BJJ	Waco	TX	wacobjj.com	
Alliance Jiu Jitsu St. George	St. George	UT	alliancejiujitsustgeorge.com	
Alliance Jiu Jitsu Utah	Salt Lake City	UT	alliancejiujitsuutah.com	
Cedar City BJJ	Cedar City	UT	cedarcitybjj.com	
Gracie Barra Salt Lake City	Salt Lake City	UT	gbslc.com	
Layton BJJ	Layton	UT	laytonbjj.com	
Logan BJJ	Logan	UT	loganbjj.com	
Moab BJJ	Moab	UT	moabbjj.com	
Ogden BJJ	Ogden	UT	ogdenbjj.com	
Orem BJJ	Orem	UT	orembjj.com	
Provo BJJ	Provo	UT	provobjj.com	
Sandy BJJ	Sandy	UT	sandybjj.com	
SLC BJJ Academy	Salt Lake City	UT	slcbjjacademy.com	
Vernal BJJ	Vernal	UT	vernalbjj.com	
West Jordan BJJ	West Jordan	UT	westjordanbjj.com	
Alliance Jiu Jitsu Norfolk	Norfolk	VA	alliancebjjnorfolk.com	
Alliance Jiu Jitsu Virginia	Richmond	VA	alliancejiujitsuvirginia.com	
Blacksburg BJJ	Blacksburg	VA	blacksburgbjj.com	
Charlottesville BJJ	Charlottesville	VA	charlottesvillebjj.com	
Chesapeake BJJ	Chesapeake	VA	chesapeakebjj.com	
Crazy 88 BJJ Virginia	Alexandria	VA	crazy88bjj.com	
Danville BJJ Virginia	Danville	VA	danvillebjjva.com	
Harrisonburg BJJ	Harrisonburg	VA	harrisonburgbjj.com	
Lynchburg BJJ	Lynchburg	VA	lynchburgbjj.com	
Newport News BJJ	Newport News	VA	newportnewsbjj.com	
Richmond BJJ Academy	Richmond	VA	richmondbjj.com	
Roanoke BJJ	Roanoke	VA	roanokebjj.com	
Staunton BJJ	Staunton	VA	stauntonbjj.com	
Suffolk BJJ	Suffolk	VA	suffolkbjj.com	
Top Game Brazilian Jiu-Jitsu	Fairfax	VA	topgamebjj.com	
Virginia Beach BJJ	Virginia Beach	VA	virginiabeachbjj.com	
Winchester BJJ	Winchester	VA	winchesterbjj.com	
Barre BJJ	Barre	VT	barrebjj.com	
Bennington BJJ	Bennington	VT	benningtonbjj.com	
Brattleboro BJJ	Brattleboro	VT	brattleborobjj.com	
Burlington Brazilian Jiu Jitsu	Burlington	VT	burlingtonbjj.com	
Gracie Vermont	Montpelier	VT	gracievermont.com	
Green Mountain BJJ	Burlington	VT	greenmountainbjj.com	
Montpelier BJJ	Montpelier	VT	montpelierbjj.com	
Northeast Kingdom BJJ	St. Johnsbury	VT	nekbjj.com	
Rutland BJJ	Rutland	VT	rutlandbjj.com	
Vermont BJJ	Burlington	VT	vermontbjj.com	
White River BJJ	White River Junction	VT	whiteriverbjj.com	
Alliance BJJ Lakewood	Lakewood	WA	alliancebjj-lakewood.com	
Alliance BJJ Spokane	Spokane	WA	alliancebjjspokane.com	
Auburn WA BJJ	Auburn	WA	auburnwabjj.com	
Bellingham BJJ	Bellingham	WA	bellinghambjj.com	
BJJ Olympia	Olympia	WA	bjjolympia.com	
Bremerton BJJ	Bremerton	WA	bremertonbjj.com	
Breno Bittencourt BJJ	Yakima	WA	bittencourt-bjj.com	
Everett BJJ	Everett	WA	everettbjj.com	
Kirkland BJJ	Kirkland	WA	kirklandbjj.com	
Lynnwood BJJ	Lynnwood	WA	lynnwoodbjj.com	
Mount Vernon BJJ	Mount Vernon	WA	mountvernonbjj.com	
Northwest Fighting Arts	Vancouver	WA	northwestfightingarts.com	
Port Angeles BJJ	Port Angeles	WA	portangelesbjj.com	
Seattle BJJ	Seattle	WA	seattlebjj.com	
Tacoma BJJ	Tacoma	WA	tacomabjj.com	
Tri-Cities BJJ Washington	Kennewick	WA	tricitiesbjjwa.com	
Warrior Camp Spokane	Spokane	WA	warriorcampgym.com	
Wenatchee BJJ	Wenatchee	WA	wenatcheebjj.com	
Alliance BJJ Madison	Madison	WI	alliancebjjmadison.com	
Alliance Jiu Jitsu Wisconsin	Madison	WI	alliancejiujitsuwisconsin.com	
Baraboo BJJ	Baraboo	WI	baraboobjj.com	
Beaver Dam BJJ	Beaver Dam	WI	beaverdambjj.com	
Fluid Motion BJJ	Appleton	WI	fluidmotionbjj.com	
Fond du Lac BJJ	Fond du Lac	WI	fonddulabjj.com	
Fox Valley BJJ	Appleton	WI	foxvalleybjj.com	
Janesville BJJ	Janesville	WI	janesvillebjj.com	
Kenosha BJJ	Kenosha	WI	kenoshabjj.com	
La Crosse BJJ	La Crosse	WI	lacrossebjj.com	
Madison BJJ	Madison	WI	madisonbjj.com	
Manitowoc BJJ	Manitowoc	WI	manitowocbjj.com	
Marinette BJJ	Marinette	WI	marinettebjj.com	
Milwaukee BJJ	Milwaukee	WI	milwaukeebjj.com	
Neutral Ground Academy	Milwaukee	WI	neutralgroundacademy.com	
Oshkosh BJJ	Oshkosh	WI	oshkoshbjj.com	
Rhinelander BJJ	Rhinelander	WI	rhinelanderbjj.com	
Sheboygan BJJ	Sheboygan	WI	sheboyganbjj.com	
Superior BJJ	Superior	WI	superiorbjj.com	
Waukesha BJJ	Waukesha	WI	waukeshabjj.com	
Wausau BJJ	Wausau	WI	wausaubjj.com	
Wisconsin BJJ	Green Bay	WI	wisconsinbjj.com	
Beckley BJJ	Beckley	WV	beckleybjj.com	
Clarksburg BJJ	Clarksburg	WV	clarksburgbjj.com	
Fairmont BJJ	Fairmont	WV	fairmontbjj.com	
Huntington BJJ	Huntington	WV	huntingtonbjj.com	
Lewisburg BJJ	Lewisburg	WV	lewisburgbjj.com	
Martinsburg BJJ	Martinsburg	WV	martinsburgbjj.com	
Nitro BJJ	Nitro	WV	nitrobjj.com	
Parkersburg BJJ	Parkersburg	WV	parkersburgbjj.com	
West Virginia BJJ	Morgantown	WV	wvbjj.com	
Wheeling BJJ	Wheeling	WV	wheelingbjj.com	
Alliance Jiu Jitsu Wyoming	Laramie	WY	alliancejiujitsuwyoming.com	
Casper BJJ	Casper	WY	casperbjj.com	
Cheyenne BJJ	Cheyenne	WY	cheyennebjj.com	
Cody BJJ	Cody	WY	codybjj.com	
Gillette BJJ	Gillette	WY	gillettebjj.com	
Riverton BJJ	Riverton	WY	rivertonbjj.com	
Rock Springs BJJ	Rock Springs	WY	rockspringsbjj.com	
Sheridan BJJ Wyoming	Sheridan	WY	sheridanbjjwy.com	
Wyoming Martial Arts	Jackson	WY	wyomingmartialarts.com	
