region	name	city	effective_url	hostname
AB	101 Academy	Calgary	https://101academy.ca/	101academy.ca
AB	Affinity Academy Nolan Hill	Calgary	https://affinityacademy.ca	affinityacademy.ca
AB	Affinity Academy Varsity	Calgary	https://affinityacademy.ca	affinityacademy.ca
AB	Airdrie Martial Arts Centre	Airdrie	https://airdriemartialartscentre.ca	airdriemartialartscentre.ca
AB	Alavanca	Calgary	https://www.alavanca.ca	alavanca.ca
AB	Alliance BJJ Calgary	Calgary	https://www.alliancebjjcalgary.com/	alliancebjjcalgary.com
AB	Arashi-Do Martial Arts Calgary NE Deerfoot McCall Lake	Calgary	https://arashido.com/location/calgary-deerfoot-north/	arashido.com
AB	Arashi-Do Martial Arts Calgary SE Deerfoot Douglasdale	Calgary	https://arashido.com/location/calgary-deerfoot-south-douglasdale/	arashido.com
AB	Arashi-Do Martial Arts Calgary SW Rutland Park	Calgary	https://arashido.com/location/calgary-south-rutland-park/	arashido.com
AB	Arashi-Do Martial Arts Calgary South Acadia	Calgary	https://arashido.com/location/calgary-south-acadia/	arashido.com
AB	Arashi-Do Martial Arts Calgary West Springbank	Calgary	https://arashido.com/location/calgary-west-springbank/	arashido.com
AB	Arashi-Do Martial Arts Cochrane	Cochrane	https://arashido.com/location/cochrane/	arashido.com
AB	Arashi-Do Martial Arts Edmonton East	Edmonton	https://arashido.com/location/edmonton-east/	arashido.com
AB	Arashi-Do Martial Arts Edmonton North	Edmonton	https://arashido.com/location/edmonton-north/	arashido.com
AB	Arashi-Do Martial Arts Edmonton South	Edmonton	https://arashido.com/location/edmonton-south/	arashido.com
AB	Arashi-Do Martial Arts Edmonton West Mayfield	Edmonton	https://arashido.com/location/edmonton-west-mayfield/	arashido.com
AB	Arashi-Do Martial Arts Edson	Edson	https://arashido.com/location/edson/	arashido.com
AB	Arashi-Do Martial Arts Hinton	Hinton	https://arashido.com/location/hinton/	arashido.com
AB	Arashi-Do Martial Arts Leduc	Leduc	https://arashido.com/location/leduc/	arashido.com
AB	Arashi-Do Martial Arts Olds	Olds	https://arashido.com/location/olds/	arashido.com
AB	Arashi-Do Martial Arts Penhold	Penhold	https://arashido.com/location/penhold/	arashido.com
AB	Arashi-Do Martial Arts Red Deer	Red Deer	https://arashido.com/location/red-deer/	arashido.com
AB	Arashi-Do Martial Arts Sherwood Park	Sherwood Park	https://arashido.com/location/sherwood-park/	arashido.com
AB	Arashi-Do Martial Arts Sylvan Lake	Sylvan Lake	https://arashido.com/location/sylvan-lake/	arashido.com
AB	Authentic Jiu Jitsu	Calgary	https://authenticjiujitsu.com	authenticjiujitsu.com
AB	Bairro Brazilian Jiu-Jitsu Academy	Edmonton	https://bairro.ca	bairro.ca
AB	Bairro Martial Arts Academy South	Edmonton	https://bairro.ca	bairro.ca
AB	Black Gold Jiu-Jitsu Academy	Spruce Grove	https://www.blackgoldbjj.com	blackgoldbjj.com
AB	Black Sails Brazilian Jiu Jitsu	Edmonton	https://www.blacksailsbjj.com	blacksailsbjj.com
AB	Bravé MMA and Fitness	Edmonton	https://bravemmaandfitness.com	bravemmaandfitness.com
AB	Canadian Martial Arts Centre	Lethbridge	https://cmcmma.com	cmcmma.com
AB	Carlson Gracie Calgary	Calgary	https://www.carlsongraciecalgary.com	carlsongraciecalgary.com
AB	Champion's Creed Martial Arts North	Calgary	https://championscreed.ca	championscreed.ca
AB	Champion's Creed Martial Arts South	Calgary	https://championscreed.ca/	championscreed.ca
AB	Complete Fitness and Martial Arts	St. Albert	https://www.stalbertmartialarts.com	stalbertmartialarts.com
AB	Dark Horse Martial Arts	Canmore	https://darkhorsemartialarts.ca/	darkhorsemartialarts.ca
AB	Dynamic MMA Calgary	Calgary	https://www.dynamicmma.ca	dynamicmma.ca
AB	Edmonton BJJ	Edmonton	https://edmontonbjj.com	edmontonbjj.com
AB	Edmonton Gracie Jiu-Jitsu	Edmonton	https://edmontongraciejiujitsu.com/	edmontongraciejiujitsu.com
AB	Elite Taekwondo and Brazilian Jiu Jitsu	Edmonton	https://eliteedmonton.ca	eliteedmonton.ca
AB	Frontline Academy Canada	Sherwood Park	https://frontlinebjj.com	frontlinebjj.com
AB	Gracie Barra Calgary	Calgary	https://graciebarracalgary.ca	graciebarracalgary.ca
AB	Gracie Barra Edmonton	Edmonton	https://graciebarra.com/edmonton-alberta-canada/	graciebarra.com
AB	Gracie Barra Lethbridge	Lethbridge	https://gblethbridge.com	gblethbridge.com
AB	Ground Control Academy	Ardrossan	https://groundcontrolacademy.ca	groundcontrolacademy.ca
AB	Hayabusa Training Centre	St. Albert	https://hayabusatrainingcentre.com/	hayabusatrainingcentre.com
AB	Heiho Dojo	Grande Prairie	https://www.heihodojo.ca	heihodojo.ca
AB	Ironside Martial Arts St. Albert	St. Albert	https://ironsidemartialarts.ca	ironsidemartialarts.ca
AB	JR Academy	Calgary	https://www.jracademy.co	jracademy.co
AB	Jiu-Jitsu For Life Airdrie	Airdrie	https://jiujitsuforlifeairdrie.com	jiujitsuforlifeairdrie.com
AB	KENSEI MMA	Red Deer	https://www.kensei.ca/	kensei.ca
AB	Kamikaze Punishment Foundation	Edmonton	https://www.kpfit.ca	kpfit.ca
AB	Kazoku BJJ	Edmonton	https://kazokubjj.ca/	kazokubjj.ca
AB	Limitless BJJ Edmonton	St. Albert	https://limitlessbjjedmonton.com	limitlessbjjedmonton.com
AB	Main Quest BJJ	Calgary	https://mainquestbjj.com	mainquestbjj.com
AB	Munduruca North Edmonton BJJ	Edmonton	https://northedmontonbjj.com	northedmontonbjj.com
AB	Okotoks BJJ	Okotoks	https://okotoksbjj.com	okotoksbjj.com
AB	Progressive Fighting Academy	Lethbridge	https://pfakickboxing.com/	pfakickboxing.com
AB	Resilience Brazilian Jiu Jitsu	Medicine Hat	https://www.rbjj.ca	rbjj.ca
AB	Rocky Mountain Brazilian Jiu Jitsu	Calgary	https://rockymountainbjj.com	rockymountainbjj.com
AB	SBG Edmonton	Edmonton	https://www.straightblastgymedmonton.com	straightblastgymedmonton.com
AB	Straight Blast Gym Calgary	Calgary	https://sbgcalgary.com	sbgcalgary.com
AB	The Dojo MMA	St. Albert	https://thedojomma.com	thedojomma.com
AB	The Komodo Academy	Grande Prairie	https://www.thekomodoacademy.com/	thekomodoacademy.com
AB	The Ludus Martial Arts Academy	Edmonton	https://www.ludusmartialarts.ca	ludusmartialarts.ca
AB	The Old Way Jiu-Jitsu	Calgary	https://www.theoldwayjiujitsu.com	theoldwayjiujitsu.com
AB	Tried & True Jiu Jitsu	Calgary	https://triedandtruejj.ca	triedandtruejj.ca
AB	Upper Academy & Alliance Brazilian Jiu-Jitsu	Calgary	https://upperacademy.ca	upperacademy.ca
AB	Wolfhouse MMA Edmonton	Edmonton	https://wolfhousemma.com	wolfhousemma.com
AK	AK-49 Martial Arts	Soldotna	https://www.ak49martialarts.com/	ak49martialarts.com
AK	Alaska Krav Maga & Fitness (BJJ program)	Fairbanks	https://akkravmaga.com/programs/brazilian-jiu-jitsu	akkravmaga.com
AK	Anchorage Brazilian Jui-Jitsu	Anchorage	https://www.anchoragebjj.com/	anchoragebjj.com
AK	Anchorage Grappling Academy	Anchorage	https://www.anchoragegrapplingcoop.com/	anchoragegrapplingcoop.com
AK	Crazy Monkey Alaska	Anchorage	https://crazymonkeyalaska.com/	crazymonkeyalaska.com
AK	Evolution Jiu Jitsu	Juneau	https://evojj.com/	evojj.com
AK	Frostbite Vale-tudo	Fairbanks	https://frostbitevaletudo.com/	frostbitevaletudo.com
AK	Gracie Jiu-Jitsu North Pole	North Pole	https://www.gracieuniversity.com/Pages/Public/AffiliateDetail	gracieuniversity.com
AK	Ketchikan Jiu-Jitsu	Ketchikan	http://www.ketchikanbjj.com/	ketchikanbjj.com
AK	Legacy Jiu Jitsu	Anchorage	https://www.legacyjiujitsuak.com/	legacyjiujitsuak.com
AK	Revolution BJJ	Fairbanks	https://revolutionalaska.com/	revolutionalaska.com
AK	Team Caique Jiu-Jitsu Alaska	Palmer	https://cjjusaalaska.com/	cjjusaalaska.com
AK	The Sword BJJ	Eagle River	https://www.theswordbjj.com/	theswordbjj.com
AK	Tribe Jiujitsu Academy	Fairbanks	https://tribebjj.net/?utm_campaign=gmb	tribebjj.net
AL	10th Planet Birmingham	Birmingham	https://mmabirmingham.com/	mmabirmingham.com
AL	10th Planet Jiu Jitsu Decatur	Decatur	https://decaturbrazilianjiujitsu.com/	decaturbrazilianjiujitsu.com
AL	10th Planet Jiu Jitsu Huntsville	Huntsville	http://10thplanethuntsville.com/	10thplanethuntsville.com
AL	10th Planet Jiu Jitsu Muscle Shoals	Muscle Shoals	http://10thplanetshoals.com/	10thplanetshoals.com
AL	10th Planet Jiu-Jitsu Gulf Shores	Gulf Shores	https://www.facebook.com/KuzushiClubBJJGulfShores/	facebook.com
AL	ALLIANCE JIU JITSU	Huntsville	https://alliancehuntsville.com/	alliancehuntsville.com
AL	American Top Team Tuscaloosa - Kickboxing, MMA, Brazilian Jiu-Jitsu and Fitness Kickboxing	Tuscaloosa	https://www.summitfitnesskickboxing.com/	summitfitnesskickboxing.com
AL	Arsenal Combat Sports Club	Huntsville	https://www.arsenal-bjj.com/	arsenal-bjj.com
AL	Auburn Jiu Jitsu	Auburn	https://auburn-jiujitsu.com/	auburn-jiujitsu.com
AL	Auburn MMA	Auburn	http://www.auburnmma.com/	auburnmma.com
AL	Birmingham Brazilian Jiu Jitsu Spartan Fitness	Homewood	https://spartanfitnessmma.com/classes/Brazilian-Jiu-Jitsu	spartanfitnessmma.com
AL	Birmingham Wrestling Complex	Vestavia Hills	http://bwcomplex.com/	bwcomplex.com
AL	CT ARENA FEITOSA (USA) Brazilian Jiu Jitsu	Daphne	https://ct-arena-feitosa-usa-brazilian-jiu-jitsu.business.site/	ct-arena-feitosa-usa-brazilian-jiu-jitsu.business.site
AL	Checkmat Daphne	Daphne	https://rxsportfit.com/daphne-checkmat	rxsportfit.com
AL	Claymore Fighting & Fitness	Huntsville	http://www.claymoregym.com/	claymoregym.com
AL	Cobra BJJ	Tuscaloosa	https://www.cobrabjjtuscaloosa.com/	cobrabjjtuscaloosa.com
AL	Cobra BJJ Chelsea	Chelsea	https://cobrabjjchelsea.com/	cobrabjjchelsea.com
AL	Coosa Jiu Jitsu & Wellness	Wetumpka	https://www.coosajiujitsuandwellness.com/	coosajiujitsuandwellness.com
AL	FLORENCE BRAZILIAN JIU-JITSU ACADEMY	Florence	https://www.florencebjj.com/	florencebjj.com
AL	Fight Club Fitness, LLC	Birmingham	https://mmabirmingham.com/Contact	mmabirmingham.com
AL	GB Anniston	Anniston	https://getevolutionfit.com	getevolutionfit.com
AL	GB Birmingham	Birmingham	https://gbbhamusa.com	gbbhamusa.com
AL	GB Cullman	Cullman	https://gbcullman.com/	gbcullman.com
AL	GB Huntsville	Huntsville	https://www.graciebarrahuntsville.com	graciebarrahuntsville.com
AL	GB Jasper	Jasper	https://gbjasper.com/	gbjasper.com
AL	GRACIE JIU-JITSU	Madison	https://www.graciejiujitsumadisonal.com/	graciejiujitsumadisonal.com
AL	Gracie Barra Greystone	Birmingham	http://www.graciebarragreystone.com	graciebarragreystone.com
AL	Gracie Barra Pelham Alabama	Pelham	http://www.graciebarraalabama.com	graciebarraalabama.com
AL	Ground Strike Grappling	Columbiana	https://groundstrikegrappling.com/	groundstrikegrappling.com
AL	Gulf Coast Jiu-jitsu	Mobile	https://gcjiujitsu.com/	gcjiujitsu.com
AL	Gulf Coast Jujutsu	Gulf Shores	https://www.facebook.com/Gulf-Coast-Jujutsu-184652755613880/	facebook.com
AL	HEROES MARTIAL ARTS ACADEMY	Birmingham	https://www.heroesmma.com/	heroesmma.com
AL	Hooked Martial Arts + Fitness	Opelika	https://www.hookedmartialarts.com/	hookedmartialarts.com
AL	I'mmortal Kombat	Enterprise	http://www.jiujitsuenterprise.com/	jiujitsuenterprise.com
AL	Kage Fit	Opelika	http://kagefit.me/	kagefit.me
AL	Kame House MMA	Hazel Green	https://www.facebook.com/KameHouseMMA/	facebook.com
AL	Lion Heart Jiu-Jitsu Academy	Hoover	https://trainbjj.passion.io/	trainbjj.passion.io
AL	MONTGOMERY MARTIAL ARTS	Montgomery	https://montgomerymartialartsonline.com/	montgomerymartialartsonline.com
AL	Maverick Training Center	Huntsville	https://mavericktraining.net/	mavericktraining.net
AL	Mobile MMA Club	Mobile	https://www.mobilemmaclub.com/	mobilemmaclub.com
AL	NEXTGEN MARTIAL ARTS	Prattville	https://www.nextgenmartialarts.com/	nextgenmartialarts.com
AL	NXG COMBAT SPORTS	Montgomery	https://nxgcombatsports.com/	nxgcombatsports.com
AL	New Legacy Martial Arts Academy Fight Gym	Huntsville	http://www.facebook.com/newlegacymartialartsacademyathletics	facebook.com
AL	Panacea Martial Arts	Foley	http://foleybjj.com/	foleybjj.com
AL	Peak Martial Arts Dothan	Dothan	https://pmadothan.com/classes/Brazilian-Jiu-Jitsu	pmadothan.com
AL	Pirate BJJ	Madison	https://www.piratebjj.com/	piratebjj.com
AL	Port City Combat Sports	Fairhope	https://www.pckickboxing.com/fairhope-schedule/	pckickboxing.com
AL	Port City MMA	Mobile	http://portcitymma.com/	portcitymma.com
AL	Powell's MMA Systems	Huntsville	http://www.sbgofal.com/	sbgofal.com
AL	ROCKET CITY REVOLUTION BJJ	Madison	https://www.rcrbjj.com/	rcrbjj.com
AL	Renzo Gracie Alabama	Mobile	https://www.renzograciealabama.com/	renzograciealabama.com
AL	Richardson Jiu Jitsu	Prattville	https://www.richardsonjj.com/	richardsonjj.com
AL	Rocket City MMA	Huntsville	https://rocketcitymma.com/	rocketcitymma.com
AL	Russell County Training Center	Fort Mitchell	https://www.rctc980.com/	rctc980.com
AL	SCS Martial Arts & Fitness	Daphne	http://teamscsdaphne.com/	teamscsdaphne.com
AL	Samuel Puccio Brazilian Jiu-Jitsu	Birmingham	https://bhmbjj.com/	bhmbjj.com
AL	Selma Soul -Team	Selma	https://www.bjjselma.com/	bjjselma.com
AL	Team Hopkins Jiu Jitsu Mobile	Mobile	https://www.facebook.com/GracieJiuJitsuOfAlabama/	facebook.com
AL	Team Jucao Gardendale	Gardendale	https://www.championfactory.com/	championfactory.com
AL	The Dojang Martial Arts & Fitness	Birmingham	http://www.thedojanggroup.com/	thedojanggroup.com
AL	Valhalla Jiu-Jitsu & MMA	Alexandria	https://www.valhallamartialarts.com/	valhallamartialarts.com
AL	Wolfpack Karate & MMA	Dothan	http://www.mmadothan.com/	mmadothan.com
AR	501 BJJ & Kickboxing	Conway	https://501bjj.com	501bjj.com
AR	ATA Martial Arts - Bentonville	Bentonville	https://www.tryata.com/	tryata.com
AR	ATA Martial Arts Jonesboro	Jonesboro	https://www.jonesboroata.com/	jonesboroata.com
AR	Alliance Jiu Jitsu - Northwest Arkansas	Cave Springs	https://alliancejjnorthwestarkansas.com/	alliancejjnorthwestarkansas.com
AR	American Jiu Jitsu Academy	Rogers	https://jiujitsu4america.com/	jiujitsu4america.com
AR	Arkansas Center for Sports Science Trainin	Malvern	https://www.facebook.com/ArkCenterForSportsScienceTraining	facebook.com
AR	Blue Collar Grappling Academy	Marion	https://www.facebook.com/bluecollargrapplingacademy870/	facebook.com
AR	Cabot Jiu Jitsu Academy and Fitness	Cabot	https://gjjcabot.com	gjjcabot.com
AR	Cerberus Brazilian Jiu-Jitsu	Jonesboro	https://cerberusbjj.weebly.com/	cerberusbjj.weebly.com
AR	Combat Concepts Academy	Sherwood	https://combatconceptsacademy.com	combatconceptsacademy.com
AR	DNC Defense	Paragould	https://dncdefense.com	dncdefense.com
AR	Diamond State Martial Arts	Fayetteville	https://diamondstatemartialarts.com	diamondstatemartialarts.com
AR	Eco Submission Grappling	Conway	https://ecosubmissiongrappling.com	ecosubmissiongrappling.com
AR	El Dorado Martial Arts	El Dorado	https://www.facebook.com/people/El-Dorado-Martial-Arts/100092167328803/	facebook.com
AR	Eternal Warrior Brazilian Jiu-Jitsu	Bentonville	https://eternalwarriorbjj.com/	eternalwarriorbjj.com
AR	FORCA MMA	Russellville	https://forcamma.com	forcamma.com
AR	Fayetteville Brazilian Jiu-Jitsu	Fayetteville	https://fayetteville-jiujitsu.com/	fayetteville-jiujitsu.com
AR	Fort Smith Martial Arts Center	Fort Smith	https://fortsmithmartialartscenter.wordpress.com	fortsmithmartialartscenter.wordpress.com
AR	Gendai Budo Jiu Jitsu-MMA-Fitness	Mountain Home	https://arkansastraveller.wixsite.com/gendaibudoacademy	arkansastraveller.wixsite.com
AR	Gracie Jiu-Jitsu Fort Smith	Fort Smith	https://graciefortsmith.com	graciefortsmith.com
AR	Gracie Jiu-Jitsu Harrison	Harrison	https://www.gracieuniversity.com/Pages/Public/AffiliateDetail?enc=rl%2fmiDVLPwJnWoJzeXHm5w%3d%3d	gracieuniversity.com
AR	Gracie Jiu-Jitsu Jonesboro	Jonesboro	https://graciejonesboro.com	graciejonesboro.com
AR	Grandmaster Han's Martial Arts & Gracie Jiu-Jitsu	Conway	https://gmhgjj.com	gmhgjj.com
AR	Gravitas Martial Arts	Conway	https://gravitasmartialarts.com	gravitasmartialarts.com
AR	Gray Beard Forge	Conway	https://graybeardforge.org	graybeardforge.org
AR	Impact Martial Arts Harrison	Harrison	https://impactharrison.com/uncategorized/about/	impactharrison.com
AR	Inferno Martial Arts Bella Vista	Bella Vista	https://myinfernofitness.com	myinfernofitness.com
AR	Inferno Martial Arts Bentonville	Bentonville	https://myinfernofitness.com	myinfernofitness.com
AR	Inferno Martial Arts Rogers	Rogers	https://myinfernofitness.com	myinfernofitness.com
AR	Inferno Martial Arts Siloam Springs	Siloam Springs	https://myinfernofitness.com/	myinfernofitness.com
AR	Inferno Martial Arts Springdale	Springdale	https://myinfernofitness.com	myinfernofitness.com
AR	Jonesboro Grappling Association	Jonesboro	https://jonesborograpplingassociation.com/	jonesborograpplingassociation.com
AR	Kore Brazilian Jiu-Jitsu NWA	Lowell	https://www.facebook.com/koreBJJNWA/	facebook.com
AR	Martial Arts America Russellville	Russellville	https://russellvilletkd.com	russellvilletkd.com
AR	Meta Martial Arts	Fayetteville	https://meta-ma.com/	meta-ma.com
AR	Nemesis Jiu Jitsu	Little Rock	https://nemesisjiujitsu.com/	nemesisjiujitsu.com
AR	ONE HEART DOJO	El Dorado	https://www.eldoradomartialarts.com/	eldoradomartialarts.com
AR	Overcome Brazilian jiu-jitsu school	Bentonville	https://overcomejiujitsu.com/	overcomejiujitsu.com
AR	Overcome Jiu Jitsu Pinnacle	Rogers	https://overcomepinnacle.com	overcomepinnacle.com
AR	Phoenix Rising Martial Arts	Mountain Home	https://www.phoenixrisingma.com/	phoenixrisingma.com
AR	Real Deal Martial Arts	Hot Springs	https://realdealmartialarts.com	realdealmartialarts.com
AR	Revolution Combat & Fitness	Benton	https://revolutionmma.com	revolutionmma.com
AR	Rocha Brazilian Jiu Jitsu	North Little Rock	https://rocha-bjj.com	rocha-bjj.com
AR	Rock City Mixed Martial Arts	Little Rock	https://rockcitymma.com	rockcitymma.com
AR	T.O.S.S. Academy / Gracie Brazilian Jiu-Jitsu	Bentonville	https://www.tossbjj.com/	tossbjj.com
AR	TK Martial Arts	Lowell	https://www.tkmartialarts.com/	tkmartialarts.com
AR	Texarkana Combat Sports	Texarkana	https://www.texarkanacombatsports.com/	texarkanacombatsports.com
AR	The House MMA Academy	Wynne	https://www.wynnegym.com/	wynnegym.com
AR	Tribe Gym & Tribe Martial Arts	Camden	https://www.tribegymandmartialarts.com/	tribegymandmartialarts.com
AR	Troy Holton's Brazilian Jiu-Jitsu	Harrison	https://www.troyholtonbjj.com/	troyholtonbjj.com
AR	USA Jiu-Jitsu Arkansas	Jacksonville	https://usajjarkansas.com	usajjarkansas.com
AR	Veneration Jiu Jitsu LLC	Jonesboro	https://www.jonesborojiujitsu.com/	jonesborojiujitsu.com
AR	Westside BJJ	Little Rock	https://littlerockbjj.com/	littlerockbjj.com
AR	Westside MMA	Little Rock	https://westsidemma.com	westsidemma.com
AR	Without Limits MMA	Batesville	https://www.facebook.com/WithoutLimitsMMA/	facebook.com
AR	Wolf's Hammer Martial Arts Academy	Hot Springs	https://hotspringsjiujitsu.com	hotspringsjiujitsu.com
AZ	(Muay Thai Gym) Sitan Gym Arizona LLC	Chandler	https://sitangymaz.com/	sitangymaz.com
AZ	10th Planet Goodyear	Avondale	https://www.10thplanetgoodyear.com/	10thplanetgoodyear.com
AZ	10th Planet Jiu Jitsu Scottsdale	Scottsdale	http://www.10thplanetscottsdale.com	10thplanetscottsdale.com
AZ	10th Planet Jiu Jitsu Tucson	Tucson	http://10thplanettucson.com/	10thplanettucson.com
AZ	10th Planet Jiu-Jitsu Phoenix	Mesa	http://10thplanetphx.com	10thplanetphx.com
AZ	10th Planet Marine Corps Air Station Yuma	Yuma	https://www.10thplanetjj.com/locations/yuma-arizona/	10thplanetjj.com
AZ	12th Street Jiu-Jitsu	Phoenix	https://12stjiujitsu.com/	12stjiujitsu.com
AZ	2 Knuckle Sports MMA Academy	Surprise	http://2knucklesports.com/	2knucklesports.com
AZ	66 JIU-JITSU	Flagstaff	https://www.66jiu-jitsu.com/	66jiu-jitsu.com
AZ	ABUNAI MMA	Avondale	https://abunaimma.com/	abunaimma.com
AZ	Alliance Jiu Jitsu - Tucson	Tucson	https://alliancejiujitsutucson.com/	alliancejiujitsutucson.com
AZ	Alliance Jiu Jitsu - Vail	Tucson	https://alliancejiujitsuvail.com/	alliancejiujitsuvail.com
AZ	Alliance Scottsdale (Ximenes BJJ)	Scottsdale	http://www.ximenesbjj.com	ximenesbjj.com
AZ	Ares Arizona Brazilian Jiu Jitsu	Mesa	https://www.aresazbjj.com/	aresazbjj.com
AZ	Ares BJJ	Phoenix	https://www.aresbjj.com/	aresbjj.com
AZ	Ares BJJ Academy Association	Phoenix	https://aresbjjphoenix.com/	aresbjjphoenix.com
AZ	Ares BJJ Goodyear	Goodyear	http://aresbjjgoodyear.com	aresbjjgoodyear.com
AZ	Ares BJJ Phoenix	Phoenix	https://aresbjjphoenix.com/	aresbjjphoenix.com
AZ	Ares East Mesa BJJ Academy	Mesa	https://areseastmesabjj.com/	areseastmesabjj.com
AZ	Arevalo Academy	Lake Havasu City	https://arevaloacademy.com/	arevaloacademy.com
AZ	Arizona Combat Sports	Tempe	http://azcombatsports.com/	azcombatsports.com
AZ	Attitude First MMA	Glendale	http://www.attitudefirst.net/	attitudefirst.net
AZ	Average Joe's MMA	Prescott	http://averagejoesmma.com/	averagejoesmma.com
AZ	Averitt Jiu Jitsu	Flagstaff	https://averittjiujitsu.com/	averittjiujitsu.com
AZ	Axe Capoeira Arizona	Scottsdale	https://www.axecapoeira-az.com/brazilian-jiujitsu	axecapoeira-az.com
AZ	BJJ Social Club	Scottsdale	http://www.bjjsocialclubaz.com	bjjsocialclubaz.com
AZ	Baker's MMA & Fitness LLC	Surprise	http://bakersmmaandfitness.com/	bakersmmaandfitness.com
AZ	Black Flag Jiu-Jitsu Club	Glendale	http://www.blackflagjiujitsuclub.com/	blackflagjiujitsuclub.com
AZ	Black Flag Submission Co.	Glendale	https://www.blackflagsubco.com/	blackflagsubco.com
AZ	Blackout Mixed Martial Arts	Sierra Vista	https://www.blackoutmmaandfitness.com/	blackoutmmaandfitness.com
AZ	Bluestarr Grappling	Surprise	http://www.bluestarrgrappling.com	bluestarrgrappling.com
AZ	Boxer's Rebellion Martial Arts	Tucson	https://www.boxersrebellionmartialarts.com/	boxersrebellionmartialarts.com
AZ	Bridge City Combat	Lake Havasu City	http://aaeamerica.com/	aaeamerica.com
AZ	CARLSON GRACIE JIU JITSU AND KICKBOXING KINGMAN	Kingman	https://13007.prod.live.site.mystudio.io/	13007.prod.live.site.mystudio.io
AZ	CAVE CREEK MILLENNIA MMA	Cave Creek	https://cavecreekmillenniamma.com/	cavecreekmillenniamma.com
AZ	Cactus Jiu Jitsu Academy	Scottsdale	http://www.cactusjj.com/	cactusjj.com
AZ	Cannon Brazilian Jiu-Jitsu	Glendale	https://www.cannonbjj.net/	cannonbjj.net
AZ	Carlson Gracie Team Gilbert AZ/Bjj & Family Fitness	Gilbert	https://www.carlsongracieteamaz.com/	carlsongracieteamaz.com
AZ	Checkmat Phoenix	Phoenix	https://mkbjj.com/	mkbjj.com
AZ	Chute Boxe Academy	Sierra Vista	https://chuteboxeacademy.com/	chuteboxeacademy.com
AZ	Combat Club Cottonwood	Cottonwood	https://cottonwoodbjj.com/	cottonwoodbjj.com
AZ	Courage Honor Strength Brazilian Jiu-Jitsu	Chandler	http://www.chsbjj.com/	chsbjj.com
AZ	Cove Jiu Jitsu	Apache Junction	https://covejiujitsu.com/	covejiujitsu.com
AZ	Crypto Jiu Jitsu - Peoria, Arizona	Peoria	https://www.cryptojiujitsu.com/	cryptojiujitsu.com
AZ	Cyclone Muay Thai & Double Five BJJ Surprise	Surprise	http://www.cyclone-muaythai.com	cyclone-muaythai.com
AZ	Daimyo Brazilian Jiujitsu	Tucson	https://daimyobjj.com	daimyobjj.com
AZ	Dark Matter Jiu Jitsu/Ares BJJ Tempe	Tempe	http://darkmatterjj.com/	darkmatterjj.com
AZ	De Boa Jiu Jitsu Academy	Surprise	http://www.deboabjj.com	deboabjj.com
AZ	DeBrazil Jiu-Jitsu Academy	Tucson	https://debraziljiujitsu.com/	debraziljiujitsu.com
AZ	Ethos Martial Arts	Queen Creek	https://ethosmartialartsaz.com/about-us/	ethosmartialartsaz.com
AZ	Excellence School of Jiu Jitsu	Prescott	https://www.esjjprescott.com/	esjjprescott.com
AZ	Exodus Jiu-Jitsu	Phoenix	https://exodusjjphx.com/	exodusjjphx.com
AZ	Faction Combat Mixed Martial Arts Gym	Mesa	https://www.factioncombat.com/	factioncombat.com
AZ	Fluid Martial Arts Academy	Tempe	http://www.fluidmartialarts.com/	fluidmartialarts.com
AZ	Fortress Fitness and MMA	Nogales	https://fortress-fitness-and-mma.business.site/	fortress-fitness-and-mma.business.site
AZ	Full Charge Brazilian Jiu-Jitsu	Thatcher	http://www.fullchargebjj.com/	fullchargebjj.com
AZ	GB Oro Valley	Oro Valley	https://graciebarra.com/oro-valley-az/	graciebarra.com
AZ	GRACIE BARRA OCOTILLO SOUTH GILBERT	Gilbert	https://gilbertjiujitsu.com/	gilbertjiujitsu.com
AZ	Grace Fighting Systems Training Center	Phoenix	http://www.gfsbjj.com/	gfsbjj.com
AZ	Gracie Arizona Gilbert Jiu Jitsu Academy	Gilbert	https://graciearizonagilbert.com/	graciearizonagilbert.com
AZ	Gracie Barra Buckeye	Buckeye	https://graciebarra.com/buckeye-az/	graciebarra.com
AZ	Gracie Barra Chandler	Chandler	http://gbchandler.com	gbchandler.com
AZ	Gracie Barra East Mesa Brazilian Jiu-Jitsu & Self-Defense	Mesa	https://www.gbeastmesa.com/	gbeastmesa.com
AZ	Gracie Barra Flagstaff Jiu Jitsu and Self Defense	Flagstaff	https://graciebarra.com/flagstaff-az/	graciebarra.com
AZ	Gracie Barra Queen Creek Jiu-Jitsu & Self Defense	Queen Creek	http://gbqueencreek.com	gbqueencreek.com
AZ	Gracie Barra Tucson Jiu-Jitsu	Tucson	https://gbtucson.com/	gbtucson.com
AZ	Gracie Jiu Jitsu West Mesa	Mesa	https://www.graciemesa.com/	graciemesa.com
AZ	Gracie Jiu-Jitsu Chandler	Chandler	http://www.graciejiujitsuchandler.com/	graciejiujitsuchandler.com
AZ	Gracie Jiu-Jitsu Glendale	Glendale	http://gjjglendale.com/	gjjglendale.com
AZ	Gracie Jiu-Jitsu Phoenix	Phoenix	https://graciejiujitsuphoenix.com/	graciejiujitsuphoenix.com
AZ	Greywolf Ares BJJ	Phoenix	http://greywolfjiujitsu.com	greywolfjiujitsu.com
AZ	Gustavo Dantas Brazilian Jiu-Jitsu Academy	Tempe	https://gdjiujitsu.com/	gdjiujitsu.com
AZ	Impact Jiu Jitsu Fountain Hills	Fountain Hills	http://impactfh.com	impactfh.com
AZ	Infinite Jiu-Jitsu Phoenix	Phoenix	https://www.infinitearizona.com/	infinitearizona.com
AZ	Insurgent Fitness	Flagstaff	https://insurgent.fitness/	insurgent.fitness
AZ	JVLO Jiu-Jitsu	Douglas	https://www.instagram.com/jvlojiujitsu/	instagram.com
AZ	Jay Pages Jiu-Jitsu & MMA	Tempe	https://jaypagesjjmma.com/	jaypagesjjmma.com
AZ	Jiu Jitsu & Muay Thai - Carlson Gracie Tucson	Tucson	https://carlsongracietucson.com/	carlsongracietucson.com
AZ	Kiko France BJJ	Scottsdale	http://kikofrancebjj.com	kikofrancebjj.com
AZ	Kingman Riot MMA LLC	Kingman	https://kingmanriotmma.gymdesk.com/	kingmanriotmma.gymdesk.com
AZ	Kioto BJJ Southwest	Chandler	https://kiotobjjsouthwest.com/	kiotobjjsouthwest.com
AZ	Knockout Fitness	Goodyear	http://knockoutfitness.com	knockoutfitness.com
AZ	Lake Powell Jiu-Jitsu	Page	https://www.lpbjjaz.com/	lpbjjaz.com
AZ	Lopez Martial Arts	Chandler	https://lopezjiujitsu.com/	lopezjiujitsu.com
AZ	Lotus Club Fight & Fitness	Peoria	http://www.lotusclubfightandfitness.com	lotusclubfightandfitness.com
AZ	Lucero Jiu-Jitsu Academy	Fort Mohave	https://www.lucerobjj.com/	lucerobjj.com
AZ	M3 Karate	Gilbert	https://m3martialarts.com/what-m3-martial-arts-in-gilbert-offers/#jiujitsu	m3martialarts.com
AZ	Magnus Mixed Martial Arts	Tucson	https://magnusmma.com/	magnusmma.com
AZ	Mako Brazilian Jiu-Jitsu Tucson	Tucson	https://www.makobjj.com/	makobjj.com
AZ	Maracaba BJJ	Mesa	https://maracabajiujitsu.com/	maracabajiujitsu.com
AZ	Marcio Andre Brazilian Jiu-Jitsu Academy	Phoenix	https://marcioandrejiujitsu.com/	marcioandrejiujitsu.com
AZ	Master Haydar's Black Belt Academy	Goodyear	https://masterhaydar.com/	masterhaydar.com
AZ	Megaton Brazilian Jiu-Jitsu Academy	Phoenix	https://megatonjiujitsu.com/	megatonjiujitsu.com
AZ	Mike Burlaka's Brazilian Jiu Jitsu @Hard Knocks Gym	Phoenix	https://www.facebook.com/MikeBurlakaBJJ/	facebook.com
AZ	Mountain Tribe Brazilian Jiu-Jitsu	Prescott	https://bjjprescott.com/	bjjprescott.com
AZ	Murdoc’s Brazilian Jiu-Jitsu (MWBJJ) & Self Defense Academy (GD JJ Affiliate)	Gilbert	https://www.murdocsbjj.com/	murdocsbjj.com
AZ	My Style Martial Arts	San Tan Valley	https://mystylemartialarts.com/	mystylemartialarts.com
AZ	Nava Brazilian Jiu Jitsu	Mesa	http://navabjj.com	navabjj.com
AZ	Next Level Fitness & Martial Arts (Gracie Gilbert BJJ)	Gilbert	http://www.graciegilbertbjj.com/	graciegilbertbjj.com
AZ	Next Level Krav Maga & Gracie Humaita BJJ	Gilbert	https://kravmagagilbert.com/	kravmagagilbert.com
AZ	No Surrender Athletics	Avondale	https://www.nosurrenderathletics.com/	nosurrenderathletics.com
AZ	Northside BJJ	Tucson	https://www.nsbjj.com	nsbjj.com
AZ	One Love Grappling Arts	Phoenix	https://onelovegrapplingarts.com/	onelovegrapplingarts.com
AZ	One Ten Brazilian Jiu Jitsu Academy	Scottsdale	https://onetenbjj.com/	onetenbjj.com
AZ	Pallaton Brazilian Jiu Jitsu	Tucson	https://www.pallatonbjj.com	pallatonbjj.com
AZ	Patriot Martial Arts Academy	Queen Creek	https://www.queencreekmartialarts.com/	queencreekmartialarts.com
AZ	Pinnacle Brazilian Jiu Jitsu	Glendale	https://pinnaclebjjaz.com/	pinnaclebjjaz.com
AZ	Primero Brazilian Jiu Jitsu Academy	Tucson	https://www.primerobjj.com	primerobjj.com
AZ	Proving Ground MMA	Surprise	http://www.provinggroundmma.com	provinggroundmma.com
AZ	REFUGE BJJ	Phoenix	https://refugebjj.com/	refugebjj.com
AZ	Red Hawk Academy	Peoria	https://www.redhawkacademyaz.com/	redhawkacademyaz.com
AZ	Revive Jiu Jitsu - Mesa BJJ	Mesa	https://bjjmesa.com/	bjjmesa.com
AZ	Ric Centron Brazilian Jiu Jitsu Academy	Chandler	https://riccentronbjj.com/	riccentronbjj.com
AZ	Roots Brazilian Jiu-Jitsu	Gilbert	https://rootsbjjaz.com/	rootsbjjaz.com
AZ	Route 66 Jiu Jitsu	Williams	https://route66jiujitsu.com/	route66jiujitsu.com
AZ	Sahuarita Brazilian Jiu Jitsu	Green Valley	https://www.sahuaritabjj.com/	sahuaritabjj.com
AZ	Sardinha Brazilian Jiu Jitsu	Avondale	https://sardinhabjj.com/	sardinhabjj.com
AZ	Satori Brazilian Jiu Jitsu Academy LLC	Phoenix	https://satoribjjacademy.com/	satoribjjacademy.com
AZ	Sentosa Martial Arts and Fitness	Avondale	https://sentosamartialartsandfitness.com/	sentosamartialartsandfitness.com
AZ	Siege Mixed Martial Arts & Fitness (MMA)	Peoria	https://www.siegemma.com/	siegemma.com
AZ	Sol BJJ - Brazilian Jiu Jitsu Classes in Phoenix	Phoenix	https://solbjj.com/	solbjj.com
AZ	Solid Ground Brazilian Jiu-Jitsu	Queen Creek	https://www.solidgroundbjj.com/	solidgroundbjj.com
AZ	Sonoran Brazilian Jiu Jitsu	Tucson	https://www.sonoranbjj.com	sonoranbjj.com
AZ	Soul Fighters Headquarters	Tempe	https://www.soulfightershq.com/	soulfightershq.com
AZ	South Mountain Brazilian Jiu Jitsu & Self Defense	Phoenix	https://southmountainjiujitsu.com/	southmountainjiujitsu.com
AZ	Southside Combat Academy	Flagstaff	https://www.facebook.com/wearesouthside/	facebook.com
AZ	Southwest Judo Academy	Mesa	http://www.southwestjudo.com	southwestjudo.com
AZ	Southwest MMA	Mesa	http://southwestmma.com/	southwestmma.com
AZ	Strong Heart Academy Brazilian jiu-jitsu & MMA	Phoenix	https://strongheartacademy.com/	strongheartacademy.com
AZ	Success Martial Arts	Tucson	https://smatucson.com/	smatucson.com
AZ	Team Monstro Brazilian Jiu Jitsu	El Mirage	http://www.teammonstrobjj.org/	teammonstrobjj.org
AZ	TeckHit Boxing, Kickboxing, & MMA Gym	Tucson	https://teckhit.com/	teckhit.com
AZ	The Arena Brazilian Jiu Jitsu Academy & Fitness	Tucson	https://thearenabjj.com/	thearenabjj.com
AZ	The Desert Dojo	Chandler	https://thedesertdojo.com/	thedesertdojo.com
AZ	The Eyrie Brazilian Jiu-Jitsu	Tucson	https://www.eyriebjj.com/	eyriebjj.com
AZ	The Lab	Glendale	http://www.mmalab.com/	mmalab.com
AZ	Tri-City Ju-Jitsu	Chino Valley	https://tri-city-ju-jitsu.business.site/	tri-city-ju-jitsu.business.site
AZ	UNIVERSAL FITNESS AND MIXED MARTIAL ARTS	Mesa	https://ufitmma.com/	ufitmma.com
AZ	Ucelo Martial Arts Phoenix	Phoenix	https://ucelomartialartsphoenix.com/	ucelomartialartsphoenix.com
AZ	UltraFit Systems	Scottsdale	http://ultrafitsystems.com/	ultrafitsystems.com
AZ	Undisputed South	Green Valley	https://undisputedsouth.com/	undisputedsouth.com
AZ	Union Combat Academy	Mesa	http://www.unioncombat.com/	unioncombat.com
AZ	Van Buren Jiu Jitsu Chandler	Chandler	https://vanburenjiujitsu.com/	vanburenjiujitsu.com
AZ	Vanquish MMA & Jiu Jitsu	Payson	https://vanquishselfdefense.com/	vanquishselfdefense.com
AZ	Verde Valley Brazilian Jiu Jitsu	Cottonwood	https://verdevalleybjj.com/	verdevalleybjj.com
AZ	Warrior Tribe	Sedona	http://www.sedonaselfdefense.com/	sedonaselfdefense.com
AZ	Warriors Guild Martial Arts	Casa Grande	http://www.warriorsguildmartialarts.com/	warriorsguildmartialarts.com
AZ	White 2 Black Brazilian Jiu-Jitsu Academy	Mesa	https://white2blackacademy.com/	white2blackacademy.com
AZ	White Mountain BJJ	Show Low	http://www.wmbjj.com/	wmbjj.com
AZ	Yuma Top Team	Yuma	http://www.yumatopteam.com/	yumatopteam.com
AZ	Zero Point Gracie Jiu Jitsu	Camp Verde	https://www.zeropointgjj.com/	zeropointgjj.com
BC	10th Planet Richmond	Richmond	https://www.10thplanetrichmond.ca	10thplanetrichmond.ca
BC	Advantage Jiu Jitsu	Richmond	https://www.advantagejiujitsu.ca	advantagejiujitsu.ca
BC	Alliance BJJ Vancouver	Vancouver	https://www.alliancebjjteam.com	alliancebjjteam.com
BC	Alliance Kelowna	Kelowna	https://www.alliancekelowna.com	alliancekelowna.com
BC	Apex Martial Arts	Richmond	http://www.apexma.ca	apexma.ca
BC	BUDō Jiu-Jitsu Team Vancouver	Vancouver	https://budojiujitsuteam.com	budojiujitsuteam.com
BC	BVJJ	Burnaby	https://bvjj.ca	bvjj.ca
BC	Budo Mixed Martial Arts Burnaby	Burnaby	https://budoburnaby.com	budoburnaby.com
BC	Burridge Martial Arts and Fitness	Abbotsford	https://maxburridge.com	maxburridge.com
BC	CJ Martial Arts & Fitness	Nanaimo	https://www.cjmartialartsnanaimo.ca	cjmartialartsnanaimo.ca
BC	Chilliwack Jiu Jitsu	Chilliwack	https://www.chilliwackjiujitsu.ca	chilliwackjiujitsu.ca
BC	Courtenay Brazilian Jiu-Jitsu	Courtenay	https://courtenaybjj.ca	courtenaybjj.ca
BC	Cranbrook Brazilian Jiu-Jitsu	Cranbrook	https://cranbrookbjj.com	cranbrookbjj.com
BC	Delta BJJ British Columbia	Delta	https://deltabjj.ca	deltabjj.ca
BC	Diaz Combat Sports	Vancouver	https://diazcombatsports.com	diazcombatsports.com
BC	Disciple BJJ	Campbell River	https://www.disciplebjj.ca	disciplebjj.ca
BC	Eternal BJJ	Surrey	https://eternalbjj.ca	eternalbjj.ca
BC	Factory Fresh Jiu Jitsu	Langley	https://factoryfreshbjj.com	factoryfreshbjj.com
BC	Flow Martial Arts	Vancouver	https://www.flowmartialarts.ca	flowmartialarts.ca
BC	GFTeam Canada	Burnaby	https://www.gfteamcanada.ca	gfteamcanada.ca
BC	Galbraith Jiu Jitsu	Prince George	https://galbraithjiujitsu.ca	galbraithjiujitsu.ca
BC	Genesis Martial Arts	Abbotsford	https://www.genesismartialarts.ca	genesismartialarts.ca
BC	Goblins Martial Arts	Courtenay	https://goblinsmartialarts.com	goblinsmartialarts.com
BC	Golden Glory Fitness and Martial Arts Academy	Surrey	https://www.goldenglory.ca	goldenglory.ca
BC	Gracie Barra Burnaby	Burnaby	https://gbburnaby.com	gbburnaby.com
BC	Gracie Barra Central Richmond	Richmond	https://graciebarra.com/central-richmond-bc-canada	graciebarra.com
BC	Gracie Barra Chilliwack	Chilliwack	https://gbchilliwack.com	gbchilliwack.com
BC	Gracie Barra Cloverdale	Surrey	https://gb-cloverdale.com	gb-cloverdale.com
BC	Gracie Barra Delta	Delta	https://www.gbdelta.com	gbdelta.com
BC	Gracie Barra Guildford	Surrey	https://gbguildford.com	gbguildford.com
BC	Gracie Barra Kelowna	Kelowna	https://gbkelowna.ca	gbkelowna.ca
BC	Gracie Barra Kerrisdale	Vancouver	https://gbkerrisdale.com	gbkerrisdale.com
BC	Gracie Barra Kitsilano	Vancouver	https://gbkitsilano.com	gbkitsilano.com
BC	Gracie Barra Lake Country	Lake Country	https://gblakecountry.com	gblakecountry.com
BC	Gracie Barra Langley	Langley	https://gblangley.com	gblangley.com
BC	Gracie Barra Maple Ridge	Maple Ridge	https://gbmapleridge.com	gbmapleridge.com
BC	Gracie Barra New Westminster	New Westminster	https://gbnewwest.com	gbnewwest.com
BC	Gracie Barra North Burnaby	Burnaby	https://www.gbnorthburnaby.com	gbnorthburnaby.com
BC	Gracie Barra Port Coquitlam	Port Coquitlam	https://gbportcoquitlam.com	gbportcoquitlam.com
BC	Gracie Barra Richmond Steveston	Richmond	https://gbrichmond.ca	gbrichmond.ca
BC	Gracie Barra Vancouver	Vancouver	https://www.gbvancouver.com	gbvancouver.com
BC	Gracie Barra West Vancouver	West Vancouver	https://gbwestvancouver.com	gbwestvancouver.com
BC	Gravity Brazilian Jiu-Jitsu	Surrey	https://gravitybjj.ca	gravitybjj.ca
BC	Hero Academy	North Vancouver	https://hero-academy.ca	hero-academy.ca
BC	Hiscoe Jiu-Jitsu	Chilliwack	https://www.hiscoejiujitsu.com	hiscoejiujitsu.com
BC	Hood Rich Jiu Jitsu	Victoria	https://www.hoodrichjj.com	hoodrichjj.com
BC	InFighting Training Centres	Burnaby	https://www.infighting.ca	infighting.ca
BC	Iron Forge Fight and Fitness	Fort St. John	https://ironforge.ca	ironforge.ca
BC	Island MMA Training Centre	Victoria	https://islandmma.com	islandmma.com
BC	Isshindo Martial Arts	Surrey	https://isshindomartialarts.com	isshindomartialarts.com
BC	Kaboom Brazilian Jiu-Jitsu	Surrey	https://kaboombjj.com	kaboombjj.com
BC	Kaiser Jiu Jitsu	Victoria	https://www.kaiserjiujitsu.com	kaiserjiujitsu.com
BC	Kaiten Mixed Martial Arts Academy	Prince George	https://princegeorgemma.com	princegeorgemma.com
BC	Kaizen Martial Arts and Health Club	Richmond	https://kaizenjhc.ca	kaizenjhc.ca
BC	Kajan Johnson MMA	Burnaby	https://kajanjohnsonmma.com	kajanjohnsonmma.com
BC	Kuzushi Grappling	Vancouver	https://kuzushigrappling.com	kuzushigrappling.com
BC	Lapel Arts	Vancouver	https://www.lapelarts.ca	lapelarts.ca
BC	Legacy Brazilian Jiu Jitsu Academy	Coquitlam	https://www.legacybjjacademy.com	legacybjjacademy.com
BC	Marcus Soares Brazilian Jiu-Jitsu	Vancouver	https://marcussoares.com	marcussoares.com
BC	Marcus Soares Brazilian Jiu-Jitsu Langley	Langley	https://marcussoares.com/locations/langley	marcussoares.com
BC	Marcus Soares Brazilian Jiu-Jitsu Maple Ridge	Maple Ridge	https://marcussoares.com/locations/maple-ridge	marcussoares.com
BC	Mission Brazilian Jiu Jitsu	Mission	https://www.missionbjj.ca	missionbjj.ca
BC	Mountain Jiu Jitsu	Squamish	https://www.mtnjjsq.com	mtnjjsq.com
BC	Muscle Panda MMA	Prince Rupert	https://www.musclepandamma.ca	musclepandamma.ca
BC	NOS Brazilian Jiu-Jitsu & MMA	Vernon	https://www.shuswapbjj.com	shuswapbjj.com
BC	Nimbus Grappling Athletics Club	Vancouver	https://www.nimbusgrappling.com	nimbusgrappling.com
BC	Nomad Brazilian Jiu Jitsu Studio	Sechelt	https://thenomadstudio.ca	thenomadstudio.ca
BC	North Burnaby Brazilian Jiu Jitsu	Burnaby	https://www.northburnabyjiujitsu.com	northburnabyjiujitsu.com
BC	North Kootenay Martial Arts	Nelson	https://northkootenaymartialarts.com	northkootenaymartialarts.com
BC	North Vancouver Brazilian Jiu Jitsu	North Vancouver	https://northvanbjj.com	northvanbjj.com
BC	Pacific Top Team Abbotsford	Abbotsford	https://pttabbotsford.com	pttabbotsford.com
BC	Pacific Top Team Chilliwack	Chilliwack	https://pttchilliwack.ca	pttchilliwack.ca
BC	Pacific Top Team Vancity	Vancouver	https://www.pttvancity.com	pttvancity.com
BC	Peterec's Kombat Center	Victoria	https://peterecskickboxing.com	peterecskickboxing.com
BC	Pinnacle Martial Arts Academy Richmond	Richmond	https://pinnaclemma.ca	pinnaclemma.ca
BC	Power3 Academy	Burnaby	https://power3academy.com	power3academy.com
BC	Preta Jiu Jitsu Academy	Kelowna	https://www.pretaacademy.ca	pretaacademy.ca
BC	Pure Martial Arts and Fitness	Campbell River	https://puremartialarts.ca	puremartialarts.ca
BC	Red Tiger Martial Arts	Surrey	https://www.redtigersurrey.com	redtigersurrey.com
BC	Roll Jiu Jitsu Academy	North Vancouver	https://www.rjja.ca	rjja.ca
BC	Salmon Arm Jiu-Jitsu	Salmon Arm	https://salmonarmjiujitsu.ca	salmonarmjiujitsu.ca
BC	South Island Brazilian Jiu-Jitsu	Duncan	https://www.sibjj.com	sibjj.com
BC	Summit Jiu Jitsu	Revelstoke	https://www.summitjjrevelstoke.com	summitjjrevelstoke.com
BC	Surrey Combat Sports and Performance	Surrey	https://surreymma.ca	surreymma.ca
BC	The Sound Martial Arts	Squamish	https://www.thesoundmartialarts.com	thesoundmartialarts.com
BC	Tidal BJJ	Gibsons	https://tidalbjj.ca	tidalbjj.ca
BC	Titan Training Centre	Coquitlam	https://titantrainingcentre.com	titantrainingcentre.com
BC	Toshido MMA	Kelowna	https://toshido.ca	toshido.ca
BC	Transcendent Combat Sports	Nelson	https://www.transcendentcombatsports.com	transcendentcombatsports.com
BC	Tri-Cities Gracie Jiu-Jitsu	Port Moody	https://www.tricitiesgjj.com	tricitiesgjj.com
BC	Triunity Martial Arts Studio	Surrey	https://www.triunitymartialarts.com	triunitymartialarts.com
BC	Unity MMA & Kickboxing	Vernon	https://unitymma.ca	unitymma.ca
BC	Universal MMA	North Vancouver	https://www.universalmma.com	universalmma.com
BC	Valley Jiu-Jitsu	Kamloops	https://www.valleybjj.ca	valleybjj.ca
BC	Way Of BJJ Training Studio	Richmond	https://wayofbjj.com	wayofbjj.com
BC	West Coast BJJ	Vancouver	https://westcoastbjj.ca	westcoastbjj.ca
BC	West Coast Brazilian Jiu Jitsu Victoria	Victoria	https://westcoastbjjvic.ca	westcoastbjjvic.ca
BC	World Martial Arts	Delta	https://www.worldtkd.ca	worldtkd.ca
BC	ZUMA Martial Arts	Victoria	https://zuma.tv	zuma.tv
CA	10th Planet Burbank	Burbank	http://www.10thplanetburbank.com/	10thplanetburbank.com
CA	10th Planet Chino Hills	Chino Hills	https://www.10thplanetchinohills.com/	10thplanetchinohills.com
CA	10th Planet Corona	Corona	https://10thplanetjjcor.com	10thplanetjjcor.com
CA	10th Planet Covina Jiu Jitsu & Blitz Muay Thai	Covina	http://10thplanetcovina.com/	10thplanetcovina.com
CA	10th Planet Daly City	Daly City	http://www.10pdc.com/	10pdc.com
CA	10th Planet Irvine	Irvine	http://www.10thplanetmonstersquad.com/	10thplanetmonstersquad.com
CA	10th Planet Jiu JItsu Murrieta	Murrieta	https://www.10thplanetjjmurrieta.com	10thplanetjjmurrieta.com
CA	10th Planet Jiu Jitsu Costa Mesa	Santa Ana	http://10thplanetorangecounty.com/	10thplanetorangecounty.com
CA	10th Planet Jiu Jitsu Fullerton	Fullerton	http://www.10thplanetorangecounty.com/	10thplanetorangecounty.com
CA	10th Planet Jiu Jitsu Oakland	Oakland	http://www.10thplanetoakland.com	10thplanetoakland.com
CA	10th Planet Jiu Jitsu Orange	Orange	http://www.10thplanetorangecounty.com/	10thplanetorangecounty.com
CA	10th Planet Jiu Jitsu Riverside CA	Riverside	https://www.10thplanetjjriverside.com/	10thplanetjjriverside.com
CA	10th Planet Jiu Jitsu San Francisco	San Francisco	http://10thplanetjiujitsusf.com/	10thplanetjiujitsusf.com
CA	10th Planet Jiu Jitsu Ventura / BJJ Ventura CA 93001	Ventura	https://10thplanetventura.com/	10thplanetventura.com
CA	10th Planet Long Beach CA	Long Beach	https://www.10thplanetjj.com/locations/long-beach-ca/	10thplanetjj.com
CA	10th Planet Oceanside	Oceanside	https://10thplanetoceanside.com	10thplanetoceanside.com
CA	10th Planet Palmdale	Palmdale	https://10thplanetpalmdale.com/	10thplanetpalmdale.com
CA	10th Planet Poway Jiu Jitsu	Poway	https://www.10thplanetpoway.com/	10thplanetpoway.com
CA	10th Planet Rancho Cucamonga	Rancho Cucamonga	http://10thplanetjjroute66.com	10thplanetjjroute66.com
CA	10th Planet Sacramento	Sacramento	https://www.10psac.com	10psac.com
CA	10th Planet San Diego	San Diego	https://10thplanetsandiego.com	10thplanetsandiego.com
CA	10th Planet San Mateo	San Mateo	http://www.10thplanetsm.com	10thplanetsm.com
CA	10th Planet Santa Barbara	Santa Barbara	https://www.10thplanetsantabarbara.com/	10thplanetsantabarbara.com
CA	10th Planet South Bay (Chula Vista CA)	Chula Vista	https://10thplanetsouthbay.com/	10thplanetsouthbay.com
CA	10th Planet Thousand Oaks	Thousand Oaks	https://www.10thplanetthousandoaks.com/	10thplanetthousandoaks.com
CA	10th Planet Walnut Creek	Walnut Creek	http://www.10thplanetwalnutcreek.com	10thplanetwalnutcreek.com
CA	10th Planet Whittier	Whittier	https://www.join10pwhittier.com/	join10pwhittier.com
CA	148 Jiu-Jitsu Academy	Redwood City	http://www.the148collective.com/	the148collective.com
CA	4S Brazilian Jiu Jitsu / Jiu-Jitsu San Diego CA 92127	San Diego	http://www.4sbjj.com/	4sbjj.com
CA	760 Jiu-Jitsu / BJJ Oceanside CA 92057	Oceanside	https://760jiujitsu.com/	760jiujitsu.com
CA	7th Generation Jiu Jitsu	Clovis	https://www.7thgenerationbjj.com/	7thgenerationbjj.com
CA	925 Jiu Jitsu Club / BJJ Concord CA 94520	Concord	https://www.925jiujitsu.com/	925jiujitsu.com
CA	Academy Jiu-Jitsu & Kickboxing / Downtown Downey	Downey	http://academyjj.com/	academyjj.com
CA	Academy Jiu-Jitsu and Kickboxing / Headquarters	Downey	https://www.academyjj.com/	academyjj.com
CA	Academy of Brazilian Jiu Jitsu	Chatsworth	http://www.academyofbrazilianjiujitsu.com/	academyofbrazilianjiujitsu.com
CA	Adrenaline MMA Gym	San Bernardino	http://www.adrenalinefc.com/	adrenalinefc.com
CA	Aguirre's Fighting System	Fontana	http://aguirresfightingsystem.com/	aguirresfightingsystem.com
CA	Alliance Jiu-Jitsu Carlsbad / BJJ Carlsbad CA 92008	Carlsbad	http://www.alliancecarlsbad.com/home-5/	alliancecarlsbad.com
CA	Alliance San Diego	San Diego	https://alliancesandiego.com	alliancesandiego.com
CA	Alpine Jiu Jitsu	Alpine	https://alpinebjjacademy.com	alpinebjjacademy.com
CA	American Kickboxing Academy	San Jose	https://www.americankickboxingacademy.com/	americankickboxingacademy.com
CA	Americana Brazilian-Jiu Jitsu	Chico	https://americanabjj.com/	americanabjj.com
CA	Antdawgs MMA Training Center	Gilroy	http://antdawgsmma.com/	antdawgsmma.com
CA	Arena Training Center	Livermore	https://www.arenastrong.com	arenastrong.com
CA	Ares BJJ Modesto	Modesto	http://www.bjjmodesto.com/	bjjmodesto.com
CA	Art of Jiu Jitsu Academy	Costa Mesa	http://www.artofjiujitsu.com/	artofjiujitsu.com
CA	Atos	San Diego	https://atosjiujitsuhq.com	atosjiujitsuhq.com
CA	Atos BJJ San Diego	San Diego	https://atosjiujitsu.com	atosjiujitsu.com
CA	Auburn CA Jiu Jitsu Academy	Auburn	https://auburnjiujitsuacademy.com/	auburnjiujitsuacademy.com
CA	BJJ at 11th Street Dojo by Nayo Fauntes (Clois Silva)	San Francisco	https://www.11thstreetdojo.com/aikido-1	11thstreetdojo.com
CA	Baem Jiu Jitsu - Fremont	Fremont	http://baemjiujitsu.com/	baemjiujitsu.com
CA	Bakersfield Brazilian Jiu Jitsu / BJJ Bakersfield CA 93313	Bakersfield	https://www.mattbakerbjj.com/	mattbakerbjj.com
CA	Bas Rutten's Elite MMA	Westlake Village	http://www.elitemmagym.com/	elitemmagym.com
CA	Base Camp Brazilian Jiu Jitsu	Mt Shasta	https://www.basecampbjj.com/	basecampbjj.com
CA	Bay Area Boxing and BJJ	Belmont	https://www.bayareaboxing.net/	bayareaboxing.net
CA	Bay Area Fighter Academy (BAFA)	Hayward	http://bayareafighter.com/	bayareafighter.com
CA	Bay Jiu-Jitsu	San Francisco	http://bayjiujitsu.com/	bayjiujitsu.com
CA	Bay Jiu-Jitsu / BJJ Berkeley CA 94704	Berkeley	https://www.baycombat.com/	baycombat.com
CA	Big Break Jiu Jitsu	Oakley	http://www.bigbreakbjj.com/	bigbreakbjj.com
CA	Big John Mccarthy's Ultimate Training Gym	Valencia	http://www.bjmuta.com/	bjmuta.com
CA	Black House MMA	Redondo Beach	http://www.blackhouseredondo.com/	blackhouseredondo.com
CA	Boxing Club	San Diego	http://theboxingclub.net/	theboxingclub.net
CA	Braga Jiu-Jitsu	Upland	https://braga-jiu-jitsu.business.site/	braga-jiu-jitsu.business.site
CA	Brazilian Jiu Jitsu Academy of Sacramento	Gold River	http://elementsofjiujitsu.com/	elementsofjiujitsu.com
CA	Brazilian Top Team Long Beach	Signal Hill	https://www.bttlongbeach.com/	bttlongbeach.com
CA	Brea Jiu-Jitsu	Brea	http://www.breajiujitsu.com/	breajiujitsu.com
CA	Bruddas BJJ @ Granite Bay JJ	Granite Bay	http://bruddasbjj.com/	bruddasbjj.com
CA	Bruno Lima Brazilian Jiu Jitsu	Chico	http://www.brunolimabjj.com/	brunolimabjj.com
CA	Butokuden Martial Arts Training Center	Irvine	http://www.butokuden.com/	butokuden.com
CA	CHECKMAT Folsom Brazilian Jiu Jitsu	Folsom	http://www.bedabjj.com/	bedabjj.com
CA	CQuence Jiu Jitsiu	Norco	https://www.facebook.com/CQuenceBJJ/	facebook.com
CA	CS Jiu Jitsu Self Defense	San Francisco	http://www.csjiujitsu.com/	csjiujitsu.com
CA	CSG 360 Jiu Jitsu	Oceanside	https://www.csg360jiujitsu.com	csg360jiujitsu.com
CA	CSW Training Center	Fullerton	https://www.erikpaulson.com	erikpaulson.com
CA	Caio Terra Academy	San Jose	http://www.bjjsanjose.com/	bjjsanjose.com
CA	Caique - Gracie Brazilian Jiu Jitsu Academy	Lomita	https://cjjusa.com/	cjjusa.com
CA	Caique Jiu Jitsu Walnut Academy	Walnut	http://www.cjjwalnut.com/	cjjwalnut.com
CA	Capitol Jiu Jitsu	Sacramento	https://www.capitoljiujitsu.com/	capitoljiujitsu.com
CA	Carlos Alberto's MMA & Fitness Center	Rialto	https://www.carlosalbertosmma.com/	carlosalbertosmma.com
CA	Carlson Gracie Academy of Garden Grove	Garden Grove	http://www.carlsongraciegardengrove.com/	carlsongraciegardengrove.com
CA	Carlson Gracie Brawley	Brawley	https://www.carlsongraciebrawley.com	carlsongraciebrawley.com
CA	Carlson Gracie Inland Valley	Wildomar	https://jiujitsuwildomar.com/	jiujitsuwildomar.com
CA	Carlson Gracie Jiu Jitsu Anaheim	Anaheim	https://www.carlsongraciebjj.club/	carlsongraciebjj.club
CA	Carlson Gracie Murrieta Temecula Team	Murrieta	https://www.carlsongracietemecula.com	carlsongracietemecula.com
CA	Carlson Gracie Wine Country Jiu Jitsu	Temecula	http://www.temeculajiujitsu.com	temeculajiujitsu.com
CA	Cassio Werneck Brazilian Jiu-Jitsu	North Highlands	http://www.cassiowerneck.com/	cassiowerneck.com
CA	Catch MMA	Oakland	https://www.catchmma.com/	catchmma.com
CA	Cesar Gracie Jiu Jitsu	San Francisco	http://graciefighter.com/locations/gracie-fighter-san-francisco/	graciefighter.com
CA	Champions Fitness Brazilian Jiu-JItsu Muay-Thai & Boxing	West Covina	http://championsbjj.com/	championsbjj.com
CA	Charles Gracie Academy Brazilian Jiu Jitsu Modesto CA	Modesto	https://graciemodesto.com/	graciemodesto.com
CA	Charles Gracie Jiu Jitsu Ripon	Ripon	https://www.gracieripon.com/	gracieripon.com
CA	Charles Gracie Jiu-Jitsu Academy	Daly City	http://www.charlesgracie.com/	charlesgracie.com
CA	Charles Gracie Jiu-Jitsu Academy Elk Grove	Elk Grove	https://gracieelkgrove.com/	gracieelkgrove.com
CA	Charles Gracie Jiu-Jitsu Academy Livermore	Livermore	http://www.gracielivermore.com/	gracielivermore.com
CA	Charles Gracie Jiu-Jitsu Academy Tracy	Tracy	http://www.gracietracy.com/	gracietracy.com
CA	Charles Gracie San Mateo Academy	San Mateo	https://www.graciesm.com/	graciesm.com
CA	Checkmat	Signal Hill	https://checkmatjiujitsusignalhill.com/	checkmatjiujitsusignalhill.com
CA	Checkmat BJJ Murrieta	Murrieta	https://www.checkmatmurrieta.com/	checkmatmurrieta.com
CA	Checkmat Brentwood	Brentwood	http://www.checkmatbrentwood.com	checkmatbrentwood.com
CA	Checkmat Northridge Brazilian jiu jitsu	Northridge	http://www.checkmatnorthridge.com/	checkmatnorthridge.com
CA	Chris Lisciandro’s Street Sports BJJ Club	Sherman Oaks	http://www.brazilianjiujitsuclub.com/Welcome.html	brazilianjiujitsuclub.com
CA	Clark Gracie Jiu Jitsu Academy	San Diego	http://clarkgracie.com/	clarkgracie.com
CA	Claudio Franca Brazilian Jiu-Jitsu	San Jose	http://www.claudiofrancabjj.com/	claudiofrancabjj.com
CA	Clube Jiu Jitsu	Los Angeles	http://www.clubejiujitsu.com/	clubejiujitsu.com
CA	Cobrinha Brazilian Jiu-Jitsu & Fitness	Los Angeles	http://www.cobrinhabjj.com/	cobrinhabjj.com
CA	Cobrinha Brazillian Jiu-Jitsu Academy (San Bernardino, California)	San Bernardino	http://www.cobrinhabjjsanbernardino.com/	cobrinhabjjsanbernardino.com
CA	Combat Base Shasta/ Mendes Brazilian Jiu-Jitsu	Palo Cedro	https://www.reddingselfdefense.com/	reddingselfdefense.com
CA	Combat Fitness	Vallejo	http://combatfitness-rma.com/	combatfitness-rma.com
CA	Compound MMA & Fitness	Oceanside	http://www.thecompoundmma.com/	thecompoundmma.com
CA	Conde Koma Brazilian Jiu-Jitsu Academy	Los Alamitos	https://www.condekomabjj.com	condekomabjj.com
CA	Connect Brazilian Jiu Jitsu	South Gate	https://www.connectbjj.com/	connectbjj.com
CA	Cosmic Training Center Brazilian Jiu Jitsu	Alhambra	https://www.cosmictrainingcenter.com/	cosmictrainingcenter.com
CA	Crispim BJJ	Pleasanton	http://www.crispimbjj.com/	crispimbjj.com
CA	Crosley Gracie Jiu-Jitsu	Brentwood	http://www.crosleygracie.com/	crosleygracie.com
CA	Cultivate Power Fighting Arts	Oroville	https://cultivatepower.net/	cultivatepower.net
CA	Dan Henderson's Athletic Fitness Center - Formerly Team Quest	Temecula	http://dhfitnesscenter.com/	dhfitnesscenter.com
CA	Darcio Lira Brazilian Jiu Jitsu and Martial Arts	Livermore	https://www.darciolirajiujitsu.com/	darciolirajiujitsu.com
CA	Defiant MMA & Fitness	Burbank	http://www.defiantmuaythai.com/	defiantmuaythai.com
CA	Del Mar Jiu Jitsu Club	Del Mar	https://www.delmarjiujitsuclub.com	delmarjiujitsuclub.com
CA	Dethrone Mixed Martial Arts	Fresno	http://www.dethronefresno.com	dethronefresno.com
CA	Dragon's Den Kajukenbo Club	Union City	http://www.dragonsdenmma.com/	dragonsdenmma.com
CA	Dynamic Mixed Martial Arts	Modesto	http://www.dynamicmmaonline.com/	dynamicmmaonline.com
CA	EDGE Training Center	Hayward	http://edgebjj.com/	edgebjj.com
CA	EXCEL Jiu Jitsu MMA & Fitness	Oceanside	http://www.exceljiujitsu.com/	exceljiujitsu.com
CA	Eagle Brazilian Jiu Jitsu	Yucaipa	http://www.eaglebjj.com/	eaglebjj.com
CA	Eagle Rock Jiu-Jitsu	Los Angeles	http://eaglerockbjj.com/	eaglerockbjj.com
CA	East Bay Academy Jiu Jitsu	Martinez	https://www.ebajiujitsu.com/	ebajiujitsu.com
CA	Edj School Of Jiu Jitsu	Corona	https://jiujitsucorona.com/	jiujitsucorona.com
CA	El Niño Training Center	San Francisco	http://www.elninomma.com	elninomma.com
CA	Electric Jiu Jitsu	Huntington Beach	https://electricjiujitsu.com	electricjiujitsu.com
CA	Elevated Academy of Martial Arts	Truckee	https://www.elevatedbjj.com/	elevatedbjj.com
CA	Elite Team Visalia Bjj	Visalia	http://www.facebook.com/EliteTeamVisaliaBJJ/	facebook.com
CA	Eric Nolan’s Xtreme Training Center	Bakersfield	http://www.ericnolan.com/	ericnolan.com
CA	Evolve Checkmat Jiu Jitsu / Muay Thai Academy	Rancho Mission Viejo	http://www.joinevolve.com/	joinevolve.com
CA	Evolve Training Center	San Francisco	http://www.evolvetrainingcenter.com	evolvetrainingcenter.com
CA	Excellence School of Jiu-Jitsu South Bay	Torrance	http://www.esjjsouthbay.com/	esjjsouthbay.com
CA	Fabio Santos BJJ	San Diego	http://www.fabiojiujitsu.com/	fabiojiujitsu.com
CA	Fearless Fitness	Foster City	http://www.fearlessfitness.us	fearlessfitness.us
CA	Fight Factory MMA	Valley Village	http://www.fightfactory.com/	fightfactory.com
CA	Fight Strong MMA	San Clemente	http://www.scfightstrong.com/	scfightstrong.com
CA	Fight Syndicate Mixed Martial Arts and Fitness	Murrieta	http://fightsyndicatemma.com/	fightsyndicatemma.com
CA	Fresno Ultimate Martial Arts	Fresno	http://www.ultmartialarts.com	ultmartialarts.com
CA	GB Corona	Corona	https://graciebarra.com/corona-ca/	graciebarra.com
CA	GB Costa Mesa	Costa Mesa	https://www.gbcostamesa.com/	gbcostamesa.com
CA	GB Dana Point	Dana Point	https://graciebarra.com/dana-point-ca/	graciebarra.com
CA	GB Diamond Bar	Diamond Bar	https://graciebarra.com/diamond-bar-ca/	graciebarra.com
CA	GB Downey	Downey	https://graciebarra.com/downey-ca/	graciebarra.com
CA	GB Encinitas	Encinitas	https://graciebarra.com/encinitas-ca/	graciebarra.com
CA	GB Escondido	Escondido	https://graciebarra.com/escondido-ca/	graciebarra.com
CA	GB Fullerton	Fullerton	https://graciebarra.com/fullerton-ca/	graciebarra.com
CA	GB Garden Grove	Garden Grove	https://www.gbgardengrove.com/	gbgardengrove.com
CA	GB Glendale	Glendale	https://www.gbglendale.com/	gbglendale.com
CA	GB HQ - Irvine	Irvine	https://graciebarra.com/irvine-ca/	graciebarra.com
CA	GB Huntington Beach	Huntington Beach	https://graciebarrahb.com/	graciebarrahb.com
CA	GB La Canada Flintridge	La Cañada Flintridge	https://graciebarra.com/la-canada-ca/	graciebarra.com
CA	GB Lake Elsinore	Lake Elsinore	https://graciebarra.com/lake-elsinore-ca/	graciebarra.com
CA	GB Long Beach	Long Beach	https://www.gblongbeach.com	gblongbeach.com
CA	GB Morgan Hill	Morgan Hill	https://graciebarra.com/morgan-hill-ca/	graciebarra.com
CA	GB Newport Beach	Newport Beach	https://graciebarra.com/newport-beach-ca/	graciebarra.com
CA	GB Northridge	Los Angeles	https://www.gbnorthridge.com/	gbnorthridge.com
CA	GB Oceanside	Oceanside	https://graciebarra.com/oceanside-ca/	graciebarra.com
CA	GB Palm Desert	Palm Desert	https://graciebarra.com/palm-desert-ca/	graciebarra.com
CA	GB Rohnert Park	Rohnert Park	https://graciebarra.com/rohnert-park-ca/	graciebarra.com
CA	GB San Clemente	San Clemente	https://graciebarra.com/san-clemente-ca/	graciebarra.com
CA	GB San Diego	San Diego	https://www.graciebarrasandiego.com/	graciebarrasandiego.com
CA	GB San Ysidro	San Ysidro	https://graciebarra.com/san-ysidro-ca/	graciebarra.com
CA	GB Santa Ana	Santa Ana	https://graciebarra.com/santa-ana-ca	graciebarra.com
CA	GB Santa Clarita	Santa Clarita	https://gbvalencia.com/	gbvalencia.com
CA	GB Santa Rosa	Santa Rosa	https://graciebarra.com/santa-rosa-ca/	graciebarra.com
CA	GB Simi Valley	Simi Valley	https://graciebarra.com/simi-valley-ca/	graciebarra.com
CA	GB Sorrento Valley	San Diego	https://gbsorrentovalleybjj.com/	gbsorrentovalleybjj.com
CA	GB Tarzana	Los Angeles	http://gbtarzana.com/	gbtarzana.com
CA	GB Thousand Oaks	Thousand Oaks	https://graciebarra.com/newbury-park-ca/	graciebarra.com
CA	GB Upland	Upland	https://www.gbupland.com	gbupland.com
CA	GB West Anaheim	Anaheim	https://www.gbwestanaheim.com	gbwestanaheim.com
CA	GB West Covina	West Covina	https://graciebarra.com/west-covina-ca/	graciebarra.com
CA	GB West Lancaster	West Lancaster	https://graciebarra.com/lancaster-ca/	graciebarra.com
CA	GB Whittier	Whittier	https://www.gbwhittier.com	gbwhittier.com
CA	GB Yorba Linda	Yorba Linda	https://gbyorbalinda.com/	gbyorbalinda.com
CA	GB Yuba City	Yuba City	https://graciebarra.com/yuba-city-ca/	graciebarra.com
CA	GIT Right Sports Performance & MMA (Ralph Gracie Whittier)	Whittier	https://gitrightspf.com/wcs3_class/mma/	gitrightspf.com
CA	Gilroy Brazilian Jiu -Jitsu	Gilroy	http://www.gilroybjj.com/	gilroybjj.com
CA	Global Fighting Legion / Jiu-Jitsu Chula Vista CA 91914	Chula Vista	https://theinstituteofhealthandfitness.com/Home	theinstituteofhealthandfitness.com
CA	Gloglo Brazilian Jiu-jitsu, Kickboxing & Fitness Academy	San Jose	http://www.gloglobjj.com/	gloglobjj.com
CA	Gold Country Jiu Jitsu	Auburn	https://www.goldcountryjiujitsu.com/	goldcountryjiujitsu.com
CA	Golden State BJJ	Torrance	https://www.goldenstatebjj.com	goldenstatebjj.com
CA	Gomez Jiu-jitsu	Los Angeles	http://www.gomezjiujitsu.com/	gomezjiujitsu.com
CA	Gracie Barra BJJ	Santa Barbara	http://www.gbsantabarbara.com/	gbsantabarbara.com
CA	Gracie Barra Chino Jiu-Jitsu	Chino	http://gbchino.com/	gbchino.com
CA	Gracie Barra Pasadena	Pasadena	https://graciebarra.com/pasadena-ca/	graciebarra.com
CA	Gracie Barra Riverside Brazilian Jiu-Jitsu Martial Arts	Riverside	https://graciebarra.com/riverside-ca/	graciebarra.com
CA	Gracie Barra Studio City	Studio City	https://gbstudiocity.com	gbstudiocity.com
CA	Gracie Brazilian Jiu Jitsu Fremont / Jiu-Jitsu Fremont CA 94538	Fremont	https://www.graciefremont.com/	graciefremont.com
CA	Gracie Jiu Jitsu Carlsbad and San Marcos	Carlsbad	https://www.graciecarlsbad.com	graciecarlsbad.com
CA	Gracie Jiu Jitsu Downtown Modesto	Modesto	https://www.modestobjj.com/	modestobjj.com
CA	Gracie Jiu-Jitsu Academy	Torrance	http://www.gracieacademy.com/	gracieacademy.com
CA	Gracie Jiu-Jitsu Apple Valley	Apple Valley	http://www.graciejjav.com/	graciejjav.com
CA	Gracie Jiu-Jitsu Huntington Beach	Huntington Beach	https://graciejiujitsuhuntingtonbeach.com/	graciejiujitsuhuntingtonbeach.com
CA	Gracie Jiu-Jitsu La Jolla	La Jolla	http://www.graciejiu-jitsulajolla.com/	graciejiu-jitsulajolla.com
CA	Gracie Jiu-Jitsu La Palma	La Palma	https://www.gracielapalma.com/	gracielapalma.com
CA	Gracie Jiu-Jitsu San Dimas	San Dimas	http://www.graciejiujitsusandimas.com/	graciejiujitsusandimas.com
CA	Gracie University Headquarters	Torrance	http://www.gracie-torrance.com/	gracie-torrance.com
CA	Gridlock Academy -Gracie Jiu Jitsu Self Defense	La Mirada	http://www.rgracie.com/	rgracie.com
CA	Ground-Up Brazilian Jiu-Jitsu Academy, LLC	Yuba City	https://www.gubjja.com/	gubjja.com
CA	Growth Mindset Collective	Oakley	https://growthmindsetcollective.com	growthmindsetcollective.com
CA	Guerrilla Jiu-Jitsu	Pleasanton	http://www.guerrillajiujitsu.com/	guerrillajiujitsu.com
CA	Guerrilla Jiu-Jitsu Martial Arts Academy	San Jose	https://www.guerrillajiujitsu.com/	guerrillajiujitsu.com
CA	Guillobel BJJ	San Clemente	http://www.guillobelbjj.com/	guillobelbjj.com
CA	Halo Jiu-Jitsu Training Center	Fresno	http://www.halobjj.net/	halobjj.net
CA	Hayastan MMA	North Hollywood	http://www.gokor.com/	gokor.com
CA	Hb Ultimate Training Center	Huntington Beach	http://www.hbutc.com/	hbutc.com
CA	Honor Roll Brazilian Jiu-Jitsu / BJJ Santa Clarita CA 91350	Santa Clarita	https://www.honorrollbjj.com/	honorrollbjj.com
CA	Humboldt Jiu Jitsu	Arcata	https://humboldtjiujitsu.com/	humboldtjiujitsu.com
CA	Infinite Jiu-Jitsu	Rocklin	http://www.infinitejiujitsu.net/	infinitejiujitsu.net
CA	Infinity Brazilian Jiu Jitsu	Santee	http://www.infinitybjj.com/	infinitybjj.com
CA	Inosanto Academy of Martial Arts	Marina Del Rey	http://inosanto.com/	inosanto.com
CA	Institute of Combat	Arcata	https://www.instituteofcombat.com/	instituteofcombat.com
CA	JG Academy - Jiu Jitsu & Fitness	Tracy	https://www.jgacademy.net/tracy	jgacademy.net
CA	Javier Vazquez Jiu Jitsu Rancho / BJJ Rancho Cucamonga CA 91730	Rancho Cucamonga	https://www.jiujitsuranchocucamonga.com/	jiujitsuranchocucamonga.com
CA	Jean Jacques Machado Brazilian Jiu Jitsu Academy	Woodland Hills	https://www.jeanjacquesmachado.com	jeanjacquesmachado.com
CA	Jean Jacques Machado Brazilian Jiu-Jitsu - Santa Clarita Valley	Canyon Country	http://jjmachadoscv.com/	jjmachadoscv.com
CA	Jean Jacques Machado Fresno	Fresno	https://jjmachadofresno.com/	jjmachadofresno.com
CA	Jg Academy	Los Altos	http://www.cscmhk.com	cscmhk.com
CA	Jg Academy Manteca	Manteca	https://www.jgacademy.net/manteca	jgacademy.net
CA	Jobu Shin Kan	Eureka	https://jobushinkan.weebly.com/instructor.html	jobushinkan.weebly.com
CA	Julio Juarez Brazilian Jiu-Jitsu	Valencia	https://www.jjbjjsc.com/	jjbjjsc.com
CA	Kaijin MMA / West Cliff Jiu-Jitsu	Santa Cruz	http://kaijinmma.com/	kaijinmma.com
CA	Kaiju MMA & Fitness	Tarzana	http://kaiju-mma.com/	kaiju-mma.com
CA	Kajupit MMA & Fitness	Visalia	http://www.freewebs.com/kajupit/	freewebs.com
CA	Kings Combat Sports	Chatsworth	http://www.kingscombatsports.com	kingscombatsports.com
CA	Kings MMA	Huntington Beach	http://kingsmma.com/	kingsmma.com
CA	Kings MMA Anaheim	Anaheim	http://www.kingsanaheim.com/	kingsanaheim.com
CA	Lake Arrowhead Jiu-Jitsu	Cedar Glen	http://lakearrowheadjiujitsu.com/	lakearrowheadjiujitsu.com
CA	Legacy Burbank	Burbank	http://legacybjj.com/	legacybjj.com
CA	Legion AJJ	San Diego	https://legionsandiego.com	legionsandiego.com
CA	Lincoln Jiu Jitsu Academy	Lincoln	https://lincolnjiujitsuacademy.com/	lincolnjiujitsuacademy.com
CA	Logic Brazilian Jiu-Jitsu HQ	Arcadia	http://www.logicjj.com/	logicjj.com
CA	Logic Jiu Jitsu	Sacramento	https://logicbjj.com	logicbjj.com
CA	Lohaki Jiu Jitsu	Temecula	https://www.lokahijiujitsu.com/	lokahijiujitsu.com
CA	LongShot MMA	Burney	https://longshotmma.weebly.com/	longshotmma.weebly.com
CA	Lost Boys Jiu-Jitsu & Muay Thai	Arcata	https://www.lostboysbjj.com/#!location/c2q4	lostboysbjj.com
CA	Lucas Leite Brazilian Jiu-Jitsu	La Habra	http://www.lucasleitebjj.net/	lucasleitebjj.net
CA	MC Brazilian Jiu Jitsu Club	Santa Monica	http://www.mcbrazilianjiujitsuclub.com/	mcbrazilianjiujitsuclub.com
CA	MCBJJ - Marcelo Cavalcanti Brazilian Jiu-JItsu	Carson	http://www.mcbjj.com/	mcbjj.com
CA	Madera Martial Arts	Madera	http://maderamma.com/	maderamma.com
CA	Mammoth Lakes Jiu-Jitsu	Mammoth Lakes	http://www.mammothlakesjiujitsu.com	mammothlakesjiujitsu.com
CA	Marcellini’s Martial Arts Academy	Moreno Valley	http://www.mmaa.us/	mmaa.us
CA	Marcelo Garcia Academy LA	Los Angeles	https://marcelogarciaacademy.com/la	marcelogarciaacademy.com
CA	Mendo Training Center	Ukiah	https://www.mendomma.com/mendommacom	mendomma.com
CA	Merced Mixed Martial Arts Academy	Merced	http://www.mmamerced.com/	mmamerced.com
CA	Millennia MMA Gym HQ Rancho Cucamonga	Rancho Cucamonga	http://www.millenniamma.com/	millenniamma.com
CA	Mindset Martial Arts & Fitness	Hayward	http://haywardmma.com/	haywardmma.com
CA	Modern Combatives Mixed Martial Arts	Berkeley	http://www.moderncombatives.com/	moderncombatives.com
CA	Morumbi Jiu Jitsu & Fitness Academy - Ventura	Ventura	https://www.morumbijiujitsuacademy.com/	morumbijiujitsuacademy.com
CA	Mtn House Jiu-Jitsu Academy	Mountain House	https://www.graciemh.com/	graciemh.com
CA	Nam Phan MMA Academy	Garden Grove	https://www.iamnam.com/	iamnam.com
CA	Napa Brazilian Jiu Jitsu	Napa	http://napavalleybrazilianjiujitsu.com/	napavalleybrazilianjiujitsu.com
CA	New Breed Mixed Martial Arts & Fitness	Santa Fe Springs	https://newbreedacademy.com/	newbreedacademy.com
CA	New Creation Wrestling and Jiu Jitsu Academy LLC	Benicia	https://newcreationwrestlingandjiujitsu.com/	newcreationwrestlingandjiujitsu.com
CA	Next Generation MMA	Rancho Santa Margarita	http://www.nextgenerationmma.com/	nextgenerationmma.com
CA	NoHo MMA	North Hollywood	http://www.nohomma.com/	nohomma.com
CA	NorCal Fighting Alliance	Santa Rosa	https://www.norcalfighting.com	norcalfighting.com
CA	NorCal Fitness Co-op	Yuba City	https://norcalfitness.net/	norcalfitness.net
CA	North Bay Jiu Jitsu	Novato	https://www.northbayjiujitsu.com/	northbayjiujitsu.com
CA	North Coast Jiu Jitsu / Jiu Jitsu Vista CA 92084	Vista	https://northcoastjj.com/	northcoastjj.com
CA	Nova Geração Davis	Davis	http://novageracaodavis.com	novageracaodavis.com
CA	OC Carlson Gracie Jiu Jitsu	Orange	https://www.carlsongracieoc.com/	carlsongracieoc.com
CA	Oc Jiu-Jitsu & Mixed Martial Arts	Lake Forest	http://www.ocjj.com/	ocjj.com
CA	Oceanside Jiu Jitsu	Oceanside	http://oceansidejiujitsu.com/	oceansidejiujitsu.com
CA	Omnimovement	Hercules	http://www.omnimovement.com/	omnimovement.com
CA	One Jiu Jitsu	Tustin	http://www.onebjjfitness.com/	onebjjfitness.com
CA	One Jiu Jitsu Lake Elsinore	Lake Elsinore	http://onejiujitsulakeelsinore.com	onejiujitsulakeelsinore.com
CA	One Legacy Training Center - Jiu Jitsu, MMA, Muay Thai, Self Defense	National City	http://onelegacytc.com/	onelegacytc.com
CA	One World Jiu Jitsu	Newark	http://oneworldjiujitsu.com/	oneworldjiujitsu.com
CA	Open Mat Academy	Tracy	http://openmatacademy.com/	openmatacademy.com
CA	Oroville Jiu Jitsu Academy	Oroville	https://orovillejiujitsu.com/	orovillejiujitsu.com
CA	Osvaldvo Alves Jiu-Jitsu Academy	Westlake Village	https://www.osvaldoalvesbjjsocal.com/	osvaldoalvesbjjsocal.com
CA	Pacific Martial Arts Clovis CA	Clovis	http://fresnopma.com	fresnopma.com
CA	Pacific Martial Arts Fresno CA (inside Fit Republic Health Club)	Fresno	http://fresnopma.com	fresnopma.com
CA	Pacific Ring Sports	Oakland	http://www.pacificringsports.com/	pacificringsports.com
CA	Pacific Top Team Brazilian Jiu Jitsu Corona / BJJ Corona CA 92879	Corona	https://www.jiujitsucorona.com/	jiujitsucorona.com
CA	Paragon Academy Jiu Jitsu-Boxing-Kickboxing Gym	Santa Barbara	https://www.paragonbjj.com/	paragonbjj.com
CA	Paragon BJJ	Ventura	https://www.paragonbjjventura.com	paragonbjjventura.com
CA	Paragon Brazilian Jiu Jitsu	San Luis Obispo	http://paragonbjjslo.com	paragonbjjslo.com
CA	Paragon Brazilian Jiu-Jitsu & Muay Thai Atascadero	Atascadero	http://www.paragonbjjslo.com/	paragonbjjslo.com
CA	Phenom Brazilian Jiu Jitsu	Irvine	http://phenombjjoc.com/	phenombjjoc.com
CA	Phenom Brazilian Jiu-Jitsu & Mixed Martial Arts	Mission Hills	http://www.phenombjj.com/	phenombjj.com
CA	Point of Impact MMA	Orange	http://poimma.com/	poimma.com
CA	Power of Leverage Brazilian Jiu-Jitsu	Huntington Beach	http://www.powerofleveragebjj.com/	powerofleveragebjj.com
CA	Quincy Brazilian JiuJitsu	Quincy	https://www.facebook.com/p/Quincy-Brazilian-JiuJitsu-100057115883887/	facebook.com
CA	Raiz Brazilian Jiu-Jitsu	Eureka	https://www.raizbjj.net/	raizbjj.net
CA	Ralph Gracie Berkeley Jiu Jitsu Academy	Berkeley	http://www.ralphgracieberkeley.com/	ralphgracieberkeley.com
CA	Ralph Gracie Jiu Jitsu - San Jose	San Jose	http://www.ralphgraciesj.com/	ralphgraciesj.com
CA	Ralph Gracie Jiu Jitsu - Santa Clara	Santa Clara	http://www.ralphgraciesc.com/	ralphgraciesc.com
CA	Ralph Gracie Vacaville	Vacaville	http://ralphgracievacaville.com/	ralphgracievacaville.com
CA	Redding Ju Jitsu Academy Inc	Redding	https://www.ajjf.org/	ajjf.org
CA	Redlands Jiu Jitsu	Redlands	https://redlandsbjj.com	redlandsbjj.com
CA	Renzo Gracie Los Angeles	Los Angeles	https://renzogracielosangeles.com	renzogracielosangeles.com
CA	Renzo Gracie Pasadena	Pasadena	https://www.renzograciepasadena.com/	renzograciepasadena.com
CA	Resilience Brazilian Jiu-Jitsu Academy	Visalia	https://www.facebook.com/resiliencebrazilianjiujitsu/	facebook.com
CA	Revolution Martial Arts & Jiu Jitsu	Culver City	http://www.revolutionculvercity.com/	revolutionculvercity.com
CA	Rey Diogo Brazilian Jiu Jitsu	Los Angeles	https://www.reydiogojiujitsu.com/	reydiogojiujitsu.com
CA	Ricardo Barros Brazilian Jiu-Jitsu	Brentwood	http://www.rbbjj.com/	rbbjj.com
CA	Rice brothers Brazilian Jiu Jitsu	Redding	https://ricebrosacademy.com/?fbPAAaank9WRQJ0f5XUCD7nDCT9_YZ7N0FpkVqn-3QxgLos6phsskIp9UrbXTyc_aem_AcxKEC-ea23ShVOKT-p_9ivUHO3QEvIy3wh3A7nmMpplQlDh7ddgoeBgtEJrB7mEiho	ricebrosacademy.com
CA	Ringtime Fitness	Santa Rosa	https://ringtimefitness.com/	ringtimefitness.com
CA	Rivalry Jiu-Jitsu	Fresno	http://www.rivalryjiujitsu.com/	rivalryjiujitsu.com
CA	Riverside MMA	Riverside	http://mmariverside.com/	mmariverside.com
CA	Rocknroll Brazilian Jiu Jitsu & Fitness	Santa Ana	http://www.rocknrollbjj.com	rocknrollbjj.com
CA	Rodrigo Medeiros BJJ	San Diego	http://rodrigomedeirosbjj.com/	rodrigomedeirosbjj.com
CA	Romulo Melo Brazilian Jiu-Jitsu	San Francisco	https://romulomelobjj.com/	romulomelobjj.com
CA	Rounders MMA Fullerton	Fullerton	http://www.roundersmma.com/	roundersmma.com
CA	Royce Gracie Jiu-Jitsu Academy OC	Laguna Niguel	http://www.rgjjoc.com/	rgjjoc.com
CA	Royce Gracie Jiu-Jitsu Of Fresno	Fresno	https://www.graciefresno.com/	graciefresno.com
CA	SCHOOL Brazilian Jiu-Jitsu Arcadia	Arcadia	http://schoolbjjarcadia.com/	schoolbjjarcadia.com
CA	SLL Grappling Academy - Brazilian Jiu-Jitsu (BJJ)	Rocklin	http://sllgrapplingacademy.com/	sllgrapplingacademy.com
CA	Sabre Jiu-Jitsu Academy	Concord	http://www.sabrebjj.com/	sabrebjj.com
CA	Sacramento Brazilian Jiu Jitsu Academy - Yemaso BJJ	Sacramento	http://www.yemasobjj.com/	yemasobjj.com
CA	Sacramento Jiu Jitsu / Jiu-Jitsu Sacramento CA 95822	Sacramento	http://sacbjj.com/	sacbjj.com
CA	Salinas Jiu Jitsu & Personal Training	Salinas	http://www.salinasbjj.com/	salinasbjj.com
CA	Sampa Brazilian Jiu Jitsu / BJJ Fontana CA 92335	Glendora	http://sampabrazilianjiujitsu.com/	sampabrazilianjiujitsu.com
CA	Sampa Brazilian Jiu Jitsu Walnut	Walnut	http://sampabjj.com/	sampabjj.com
CA	San Diego Brazilian Jiu-Jitsu & Mixed Martial Arts	San Marcos	http://sdbjj.com/	sdbjj.com
CA	San Lorenzo Brazilian Jiu Jitsu	San Lorenzo	http://www.sanlorenzobjj.com/	sanlorenzobjj.com
CA	San Pedro Fight Club/ Ribeiro Jiu-Jitsu San Pedro	San Pedro	https://www.facebook.com/ribeirojjsanpedro/	facebook.com
CA	Santa Maria Brazilian Jiu JITSU	Santa Maria	https://www.smbjj.com	smbjj.com
CA	Scorpion MMA (Aloisio Silva Associated Academy)	East Los Angeles	http://scorpion-mma.us/index.html	scorpion-mma.us
CA	Serao Academy - Brazilian Jiu-Jitsu	Mountain View	http://www.seraoacademy.com/	seraoacademy.com
CA	Silva BJJ Cajon CA (Aloisio Silva Associated Academy)	El Cajon	https://silvabjjacademy.com/	silvabjjacademy.com
CA	Silva BJJ Lancaster CA (Aloisio Silva BJJ Associated Academy)	Lancaster	https://silvabjj.com/	silvabjj.com
CA	Silva BJJ Lawndale CA (Aloisio Silva Affiliated Academy)	Lawndale	https://www.facebook.com/SilvaArmy/	facebook.com
CA	Silva BJJ Parlier CA (Aloisio Silva Affiliated Academy)	Parlier	https://silvabjj.com/	silvabjj.com
CA	Six Blades Jiu Jitsu	Oakland	http://www.oaklandbjj.com/	oaklandbjj.com
CA	Six Blades Jiu Jitsu La Quinta	La Quinta	https://laquintajiujitsu.com	laquintajiujitsu.com
CA	SoCal Fight Factory	Palmdale	http://socalfightfactory.com/	socalfightfactory.com
CA	Sonora MMA Academy	Sonora	http://oakdalemma.com/	oakdalemma.com
CA	South Valley Brazilian Jiu Jitsu	Bakersfield	http://www.southvalleyjiujitsu.com/	southvalleyjiujitsu.com
CA	Standalone MMA, Brazilian Jiu-Jitsu, Boxing, Muay Thai Kickboxing and Fitness	Chico	https://www.standalonemma.com/	standalonemma.com
CA	Stockton Jiu-Jitsu Academy	Stockton	https://stocktonjiujitsuvalleyfit.com/	stocktonjiujitsuvalleyfit.com
CA	Strive Jiu Jitsu & Fitness Academy	Lodi	http://www.striveacademylodi.com/	striveacademylodi.com
CA	Studio86 Jiu Jitsu	San Francisco	http://www.studio86bjj.com	studio86bjj.com
CA	Synergy Jiu-Jitsu Academy	Rocklin	http://www.bjj-rocklin.com/	bjj-rocklin.com
CA	Tantō Jiujitsu	Montrose	https://www.tantojiujitsu.com/	tantojiujitsu.com
CA	Teixeira/Garcia Brazilian jiu-jitsu training academy	Covina	http://gfteamcovina.com/	gfteamcovina.com
CA	The Jiu-Jitsu League	Long Beach	http://www.thejiujitsuleague.com/	thejiujitsuleague.com
CA	The Los Angeles Jiu-Jitsu Club	Camarillo	https://lajjclub.com/	lajjclub.com
CA	The Stronghold JJ	San Diego	http://thestrongholdsd.com/	thestrongholdsd.com
CA	Thrive Jiu Jitsu	Pacifica	http://www.thrivemartialarts.com	thrivemartialarts.com
CA	Tillis Brazilian Jiu Jitsu	Whittier	http://www.tillisbjj.com/	tillisbjj.com
CA	Tomacelli Academy: Brazilian Jiu-Jitsu & Mixed Martial Arts	Santa Ana	http://www.tomacelliacademy.com/	tomacelliacademy.com
CA	Total MMA Studios	Tustin	https://www.totalmmastudios.com/	totalmmastudios.com
CA	Train 4 Life	Suisun	https://www.train4life.info	train4life.info
CA	Tribull MMA Center	San Jose	http://tribullmma.typepad.com/my_weblog/	tribullmma.typepad.com
CA	Trifecta MMA/BJJ	Visalia	https://trifecta-mmabjj.maonrails.com/	trifecta-mmabjj.maonrails.com
CA	Trilogy Martial Arts	El Cajon	https://www.trilogymmagym.com/	trilogymmagym.com
CA	Triunfo Jiu Jitsu & MMA	Costa Mesa	http://www.triunfomma.com/	triunfomma.com
CA	Trujitsu Bakersfield Brazilian Jiu Jitsu/mattbakerbjj	Bakersfield	https://www.mattbakerbjj.com/	mattbakerbjj.com
CA	Turlock Academy Of Jiu-Jitsu	Turlock	http://www.turlockjiujitsu.com/	turlockjiujitsu.com
CA	UFC GYM Concord	Concord	http://www.ufcgym.com/concord	ufcgym.com
CA	UFC GYM Corona	Corona	https://www.ufcgym.com/locations/corona/	ufcgym.com
CA	UFC GYM Costa Mesa	Costa Mesa	https://www.ufcgym.com/locations/costa-mesa/	ufcgym.com
CA	UFC GYM Huntington Beach	Huntington Beach	https://www.ufcgym.com/locations/huntington-beach/	ufcgym.com
CA	UFC GYM Orange	Orange	https://www.ufcgym.com/locations/orange/	ufcgym.com
CA	UFC GYM Rocklin	Rocklin	https://www.ufcgym.com/locations/rocklin/	ufcgym.com
CA	UFC GYM Sacramento	Sacramento	https://www.ufcgym.com/locations/sacramento/	ufcgym.com
CA	UFC GYM Sunnyvale	Sunnyvale	http://www.ufcgym.com/sunnyvale	ufcgym.com
CA	UFC GYM Torrance	Torrance	https://www.ufcgym.com/locations/torrance/	ufcgym.com
CA	UFC Gym Oceanside	Oceanside	https://www.ufcgym.com/locations/oceanside/	ufcgym.com
CA	Ultra Brazilian Jiu-Jitsu & Mixed Martial Arts Santa Clarita	Santa Clarita	https://ultrabrazilianjiujitsusantaclarita.business.site/	ultrabrazilianjiujitsusantaclarita.business.site
CA	United Brazilian Jiu-Jitsu / BJJ Moreno Valley CA 92557	Moreno Valley	https://www.unitedbjj.com/#/	unitedbjj.com
CA	United Mixed Martial Arts	La Mirada	http://www.unitedmixedmartialarts.com/	unitedmixedmartialarts.com
CA	Unlimited MMA	Milpitas	http://unlimitedmma.com/	unlimitedmma.com
CA	Untamed Jiu-Jitsu	West Covina	https://www.untamedbjj.com/	untamedbjj.com
CA	Uprise MMA	Carmichael	https://www.uprisemma.com/	uprisemma.com
CA	Urijah Faber's Ultimate Fitness	Sacramento	https://ufultimatefitness.com/	ufultimatefitness.com
CA	Valley Martial Arts Center	Sherman Oaks	https://www.valleymac.com/	valleymac.com
CA	Versus Fitness & Martial Arts	Montebello	http://www.versusfitnesscenter.com/	versusfitnesscenter.com
CA	Vital Force Muay Thai & MMA	Chino	http://www.vitalforcemma.com/	vitalforcemma.com
CA	Warrior Brazilian Jiu Jitsu Academy	San Ramon	http://www.warrior-bjj.com/	warrior-bjj.com
CA	Waza Brazilian Jiu Jitsu	Elk Grove	http://www.wazabjj.com/	wazabjj.com
CA	West Coast Jiu Jitsu & Muay	Oxnard	http://www.westcoastjiujitsu.com/	westcoastjiujitsu.com
CA	West Coast Jiu-Jitsu	Santa Paula	http://www.westcoastjiujitsu.com/martins.html	westcoastjiujitsu.com
CA	Williams Academy of MMA	Fountain Valley	http://www.williamsmma.com/	williamsmma.com
CA	Willows Jiu Jitsu & MMA	Willows	https://www.willowsjiujitsumma.com/	willowsjiujitsumma.com
CA	Xtreme Martial Arts and Fitness Center	Los Gatos	https://www.xmagym.com/	xmagym.com
CA	wolfpac combat ju-jitsu	Inglewood	http://www.wolfpac.co.nr/	wolfpac.co.nr
CO	10th Planet Colorado Springs	Colorado Springs	http://10thplanetcoloradosprings.com	10thplanetcoloradosprings.com
CO	10th Planet DSU Parker	Parker	http://www.10thplanetparker.com	10thplanetparker.com
CO	10th Planet Denver	Denver	https://10thplanetjiujitsu.com/denver	10thplanetjiujitsu.com
CO	10th Planet Jiu Jitsu Boulder - Lafayette	Lafayette	http://www.10thplanetboulder.com	10thplanetboulder.com
CO	10th Planet Jiu Jitsu Denver	Wheat Ridge	http://www.10thplanetdenver.com/	10thplanetdenver.com
CO	303 Training Center	Westminster	https://www.303trainingcenter.com	303trainingcenter.com
CO	5280 Martial Arts	Parker	http://www.5280ma.com	5280ma.com
CO	Agoge Jiu Jitsu	Montrose	http://agogejiujitsu.com	agogejiujitsu.com
CO	Avenge Jiu Jitsu	Denver	http://avengejiujitsu.com	avengejiujitsu.com
CO	Black Tie Brazilian Jiu Jitsu - Colorado	Centennial	http://blacktiebjjcolorado.com	blacktiebjjcolorado.com
CO	Bom Jitsu Brazilian Jiu Jitsu	Castle Rock	https://bomjitsu.com	bomjitsu.com
CO	Brazilian Top Team Evergreen	Evergreen	http://www.bttevergreen.com	bttevergreen.com
CO	Busy Brazilian Jiu-Jitsu & Fitness	Centennial	https://www.busybjj.com	busybjj.com
CO	Catalyst BJJ	Loveland	https://catalystbjj.com	catalystbjj.com
CO	Childress Brazilian Jiu-Jitsu	Pueblo	https://www.childressbjj.com	childressbjj.com
CO	Chroma Jiu-Jitsu	Lafayette	https://chromajiujitsu.com	chromajiujitsu.com
CO	Cies MMA	Colorado Springs	http://ciesmma.com	ciesmma.com
CO	Colorado Brazilian Jiu Jitsu Satori	Denver	http://www.jiujitsucolorado.com	jiujitsucolorado.com
CO	Colorado Springs Brazilian Jiu Jitsu	Colorado Springs	https://csbjj.com	csbjj.com
CO	Combative Fighting Systems Brazilian Jiu Jitsu	Peyton	https://cfsfalcon.com	cfsfalcon.com
CO	Competitive Edge Mixed Martial Arts of Highlands Ranch	Highlands Ranch	http://www.ce-mma.com	ce-mma.com
CO	DC Fighters USA	Colorado Springs	http://www.dcfightersusa.com	dcfightersusa.com
CO	DCO MMA & Fitness	Westminster	http://dcommafitness.com	dcommafitness.com
CO	DICTATE Tactical Training Center	Colorado Springs	http://streetmma.net	streetmma.net
CO	Dark Horse Brazilian Jiu Jitsu	Longmont	http://bjjdarkhorse.com	bjjdarkhorse.com
CO	Dark Horse Combat Club	Denver	http://www.darkhorsecombatclub.com	darkhorsecombatclub.com
CO	Denver Grappling Club	Golden	http://grapplingzonekj.com	grapplingzonekj.com
CO	Denver Jiu Jitsu - Rodrigo Salazar Team	Denver	https://www.denverjiujitsu.com	denverjiujitsu.com
CO	Denver Judo	Denver	http://www.denverjudo.com	denverjudo.com
CO	ETHOS Colorado	Wheat Ridge	http://ethoscolorado.com	ethoscolorado.com
CO	Easton BJJ Arvada	Wheat Ridge	https://eastonbjj.com/arvada	eastonbjj.com
CO	Easton BJJ Longmont	Longmont	https://eastonbjj.com/longmont	eastonbjj.com
CO	Easton BJJ Lowry	Denver	https://eastonbjj.com/lowry	eastonbjj.com
CO	Easton Training Center Centennial	Centennial	https://eastonbjj.com/centennial	eastonbjj.com
CO	Edge MMA and Fitness	Denver	https://www.facebook.com/teamedgemma	facebook.com
CO	Element Brazilian Jiu Jitsu	Eaton	http://www.coelementbjj.com	coelementbjj.com
CO	Elemental Brazilian Jiu Jitsu	Broomfield	http://www.elementalbjj.com	elementalbjj.com
CO	Factory X Muay Thai / MMA / BJJ	Englewood	http://www.factoryxmuaythai.com	factoryxmuaythai.com
CO	Fulcrum Jiu Jitsu Academy	Castle Rock	http://fulcrumjiujitsuacademy.com	fulcrumjiujitsuacademy.com
CO	Full Circle Martial Arts	Broomfield	http://www.fullcirclemartialarts-colorado.com	fullcirclemartialarts-colorado.com
CO	FusBoxe Sambo 1 Martial Arts	Westminster	https://fusboxesambo1.business.site	fusboxesambo1.business.site
CO	Fusion Combat Training Center	Denver	https://www.selfdefensedenver.com	selfdefensedenver.com
CO	GB Castle Rock	Castle Rock	https://www.gbcastlerock.com	gbcastlerock.com
CO	GB Centennial	Centennial	https://gbcentennial.com	gbcentennial.com
CO	GB Parker	Parker	https://www.parkergb.com	parkergb.com
CO	Golden Fights MMA Gym	Grand Junction	https://cagewarsnow.com	cagewarsnow.com
CO	Gracie Barra Denver Jiu-Jitsu	Denver	https://gbdenver.com	gbdenver.com
CO	Gracie Barra Pueblo	Pueblo	https://graciebarra.com/co-pueblo	graciebarra.com
CO	Gracie Barra Saddle Rock Jiu-Jitsu	Aurora	http://www.gbsaddlerock.com	gbsaddlerock.com
CO	Gracie Jiu-Jitsu Colorado Springs	Colorado Springs	http://www.gjj-cs.com	gjj-cs.com
CO	Gracie Judo Club	Littleton	http://www.graciejudoclub.com	graciejudoclub.com
CO	Grand Valley Brazilian Jiu Jitsu	Grand Junction	https://grandvalleybjj.com	grandvalleybjj.com
CO	Grizzly MMA	Alamosa	http://www.grizzlymma.com	grizzlymma.com
CO	Groundwork BJJ	Fort Collins	https://groundworkbjj.com	groundworkbjj.com
CO	High Altitude Martial Arts	Aurora	http://www.highaltitudema.com	highaltitudema.com
CO	Hybrid Nation Martial Arts	Avon	http://www.avonmartialarts.com	avonmartialarts.com
CO	Imperial Jiu Jitsu / Kickboxing	Lakewood	http://imperialjiujitsu.com	imperialjiujitsu.com
CO	Infinite Jiu-Jitsu Academy	Loveland	http://www.infinitejiujitsuloveland.com	infinitejiujitsuloveland.com
CO	Inspire Brazilian Jiu Jitsu Academy	Fort Collins	https://www.inspirebjj.com	inspirebjj.com
CO	Inyodo Martial Arts	Avon	http://inyodomartialarts.com	inyodomartialarts.com
CO	Iron Forged Martial Arts	Colorado Springs	http://www.ironforgedmartialarts.com	ironforgedmartialarts.com
CO	Iron Roots Brazilian Jiu Jitsu	Colorado Springs	https://ironrootsbjj.com	ironrootsbjj.com
CO	Jit Pit Academy	Parker	http://www.jitpit.com	jitpit.com
CO	Katharo Training Center - Jiu-Jitsu and Fitness	Littleton	https://katharotrainingcenter.com	katharotrainingcenter.com
CO	Kompound Training Center	Littleton	http://kompoundtrainingcenter.com	kompoundtrainingcenter.com
CO	Kraken Brazilian Jiu-Jitsu & Fitness	Colorado Springs	https://bjjkraken.com	bjjkraken.com
CO	Kurusan Jiu-Jitsu & Kickboxing	Parker	http://www.kurusan.com	kurusan.com
CO	Leverage Jiu Jitsu Colorado	Louisville	https://leveragejiujitsuco.com	leveragejiujitsuco.com
CO	Limitless Martial Arts	Broomfield	http://www.limitlessmartialarts.co	limitlessmartialarts.co
CO	Logos Jiu Jitsu	Denver	http://logosjiujitsu.com	logosjiujitsu.com
CO	Matrix Martial Arts	Castle Rock	https://www.matrixcastlerock.com	matrixcastlerock.com
CO	McMahon Brazilian Jiu-Jitsu Academy	Fort Collins	http://www.mcmahonbjj.com	mcmahonbjj.com
CO	Mercs Jiu-jitsu MMA Fitness	Colorado Springs	http://www.mercsjiujitsu.com	mercsjiujitsu.com
CO	Mile High Gracie Jiu-Jitsu	Lakewood	https://www.milehighgraciejiujitsu.com	milehighgraciejiujitsu.com
CO	Montrose Brazilian Jiu-Jitsu	Montrose	http://www.montrosebjj.com	montrosebjj.com
CO	Morning Star Jiu Jitsu	Denver	http://www.MorningStarJJ.com	morningstarjj.com
CO	Motive Jiu-Jitsu Academy	Erie	http://www.motivejiujitsu.com	motivejiujitsu.com
CO	Mountain Beast MMA & Fitness	Granby	http://www.mountainbeast.com	mountainbeast.com
CO	Northern Colorado Jiu Jitsu	Loveland	http://www.nocojiujitsu.com	nocojiujitsu.com
CO	Onyx Jiu Jitsu	Aurora	http://www.onyxjiujitsu21.com	onyxjiujitsu21.com
CO	Otomi Martial Arts	Parker	http://www.otomimartialarts.com	otomimartialarts.com
CO	Pacific Warrior MMA - BJJ with Coach Kyle Hagen	Pueblo	https://coachkylehagen.wordpress.com	coachkylehagen.wordpress.com
CO	Pariah MMA and Fitness	Colorado Springs	http://www.pariahmma.com	pariahmma.com
CO	Parker Academy of Martial Arts	Parker	https://kicksrus.com/pama-home/	kicksrus.com
CO	Peak Kickboxing & Jiu-Jitsu	Lakewood	http://peakmartialartsdenver.com	peakmartialartsdenver.com
CO	Portela Brazilian Jiu-Jitsu	Aurora	https://www.portelabjjaurora.com	portelabjjaurora.com
CO	Prime Brazilian Jiu-Jitsu	Colorado Springs	http://www.primebjj.com	primebjj.com
CO	Rebellion Self Defense & GJJ	Westminster	http://rebellionselfdefensegjj.com	rebellionselfdefensegjj.com
CO	Red Dragon Jujitsu Club	Denver	http://jujitsudenver.com	jujitsudenver.com
CO	Renegade BJJ and MMA	Greeley	https://www.facebook.com/Rbjjmma	facebook.com
CO	Renzo Gracie Colorado	Colorado Springs	http://www.renzograciecolorado.com	renzograciecolorado.com
CO	Seo's Martial Arts	Lakewood	http://www.seosmartialartsacademy.com	seosmartialartsacademy.com
CO	Stars Training Center	Broomfield	http://www.pancrase.us	pancrase.us
CO	Steamboat Springs BJJ	Steamboat Springs	https://steamboatbjj.com	steamboatbjj.com
CO	Summit County Jiu Jitsu	Frisco	http://summitcobjj.com	summitcobjj.com
CO	Team Chaotic Combat Sports and Fitness	Colorado Springs	https://m.facebook.com/TeamChaoticCombatSports	m.facebook.com
CO	The Academy of Brazilian Jiujitsu	Arvada	http://www.arvadajiujitsu.com	arvadajiujitsu.com
CO	The Academy of Martial Arts - Monument Jiu-Jitsu	Monument	http://monumentjiujitsu.com	monumentjiujitsu.com
CO	The Dojo LLC	Fort Collins	http://www.thedojofc.com	thedojofc.com
CO	The Farm BJJ	Greeley	https://thefarmbjj.com	thefarmbjj.com
CO	The Kompound Training Center	Denver	http://www.kompoundtrainingcenter.com	kompoundtrainingcenter.com
CO	The Sanctuary Brazilian JiuJitsu and Fitness	Lakewood	http://www.thesanctuarybjjandfitness.com	thesanctuarybjjandfitness.com
CO	Total Ryu Martial Arts	Fort Collins	http://www.ftcollinsmartialarts.com	ftcollinsmartialarts.com
CO	Train. Fight. Win. MMA & Fitness	Denver	http://www.tfwmma.com	tfwmma.com
CO	Tri-Town Brazilian Jiu Jitsu	Denver	http://www.tritownbjjacademy.com	tritownbjjacademy.com
CO	Trials Martial Arts & Fitness	Fort Collins	http://trialsmma.com	trialsmma.com
CO	Tribal Society BJJ	Carbondale	http://www.facebook.com/TribalSocietyBJJ	facebook.com
CO	True Martial Arts Center	Colorado Springs	http://truemartialartscenter.com	truemartialartscenter.com
CO	UFC GYM Lone Tree	Lone Tree	http://ufcgym.com	ufcgym.com
CO	Vibrant Jiu Jitsu	Brighton	https://vibrantjj.com	vibrantjj.com
CO	Victory MMA	Colorado Springs	http://www.coloradovictorymma.com	coloradovictorymma.com
CO	Warrior Fitness Center	Colorado Springs	https://www.cowarrior.com	cowarrior.com
CO	Way of Jiu Jitsu - Aurora	Aurora	http://www.wayofjiujitsu.com	wayofjiujitsu.com
CO	Way of Jiu Jitsu Academy	Denver	http://www.wayofjiujitsu.com	wayofjiujitsu.com
CO	Wilson Bros. Grappling	Colorado Springs	https://www.wilsonbrosgrappling.com	wilsonbrosgrappling.com
CO	Wolchek Academy of Martial Arts	Boulder	http://mywama.com	mywama.com
CO	Zenith Authentic Brazilian Jiu-Jitsu	Parker	http://www.authenticbjj.com	authenticbjj.com
CO	Zingano Brazilian Jiu Jitsu	Broomfield	http://www.zinganobjj.com	zinganobjj.com
CT	360 Defense Martial Arts (Macarra BJJ Affiliated Academy)	Norwich	https://www.360defensemartialarts.com/	360defensemartialarts.com
CT	360 Defense Martial Arts Colchester CT	Colchester	https://www.facebook.com/ABDColchesterCT/	facebook.com
CT	American Top Team Connecticut BJJ, MMA, Muay Thai Danbury, CT	Danbury	http://www.americantopteamdanbury.com/	americantopteamdanbury.com
CT	Ascension Athletics - Mixed Martial Arts & BJJ	Bristol	http://www.ascensionathleticsct.com/	ascensionathleticsct.com
CT	Assembly of the Martial Arts Academy	West Haven	http://www.westhavenmartialartsschools.com/	westhavenmartialartsschools.com
CT	Bagwell Academy of Martial Arts	Milford	https://bagwellacademy.com/	bagwellacademy.com
CT	Bashta's Martial Arts	Hamden	http://www.bashtasmartialarts.com/	bashtasmartialarts.com
CT	Bushido Hebron Brazilian Jiu Jitsu	Hebron	http://bushidobjj.com/	bushidobjj.com
CT	CT Combat Training Center	Oakville	http://www.ctcombat.com/	ctcombat.com
CT	CT Krav Maga & MMA	North Branford	https://www.ctkravmagamma.com/	ctkravmagamma.com
CT	Caio Magalhaes Brazilian Jiu-Jitsu & Self Defense	Bethel	https://caiomagalhaes-brazilian-jiu-jitsu-self-defense.negocio.site/	caiomagalhaes-brazilian-jiu-jitsu-self-defense.negocio.site
CT	Carlson Gracie Team - CT/Cesar Pereira BJJ	Stamford	http://www.bjjstamfordct.com/	bjjstamfordct.com
CT	Casa of Jiu Jitsu	Ansonia	http://www.casabjj.com/	casabjj.com
CT	Connecticut Martial Arts Training Center	Fairfield	http://ctmma.com/	ctmma.com
CT	Cruvinel Brothers Brazilian Jiujitsu / GFTeam	Stratford	http://www.cruvinelbrothers.com/	cruvinelbrothers.com
CT	Cruvinel Brothers Mixed Martial Arts Academy	Bridgeport	http://cruvinelbros.com/	cruvinelbros.com
CT	Endure Brazilian Jiu-Jitsu Academy	Shelton	http://www.endurejj.com/	endurejj.com
CT	Fighting Arts Academy CT	Milford	http://www.fightingartsct.com/	fightingartsct.com
CT	Fit Club BJJ	Fairfield	http://www.fitclubct.com/	fitclubct.com
CT	Gabrieles Martial Arts - Groton, CT	Groton	https://gabrielesmartialarts.com/	gabrielesmartialarts.com
CT	Gracie Sports Brazilian Jiu-Jitsu Fairfield	Fairfield	https://graciesportsusa.com/	graciesportsusa.com
CT	Gracie Sports USA Brazilian Jiu Jitsu and Self-Defense	Norwalk	http://www.graciesportsusa.com/	graciesportsusa.com
CT	Greenwich Jiu Jitsu	Cos Cob	http://greenwichjiujitsu.com/	greenwichjiujitsu.com
CT	Hammer Jiu Jitsu	Fairfield	http://hammerbjj.com/	hammerbjj.com
CT	Hartford Dojo	Wethersfield	http://gracieacademy.com/	gracieacademy.com
CT	House of Jujitsu	West Hartford	http://houseofjujitsu.com/	houseofjujitsu.com
CT	IMB Academy CT	Waterbury	https://jessymiele.wixsite.com/imbct/	jessymiele.wixsite.com
CT	IPD Jiujitsu and Fitness	Tolland	http://www.ipdct.com/	ipdct.com
CT	Iceman's Martial Arts Academy	Stratford	http://www.icemansmartialarts.com/	icemansmartialarts.com
CT	Jitsu Academy	Wallingford	http://www.jitsuacademy.com/	jitsuacademy.com
CT	Jiu Jitsu Life SCA	Wallingford	http://jitslifesca.com/	jitslifesca.com
CT	Jiu-Jitsu And Strength Academy	Cromwell	http://www.jiujitsuct.com/	jiujitsuct.com
CT	Jonesly MMA Academy Norwalk: Muay Thai, Kickboxing, Jiu Jitsu	Norwalk	http://www.joneslymma.com/	joneslymma.com
CT	Kobukai Jujitsu - South Windsor	South Windsor	https://www.ctjujitsu.com/	ctjujitsu.com
CT	Mackavi Martial Arts	Griswold	http://mackavimartialarts.com/	mackavimartialarts.com
CT	Marcelo Garcia Jiu-Jitsu Association Connecticut	Bridgeport	http://www.mgctbjj.com/	mgctbjj.com
CT	Modern Self Defense Center	Meriden	http://www.modernselfdefense.com/	modernselfdefense.com
CT	New Britain Judo and Dynamic Arts	New Britain	http://www.newbritainjudo.org/	newbritainjudo.org
CT	Northeast Elite Wrestling Center	Enfield	http://northeastelitewrestling.com/	northeastelitewrestling.com
CT	Performance Combat MMA	Wallingford	http://www.performancecombatmma.com/	performancecombatmma.com
CT	Plainville Martial Arts	Plainville	http://plainvillemartialarts.com/	plainvillemartialarts.com
CT	Plus One Defense Systems	West Hartford	http://www.teamplusone.com/	teamplusone.com
CT	Practical Self Defense Training Center	Waterbury	http://psdtc.com/	psdtc.com
CT	RISE Martial Arts Academy	Old Lyme	http://www.risemartialartsacademy.com/	risemartialartsacademy.com
CT	Relson Gracie Jiu-Jitsu Academy	Berlin	http://www.relsongraciejjct.com/	relsongraciejjct.com
CT	Renzo Gracie Milford	Milford	http://www.renzograciemilford.com/	renzograciemilford.com
CT	Renzo Gracie Shoreline Academy	Old Saybrook	http://shorelinebjj.com/	shorelinebjj.com
CT	Renzo Gracie Training Facility	West Haven	http://www.renzograciect.com/	renzograciect.com
CT	Ronin Martial Arts - Westport	Norwalk	https://www.westportmma.com/	westportmma.com
CT	Royce Gracie Brazilian Jiu Jitsu	West Hartford	http://gracie-jiu-jitsu.com/	gracie-jiu-jitsu.com
CT	Royce Gracie Jiu Jitsu	Enfield	https://www.gracieenfield.com/	gracieenfield.com
CT	Secret Pages Brazilian Jiu-Jitsu	Tolland	http://secretpagesbjj.com/	secretpagesbjj.com
CT	Shetucket Valley Judo and Sambo	Baltic	http://www.judoct.com/	judoct.com
CT	Solid Base BJJ	Southington	http://www.solidbasebjj.com/	solidbasebjj.com
CT	Sono Dojo & Martial Arts Fitness	Norwalk	http://sonomartialartsfitness.com/	sonomartialartsfitness.com
CT	Soulcraft Brazilian Jiu-Jitsu	Hamden	http://www.soulcraftbjj.com/	soulcraftbjj.com
CT	Squared Brazilian Jiu-Jitsu Danielson, CT	Danielson	https://www.facebook.com/Squaredbjjdanielsonct/	facebook.com
CT	Stamford Judo	Stamford	http://www.stamfordjudo.us/	stamfordjudo.us
CT	Strikezone MMA	New London	http://www.strikezonemma.com/	strikezonemma.com
CT	Submit! Brazilian Jiu-Jitsu Academy	Norwalk	http://www.submitbjj.com/	submitbjj.com
CT	Team Link Glastonbury	Glastonbury	http://www.teamlinkbjjglastonbury.com/	teamlinkbjjglastonbury.com
CT	Teixeira MMA & Fitness	Bethel	https://www.teixeirammaandfitness.com/	teixeirammaandfitness.com
CT	Thunder Martial Arts Academy	Watertown	http://teamthundermma.net/	teamthundermma.net
CT	Tiger Schulmann's Martial Arts Stamford CT	Stamford	https://tsk.com/locations/ct/stamford/	tsk.com
CT	Tom Smith's Forge Martial Arts Academy	Northford	https://www.forgeacademyct.com/	forgeacademyct.com
CT	UFC GYM Southington	Southington	https://www.ufcgym.com/locations/southington/	ufcgym.com
CT	Ultimate MMA Training Center	North Haven	http://www.ultimatemmact.com/	ultimatemmact.com
CT	Underdog Brazilian Jiu-Jitsu	Hartford	http://www.underdogbjj.com/	underdogbjj.com
CT	Viana Brothers Martial Fight Club in Steel Beach Gym	Oakville	http://www.facebook.com/vianabrosbjjmma	facebook.com
CT	Vincent Brightman's Carlson Gracie MMA & BJJ	Naugatuck	http://vbrightmantraining.com/	vbrightmantraining.com
CT	Whaling City Athletic Club	New London	https://www.whalingcityathletics.com/	whalingcityathletics.com
CT	ZenDo Ju-Jitsu	New Milford	http://zendojujitsu.com/	zendojujitsu.com
DC	BETA Academy	Washington	betaacademy.com	betaacademy.com
DC	Estilo Jiu Jitsu	Washington	estilojiujitsu.com	estilojiujitsu.com
DC	Highstyle Jiu-Jitsu	Washington	https://highstylejiujitsu.com	highstylejiujitsu.com
DC	Underworld BJJ DC	Washington	underworlddc.com	underworlddc.com
DC	Vortex Jiu-Jitsu	Washington	https://vortexjiujitsu.com	vortexjiujitsu.com
DE	302 BJJ Middletown	Middletown	302bjj.com	302bjj.com
DE	302 BJJ Wilmington	Wilmington	302bjj.com	302bjj.com
DE	Bayside Athletics	Milford	baysideathleticsde.com	baysideathleticsde.com
DE	Dauntless BJJ & MMA	Newark	fightdrive.com	fightdrive.com
DE	Kaizen Jiu-Jitsu Academy	Dover	kaizen-jiu-jitsu.com	kaizen-jiu-jitsu.com
DE	Meia Guarda Gracie Brazilian Jiu-Jitsu	Dover	delawareselfdefenseacademy.com	delawareselfdefenseacademy.com
DE	Rip Tide Brazilian Jiu Jitsu	Lewes	brazilianjiujitsudelaware.com	brazilianjiujitsudelaware.com
FL	10th Planet Boca Raton	Boca Raton	https://10thplanetboca.com/	10thplanetboca.com
FL	10th Planet Jiu Jitsu Jacksonville	Jacksonville	https://www.10pjax.com/	10pjax.com
FL	10th Planet Miami	Miami	https://10thplanetmiami.com/	10thplanetmiami.com
FL	10th Planet Palm Beach at AOP MMA (West Palm Beach)	West Palm Beach	https://www.vagaro.com/aopmma	vagaro.com
FL	5th St. Gym	Miami Beach	https://www.5thstreetgym.com/	5thstreetgym.com
FL	6 Levels Apopka Jiu-Jitsu	Apopka	http://www.6levelsapopka.com/	6levelsapopka.com
FL	6 Levels MMA and Fitness Center	Winter Garden	http://www.6levelsorlando.com/	6levelsorlando.com
FL	A & M Jiu-Jitsu	Fort Lauderdale	https://aandmbjj.com	aandmbjj.com
FL	ATP Brazilian Jiu Jitsu	Dania Beach	http://www.atpbjj.com/	atpbjj.com
FL	Academy of Martial Arts	Key Biscayne	http://rdcamma.com	rdcamma.com
FL	Alers Martial Arts	Pembroke Pines	http://www.alersmartialarts.com	alersmartialarts.com
FL	Alliance Coral Springs	Coral Springs	https://alliancecoralsprings.com	alliancecoralsprings.com
FL	Alliance South Florida Team Rollyson	Hollywood	https://alliancesouthflorida.com/	alliancesouthflorida.com
FL	Alliance Venice Brazilian Jiu-jitsu Team	Venice	http://www.alliancevenice.com/	alliancevenice.com
FL	American Combat Club	Orlando	http://www.americancombatclub.com/	americancombatclub.com
FL	American Combat Gym	Deerfield Beach	http://americancombatgym.com/	americancombatgym.com
FL	American Killer Bees Fitness	Melbourne	http://www.americankillerbeesfitness.com/	americankillerbeesfitness.com
FL	American TKA Martial Arts	Davie	https://www.americantka.com/	americantka.com
FL	American Top Team	Coconut Creek	http://www.americantopteam.com/	americantopteam.com
FL	American Top Team Davie	Davie	https://www.americantopteam.com/davie/	americantopteam.com
FL	American Top Team Fort Lauderdale	Fort Lauderdale	http://attftl.com/	attftl.com
FL	American Top Team Kissimmee - Black Boxx	Kissimmee	https://attkissimmee.com/kids-martial-arts-in-person-classes-american-top-team-black-boxx-kissimmee/	attkissimmee.com
FL	American Top Team Longwood	Longwood	http://www.attlongwood.com/	attlongwood.com
FL	American Top Team Miramar Jiu Jitsu & MMA	Miramar	http://www.attmiramar.com/	attmiramar.com
FL	American Top Team Palm Beach Gardens	Palm Beach Gardens	http://www.attpbg.com/schedule	attpbg.com
FL	American Top Team Tampa	Tampa	http://www.americantopteamtampa.com/	americantopteamtampa.com
FL	American Top Team Wellington	Wellington	http://www.attwellington.com/	attwellington.com
FL	American Top Team West Palm Beach	West Palm Beach	https://attwpb.squarespace.com/	attwpb.squarespace.com
FL	American Top Team West Pines	Pembroke Pines	http://americantopteamwestpines.com/	americantopteamwestpines.com
FL	American Top Team Weston	Weston	http://www.westonatt.com/	westonatt.com
FL	American Top Team of Sunrise	Sunrise	http://attsunrisemma.com/	attsunrisemma.com
FL	Anta's Fitness & Self Defense	Doral	https://www.mindbodyonline.com/explore/locations/anta-s-fitness-and-self-defense	mindbodyonline.com
FL	Ares BJJ Plant City	Plant City	http://www.aresbjjplantcity.com/	aresbjjplantcity.com
FL	Arise Martial Arts (BJJ)	Miami	http://www.arisebjj.com	arisebjj.com
FL	Armada Brazilian Jiu Jitsu Winter Park	Winter Park	http://winterparkbjj.com/	winterparkbjj.com
FL	Art of War Jiu Jitsu	Orange Park	https://aowjj.com	aowjj.com
FL	Atos Miami Brazilian Jiu-Jitsu	Miami	http://www.atosmiami.com/	atosmiami.com
FL	Atos Orlando - Brazilian Jiu-Jitsu (BJJ) and Self-Defense School	Orlando	http://www.atosorlando.com/	atosorlando.com
FL	Bill Brazilian Jiu Jitsu Association Inc	Jacksonville	http://billjiujitsu.com/	billjiujitsu.com
FL	Black House Miami Beach	Miami Beach	http://www.blackhousemiamibeach.com	blackhousemiamibeach.com
FL	Black Tie Brazilian Jiu Jitsu	Cape Coral	https://blacktiebrazilianjiu-jitsu.com/	blacktiebrazilianjiu-jitsu.com
FL	Black Trunk Martial Arts	Cape Coral	http://blacktrunk.net/	blacktrunk.net
FL	BlackSmith Jiu Jitsu Florida	Tallahassee	https://blacksmithjiujitsu.com/	blacksmithjiujitsu.com
FL	Boca De La Riva	Miami	http://www.bocajiujitsumiami.com	bocajiujitsumiami.com
FL	Bradenton BJJ	Bradenton	https://bradentonbjj.com	bradentonbjj.com
FL	Capitao Jiu Jitsu and Mixed Martial Arts	Fort Walton Beach	http://capitaomma.com/	capitaomma.com
FL	Carbon SG	Fort Lauderdale	https://carbonsg.com/	carbonsg.com
FL	Cardona's Brazilian Jiu Jitsu	Lake Worth	https://www.cardonasbjj.com/	cardonasbjj.com
FL	Cardoso Jiu Jitsu	Miami	https://cardosojiujitsu.com/	cardosojiujitsu.com
FL	Carlson Gracie Central Florida	Winter Garden	http://www.rinaldosantos.com/	rinaldosantos.com
FL	Carlson Gracie Gainesville	Gainesville	www.carlsongraciegainesville.com	carlsongraciegainesville.com
FL	Carlson Gracie Jiu Jitsu Gainesville	Gainesville	https://www.carlsongraciegainesville.com/	carlsongraciegainesville.com
FL	Carlson Gracie JiuJitsu Melbourne FL- Hot Box MMA	Melbourne	http://bjjmelbournefl.com/	bjjmelbournefl.com
FL	Carlson Gracie Plant City	Plant City	https://www.plantcitybjj.com	plantcitybjj.com
FL	Carlson Gracie Winter Haven	Winter Haven	http://www.cgwinterhaven.com/	cgwinterhaven.com
FL	Central Florida BJJ	Orlando	https://offers.avbjj.com/free-2-week-pass	offers.avbjj.com
FL	Champions Mixed Martial Arts	Lakeland	http://www.championsmma.tv/	championsmma.tv
FL	Championship Martial Arts/ Spartan Brazilian Jiu Jitsu	Orlando	https://www.cmaconway.com/	cmaconway.com
FL	Christian Carvalho BJJ-MMA	Greenacres	http://www.carvalhobjjmma.com/	carvalhobjjmma.com
FL	Cocoa Beach Fight Club BJJ & Fitness	Cocoa Beach	https://cocoa-beach-fight-club-bjj-fitness.business.site/	cocoa-beach-fight-club-bjj-fitness.business.site
FL	Combat Athletix	Orange Park	http://www.combatathletix.com/	combatathletix.com
FL	Combat Club	Lantana	http://www.combatclub.com/	combatclub.com
FL	Control Jiu-Jitsu	Melbourne	https://controljiujitsu.com/	controljiujitsu.com
FL	Creed BJJ	Ocala	https://www.creedbjj.com	creedbjj.com
FL	Darkwolf MMA	Orange City	http://www.darkwolfmma.com/	darkwolfmma.com
FL	DeLand Brazilian Jiu-Jitsu	DeLand	http://www.delandjiujitsu.com/	delandjiujitsu.com
FL	Dynamic Martial Arts & Fitness Studios	Davie	http://www.nitroacademy.com/	nitroacademy.com
FL	East Coast Combat Club	Palm City	http://eccombatclub.com/	eccombatclub.com
FL	Elemental Jiu Jitsu and Fitness	Palmetto Bay	http://www.elementaljiujitsuandfitness.com	elementaljiujitsuandfitness.com
FL	Elementum Jiu-jitsu	Winter Park	http://www.elementumjiujitsu.com/	elementumjiujitsu.com
FL	Elevate Martial Arts South Campus (American Top Team affiliate)	Tampa	https://elevatemartialartstampa.com/adult-bjj-classes-south-tampa/	elevatemartialartstampa.com
FL	Emerald Coast Jiu Jitsu (Beach Jiu Jitsu)	Panama City Beach	https://emeraldcoastjiujitsullc.sites.zenplanner.com/calendar.cfm	emeraldcoastjiujitsullc.sites.zenplanner.com
FL	Everyone Jiu-Jitsu	Cooper City	http://www.everyonebjj.com	everyonebjj.com
FL	Evolution MMA Naples	Naples	http://evolutionmmanaples.com/	evolutionmmanaples.com
FL	Extraordinary Martial Arts	Florida City	http://www.extraordinaryma.com	extraordinaryma.com
FL	FRBJJ Lake Nona	Orlando	http://frbjjlakenona.com/	frbjjlakenona.com
FL	Fabio Novaes Brazilian Jiu-Jitsu	Brandon	http://www.fabionovaesbjj.com/	fabionovaesbjj.com
FL	Fabio Novaes Brazilian Jiu-jitsu Lakeland	Lakeland	https://fabionovaesbjj.com/	fabionovaesbjj.com
FL	Fastidious Jiu Jitsu	Palm Bay	http://fastidiousjiujitsu.com/	fastidiousjiujitsu.com
FL	Fight Fitness Center (FFC)	Pinellas Park	https://www.fightfitnesscenter.net/	fightfitnesscenter.net
FL	Fight Sports Miami	Miami	https://fightsportsmiami.com/	fightsportsmiami.com
FL	Fight Sports The Falls	Miami	http://www.fightsportsthefalls.com	fightsportsthefalls.com
FL	First Order of JiuJitsu	Miami	https://firstorderjiujitsu.com	firstorderjiujitsu.com
FL	Framework BJJ (Indian Harbour Beach FL)	Indian Harbour Beach	http://www.frameworkbjj.com/	frameworkbjj.com
FL	Future School of Jiu Jitsu	Port Saint Lucie	http://futurejiujitsu.com/	futurejiujitsu.com
FL	Futures MMA	North Fort Myers	http://futuresmma.com/	futuresmma.com
FL	GB Boynton Beach	Boynton Beach	https://sbgboyntonbeach.com/	sbgboyntonbeach.com
FL	GB Brandon	Brandon	https://www.graciebarrabrandon.com/	graciebarrabrandon.com
FL	GB Celebration	Celebration	https://www.gbcelebration.com	gbcelebration.com
FL	GB Citrus Park	Tampa	https://gbcitrusparktampa.com/	gbcitrusparktampa.com
FL	GB Clermont	Clermont	https://graciebarra.com/clermont-fl/	graciebarra.com
FL	GB Coral Springs	Margate	https://www.graciebarra.com	graciebarra.com
FL	GB Davenport	Davenport	https://gbdavenport.com/	gbdavenport.com
FL	GB Deerfield Beach	Deerfield Beach	https://rogergraciedeerfieldbeach.com/	rogergraciedeerfieldbeach.com
FL	GB Fleming Island	Fleming Island	https://graciebarra.com/fleming-island-fl/	graciebarra.com
FL	GB Fort Myers	Fort Myers	http://www.gbfortmyers.com/	gbfortmyers.com
FL	GB Green Cove Springs	Green Cove Springs	http://solidbasemma.com/	solidbasemma.com
FL	GB Hunters Creek	Orlando	http://www.graciebarrahunterscreek.com/	graciebarrahunterscreek.com
FL	GB Jupiter	Jupiter	https://graciebarra.com/jupiter-fl/	graciebarra.com
FL	GB Kissimmee	Kissimmee	http://marciosimas.com/	marciosimas.com
FL	GB Lake Park	West Palm Beach	https://lp.gblakepark.com/	lp.gblakepark.com
FL	GB Lutz	Lutz	https://gblutz.com/	gblutz.com
FL	GB Oviedo	Oviedo	http://marciosimas.com/	marciosimas.com
FL	GB Palmetto Bay	Palmetto Bay	https://graciebarra.com/palmetto-bay-fl/	graciebarra.com
FL	GB Rockledge	Rockledge	https://graciebarra.com/rockledge-fl/	graciebarra.com
FL	GB Royal Palm Beach	Royal Palm Beach	https://www.gbroyalpalmbeach.com	gbroyalpalmbeach.com
FL	GB Seminole	Longwood	https://graciebarra.com/longwood-fl/	graciebarra.com
FL	GB St. Johns	St. Augustine	https://www.gbstjohns.com/	gbstjohns.com
FL	GB St. Petersburg	St. Petersburg	https://gbstpetersburg.com/	gbstpetersburg.com
FL	GB Weston	Weston	https://www.graciebarraweston.com	graciebarraweston.com
FL	GB Windermere	Orlando	https://graciebarra.com/windermere-fl/	graciebarra.com
FL	Gabriel Leite Brazilian Jiu-Jitsu	Pompano Beach	http://www.facebook.com/GLBJJ	facebook.com
FL	Gamblers Jiu-Jitsu & Kickboxing Club	Palm Beach Gardens	http://gamblersjiujitsuclub.com/sign-up-for-free-trial/	gamblersjiujitsuclub.com
FL	Gator Family Brazilian Jiu Jitsu	DeLand	https://gatorfamilybjj.com	gatorfamilybjj.com
FL	Global Brazilian Jiu-Jitsu Naples	Naples	https://global1bjj.com	global1bjj.com
FL	Gracie Barra Brazilian Jiu-Jitsu Boca Raton	Boca Raton	https://gbbocaraton.com/	gbbocaraton.com
FL	Gracie Barra Clearwater	Clearwater	https://gbclearwater.com/	gbclearwater.com
FL	Gracie Barra Fort Lauderdale	Fort Lauderdale	https://graciebarra.com/fort-lauderdale-fl/	graciebarra.com
FL	Gracie Barra Homestead	Homestead	http://graciebarra.com	graciebarra.com
FL	Gracie Barra North Orlando	Orlando	https://www.northorlandobjj.com/	northorlandobjj.com
FL	Gracie Barra Pembroke Pines	Pembroke Pines	http://www.gbpembroke.com	gbpembroke.com
FL	Gracie Barra Trinity - Brazilian Jiu-Jitsu & Self Defense	New Port Richey	https://www.tampabaymma.com/	tampabaymma.com
FL	Gracie Barra – Jacksonville	Jacksonville	http://gbjacksonville.com/	gbjacksonville.com
FL	Gracie Barra – Orlando-Sandlake	Orlando	http://marciosimas.com/	marciosimas.com
FL	Gracie Brandon Martial Arts BJJ/MMA	Riverview	https://graciebrandon.com/	graciebrandon.com
FL	Gracie Elite Jiu-Jitsu Academy - Wellington	Wellington	http://wellingtonjiujitsu.com/	wellingtonjiujitsu.com
FL	Gracie Florida Jiu-Jitsu	Ormond Beach	http://www.gracieflorida.com/	gracieflorida.com
FL	Gracie Humaita St. Petersburg	St. Petersburg	https://graciejiujitsustpete.com	graciejiujitsustpete.com
FL	Gracie Jiu Jitsu Sarasota Academy	Sarasota	http://graciejiujitsusarasota.net/	graciejiujitsusarasota.net
FL	Gracie Jiu-Jitsu Altamonte Springs	Altamonte Springs	http://www.graciejjcfl.com/	graciejjcfl.com
FL	Gracie Jiu-Jitsu Destin	Destin	http://www.graciejiujitsudestin.com/	graciejiujitsudestin.com
FL	Gracie PAC MMA	Tampa	https://msgsndr.com/widget/booking/8L4G6Ygx38eviQU1Xb3E	msgsndr.com
FL	Gracie Tampa	Tampa	https://gracietampa.com/	gracietampa.com
FL	Gracie Tampa South Martial Arts	Tampa	http://www.gracietampasouth.com/	gracietampasouth.com
FL	Gracie Wesley Chapel	Lutz	https://www.graciewesleychapel.com	graciewesleychapel.com
FL	Grappling Mastery	Mount Dora	http://www.grapplingmastery.com/	grapplingmastery.com
FL	Guto Campos BJJ	Orlando	https://gutocamposbjj.com	gutocamposbjj.com
FL	Harmony Martial Arts Center	Jupiter	https://harmonymartialarts.com/	harmonymartialarts.com
FL	Hellman's Mixed Martial Arts	Tampa	https://hellmansmma.com/	hellmansmma.com
FL	Hybrid Martial Arts	Miami	http://hybridmartialart.com	hybridmartialart.com
FL	Imperial Martial Arts	Sunrise	http://www.imperialmartialarts.com/	imperialmartialarts.com
FL	Inferno MMA	Naples	https://www.mindbodyonline.com/explore/locations/inferno-mixed-martial-arts	mindbodyonline.com
FL	Inside Control Academy	Lauderhill	http://insidecontrolacademy.com/	insidecontrolacademy.com
FL	Jacaré Brazilian Jiu-Jitsu	Ocoee	https://jacaremartialarts.com/	jacaremartialarts.com
FL	Jacksonville BJJ & MMA	Neptune Beach	http://www.jaxbjj.com/	jaxbjj.com
FL	Jacksonville Gracie Jiu-Jitsu	Jacksonville	https://jacksonville-gracie-jiu-jitsu.business.site/	jacksonville-gracie-jiu-jitsu.business.site
FL	K2 MMA & BJJ	Greenacres	http://www.k2life.com/greenacres/	k2life.com
FL	Key West PAL Gym (Jiu-jitsu/Wrestling/Kickboxing/MMA)	Key West	http://floridakeysjiujitsu.com/	floridakeysjiujitsu.com
FL	Kimura Brazilian Jiu-Jitsu Boca Raton	Boca Raton	http://www.kimurabjj.com/	kimurabjj.com
FL	Knights BJJ	Kissimmee	http://knightsbjj.com/	knightsbjj.com
FL	Knuckle Up Martial Arts	Jacksonville	https://martialartsjacksonvillefl.com/	martialartsjacksonvillefl.com
FL	Kokopelli's Gym	Longwood	http://www.kokogym.com/	kokogym.com
FL	Ludus Martial Arts LLC	Jacksonville Beach	http://ludusmartialarts.com/	ludusmartialarts.com
FL	MMA Masters	Hialeah	http://www.mmamasters.com/	mmamasters.com
FL	Marcelo Pereira BJJ & MMA	Naples	http://brazilianjiujitsunaples.com/	brazilianjiujitsunaples.com
FL	Marcio Cruz BJJ	Tampa	https://marciocruzbjj.com/	marciocruzbjj.com
FL	Martial Arts Advantage South Tampa	Tampa	https://martialartsadvantage.com/south-tampa-adult-brazilian-jiu-jitsu-classes-martial-arts-advantage/	martialartsadvantage.com
FL	Martial Arts Nation Lake Nona BJJ	Orlando	https://manationlakenona.com	manationlakenona.com
FL	Martin Academy of Martial Arts	Sarasota	https://airtable.com/shrYsLfI3VocYXFhF	airtable.com
FL	Mastermind MMA Academy	Pinellas Park	http://www.mastermindmmaacademy.com/	mastermindmmaacademy.com
FL	Mattix Gracie Jiu Jitsu Academy	Davie	http://www.mattixacademy.com	mattixacademy.com
FL	Miami Beach Brazilian Jiu-Jitsu	Miami Beach	http://www.rioheroes-jorgepereira.com	rioheroes-jorgepereira.com
FL	Miloki Flow / Jiu-Jitsu and Movement	Key Biscayne	http://www.milokiflow.com	milokiflow.com
FL	Moncaio Brothers Brazilian Jiu Jitsu	Fort Lauderdale	http://www.bjjbrothers.com/	bjjbrothers.com
FL	Mount Dora BJJ Academy	Eustis	http://www.mountdorabjjacademy.com/	mountdorabjjacademy.com
FL	Nelumbo Brazilian Jiu-Jitsu	Oviedo	http://bjjoviedo.com/	bjjoviedo.com
FL	New Journey Jiu Jitsu	St. Cloud	https://www.newjourneyjj.com	newjourneyjj.com
FL	Nogi MMA	Ocala	https://nogishootbox.com/	nogishootbox.com
FL	Nokido Ju-Jitsu, Judo & BJJ	North Port	http://www.nokido.net/	nokido.net
FL	Oceans Brazilian Jiu-Jitsu Academy	Weston	http://www.oceansbjj.com/	oceansbjj.com
FL	Off The Grid BJJ	Cocoa Beach	http://www.offthegridjiujitsu.com/	offthegridjiujitsu.com
FL	Olivera Jiu Jitsu And Fitness Academy	Bradenton	http://www.oliverabjj.com/	oliverabjj.com
FL	Olympus Jiu Jitsu Academy	Lutz	https://bjjolympus.com/	bjjolympus.com
FL	Omega MMA Training Center	Clearwater	http://omegamma.com/cms/	omegamma.com
FL	Orlando Brazilian Jiu Jitsu	Orlando	https://www.orlandobjj.com	orlandobjj.com
FL	Pace Gracie Jiu Jitsu Academy	Pace	https://pacegjj.com	pacegjj.com
FL	Paulo Ribeiro Brazilian Jiu Jitsu	Naples	http://prbjjnaples.com/	prbjjnaples.com
FL	Ponte Vedra Brazilian Jiu Jitsu	Ponte Vedra Beach	https://pvbjj.com/	pvbjj.com
FL	Positive Balance Brazilian Jiu Jitsu	Tallahassee	https://positivebalancegrappling.com/	positivebalancegrappling.com
FL	RAIVA Brazilian Jiu Jitsu	Davie	http://www.raivabjj.com	raivabjj.com
FL	RM BJJ Academy	Delray Beach	http://rmbjjacademy.com	rmbjjacademy.com
FL	Ralph Gracie Florida Jiu-Jitsu	Port Orange	http://www.ralphgraciefl.com/	ralphgraciefl.com
FL	Refit Academy - Wynwood	Miami	http://www.refit-academy.com	refit-academy.com
FL	Relic Jiu Jitsu	Longwood	https://cp.mystudio.io/t/	cp.mystudio.io
FL	Relson Gracie Jiu-Jitsu Academy St. Augustine	St. Augustine	http://www.mma4florida.com/	mma4florida.com
FL	Renzo Gracie Academy Florida	Sunrise	https://renzogracieflorida.com/	renzogracieflorida.com
FL	Renzo Gracie Ft. Lauderdale	Fort Lauderdale	http://renzogracieftl.com/	renzogracieftl.com
FL	Renzo Gracie Jiu Jitsu Academy of Boca Raton	Boca Raton	http://renzograciejiujitsubocaraton.com/	renzograciejiujitsubocaraton.com
FL	Renzo Gracie Naples	Naples	https://renzogracienaples.com	renzogracienaples.com
FL	Renzo Gracie Orlando	Orlando	https://orlandojiujitsu.com/	orlandojiujitsu.com
FL	Renzo Gracie Royal Palm Beach	Royal Palm Beach	http://www.royalpalmbeachjj.com/	royalpalmbeachjj.com
FL	Renzo Gracie Training Center	Weston	http://www.renzogracieflorida.com/	renzogracieflorida.com
FL	Renzo Gracie of Lake Worth	Lake Worth	https://renzogracielakeworth.com/	renzogracielakeworth.com
FL	Rilion Gracie Jiu-Jitsu Academy	Miami	http://riliongracie.com	riliongracie.com
FL	Rilion Gracie Jiu-Jitsu Doral	Doral	http://www.riliongraciedoral.com	riliongraciedoral.com
FL	Rilion Gracie Jiu-Jitsu Palm Beach Gardens	Palm Beach Gardens	http://www.jiujitsupbg.com/	jiujitsupbg.com
FL	Rilion Gracie Jiu-Jitsu Panama City	Panama City	http://jiujitsulynnhaven.com/	jiujitsulynnhaven.com
FL	Rilion Gracie Jiu-Jitsu of Miami Lakes	Miami Lakes	http://www.riliongraciemiamilakes.com/	riliongraciemiamilakes.com
FL	Rmbjj Coral Springs / BJJ Coral Springs FL 33065	Coral Springs	https://coralspringsbjj.com/	coralspringsbjj.com
FL	Rock MMA	Davie	http://www.fightingchancebjj.com/	fightingchancebjj.com
FL	START Jiu Jitsu Academy	Miramar	https://startjiujitsu.com/facilities-pembroke-pines/	startjiujitsu.com
FL	Sanity Jiu Jitsu	Winter Garden	http://www.sanityjiujitsu.com/	sanityjiujitsu.com
FL	Sarasota BJJ / Ribeiro Jiu Jitsu	Sarasota	https://sarasotabjj.com/	sarasotabjj.com
FL	School of Combat Arts	Gainesville	https://schoolofcombatarts.com/	schoolofcombatarts.com
FL	South Tampa Jiu-Jitsu & MMA	Tampa	http://southtampajiujitsu.com/	southtampajiujitsu.com
FL	Souther Soul Jiu-Jitsu Academy – Renzo Gracie Emerald Coast	Mary Esther	http://www.southernsoulacademy.com/	southernsoulacademy.com
FL	Spartan Academy Palm Coast / Brazilian Jiu Jitsu & more	Palm Coast	http://www.spartanpalmcoast.com/	spartanpalmcoast.com
FL	St. Pete BJJ	St. Petersburg	http://www.stpetebjj.com/	stpetebjj.com
FL	Studio 8 BJJ - JJM Mandarin	Jacksonville	http://www.studio8bjj.com/	studio8bjj.com
FL	Supremacy Brazilian Jiu Jitsu	Largo	http://www.supremacybjj.com/	supremacybjj.com
FL	Team Alves	Sarasota	http://www.thealvesjiujitsu.com/	thealvesjiujitsu.com
FL	Team Carvalho Academy	Dunnellon	http://www.teamcarvalho.com/home.html	teamcarvalho.com
FL	Team Carvalho Treasure Coast	Fort Pierce	http://www.teamcarvalho.com/	teamcarvalho.com
FL	Team Nogueira	West Palm Beach	http://www.teamnog.com/	teamnog.com
FL	Team Nogueira Bloise Academy	Jupiter	http://www.teamnog.com/	teamnog.com
FL	Team Rollyson Brazilian Jiu-Jitsu	Hollywood	http://www.rollysonbjj.com/	rollysonbjj.com
FL	Team Third Law BJJ Naples	Naples	https://www.teamthirdlaw.com	teamthirdlaw.com
FL	The Academy of Martial Arts	Hollywood	http://www.aomacoopercity.com/	aomacoopercity.com
FL	The Academy of Pensacola	Pensacola	https://www.theacademyofpensacola.com/	theacademyofpensacola.com
FL	The Grounds MMA	Estero	http://www.traininggroundsma.com/	traininggroundsma.com
FL	The Jungle MMA and Fitness Lake Mary (Sanford FL)	Sanford	http://jungleorlando.com/	jungleorlando.com
FL	The Jupiter Jiu Jitsu Academy in Jupiter Fl	Jupiter	http://www.jupiterjiujitsu.com/	jupiterjiujitsu.com
FL	Trillo Jiujitsu Academy	Miami Gardens	http://trillojiujitsu.com	trillojiujitsu.com
FL	UFC GYM Lauderhill	Lauderhill	https://www.ufcgym.com/locations/lauderhill/	ufcgym.com
FL	UFC GYM Winter Springs	Winter Springs	https://www.ufcgym.com/locations/winter-springs/	ufcgym.com
FL	United Legion Brazilian Jiu-Jitsu	Altamonte Springs	https://unitedlegionbjj.com/	unitedlegionbjj.com
FL	Vagner Rocha Martial Arts	Miami	https://www.vagnerrochamartialarts.com/	vagnerrochamartialarts.com
FL	Valente Brothers Jiu-Jitsu Coral Gables	Coral Gables	http://www.valentebrothers.com/	valentebrothers.com
FL	Valente Brothers Jiu-Jitsu Pembroke Pines	Pembroke Pines	http://www.graciemiami.com	graciemiami.com
FL	Vickery Jiu-Jitsu & MMA	Fort Myers	http://www.vickerybjj.com/	vickerybjj.com
FL	Vieira Martial Arts Academy	Sarasota	http://www.siestakeybjj.com/	siestakeybjj.com
FL	Villardo Jiu-Jitsu Academy	Wellington	http://www.brjj.com/	brjj.com
FL	Vital Brothers Brazilian Jiu Jitsu	North Miami	http://vitalbrothersbjj.com	vitalbrothersbjj.com
FL	Vortex Jiu Jitsu Academy	Palm Bay	https://vortexbjj.com/	vortexbjj.com
FL	Warrior Defense Brazilian Jiu Jitsu	DeLand	https://warriordefense.com/classes-by-reservation	warriordefense.com
FL	Weinischke Martial Arts	Tallahassee	http://www.tallahasseejiujitsu.com	tallahasseejiujitsu.com
FL	Winners Training Center Sunny Isles Beach	Sunny Isles Beach	http://www.winnerstrainingcenter.com	winnerstrainingcenter.com
FL	Wolfpack Brazilian Jiu Jitsu - Martial Arts	Sarasota	http://www.wolfpackbjj.com/	wolfpackbjj.com
FL	Wolfpack South Brazilian Jiu Jitsu	Port Charlotte	http://wolfpacksouthbjj.com/	wolfpacksouthbjj.com
FL	Xtreme Gracie Jiu Jitsu	Minneola	http://xtremegraciejiujitsu.com/	xtremegraciejiujitsu.com
FL	Yaniv Rosenberg Jiu Jitsu Team	Plantation	http://www.yrjiujitsu.com/	yrjiujitsu.com
FL	Zicro Academy / Alliance Tallahassee	Tallahassee	http://www.zicrobjj.com/	zicrobjj.com
GA	10th Planet Jiu Jitsu Perry	Perry	http://www.10thplanetperry.com/	10thplanetperry.com
GA	ATL Fitness 24/7 Woodstock	Woodstock	https://www.mindbodyonline.com/explore/locations/tapout-fitness-woodstock	mindbodyonline.com
GA	Academy of Athletics (AOA)	Rossville	http://www.facebook.com/ChallengeBringsChange/	facebook.com
GA	Agoge Combatives	Rossville	http://www.agogecombatives.com/	agogecombatives.com
GA	Alex Daltro Jiu-Jitsu	Dacula	https://www.facebook.com/Alexdaltrojiujitsu-104683961825611	facebook.com
GA	AllAmbition Brazilian Jiu Jitsu	Cartersville	http://allambitionbjj.com/	allambitionbjj.com
GA	Alliance Martial Arts Center	Dunwoody	http://www.alliancebjj.com/	alliancebjj.com
GA	Alliance Richmond Hill Brazilian Jiu Jitsu	Richmond Hill	https://www.facebook.com/Alliance-Savannah-Richmond-Hill-Brazilian-Jiu-Jitsu-345133652772330/	facebook.com
GA	American Top Team Atlanta	Atlanta	http://attatl.com/	attatl.com
GA	American Top Team Valdosta	Valdosta	http://att229.com/	att229.com
GA	American Top Team of Gwinnett	Lawrenceville	https://attofgwinnett.com/	attofgwinnett.com
GA	Americus Martial Arts Academy	Americus	http://americusmartialartsacademy.com/	americusmartialartsacademy.com
GA	Anchor Jiu Jitsu & Fitness	Griffin	https://anchorjiujitsu.com/	anchorjiujitsu.com
GA	Apex MMA Covington	Covington	http://www.apexconyers.com/	apexconyers.com
GA	Ascension Mixed Martial Arts (Cumming)	Cumming	https://ascensionmma.com/	ascensionmma.com
GA	Athens BJJ	Athens	https://athensbjj.com	athensbjj.com
GA	Athens Fitness and MMA	Athens	http://www.athensfitnessandmma.com/	athensfitnessandmma.com
GA	Atlanta Kick	Atlanta	https://atlantakick.com/try-free-class	atlantakick.com
GA	Atlanta Martial Arts Center	Woodstock	http://www.atlantamartialartscenter.com/	atlantamartialartscenter.com
GA	Atos Atlanta Brazilian Jiu-Jitsu	Marietta	http://www.atosbjj-atl.com/	atosbjj-atl.com
GA	Black Sheep MMA	Leesburg	http://www.blacksheep-mma.com/	blacksheep-mma.com
GA	Borges Brazilian Jiu-Jitsu	Marietta	http://borgesbjj.com	borgesbjj.com
GA	Buckhead Fight Club	Brookhaven	https://www.buckheadfightclub.com/	buckheadfightclub.com
GA	Buckhead Jiu-Jitsu	Atlanta	https://www.buckheadjj.com/	buckheadjj.com
GA	Burton Brazilian Jiu Jitsu	Byron	https://www.burtonbrazilianjiujitsu.com/	burtonbrazilianjiujitsu.com
GA	Champions Training Center	Savannah	http://www.ctcsavannah.com	ctcsavannah.com
GA	Coastal Combatives	Pooler	http://www.coastalcombatives.com/	coastalcombatives.com
GA	Constant Expansion Jiu Jitsu / MMA	Savannah	https://www.10psav.com	10psav.com
GA	Creighton MMA & Fitness Academy	Suwanee	https://paulcreighton.com/	paulcreighton.com
GA	Devine Jiu Jitsu - Brunswick	Brunswick	https://www.devinejiujitsu.com/schools/brunswick/	devinejiujitsu.com
GA	Devine Jiu Jitsu Savannah & Five Star Wrestling	Savannah	http://fivestarsavannah.com/	fivestarsavannah.com
GA	Diego Saraiva BJJ - Nova Uniao Atlanta GA	Norcross	https://saraivabjj.com/	saraivabjj.com
GA	Diego Saraiva BJJ - Roswell/Crabapple GA	Roswell	https://saraivabjjroswell.com/	saraivabjjroswell.com
GA	East Athens Jiu Jitsu	Athens	https://eastathensjiujitsu.com/	eastathensjiujitsu.com
GA	Elite Academy of Martial Arts	Stone Mountain	https://eliteacademyofmartialarts.com/	eliteacademyofmartialarts.com
GA	Evolution X Martial Arts and Fitness	Atlanta	https://evolutionxma.com/try-a-drop-in-class/	evolutionxma.com
GA	Fit to Fight Atlanta	Chamblee	http://www.ftfatl.com/	ftfatl.com
GA	Francis Fong Martial Arts Academy (Gracie BJJ)	Johns Creek	http://www.francisfongacademy.com/	francisfongacademy.com
GA	Fusion MMA	Marietta	http://fusionfitnessandmma.com/	fusionfitnessandmma.com
GA	G1 Martial Arts, Krav Maga, & Brazilian Jiu Jitsu	Dalton	https://www.g1martialarts.com/	g1martialarts.com
GA	GB Dawsonville	Dawsonville	http://gbdawsonville.com/	gbdawsonville.com
GA	GB Ellijay	Ellijay	https://graciebarra.com/ellijay-ga/	graciebarra.com
GA	GB Lawrenceville	Lawrenceville	https://graciebarra.com/lawrenceville-ga/	graciebarra.com
GA	GB South Forsyth	Cumming	https://graciebarra.com/cumming-ga/	graciebarra.com
GA	Gracie Barra - Acworth	Acworth	http://gbgeorgia.com/	gbgeorgia.com
GA	Gracie Barra Blue Ridge	Blue Ridge	https://graciebarra.com/blue-ridge-ga/	graciebarra.com
GA	Gracie Jiu-Jitsu Athens at American Black Belt Academy	Bogart	http://www.athensjiujitsu.com/	athensjiujitsu.com
GA	Gracie Jiu-Jitsu Balance Academy	Peachtree City	http://www.graciebalance.com/	graciebalance.com
GA	Gracie Jiu-Jitsu Decatur	Decatur	http://graciedecatur.com/	graciedecatur.com
GA	Gracie Jiu-Jitsu Newnan	Newnan	https://www.gracienewnan.com/	gracienewnan.com
GA	Gracie Jiu-Jitsu Savannah	Savannah	https://www.gjjsav.com	gjjsav.com
GA	Greubel's MMA of Grovetown	Grovetown	http://grovetownmartialarts.com/	grovetownmartialarts.com
GA	Greubel's Mixed Martial Arts	Augusta	https://www.greubelsmma.com/	greubelsmma.com
GA	Hanto Jiu-Jitsu Academy	Statesboro	https://hantojiu-jitsuacademy.com/	hantojiu-jitsuacademy.com
GA	Helix Brazilian Jiu-Jitsu	Snellville	https://www.facebook.com/helixbjj/	facebook.com
GA	Hokutoryu	Roswell	http://usajutsu.com/	usajutsu.com
GA	Independent MMA & Fitness	McDonough	http://www.independentmmafitness.com/	independentmmafitness.com
GA	Independent MMA & Fitness of Newnan	Newnan	https://independentmmafitness-newnan.com/	independentmmafitness-newnan.com
GA	Iron Forge Jiu Jitsu	Blackshear	https://www.facebook.com/IronForgeJiuJitsu/	facebook.com
GA	Iron Horse Brazilian Jiu Jitsu	Alpharetta	http://ironhorsebjj.com/	ironhorsebjj.com
GA	J3 Brazilian Jiu Jitsu	Alpharetta	http://www.j3bjj.com/	j3bjj.com
GA	Jinsendo Martial Arts	Smyrna	https://www.jinsendo.com/	jinsendo.com
GA	Jiu Jitsu Roswell	Roswell	http://jiujitsuroswell.com/	jiujitsuroswell.com
GA	KBX Gym	Alpharetta	http://www.kbxgym.com/	kbxgym.com
GA	KODA Academy of Martial Arts	Woodstock	http://www.sakurabjj.com/	sakurabjj.com
GA	Kenny Kim BJJ	Marietta	https://kennykimbjj.com/	kennykimbjj.com
GA	Knuckle Up Fitness	Sandy Springs	http://www.knuckleupfitness.com/	knuckleupfitness.com
GA	KnuckleUp Fitness Alpharetta	Alpharetta	http://www.knuckleupfitness.com/	knuckleupfitness.com
GA	KnuckleUp MMA & Fitness	Douglasville	http://www.knuckleupfitness.com/	knuckleupfitness.com
GA	KravHIIT Martial Arts & Fitness Academy	Rincon	https://kravhiit.us/	kravhiit.us
GA	Kyle Fogel Brazilian Jiu Jitsu	Sugar Hill	https://sugarhillbjj.com/	sugarhillbjj.com
GA	Legacy MMA Club	Buford	http://www.legacymmaclub.com/	legacymmaclub.com
GA	Legacy MMA Club Sugar Hill	Sugar Hill	http://www.legacymmaclub.com/	legacymmaclub.com
GA	Liberty Jiu-Jitsu Grovetown	Grovetown	http://libertybjj.community/	libertybjj.community
GA	Miller Martial Arts (American Top Team Warner Robins)	Bonaire	https://millermartialarts.us	millermartialarts.us
GA	Monsuta Jiu-Jitsu Academy	Lawrenceville	https://monsuta-jiu-jitsu-academy.business.site/	monsuta-jiu-jitsu-academy.business.site
GA	North Georgia Hayastan MMA Academy	Dalton	http://www.teamhayastan.com	teamhayastan.com
GA	Nucleus Brazilian Jiu Jitsu	Norcross	https://nucleusbjj.com	nucleusbjj.com
GA	Odyssey BJJ	Atlanta	http://odysseybjj.com/	odysseybjj.com
GA	Ohana Jiu-Jitsu	Hahira	https://ohanajiu-jitsu.com/	ohanajiu-jitsu.com
GA	PTC Combat Fitness	Peachtree City	http://ptccombatfitness.com/	ptccombatfitness.com
GA	Pit Bull MMA	Hinesville	http://www.pitbullmma.org/	pitbullmma.org
GA	Proboxing, MMA Villa Rica	Villa Rica	https://ifa-fitnessclass.business.site/	ifa-fitnessclass.business.site
GA	Ranieri Paiva Jiu-Jitsu Academy	Atlanta	https://www.atlbjj.com/	atlbjj.com
GA	Raven Brazilian Jiu-Jitsu	Cumming	http://ravenjiujitsu.com/contact/	ravenjiujitsu.com
GA	Rise Up BJJ	Kennesaw	https://www.riseupbjj.com/	riseupbjj.com
GA	Rolling Panda Brazilian Jiu Jitsu	Hiram	https://www.rollingpandabjj.com	rollingpandabjj.com
GA	Rush MMA	Macon	http://rushmma.com/	rushmma.com
GA	SERG Brazilian Jiu Jitsu and Fitness	Savannah	http://www.sergbjj.com/	sergbjj.com
GA	SPARTAK Atlanta - Judo, BJJ, and Fitness	Johns Creek	https://www.spartakatl.com/	spartakatl.com
GA	Savannah Combat Club	Savannah	http://savannahcombatclub.com/	savannahcombatclub.com
GA	Scramble Brazilian Jiu Jitsu and Wrestling	Rome	https://scramblebrazilianjiujitsuandwrestling.blogspot.com/	scramblebrazilianjiujitsuandwrestling.blogspot.com
GA	Serra BJJ Milledgeville	Milledgeville	http://www.trainwithmamma.com/	trainwithmamma.com
GA	Smith Brazilian Jiu-Jitsu	McDonough	https://www.smithbjj.com/	smithbjj.com
GA	Southeast Jiu Jitsu	Baxley	https://www.facebook.com/southeastjiujitsu/	facebook.com
GA	Southeast Martial Arts Center	Waycross	http://www.southeastmartialartscenter.com/	southeastmartialartscenter.com
GA	Southpaw Fitness	Kathleen	https://www.southpawfitness.com/	southpawfitness.com
GA	Straight Blast Gym Atlanta BJJ	Atlanta	https://sbgatlanta.com/locations/sbg-atlanta/	sbgatlanta.com
GA	Straight Blast Gym Buford	Buford	https://sbgatlanta.com/locations/sbg-buford/	sbgatlanta.com
GA	Striker Fight Center	Kennesaw	http://www.strikerfightmma.com/	strikerfightmma.com
GA	Team Doan Jiu Jitsu Gainesville & Fitness	Gainesville	http://www.teamdoan.com/	teamdoan.com
GA	Team Kalista Martial Arts	Hinesville	http://teamkalistamartialarts.wodify.com/	teamkalistamartialarts.wodify.com
GA	Team Mongoose BJJ	Lawrenceville	http://mongoosejiujitsu.com/	mongoosejiujitsu.com
GA	Team Octopus Cartersville	Cartersville	http://mmaatl.com/	mmaatl.com
GA	Team Octopus Chamblee	Chamblee	https://mmaatl.com/get-started/	mmaatl.com
GA	Team Octopus Sandy Springs	Sandy Springs	http://mmaatl.com/	mmaatl.com
GA	Temporal Brazilian Jiu Jitsu Academy	Stonecrest	http://www.temporalbjj.com/	temporalbjj.com
GA	Terra Guerra Jiu Jitsu	Augusta	https://www.terraguerrajj.com/	terraguerrajj.com
GA	Thrive Jiu Jitsu & Fitness	Tifton	http://www.thrivejj.com/	thrivejj.com
GA	Tiger Academy of Martial Arts	Alpharetta	https://tigeracademy.com/	tigeracademy.com
GA	Tonchu Martial Arts Academy	Smyrna	http://www.tonchumartialarts.com/	tonchumartialarts.com
GA	True Strength MMA	Roswell	http://www.truestrengthmma.com/	truestrengthmma.com
GA	Tsunami MMA	Decatur	https://www.tsunamimma.co/	tsunamimma.co
GA	Underground Martial Arts & Fitness LLC	Buford	https://www.ukamartialarts.com/	ukamartialarts.com
GA	Union Team BJJ	Alpharetta	https://unionteambjj.com	unionteambjj.com
GA	Veritas Brazilian Jiu-Jitsu - Kuzushi Club Dalton	Dalton	http://veritasbjj.com/	veritasbjj.com
GA	Wolfhunter Jiu Jitsu Club	Griffin	https://wolfhunterjjc.com	wolfhunterjjc.com
GA	X3 Sports - Athens	Athens	https://x3sports.com/sign-up-for-a-free-class/	x3sports.com
GA	X3 Sports - North Marietta	Jonesboro	https://x3sports.com/sign-up-for-a-free-class/	x3sports.com
GA	X3 Sports Marietta	Marietta	http://x3sports.com/	x3sports.com
HI	Bragiao BJJ MMA	Kapaa	https://www.mmaonkauai.com	mmaonkauai.com
HI	CJJF Central	Aiea	https://cjjfcentral.com	cjjfcentral.com
HI	Caveirinha Jiu-Jitsu Family Hawaii Kai	Honolulu	https://www.cjjfhawaii.com	cjjfhawaii.com
HI	Central Oahu Jiu-Jitsu Academy	Wahiawa	https://www.graciehi.com	graciehi.com
HI	Exodus Martial Arts Academy	Kailua-Kona	https://exodusmaahawaii.squarespace.com	exodusmaahawaii.squarespace.com
HI	Foundation BJJ	Kailua-Kona	https://www.foundationbjj.net	foundationbjj.net
HI	Gracie Allegiance Honolulu	Honolulu	https://honolulubjj.com	honolulubjj.com
HI	Gracie Barra Aloha Stadium	Honolulu	https://graciebarra.com/honolulu-hi	graciebarra.com
HI	Gracie Barra Kapolei	Kapolei	https://graciebarra.com/kapolei-hi	graciebarra.com
HI	Gracie Jiu Jitsu Kailua	Kailua	https://graciejiujitsukailua.com	graciejiujitsukailua.com
HI	HNL Jiu Jitsu Academy	Honolulu	https://www.hnljiujitsuacademy.com	hnljiujitsuacademy.com
HI	Hanaloa School of Jiu-Jitsu	Wailuku	http://www.hanaloaschoolofjiujitsu.com	hanaloaschoolofjiujitsu.com
HI	Hawaii Jiu Jitsu Lab	Kaneohe	https://hawaiijiujitsulab.com	hawaiijiujitsulab.com
HI	House of Alameda Jiu Jitsu	Keaau	https://alamedajj.com	alamedajj.com
HI	Island Jiu Jitsu West	Ewa Beach	https://www.islandjiujitsuwest.com	islandjiujitsuwest.com
HI	Island Jiu-Jitsu	Honolulu	https://www.islandjiujitsu.com	islandjiujitsu.com
HI	K-Team Martial Arts	Kaneohe	https://k-team-martial-arts.com	k-team-martial-arts.com
HI	Kansept Academy	Honolulu	https://kanseptacademy.com	kanseptacademy.com
HI	Lions BJJ Kauai	Lihue	https://kauaibjj.com	kauaibjj.com
HI	Mad Tiger Academy	Wahiawa	https://www.madtigerbjj.com	madtigerbjj.com
HI	Mano Jiu Jitsu	Honolulu	https://www.manojiujitsu.com	manojiujitsu.com
HI	Masters Martial Arts School	Kailua	https://mastersmartialartsschool.com	mastersmartialartsschool.com
HI	Maui Grappling Academy	Kahului	https://mauigrapplingacademy.com	mauigrapplingacademy.com
HI	Maui Jiu-Jitsu Academy	Haiku	https://mauijiujitsu.com	mauijiujitsu.com
HI	Maui Kombat Academy	Wailuku	https://www.mauikombatacademy.com	mauikombatacademy.com
HI	O2 Martial Arts Academy	Aiea	https://onzuka.com/o2maaweb/	onzuka.com
HI	Ohana Jiu Jitsu Academy	Kihei	https://www.ohanajiujitsumaui.com	ohanajiujitsumaui.com
HI	Relson Gracie Jiu-Jitsu Ronn Shiraki Academy	Honolulu	https://www.ronnshiraki.com	ronnshiraki.com
HI	Relson Gracie Jiu-Jitsu Team HK	Honolulu	https://www.graciehonolulu.com	graciehonolulu.com
HI	Sapateiro Jiu Jitsu Academy	Honolulu	https://www.oahubjj.com	oahubjj.com
HI	TRXTR Studio	Kapolei	https://bjjkapolei.com	bjjkapolei.com
HI	Technics Jiu-Jitsu Academy	Honolulu	https://www.gracietechnics.com	gracietechnics.com
HI	The Process Martial Arts Academy	Kailua-Kona	https://www.theprocessmartialarts.com	theprocessmartialarts.com
HI	UFC GYM Hilo	Hilo	https://www.ufcgym.com/locations/hilo	ufcgym.com
HI	United BJJ Hawaii	Pearl City	https://unitedbjjhawaii.com	unitedbjjhawaii.com
HI	United Team Maui	Wailuku	https://bjjwailuku.com	bjjwailuku.com
HI	West Kauai Jiu-Jitsu	Waimea	https://www.westkauaijiujitsu.com	westkauaijiujitsu.com
IA	Alliance Ames Brazilian JiuJitsu	Ames	https://amesbrazilianjiu-jitsu.com	amesbrazilianjiu-jitsu.com
IA	Arroyo Grappling Academy	Iowa City	https://arroyograppling.com	arroyograppling.com
IA	Ascent Jiu Jitsu	Coralville	https://ascent-jiujitsu.com	ascent-jiujitsu.com
IA	Breaking Point Jiu-Jitsu Bettendorf	Bettendorf	https://breakingpointbjj.com	breakingpointbjj.com
IA	Breaking Point Jiu-Jitsu Davenport	Davenport	https://breakingpointbjj.com	breakingpointbjj.com
IA	CBBJJ	Council Bluffs	https://www.cbbjj.com	cbbjj.com
IA	Cedar Valley Jiu Jitsu	Waterloo	https://cv-bjj.com	cv-bjj.com
IA	Citadel BJJ	Iowa City	https://bjjiniowacity.com	bjjiniowacity.com
IA	Decorah Martial Arts	Decorah	https://www.decorahmartialarts.com	decorahmartialarts.com
IA	Des Moines Jiu-Jitsu Academy	Des Moines	https://iowabjj.com	iowabjj.com
IA	Dubuque Jiu-Jitsu	Dubuque	https://dubuquebjj.com	dubuquebjj.com
IA	Elite Edge Gym Ankeny	Ankeny	https://eliteedgegym.com	eliteedgegym.com
IA	Faiferlick Martial Arts	Fort Dodge	https://fortdodgemartialarts.com	fortdodgemartialarts.com
IA	Gracie Jiu-Jitsu Council Bluffs	Council Bluffs	https://graciecb.com	graciecb.com
IA	Guardian Jiujitsu & Judo	Ottumwa	https://www.guardianjj.com	guardianjj.com
IA	Hard Drive Performance Center	Cedar Rapids	https://harddriveperformance.com	harddriveperformance.com
IA	Iowa City BJJ	Iowa City	https://iowacitybjj.com	iowacitybjj.com
IA	Iowa Top Team Boxing & Jiu-Jitsu	Clinton	https://www.iowatopteam.com	iowatopteam.com
IA	Jiu-Jitsu Unlimited	Sioux City	https://jjxkbultd.com	jjxkbultd.com
IA	Kutting Edge Jiu-Jitsu Academy	Burlington	https://www.kuttingedgejiujitsuacademy.com	kuttingedgejiujitsuacademy.com
IA	Mission Athletics	Cedar Rapids	https://www.missionathletics.com	missionathletics.com
IA	No Coast Brazilian Jiu Jitsu	Urbandale	https://waukeemartialarts.com	waukeemartialarts.com
IA	Olive Branch Jiu Jitsu	Fort Madison	https://olivebranchjj.com	olivebranchjj.com
IA	One Combat Academy	Sioux City	https://fourseasonshealthclub.com/one-combat-academy/	fourseasonshealthclub.com
IA	Precision Submission Grappling	Clive	https://www.precisionsubmissiongrappling.com	precisionsubmissiongrappling.com
IA	Renzo Gracie Des Moines	Des Moines	https://renzograciedesmoines.com	renzograciedesmoines.com
IA	Southside Martial Arts	Fort Dodge	https://southsidemartialarts.com	southsidemartialarts.com
IA	Tarpein's Dojo	Davenport	https://tarpeinsdojo.com	tarpeinsdojo.com
IA	The Flow Institute Mason City	Mason City	https://tfiexperience.com/mason-city	tfiexperience.com
IA	Tipping Point Brazilian Jiu Jitsu	Cedar Rapids	https://www.tippingpointbjj.com	tippingpointbjj.com
IA	Triumph Martial Arts	Urbandale	https://triumphma.com	triumphma.com
IA	Triumph Martial Arts Pella	Pella	https://triumphma.com/location/pella-ia	triumphma.com
IA	Tsunami Flow Jiu Jitsu	Mason City	https://www.tsunamiflowjiujitsu.com	tsunamiflowjiujitsu.com
IA	Zura Jiu-Jitsu	Marshalltown	https://www.zurajiujitsu.com	zurajiujitsu.com
ID	208 Jiu Jitsu Academy	Nampa	https://www.208jiujitsuacademy.com	208jiujitsuacademy.com
ID	Alliance Jiu Jitsu Eagle	Eagle	https://www.allianceboise.org	allianceboise.org
ID	Alliance Jiu Jitsu East Boise	Boise	https://www.allianceboise.org	allianceboise.org
ID	Arnett's Martial Arts America	Lewiston	https://martialartsamericaid.com	martialartsamericaid.com
ID	Atlas Jiu Jitsu	Meridian	https://atlas-jiujitsu.com	atlas-jiujitsu.com
ID	BPi Fighting Systems	Coeur d'Alene	https://www.bpifight.com	bpifight.com
ID	Battles Jiu Jitsu	Eagle	https://www.battlesjiujitsu.com	battlesjiujitsu.com
ID	Blackfoot Jiu Jitsu and Fitness	Blackfoot	https://blackfootjiujitsu.com	blackfootjiujitsu.com
ID	Brave BJJ Boise	Boise	https://www.brave-bjj.com	brave-bjj.com
ID	CDA Jiu-Jitsu	Dalton Gardens	https://cdajiujitsu.com	cdajiujitsu.com
ID	Casa De Fera Jiu Jitsu	Moscow	https://cdfjiujitsu.com	cdfjiujitsu.com
ID	Colossal Fight Company	Pocatello	https://www.colossalfightcompany.com	colossalfightcompany.com
ID	Core Jiu Jitsu	Nampa	https://corejjidaho.com	corejjidaho.com
ID	Elite Jiu-Jitsu Academy	Boise	https://elitejiujitsu.com	elitejiujitsu.com
ID	Gem State Jiu Jitsu	Kuna	https://gemstatejiujitsu.com	gemstatejiujitsu.com
ID	Gracie Barra Boise	Garden City	https://graciebarra.com/boise-id	graciebarra.com
ID	Gracie Barra Caldwell	Caldwell	https://graciebarra.com/id-caldwell	graciebarra.com
ID	Gracie Barra Hayden	Hayden	https://www.gbhayden.com	gbhayden.com
ID	Gracie Barra Meridian	Meridian	https://graciebarrameridian.com	graciebarrameridian.com
ID	Gracie Barra South Boise	Boise	https://gbsouthboise.com	gbsouthboise.com
ID	Gracie Barra Southeast Boise	Boise	https://gbsoutheastboise.com	gbsoutheastboise.com
ID	Gracie Jiu-Jitsu Post Falls	Post Falls	https://graciepostfalls.com	graciepostfalls.com
ID	Gracie Jiu-Jitsu Sandpoint	Kootenai	https://graciesandpoint.com	graciesandpoint.com
ID	Idahome Jiu-Jitsu	Caldwell	https://idahomejiujitsu.com	idahomejiujitsu.com
ID	JG Academy Meridian	Meridian	https://www.jgacademy.net/meridian	jgacademy.net
ID	Jiu-Jitsu 100 Academy	Hailey	https://jiujitsu100.com	jiujitsu100.com
ID	North Idaho Jiu Jitsu	Sandpoint	https://www.northidahojiujitsu.com	northidahojiujitsu.com
ID	PAC Jiu-Jitsu	Rexburg	https://pacjiujitsu.com	pacjiujitsu.com
ID	Pocatello Jiu Jitsu	Pocatello	https://pocatellobjj.com	pocatellobjj.com
ID	SBG Idaho	Boise	https://sbgidaho.com	sbgidaho.com
ID	SBG Teton Valley	Driggs	https://www.sbgtetonvalley.com	sbgtetonvalley.com
ID	SOMA Jiu-Jitsu Academy Idaho Falls	Idaho Falls	https://www.idahofallsbjj.com	idahofallsbjj.com
ID	SOMA Jiu-Jitsu Academy Rexburg	Rexburg	https://www.rexburgbjj.com	rexburgbjj.com
ID	Self Reliant Jiu Jitsu	Boise	https://www.selfreliantjiujitsu.com	selfreliantjiujitsu.com
ID	Studio 671 Jiu Jitsu	Caldwell	https://studio671jiujitsu.com	studio671jiujitsu.com
ID	System Jiu-Jitsu	Meridian	https://systemjiujitsu.com	systemjiujitsu.com
ID	Team Rhino Gracie Jiu-Jitsu	Meridian	https://teamrhinoidaho.com	teamrhinoidaho.com
ID	The Base Jiu Jitsu Boise	Meridian	https://jiujitsuboise.com	jiujitsuboise.com
ID	The PIT Idaho	Boise	https://www.thepitidaho.com	thepitidaho.com
ID	V7 Martial Arts	Moscow	https://v7martialarts.com	v7martialarts.com
ID	Vibe Jiu Jitsu & Grappling Arts	Idaho Falls	https://www.vibejiujitsu.com	vibejiujitsu.com
ID	Vital Brothers Brazilian Jiu Jitsu Mountain Home	Mountain Home	https://vitalbrazilianjiujitsu.com	vitalbrazilianjiujitsu.com
ID	West Idaho BJJ	Star	https://westidahobjj.com	westidahobjj.com
IL	3D MMA Brazilian Jiu Jitsu	Hanover Park	http://www.3dmmaacademy.com/	3dmmaacademy.com
IL	4:13 Jiu-Jitsu	Marion	http://www.413jiujitsu.com/	413jiujitsu.com
IL	APEX House of Grappling	Countryside	http://apexgrappling.com/	apexgrappling.com
IL	AXT Jiu-Jitsu	Yorkville	http://axtjiujitsu.com/	axtjiujitsu.com
IL	All Star Jiu Jitsu	Lombard	https://www.allstarjiujitsu.com/	allstarjiujitsu.com
IL	Alton Family Martial Arts & Fitness	Alton	https://www.altonfma.com/	altonfma.com
IL	Arebalo Jiu Jitsu	Mattoon	http://arebalojiujitsu.com/	arebalojiujitsu.com
IL	Arsenal Brazilian Jiu Jitsu	Benton	https://www.arsenalbjj.com	arsenalbjj.com
IL	B1 Brazilian Jiu Jitsu & Self Defense	Naperville	http://www.b1bjjfitness.com/	b1bjjfitness.com
IL	BJJ Lab Brazilian Jiu-Jitsu Academy Naperville	Naperville	http://www.bjjlabnaperville.com/	bjjlabnaperville.com
IL	Bender Martial Arts and Fitness	Chicago	http://www.bendermartialarts.com	bendermartialarts.com
IL	Benjilany Striking & Fitness	Chicago	http://www.benjilanyfitness.com	benjilanyfitness.com
IL	Black Tiger Martial Arts Academy	Libertyville	https://www.blacktigerfightclub.com/	blacktigerfightclub.com
IL	Brasa Comprido BJJ	Bloomingdale	https://compridobjj.com/	compridobjj.com
IL	Brazil 021 School of Jiu-Jitsu	Arlington Heights	http://www.brazil021arlingtonheights.com	brazil021arlingtonheights.com
IL	Brazilian Black Belt Buffalo Grove	Buffalo Grove	https://brazilianblackbelt.com/buffalo-grove-brazilian-jiu-jitsu	brazilianblackbelt.com
IL	CU Jiu Jitsu	Urbana	https://www.cu-bjj.com/	cu-bjj.com
IL	Carlson Gracie MMA - Channahon	Channahon	http://www.carlsongracie-mma.com/	carlsongracie-mma.com
IL	Champion Jiu-Jitsu at Spider GYM MMA Club	Arlington Heights	http://www.championjiujitsu.com/	championjiujitsu.com
IL	Chicago School Of Grappling	Chicago	http://chicagoschoolofgrappling.com	chicagoschoolofgrappling.com
IL	Copa Jiu-Jitsu	Chicago	http://www.copabjj.com/	copabjj.com
IL	Core Combat Sports	Rockford	https://coremma.com	coremma.com
IL	DK Fitness Arts	Arlington Heights	http://www.dkfitnessarts.com/	dkfitnessarts.com
IL	Dave Strasser's Freestyle Academy of MMA	Waukegan	http://www.davestrasser.com/	davestrasser.com
IL	Decatur Brazilian Jiu Jitsu	Forsyth	https://www.facebook.com/DecaturBJJ/	facebook.com
IL	Degerberg Academy	Lincoln Square	http://www.degerbergacademy.com/	degerbergacademy.com
IL	Dekalb County Brazilian Jiu Jitsu	Hinckley	http://www.dekalbcountybjj.com/	dekalbcountybjj.com
IL	Dominion MMA	Oswego	http://www.dominionmartialarts.com/	dominionmartialarts.com
IL	Evolution Mixed Martial Arts Chicago - Schaumburg	Schaumburg	http://www.evolutionmmachicago.com/	evolutionmmachicago.com
IL	FLO Fitness & Martial Arts	Palatine	http://www.flomma.com/	flomma.com
IL	Fathom Brazilian Jiu Jitsu	Highland	http://www.fathombjj.com/	fathombjj.com
IL	Ferro Academy	Elmhurst	http://ferroacademybjj.com	ferroacademybjj.com
IL	Finney's Hit Squad	Granite City	http://thehitsquad.com/	thehitsquad.com
IL	Five Points Jiu Jitsu	East Dundee	http://fivepointsbjj.com/	fivepointsbjj.com
IL	Fonseca Martial Arts	Evanston	http://www.fonsecamartialarts.com/	fonsecamartialarts.com
IL	Fusion Academy of Martial Arts	Elgin	https://fusionacademyofmartialarts.com/	fusionacademyofmartialarts.com
IL	GB Bloomington	Bloomington	https://www.graciebarrabloomingtonjj.com/	graciebarrabloomingtonjj.com
IL	GB Champaign	Urbana	https://gbchampaign.com/	gbchampaign.com
IL	GB Chicago West Loop	Chicago	https://graciebarrachicago.com/	graciebarrachicago.com
IL	GB Deerfield	Deerfield	https://graciebarra.com/deerfield-il/	graciebarra.com
IL	GB Downers Grove	Downers Grove	https://gbdownersgrove.com	gbdownersgrove.com
IL	GB East Naperville	Lisle	https://gbeastnaperville.com/	gbeastnaperville.com
IL	GB Libertyville	Libertyville	https://graciebarra.com/libertyville-il/	graciebarra.com
IL	GB New Lenox	New Lenox	https://graciebarra.com/new-lenox-il/	graciebarra.com
IL	GB Springfield	Springfield	https://graciebarra.com/springfield-il/	graciebarra.com
IL	GB Twin Cities	Bloomington	http://gbtcjiujitsu.com/	gbtcjiujitsu.com
IL	Gladiador Brazilian Jiu Jitsu Academy	Bolingbrook	http://www.thegentleartbjj.com/	thegentleartbjj.com
IL	Gracie Barra Des Plaines	Des Plaines	https://graciebarra.com/des-plaines-il/	graciebarra.com
IL	Gracie Humaita Springfield	Chatham	http://www.graciehumaitaspringfieldil.com/	graciehumaitaspringfieldil.com
IL	Grassroots Jiu-Jitsu	Chicago	https://grassrootsjiujitsu.com	grassrootsjiujitsu.com
IL	Illinois Brazilian Jiu-Jitsu Academy	Mascoutah	http://www.illinoisbjj.com/	illinoisbjj.com
IL	Illinois Martial Arts Academy	Algonquin	http://www.illinoismartialartsacademy.com/	illinoismartialartsacademy.com
IL	Intercept MMA	Forest Park	http://interceptmma.com/	interceptmma.com
IL	Jeff Curran Martial Arts Academy	Crystal Lake	http://www.teamcurran.com/	teamcurran.com
IL	Kogan Self-Defense & Martial Arts	Buffalo Grove	http://www.koganselfdefense.com	koganselfdefense.com
IL	LCCT Brazilian Jiu Jitsu Barrington	Barrington	http://www.lcctbjjbarrington.com/	lcctbjjbarrington.com
IL	Lake County Brazilian Jiu-Jitsu	Mundelein	http://www.lakecountybjj.com/	lakecountybjj.com
IL	Living Art Brazilian Jiu Jitsu	Willowbrook	https://livingartbjj.com/	livingartbjj.com
IL	MMA Stop	Crest Hill	http://www.mmastopfitness.com/	mmastopfitness.com
IL	MMA Underground	Crystal Lake	http://mmaunderground.info	mmaunderground.info
IL	Mbd Martial Arts	Des Plaines	http://www.mbdmartialarts.com/home.html	mbdmartialarts.com
IL	Mequinho Jiu Jitsu	Lisle	http://www.downersgrovejiujitsu.com	downersgrovejiujitsu.com
IL	Midwest Jiu Jitsu Academy	Quincy	http://www.mwjja.com/	mwjja.com
IL	Midwest Judo & Jujitsu Club	Westmont	http://www.midwestjudo.com	midwestjudo.com
IL	Midwest Training Center	Schaumburg	http://mtcmma.com/	mtcmma.com
IL	Molinaro Jiu-Jitsu	Chicago	https://molinarojiujitsu.com	molinarojiujitsu.com
IL	New Breed Training Center	Niles	http://www.newbreedtrainingcenter.com/	newbreedtrainingcenter.com
IL	North Side Brazilian Jiu Jitsu	Chicago	https://northsidebjj.com	northsidebjj.com
IL	Northshore Academy of Martial Arts	Libertyville	https://nsama.com/	nsama.com
IL	Olympus Grappling Arts	Batavia	https://olympusgrapplingarts.com/	olympusgrapplingarts.com
IL	Parallel Jiu Jitsu	Arcola	https://parallel-jiu-jitsu.business.site/	parallel-jiu-jitsu.business.site
IL	Patriot Sports and Fitness	Elmhurst	http://www.patriotsportsandfitness.com	patriotsportsandfitness.com
IL	Pride Jiu-Jitsu Academy	Rockton	http://www.pridejiujitsuacademy.com/	pridejiujitsuacademy.com
IL	ROL Academy of Jiu Jitsu	Orland Park	http://www.rolacademy.com/	rolacademy.com
IL	Redzovic Jiu Jitsu Lincoln Square	Chicago	http://www.chicagojiujitsu.com/	chicagojiujitsu.com
IL	Renzo Gracie Chicago	Chicago	http://renzograciechicago.com	renzograciechicago.com
IL	Rodriguez Brazilian Jiu Jitsu	Peru	https://drodriguezbjj.business.site/	drodriguezbjj.business.site
IL	Ryan Thomas Brazilian Jiu Jitsu	Danville	https://ryanthomasbjj.com/	ryanthomasbjj.com
IL	S.I.M.S. Martial Arts Academy	O'Fallon	http://www.simsmartialartsacademy.com/	simsmartialartsacademy.com
IL	Serafin Brazilian Jiu-Jitsu	Evanston	http://serafinjiujitsu.com	serafinjiujitsu.com
IL	Staley Martial Arts / Carlson Gracie North Shore	Wilmette	https://staleymartialarts.com	staleymartialarts.com
IL	Strategic BJJ	Alton	http://www.strategicbjj.com/	strategicbjj.com
IL	TDC MMA + Fitness	Chicago	http://www.tdcmmaandfitness.com	tdcmmaandfitness.com
IL	Taylor Biagi Jiu Jitsu	Chicago	http://taylorbiagijiujitsu.com	taylorbiagijiujitsu.com
IL	Team Haanpaa Martial Arts	Rockford	http://www.teamhaanpaa.com/	teamhaanpaa.com
IL	Team Top Notch	Villa Park	http://www.topnotchmma.com	topnotchmma.com
IL	The Academy BJJ	Winnetka	http://www.academybjj.com	academybjj.com
IL	Top Level MMA Training Center	Niles	http://www.toplevelmma.com	toplevelmma.com
IL	Tutaj Brazilian Jiu Jitsu	Forest Park	https://www.tutajbjj.com/	tutajbjj.com
IL	UFC GYM Naperville	Naperville	https://www.ufcgym.com/locations/naperville	ufcgym.com
IL	UFC GYM Yorktown	Lombard	http://ufcgym.com	ufcgym.com
IL	Uflacker Academy	Chicago	http://bjjsouthside.com	bjjsouthside.com
IL	United Elite Mixed Martial Arts and Fitness	DeKalb	https://www.unitedelitemma.com/	unitedelitemma.com
IL	University of Ground Fighting	New Lenox	http://www.uofgf.com/	uofgf.com
IL	Valko Brazilian Jiu-Jitsu Academy	Chicago	https://valkobjj.com	valkobjj.com
IL	Victory MMA Academy Arlington Heights	Arlington Heights	https://victorymmaacademy.com/arlington-heights-location/	victorymmaacademy.com
IL	Victory Training	Chicago	http://www.feelthevictory.com	feelthevictory.com
IL	Warrior Evolution MMA	Chicago	http://www.warriorevolutionmma.com	warriorevolutionmma.com
IL	Yobe Jiu Jitsu	Elmhurst	http://bjjlabelmhurst.com/	bjjlabelmhurst.com
IL	iQ Jiu-Jitsu	Benton	http://www.iqjiujitsu.com/	iqjiujitsu.com
IN	10th Planet Indianapolis at Circle City Martial Arts & Fitness	Indianapolis	ccmaf.com	ccmaf.com
IN	219 Submission Academy	Crown Point	219submission.com	219submission.com
IN	Alexander Brazilian Jiu Jitsu	Elkhart	alexanderbjj.com	alexanderbjj.com
IN	Anvil Training Center	Vincennes	anvilcenter.com	anvilcenter.com
IN	Awesome Martial Arts Academy	Clarksville	awesomesportsandcamps.com	awesomesportsandcamps.com
IN	BJJ Bushido Zionsville	Zionsville	bjjbushido.com	bjjbushido.com
IN	BJJ Coach / Maddox Martial Arts Academy	Thorntown	bjjcoachmaddox.com	bjjcoachmaddox.com
IN	Barrick Brazilian Jiu Jitsu	Goshen	barrickbjj.com	barrickbjj.com
IN	Bright Brazilian Jiu Jitsu	Lawrenceburg	brightbrazilianjiujitsu.com	brightbrazilianjiujitsu.com
IN	Brownsburg Brazilian Jiu-Jitsu	Brownsburg	brownsburgbjj.com	brownsburgbjj.com
IN	Carlson Gracie Brazilian Jiu-jitsu Team Hobart	Hobart	maximgymllc.com	maximgymllc.com
IN	Champlin Jiu-Jitsu Academy	Indianapolis	champlinbjj.com	champlinbjj.com
IN	Chris Howe Brazilian Jiu Jitsu	Zionsville	chrishowebjj.com	chrishowebjj.com
IN	Corral's Martial Arts Portage	Portage	teamcorral.com	teamcorral.com
IN	Corral's Martial Arts Schererville	Schererville	teamcorral.com	teamcorral.com
IN	Corral’s Martial Arts	Valparaiso	teamcorral.com	teamcorral.com
IN	DragonFly Elite Martial Arts & Fitness	Plainfield	dragonflyelite.com	dragonflyelite.com
IN	Endurance Brazilian Jiu-Jitsu	Zionsville	endurancebjj.com	endurancebjj.com
IN	FLOW Brazilian Jiu-Jitsu	Granger	flowingwolfbjj.squarespace.com	flowingwolfbjj.squarespace.com
IN	First Shield Defense	Fort Wayne	firstshielddefense.com	firstshielddefense.com
IN	Fishers Elite Martial Arts	Fishers	fishersmartialarts.com	fishersmartialarts.com
IN	Franklin Jiu Jitsu Club	Franklin	franklinbjjclub.com	franklinbjjclub.com
IN	Freedom Martial Arts and Fitness	Anderson	freedommartialarts.org	freedommartialarts.org
IN	Gracie Jiu Jitsu South Bend	South Bend	graciejiujitsusouthbend.com	graciejiujitsusouthbend.com
IN	Gracie Jiu-Jitsu Brazil	Brazil	graciebrazilindiana.com	graciebrazilindiana.com
IN	Gracie Jiu-Jitsu Fort Wayne	Fort Wayne	graciejiu-jitsufortwayne.com	graciejiu-jitsufortwayne.com
IN	Gracie Jiu-Jitsu Nappanee	Nappanee	gjjnappanee.com	gjjnappanee.com
IN	House Of Martial Arts	Carmel	houseofmartialarts.com	houseofmartialarts.com
IN	Hybrid Combat Club	Plymouth	hybridcombatclub.com	hybridcombatclub.com
IN	Impact Zone Training Center	West Lafayette	impactzonetrainingcenter.com	impactzonetrainingcenter.com
IN	Indiana Brazilian Jiu-Jitsu Academy	Greenwood	https://ibjja.com	ibjja.com
IN	Indiana Combat Grappling	Mooresville	indianama.com	indianama.com
IN	Indianapolis Brazilian Jiu-Jitsu	Carmel	indianapolisjiujitsu.com	indianapolisjiujitsu.com
IN	Indianapolis Jiu Jitsu Coach	Indianapolis	indianapolisbjjcoach.com	indianapolisbjjcoach.com
IN	Ironhorse Martial Arts	Pendleton	ironhorsemartialarts.com	ironhorsemartialarts.com
IN	Jason Gonzalez Brazilian Jiu-Jitsu	Terre Haute	jg-bjj.com	jg-bjj.com
IN	Journey Brazilian Jiu-Jitsu	North Manchester	journeybjj.com	journeybjj.com
IN	Journey Brazilian Jiu-jitsu/Blackbelt Wrestling Academy	Fort Wayne	journeybjj.com	journeybjj.com
IN	Kroyler Gracie Jiu-Jitsu	Elkhart	kroylergracie.com	kroylergracie.com
IN	KruFit	Fishers	krufit.com	krufit.com
IN	Lee Brothers Submission Academy	Fort Wayne	leebrothersmma.com	leebrothersmma.com
IN	Mcvicker’s Brazilian Jiu-Jitsu	Terre Haute	jackmcvicker.com	jackmcvicker.com
IN	Monticello Jiu-Jitsu Academy	Monticello	monticellojiujitsu.square.site	monticellojiujitsu.square.site
IN	Muncie Brazilian Jiu-Jitsu	Muncie	munciebjj.com	munciebjj.com
IN	Pedigo Submission Fighting - Terre Haute	Terre Haute	eplegends.com	eplegends.com
IN	Performex Martial Arts and Fitness	Brownsburg	performexmartialarts.com	performexmartialarts.com
IN	Pollaro's Martial Arts	Plainfield	pollaroma.com	pollaroma.com
IN	Relentless Brazilian Jiu Jitsu	Warsaw	relentlessbjj.net	relentlessbjj.net
IN	Revolution Fitness Center	Mishawaka	joinrevolutionfc.com	joinrevolutionfc.com
IN	Rochester Family Martial Arts	Rochester	rochesterfamilymartialarts.com	rochesterfamilymartialarts.com
IN	Roll Model Grappling Academy	Greenwood	rollmodelgrapplingacademy.com	rollmodelgrapplingacademy.com
IN	SoBro Brazilian Jiu Jitsu	Indianapolis	sobrobjj.com	sobrobjj.com
IN	Southern Indiana Martial Arts	New Albany	southernindianamartialarts.com	southernindianamartialarts.com
IN	Sud'n Impact Gym	Fort Wayne	sudnimpactgym.com	sudnimpactgym.com
IN	Team Colón Mixed Martial Arts	Merrillville	teamcolonmma.com	teamcolonmma.com
IN	Team O'Connor Brazilian Jiu-Jitsu	Chesterton	team-oconnor.com	team-oconnor.com
IN	The Forge Training Center	Lafayette	theforgetc.com	theforgetc.com
IN	The JiuJitsu Academy	Evansville	thejiujitsuacademy.com	thejiujitsuacademy.com
IN	The School of Self Defense	Carmel	the-school-of-self-defense.com	the-school-of-self-defense.com
IN	Tiger Martial Arts Fitness Academy	Marion	tigermartialartsfitness.com	tigermartialartsfitness.com
IN	Torres Martial Arts Academy	Hobart	torresmartialarts.com	torresmartialarts.com
IN	UFC GYM Merrillville	Merrillville	ufcgym.com	ufcgym.com
IN	UFC GYM Whitestown	Whitestown	ufcgym.com	ufcgym.com
KS	Andover Jiu Jitsu	Andover	https://andoverjiujitsu.com	andoverjiujitsu.com
KS	Animal House FC	Wichita	https://www.animalhousefc.com	animalhousefc.com
KS	Arise Brazilian Jiu-Jitsu Academy	Pittsburg	https://arisebjj.org	arisebjj.org
KS	Brazil Academy USA	Lenexa	https://www.brazilacademyusa.com	brazilacademyusa.com
KS	Burns Martial Arts	Wichita	https://www.burnsmartialarts.com	burnsmartialarts.com
KS	Chaotic Jiu Jitsu	Newton	https://www.chaoticjiujitsu.com	chaoticjiujitsu.com
KS	Chute Boxe KC	Lenexa	https://chuteboxekc.com	chuteboxekc.com
KS	Combative Sports Center	Manhattan	https://www.cscmhk.com	cscmhk.com
KS	Dodge City House of Grappling	Dodge City	https://www.dodgecitygrappling.com	dodgecitygrappling.com
KS	E3 Jiu-Jitsu	Overland Park	https://www.e3sf.org	e3sf.org
KS	Elite Academy of Martial Arts Junction City	Junction City	https://eliteacademyma.com	eliteacademyma.com
KS	Elite Combat Sports Center	Hutchinson	https://elitecombatsportscenter.com	elitecombatsportscenter.com
KS	Elite Martial Arts Academy	Arkansas City	https://elitemartialartsacademyks.com	elitemartialartsacademyks.com
KS	Emporia BJJ	Emporia	https://emporiabjj.com	emporiabjj.com
KS	Ethos BJJ Wichita	Wichita	https://ethosjj.com	ethosjj.com
KS	Fox Fitness BJJ	Wichita	https://www.foxfitnessbjj.com	foxfitnessbjj.com
KS	Gracie Barra Overland Park	Overland Park	https://gboverlandpark.com	gboverlandpark.com
KS	Ground Theory Jiu Jitsu	Lawrence	https://www.groundtheoryjiujitsu.com	groundtheoryjiujitsu.com
KS	Immortal MMA	Wichita	https://www.immortalmmawichita.com	immortalmmawichita.com
KS	Kansas City Brazilian Jiu Jitsu	Mission	http://www.kcbjj.com	kcbjj.com
KS	Laselva MMA	Derby	https://laselvamma.com	laselvamma.com
KS	Marathon Mixed Martial Arts Academy	Overland Park	https://overlandparkmma.com	overlandparkmma.com
KS	NWKS Jiu Jitsu Colby	Colby	https://nwksjiujitsu.com	nwksjiujitsu.com
KS	NWKS Jiu Jitsu Goodland	Goodland	https://nwksjiujitsu.com	nwksjiujitsu.com
KS	NWKS Jiu Jitsu Hays	Hays	https://nwksjiujitsu.com	nwksjiujitsu.com
KS	Newton Jiu Jitsu	Newton	https://newtonjiujitsu.com	newtonjiujitsu.com
KS	November Tango BJJ	Great Bend	https://novembertangobjj.com	novembertangobjj.com
KS	Prairie Wolfe Jiu Jitsu	Wichita	https://prairiewolfejiujitsu.com	prairiewolfejiujitsu.com
KS	R.E. Training Center	Topeka	https://roneyedlerbrazilianjiujitsu.com	roneyedlerbrazilianjiujitsu.com
KS	RS MMA and Fitness	Junction City	https://rsmartialarts.com	rsmartialarts.com
KS	Rivers Brazilian Jiu-Jitsu	Lawrence	https://www.riversjiujitsu.com	riversjiujitsu.com
KS	TMC Brazilian Jiu-Jitsu	Overland Park	https://tmcbjj.com	tmcbjj.com
KS	Valor Martial Arts	Wichita	https://www.wichitavalor.com	wichitavalor.com
KS	WaveMan Combat Academy	Salina	https://wavemanjiujitsu.com	wavemanjiujitsu.com
KY	13 Jiu Jitsu	Glasgow	https://www.facebook.com/13JiuJitsu	facebook.com
KY	AKF Lexington Martial Arts	Nicholasville	https://akflexington.com/	akflexington.com
KY	Alliance Jiu Jitsu Henderson KY	Henderson	http://www.scottaudasjiujitsu.com/	scottaudasjiujitsu.com
KY	American Grappling	Tompkinsville	https://americangrappling.org/	americangrappling.org
KY	Apex Martial Arts Academy	Shepherdsville	https://theapexmaa.com	theapexmaa.com
KY	Area 502 MMA - Carlson Gracie Team	Louisville	https://area502mma.com/	area502mma.com
KY	Atmosphere Martial Arts Academy	Paducah	https://www.atmospheremartialarts.com/	atmospheremartialarts.com
KY	BarnYard MMA	Crittenden	https://barnyardmma.com/	barnyardmma.com
KY	Bluegrass Martial Arts	Jeffersontown	https://bluegrassmartialarts.com/	bluegrassmartialarts.com
KY	Carlson Gracie Northern Kentucky - MMA, Jiu-Jitsu, & Judo	Newport	https://www.carlsongracienky.com/	carlsongracienky.com
KY	Club MMA	Highland Heights	https://www.club-mma.com/	club-mma.com
KY	Core Combat Sports Louisville	Louisville	https://corelouisville.com	corelouisville.com
KY	Criterion Brazilian Jiu Jitsu of Louisville	Louisville	https://criterionbjj.com	criterionbjj.com
KY	Derby City MMA	Louisville	https://derbycitymartialarts.com	derbycitymartialarts.com
KY	E-town/Bowling Green Clube de Jiu-Jitsu	Elizabethtown	https://e-townbjj.com/	e-townbjj.com
KY	East West Karate and BJJ Somerset	Somerset	https://www.facebook.com/eastwestmartialarts/	facebook.com
KY	Elite Martial Arts-Richmond	Paducah	https://www.elitema.org/	elitema.org
KY	Fight Factory Louisville	Louisville	https://www.fightfactoryky.com	fightfactoryky.com
KY	Frankfort Martial Arts	Frankfort	https://martialartsky.com/	martialartsky.com
KY	Go Do Ryu Mixed Martial Arts	Walton	https://godoryu.com/	godoryu.com
KY	Gracie Jiu-Jitsu of Kentucky - Louisville	Louisville	https://graciekentucky.com/location/louisville-ky/	graciekentucky.com
KY	Gracie Owensboro	Owensboro	https://gracieowensboro.com/	gracieowensboro.com
KY	Hicsmma	Bowling Green	https://www.hicsmma.com/	hicsmma.com
KY	Hidden Samurai Martial Arts	Owensboro	https://www.hiddensamurai.cmasdirect.com	hiddensamurai.cmasdirect.com
KY	Hopkinsville Martial Arts	Hopkinsville	https://hoptownmartialarts.com/	hoptownmartialarts.com
KY	Insight BJJ Somerset KY	Somerset	https://www.insightbjj-ky.com/	insightbjj-ky.com
KY	Iron Fist Gym	Maysville	https://www.facebook.com/pages/Iron-Fist-Gym/197039466976181	facebook.com
KY	Lexington Academy of Martial Arts - LAMA	Lexington	https://www.facebook.com/Lexington-Academy-of-Martial-Arts-LAMA-112562654001820/	facebook.com
KY	Lexington Jiu-Jitsu & Fitness	Lexington	https://lexingtonjiujitsuandfitness.com	lexingtonjiujitsuandfitness.com
KY	Life's Ultimate Martial Arts Academy	Maysville	https://www.lumaacademy.net/	lumaacademy.net
KY	MADE Fitness and Training Center	Louisville	https://www.madelouisville.com/	madelouisville.com
KY	Martial Arts USA (Fayette Mall Location)	Lexington	https://www.martialartslexington.com/contact-us	martialartslexington.com
KY	Newport Fitness	Newport	https://www.newport-fitness.com/	newport-fitness.com
KY	Old Louisville Jiu Jitsu Academy	Louisville	https://www.oldlouisvillejiujitsuacademy.com	oldlouisvillejiujitsuacademy.com
KY	Oldham County Martial Arts Academy	La Grange	https://www.ocmaaky.com	ocmaaky.com
KY	Phil Clark's Martial Arts & Relson Gracie Jiu-Jitsu Of KY	Ashland	https://ashlandtaekwondo.com/	ashlandtaekwondo.com
KY	Reaction MMA	Nicholasville	https://www.reactionmma.com	reactionmma.com
KY	Real Fighters Gym, LLC	Louisville	https://www.realfightersgym.com/	realfightersgym.com
KY	Rough Hands BJJ	Louisville	https://roughhandsbjj.com	roughhandsbjj.com
KY	Sentou Dojo	Bowling Green	https://www.bgdojo.com/	bgdojo.com
KY	Skinner's Martial Arts	Grand Rivers	https://www.skinnersmartialarts.com/	skinnersmartialarts.com
KY	Somerset Martial Arts Summer Camp & Afterschool	Somerset	https://somersetmartialartsky.com/	somersetmartialartsky.com
KY	Son Of Siam Martial Arts	Erlanger	https://www.sonofsiam.com	sonofsiam.com
KY	St. Matthews Martial Arts	Louisville	https://www.gokempo.com/	gokempo.com
KY	Team AFS MMA	Richmond	http://www.afsacademy.com/	afsacademy.com
KY	Three Rivers Martial Arts Academy	Paducah	https://threeriversacademy.com/dev/	threeriversacademy.com
KY	United Martial Arts Academy	London	https://www.kentuckymartialarts.com/	kentuckymartialarts.com
KY	Wilson Fitness & Martial Arts	Olive Hill	https://www.facebook.com/wilsonmartial.arts.3/	facebook.com
LA	AMP BJJ Baton Rouge	Baton Rouge	https://ampbjj.com/about-amp-bjj/amp-bjj-baton-rouge/	ampbjj.com
LA	Acadiana Jiu Jitsu	Scott	http://acadianajiujitsu.com/	acadianajiujitsu.com
LA	Active Martial Arts	Gonzales	http://www.activegonzales.com/	activegonzales.com
LA	BJJ Revolution Team - Baton Rouge	Zachary	https://www.bjjrevolutionteam.com/	bjjrevolutionteam.com
LA	Bayou Jiu Jitsu & Self Defense Baton Rouge	Baton Rouge	https://bayoujiujitsu.us/	bayoujiujitsu.us
LA	Be Jiu Jitsu	Lafayette	https://be-jj.com	be-jj.com
LA	Belle Chasse Martial Arts	Belle Chasse	http://www.bellechassemartialarts.com/	bellechassemartialarts.com
LA	Blacklist Martial Arts	Houma	http://www.blacklistbjj.com/	blacklistbjj.com
LA	Bossier Jiu-Jitsu: Louisiana Black Belt Academy	Bossier City	https://bossierjiujitsu.com/	bossierjiujitsu.com
LA	Church's Karate & Kickboxing Academy	New Orleans	http://www.churchskarateacademy.com/	churchskarateacademy.com
LA	Clementi's Gladiator Academy	Slidell	https://www.facebook.com/ClementisGladiatorAcademy	facebook.com
LA	Combat Jujitsu	Metairie	https://www.combatjujitsu.biz/	combatjujitsu.biz
LA	Cyclone Brazilian Jiu Jitsu	Boutte	https://cyclonejj.com/	cyclonejj.com
LA	Cyclone Brazilian Jiu Jitsu & Combatives	Boutte	https://cyclonecombatives.com	cyclonecombatives.com
LA	David Vincent's Martial Arts & Fitness	Baton Rouge	http://www.dvmafit.com/	dvmafit.com
LA	DiBenedetto's Karate Jiu-Jitsu	Hammond	http://www.dkjla.com/	dkjla.com
LA	Excelsior Jiu-Jitsu Denham Springs	Denham Springs	http://excelsiorbjj.com/	excelsiorbjj.com
LA	Forever Driven Martial Arts	New Orleans	https://foreverdrivennola.com/	foreverdrivennola.com
LA	GB Lake Charles	Lake Charles	https://gblakecharles.com/	gblakecharles.com
LA	GB Moss Bluff	Moss Bluff	http://www.gbmossbluff.com/	gbmossbluff.com
LA	Gladiators Academy of Breaux Bridge	Breaux Bridge	http://www.gladiatorsbb.com/	gladiatorsbb.com
LA	Gladiators Academy of Youngsville	Youngsville	http://www.gladiatorsyv.com/	gladiatorsyv.com
LA	Gracie Jiu-Jitsu Shreveport / Bossier City	Bossier City	https://graciesbc.com	graciesbc.com
LA	Gracie Jiu-Jitsu Youngsville	Youngsville	http://gracieyoungsville.com/	gracieyoungsville.com
LA	Gracie United - Team Jucāo Chalmette	Chalmette	http://www.gubjj.com/	gubjj.com
LA	Gracie United Baton Rouge	Baton Rouge	http://www.gracieunited.com/	gracieunited.com
LA	Gracie United Baton Rouge - Tiger Bend	Baton Rouge	https://batonrougejiujitsu.com	batonrougejiujitsu.com
LA	Gracie United Covington	Covington	https://trainbjjnow.com/	trainbjjnow.com
LA	Gracie United Hammond	Hammond	https://trainbjjnow.com/	trainbjjnow.com
LA	Gracie United Team Jucao Plaquemine	Plaquemine	https://www.facebook.com/guplaquemine/	facebook.com
LA	Gracie United Team Jucao-Leesville	Leesville	https://gracie-united-team-jucao-leesville.business.site/	gracie-united-team-jucao-leesville.business.site
LA	Guerrilla Jiu-Jitsu Thibodaux	Thibodaux	http://www.guerrillajiujitsuthibodaux.com/	guerrillajiujitsuthibodaux.com
LA	Hayashi Judo School	New Orleans	http://www.nolajudo.com/	nolajudo.com
LA	Hero Fitness Academy	Calhoun	https://herofitnessacademy.com/	herofitnessacademy.com
LA	Indigo Brazilian Jiu Jitsu Sulphur	Sulphur	http://indigobjj.com/	indigobjj.com
LA	Inner Game Jiu-Jitsu	Ville Platte	https://www.innergamebjj.com	innergamebjj.com
LA	JM Modern Jiu Jitsu	Baton Rouge	https://www.jmmodernjj.com	jmmodernjj.com
LA	Kimm's Institute of Self-Defense	Baton Rouge	https://www.kimmsinstitute.info/	kimmsinstitute.info
LA	Kron Gracie Jiu Jitsu West Monroe	West Monroe	http://www.kgjjwm.com/	kgjjwm.com
LA	Legacy Fitness Factory	Metairie	http://legacyfitnessfactory.com/	legacyfitnessfactory.com
LA	Light City Martial Arts	Natchitoches	http://www.lightcitymma.com/	lightcitymma.com
LA	Louisiana Black Belt Academy	Morgan City	https://morgancitymartialarts.com/	morgancitymartialarts.com
LA	Movement Fitness - Watson	Denham Springs	https://www.mindbodyonline.com/explore/locations/movement-martial-arts-and-fitness	mindbodyonline.com
LA	NOLA BJJ (Uptown)	New Orleans	https://nolabjj.com	nolabjj.com
LA	NOLA BJJ Westbank	New Orleans	http://westbanksocialclub.com/	westbanksocialclub.com
LA	Next Level Martial Arts of Houma	Houma	http://www.nlmahouma.com/	nlmahouma.com
LA	Olympic Brazilian Jiu Jitsu	Sulphur	https://olympicbjj.org	olympicbjj.org
LA	PE Training Center	Lake Charles	http://www.petrainingcenter.com/	petrainingcenter.com
LA	Pinnacle Martial Arts Academy	Monroe	https://pinnacle-ma.com/	pinnacle-ma.com
LA	Premier Martial Arts Slidell	Slidell	http://www.premiermartialarts.com/slidell	premiermartialarts.com
LA	Rogue 22 BJJ	Bossier City	https://bookeo.com/rogue22bjj	bookeo.com
LA	Ronin Martial Arts & Fitness	River Ridge	http://roninmma.fitness/	roninmma.fitness
LA	S.I.C.A. MMA and Krav Maga	Gonzales	http://www.sicamma.com/	sicamma.com
LA	SMAA/Soul Fighters SBC, Brazilian Jiu Jitsu	Bossier City	http://www.sbcjiujitsu.com/	sbcjiujitsu.com
LA	Science of Jiu Jitsu Academy	Harvey	https://scienceofjiujitsu.net	scienceofjiujitsu.net
LA	Shogun	Metairie	http://www.shogunnola.com/contact/	shogunnola.com
LA	Southern Karate Jiu-Jitsu	Covington	https://www.facebook.com/SouthernKarate/	facebook.com
LA	Studio 334	Rayne	https://www.facebook.com/studio334la/	facebook.com
LA	Team Juggernaut Brazilian Jiu Jitsu & Fitness Academy	Opelousas	https://teamjuggernautbrazilianjiujitsufitness.business.site/	teamjuggernautbrazilianjiujitsufitness.business.site
LA	Team Tooke Mixed Martial Arts Lafayette	Lafayette	https://www.teamtooke.com/	teamtooke.com
LA	Temple Gym NOLA	New Orleans	https://www.templegymnola.com/	templegymnola.com
LA	Thanh Le's MMA at Moon College	Metairie	http://www.lebrosmma.com/	lebrosmma.com
LA	Vida Jiu-Jitsu	Mandeville	http://www.vidabjj.com/	vidabjj.com
LA	Wall To Wall Martial Arts	Denham Springs	http://www.wallmartialarts.com/	wallmartialarts.com
LA	West Louisiana Jujutsu Training Academy	Leesville	http://www.leesvillejujutsu.com/	leesvillejujutsu.com
LA	Yonsei Martial Arts Academy	Kenner	https://calendly.com/info4yonsei/quick-start	calendly.com
LA	Zachary Martial Arts	Zachary	http://www.zacharymartialarts.com/	zacharymartialarts.com
MA	10th Planet Jiu Jitsu Springfield MA	Agawam	10thplanetspringfieldma.com	10thplanetspringfieldma.com
MA	Adas Jiu Jitsu Academy	Peabody	bjjpeabody.com	bjjpeabody.com
MA	Alliance Jiu-Jitsu Framingham	Framingham	alliancebjjframingham.com	alliancebjjframingham.com
MA	American Grit MMA	Canton	americangritmma.com	americangritmma.com
MA	Atlas Jiu Jitsu Waltham	Waltham	https://www.atlasjiujitsu.com/waltham-massachusetts	atlasjiujitsu.com
MA	Back to Basics Martial Arts & Fitness	Boston	backtobasicsboston.com	backtobasicsboston.com
MA	BattleGround Jiu-Jitsu Academy	West Springfield	https://battlegroundjiujitsu.com	battlegroundjiujitsu.com
MA	Bay State Brazilian Jiu-Jitsu	Natick	natickbjj.academy	natickbjj.academy
MA	Bernardo Faria Brazilian Jiu-Jitsu Academy	Bedford	bernardofariaacademy.com	bernardofariaacademy.com
MA	Binda Jiu Jitsu	Haverhill	bindajiujitsu.com	bindajiujitsu.com
MA	Bishop's Training & Fitness	West Bridgewater	bishopstrainingandfitness.com	bishopstrainingandfitness.com
MA	Boston Brazilian Jiu Jitsu	Boston	https://bostonbjj.com/	bostonbjj.com
MA	Boston Brazilian Jiu Jitsu Framingham	Framingham	bbjjoff.com	bbjjoff.com
MA	Boston Brazilian Jiu Jitsu Stoughton	Stoughton	bostonbjjstoughton.com	bostonbjjstoughton.com
MA	Boston Brazilian Jiu-Jitsu Newton	Newton	bbjiujitsu.com	bbjiujitsu.com
MA	Boston Brazilian Jiu-Jitsu Woburn	Woburn	https://bostonbjjwoburn.com	bostonbjjwoburn.com
MA	Brazilian Martial Arts Center	Somerville	bmacboston.com	bmacboston.com
MA	Brazilian Top Team Back Bay	Boston	https://bttbackbay.co	bttbackbay.co
MA	Brazilian Top Team Boston	Everett	bttboston.com	bttboston.com
MA	Broadway Jiu-Jitsu and Fitness	Boston	broadwayjiujitsu.com	broadwayjiujitsu.com
MA	CBJJ School	Leominster	cbjjteam.com	cbjjteam.com
MA	Citadel Martial Arts	Boston	citadelmartialarts.com	citadelmartialarts.com
MA	Combat Sports Boston	Boston	combatsportsboston.com	combatsportsboston.com
MA	Combate Real School of Jiu Jitsu	Southbridge	combaterealjiujitsu.com	combaterealjiujitsu.com
MA	Connors Mixed Martial Arts Academy	Norwood	connorsma.com	connorsma.com
MA	CrossFit Arsenal (and BJJ)	Watertown	crossfitarsenal.com	crossfitarsenal.com
MA	Curtis Mateus BJJ	New Bedford	curtismateusbjj.com	curtismateusbjj.com
MA	DF Fitness & Martial Arts Center	Gloucester	dffitnessmacenter.com	dffitnessmacenter.com
MA	Daniel Gracie Academy Falmouth	Falmouth	https://daniel-gracie.com/	daniel-gracie.com
MA	Daniel Gracie Academy Hyannis	Hyannis	daniel-gracie-academy-hyannis.business.site	daniel-gracie-academy-hyannis.business.site
MA	Daniel Gracie Academy Northborough	Northborough	danielgracieacademy.com	danielgracieacademy.com
MA	Daniel Gracie Academy Orleans	Orleans	gracie-capecod.business.site	gracie-capecod.business.site
MA	Danny Savery BJJ Somerset MA	Somerset	dannysaverybjj.com	dannysaverybjj.com
MA	Danny Savery Brazilian Jiu Jitsu - Fairhaven MA	Fairhaven	dannysaverybjj.com	dannysaverybjj.com
MA	Darkside Jiu-Jitsu LLC	Plainville	darksidebjj.com	darksidebjj.com
MA	Davis Square Martial Arts	Somerville	davissquaremartialarts.com	davissquaremartialarts.com
MA	Dedeco Brazilian Jiu Jitsu Weymouth - NEU team	Weymouth	dedecobjj.com	dedecobjj.com
MA	Dedeco Brazilian Jiu-Jitsu Marshfield/Pembroke	Pembroke	dedecobjj.com	dedecobjj.com
MA	Dragon Lair Mma	Framingham	dragonlairmma.com	dragonlairmma.com
MA	Dragon Within Mixed Martial Arts	Salem	dragonwithinmartialarts.com	dragonwithinmartialarts.com
MA	Empower Brazilian Jiu Jitsu	Boston	empowerbjj.com	empowerbjj.com
MA	Evolution Performance Center	Tewksbury	evolutionperformancecenter.com	evolutionperformancecenter.com
MA	Evolve Jiu Jitsu Training Center	Uxbridge	massjiujitsu.com	massjiujitsu.com
MA	FUJI Martial Arts Jiu-Jitsu & Judo Woburn	Woburn	fujimartialarts.com	fujimartialarts.com
MA	FUJI Martial Arts Jiu-Jitsu Wakefield	Wakefield	fujigym.com	fujigym.com
MA	Fenix Brazilian Jiu Jitsu Tewksbury	Tewksbury	fenixbjj.com	fenixbjj.com
MA	Fenix Brazilian Jiu Jitsu Woburn	Woburn	fenixbjj.com	fenixbjj.com
MA	Fighting Arts Academy	Springfield	fightingartsacademy.com	fightingartsacademy.com
MA	Florian Martial Arts Center	Brookline	https://www.florianmartialartscenter.com	florianmartialartscenter.com
MA	GB South Shore	Scituate	graciebarra.com	graciebarra.com
MA	Gabriel Gladiator Training Center	West Springfield	gabrielgladiator.com	gabrielgladiator.com
MA	Gentle Art Dojo	Chelmsford	gentleartdojo.com	gentleartdojo.com
MA	Ginsberg Academy BJJ	Cambridge	ginsbergacademy.com	ginsbergacademy.com
MA	Gracie Barra Boston	Boston	graciebarraboston.com	graciebarraboston.com
MA	Gracie Barra Peabody	Peabody	https://graciebarrapeabody.com	graciebarrapeabody.com
MA	Gracie Jiu-Jitsu Dedham	Dedham	graciededham.com	graciededham.com
MA	Ground Units Bjj	Westfield	groundunitsbjj.wordpress.com	groundunitsbjj.wordpress.com
MA	Hard Knocks Muay Thai & Mma	Everett	hardknockseverett.com	hardknockseverett.com
MA	Hudson Combat Academy	Hudson	hudsoncombat.com	hudsoncombat.com
MA	Hyannis Mixed Martial Arts of Cape Cod	Hyannis	hyannismixedmartialarts.com	hyannismixedmartialarts.com
MA	Icon Jiu Jitsu Team USA	North Billerica	iconbjj-usa.com	iconbjj-usa.com
MA	Impact School Of Martial Arts	Bellingham	groundwarrior.com	groundwarrior.com
MA	Institute of Combative Arts (Gracie Jiu-Jitsu Quincy)	Quincy	instituteofcombativearts.com	instituteofcombativearts.com
MA	Kimura BJJ	Watertown	kimurabjj.com	kimurabjj.com
MA	Level Ground Mixed Martial Arts	Dorchester	levelgroundmma.org	levelgroundmma.org
MA	Luiz Paulo Brazilian Jiu Jitsu 7th Coral Belt	Norwood	luizpaulojiujitsu.com	luizpaulojiujitsu.com
MA	Mass Best Martial Arts Center	Webster	facebook.com	facebook.com
MA	Mass Bjj	Acton	massbjj.com	massbjj.com
MA	Maxx Training Center Martial Arts	Stoughton	maxxtrainingcenter.com	maxxtrainingcenter.com
MA	Mena Fitness Training & Brazilian Jiu Jitsu	Stow	menafitnesstraining.com	menafitnesstraining.com
MA	Mmaxout Fitness And Martial Arts	Revere	bostonfight.com	bostonfight.com
MA	Mo's Martial Arts	Dedham	mosmartialarts.com	mosmartialarts.com
MA	New England Fit And MMA	Springfield	newenglandfit.com	newenglandfit.com
MA	New England Submission Fighting	Amherst	amherstmma.com	amherstmma.com
MA	New Vision Academy of Jiu Jitsu	Hyde Park	nvajj.com	nvajj.com
MA	Newaza Brazilian Jiu-Jitsu Club	Fitchburg	newazabjj.com	newazabjj.com
MA	Nexus Martial Arts & Fitness	Wareham	nexusma.com	nexusma.com
MA	North Shore Brazilian Jiu-Jitsu Academy	Salem	northshorebjj.com	northshorebjj.com
MA	Paradigm Brazilian Jiu Jitsu	Lowell	https://www.theparadigmacademy.com	theparadigmacademy.com
MA	Phoenix BJJ Marlborough	Marlborough	phoenix-jj.com	phoenix-jj.com
MA	Private Jewels Fitness	Lynn	privatejewelsfitness.com	privatejewelsfitness.com
MA	RBJJ Taunton - BTT Taunton	Taunton	rbjjtaunton.com	rbjjtaunton.com
MA	REAL Brazilian Jiu Jitsu Middleboro	Middleborough	realbjj.com	realbjj.com
MA	REDLINE Fight Sports	Cambridge	redlinefightsports.com	redlinefightsports.com
MA	Randy Brown Mantis Boxing & Brazilian Jiu-Jitsu	Westminster	randybrownmantisboxing.com	randybrownmantisboxing.com
MA	Regiment Training Center	Fall River	regimenttrainingcenter.com	regimenttrainingcenter.com
MA	Resolve Martial Arts	North Chelmsford	resolvemartialarts.com	resolvemartialarts.com
MA	Revere Jiu Jitsu Center	Revere	reverejiujitsucent.wixsite.com	reverejiujitsucent.wixsite.com
MA	Sardinha BJJ Cape Cod	Dennis	https://www.sardinhabjjcapecod.com	sardinhabjjcapecod.com
MA	Sento Mixed Martial Arts Academy	West Springfield	westspringfieldmma.com	westspringfieldmma.com
MA	Sityodtong Northshore	Beverly	sityodtongnorthshore.com	sityodtongnorthshore.com
MA	Soneca Brazilian Jiu Jitsu / Team NEU BJJ - Marlborough	Marlborough	sonecabjj.com	sonecabjj.com
MA	Soneca Brazilian Jiu-Jitsu/ Team NEU – Worcester	Worcester	sonecabjj.com	sonecabjj.com
MA	South Boston BJJ	Boston	https://southbostonbjj.com	southbostonbjj.com
MA	Squared Brazilian Jiu Jitsu	Worcester	squared-bjj-worcester.ueniweb.com	squared-bjj-worcester.ueniweb.com
MA	Straight Blast Gym East Coast	North Dartmouth	sbgeastcoast.com	sbgeastcoast.com
MA	Submit Your Friend Brazilian Jiujitsu Academy	Brighton	syf-bjj.com	syf-bjj.com
MA	Team Flo Brazilian Jiu Jitsu (NEU BJJ affiliate)	Tyngsborough	teamflojiujitsu.com	teamflojiujitsu.com
MA	Team Link BJJ (Brazilian Jiu Jitsu) Marlborough	Marlborough	m.facebook.com	m.facebook.com
MA	Team Link Brazilian Jiu-Jitsu	Ludlow	linkbjj.com	linkbjj.com
MA	Team Link Northampton	Northampton	teamlinknoho.com	teamlinknoho.com
MA	Terrinha Draculino BJJ Team	Hopkinton	tdtbjj.com	tdtbjj.com
MA	The Fighting Arts Academy	Fitchburg	fightingartsfitchburg.com	fightingartsfitchburg.com
MA	Theodorou Academy of Jiu Jitsu	Watertown	bostonselfdefense.com	bostonselfdefense.com
MA	Thurston Academy (NEU BJJ affiliate)	Kingston	thurstonacademy.com	thurstonacademy.com
MA	Thurston Martial Arts	Hanover	thurstonmartialarts.com	thurstonmartialarts.com
MA	Total Performance Sports	Everett	totalperformancesports.com	totalperformancesports.com
MA	UFC GYM Boston Financial District	Boston	ufcgym.com	ufcgym.com
MA	USMMA Martial Arts and Yoga	Bellingham	clients.mindbodyonline.com	clients.mindbodyonline.com
MA	VACA BJJ & MMA	West Springfield	https://www.vacabjjmma.com	vacabjjmma.com
MA	Versus Jiu-jitsu	Natick	versusjiujitsu.com	versusjiujitsu.com
MA	Viver MMA	Boston	vivermma.com	vivermma.com
MA	Wai Kru Mixed Martial Arts	Allston	waikru.com	waikru.com
MA	Way Of Life BJJ	Saugus	wayoflifebjj.wixsite.com	wayoflifebjj.wixsite.com
MA	Worcester MMA	Worcester	worcestermma.com	worcestermma.com
MA	ZenQuest Martial Arts Center	Lenox	zenquestmac.com	zenquestmac.com
MA	Zichelle MMA BJJ & Fitness	Leominster	zichellemmaandfitness.com	zichellemmaandfitness.com
MA	k i Salem Martial Arts	Salem	kisalemma.com	kisalemma.com
MB	Balance Jiu Jitsu	Winnipeg	https://www.balancebjjwinnipeg.com	balancebjjwinnipeg.com
MB	Brazil-021 Winnipeg	Winnipeg	https://www.brazil021wpg.com	brazil021wpg.com
MB	Canadian Fighting Center	Winnipeg	https://www.cfcgym.net	cfcgym.net
MB	Champion Brazilian Jiu-Jitsu & Capoeira	Winnipeg	https://beachampion.ca	beachampion.ca
MB	Future MMA	Steinbach	https://futuremma.ca	futuremma.ca
MB	Gracie Jiu-Jitsu Winnipeg	Winnipeg	https://graciejiujitsuwinnipeg.com	graciejiujitsuwinnipeg.com
MB	Innovative Martial Arts & Fitness	Winnipeg	https://winnipegmartialarts.ca	winnipegmartialarts.ca
MB	Iron Image Barbell Club	Selkirk	https://www.ironimage.ca	ironimage.ca
MB	Precision MMA Morden	Morden	https://www.precisionmma.ca	precisionmma.ca
MB	RISE Athletics	Winkler	https://www.riseactive.ca	riseactive.ca
MB	Revelation Martial Arts	Steinbach	https://www.revelationmartialarts.com	revelationmartialarts.com
MB	Robert Lee Martial Arts	Winnipeg	https://www.robertleema.ca	robertleema.ca
MB	Socius BJJ	Winnipeg	https://www.sociusbjj.com	sociusbjj.com
MB	Thrive Academy	Winnipeg	https://thriveacademy.ca	thriveacademy.ca
MB	WAMMA Brandon	Brandon	https://wammabrandon.com	wammabrandon.com
MB	WAMMA Dauphin	Dauphin	https://wamma.site/dauphin	wamma.site
MB	WAMMA Flin Flon	Flin Flon	https://wamma.site/flinflon	wamma.site
MB	WAMMA NextGen	Winnipeg	https://wamma.site	wamma.site
MB	WAMMA Niverville	Niverville	https://wammaniverville.ca	wammaniverville.ca
MB	WAMMA Thompson	Thompson	https://wamma.site/thompson	wamma.site
MD	2nd Gear BJJ	Laurel	2ndgearbjj.com	2ndgearbjj.com
MD	Agoge Brazilian Jiu Jitsu	Severna Park	agogebjj.com	agogebjj.com
MD	Alliance Jiu Jitsu Maryland	Gaithersburg	thefoundrybjj.com	thefoundrybjj.com
MD	American Martial Arts Gym	Waldorf	amagmma.com	amagmma.com
MD	Ascend Institute of Martial Arts	Bethesda	ascendbethesda.com	ascendbethesda.com
MD	Baltimore Brazilian Jiu Jitsu	Essex	baltimorebjj.com	baltimorebjj.com
MD	Baltimore Gracie Jiu-Jitsu	Halethorpe	baltimoregraciejiujitsu.com	baltimoregraciejiujitsu.com
MD	Baltimore Martial Arts Academy	Catonsville	baltimoremartialarts.com	baltimoremartialarts.com
MD	Baltimore Mixed Martial Arts	Elkridge	baltimoremixedmartialarts.com	baltimoremixedmartialarts.com
MD	Bams Martial Arts & Fitness	Laurel	thebams.com	thebams.com
MD	Bartman MMA and Self-Defense	Silver Spring	bartmanmma.com	bartmanmma.com
MD	Bel Air BJJ & MMA	Bel Air	belairbjj.com	belairbjj.com
MD	Bellicose Martial Arts	Crofton	bellicosemartialarts.zenplanner.com	bellicosemartialarts.zenplanner.com
MD	Beltway Martial Arts	Silver Spring	beltwaymartialarts.com	beltwaymartialarts.com
MD	Berwyn Heights Brazilian Jiu Jitsu	College Park	berwynheightsbjj.com	berwynheightsbjj.com
MD	Bowerhouse Academy of Mixed Martial Arts	Frederick	bowerhouseacademy.com	bowerhouseacademy.com
MD	Brazu Jiu Jitsu Academy	Silver Spring	brazubjj.com	brazubjj.com
MD	Calvert MMA Academy	Sunderland	calvertmma.com	calvertmma.com
MD	Capital MMA & Elite Fitness	Takoma Park	capitalmma.com	capitalmma.com
MD	Chevy Chase Jujitsu	Chevy Chase	chevychasejujitsu.com	chevychasejujitsu.com
MD	Clinch Martial Arts Academy	Frederick	clinchacademy.com	clinchacademy.com
MD	College Park Mixed Martial Arts	Beltsville	cpmma.net	cpmma.net
MD	Conquest Martial Arts & Fitness	Millersville	bjjconquest.com	bjjconquest.com
MD	Crazy 88 Mixed Martial Arts	Elkridge	crazy88mma.com	crazy88mma.com
MD	Culture of Jiu Jitsu	Gaithersburg	cultureofjiujitsu.com	cultureofjiujitsu.com
MD	Danzan Ryu Jujitsu Academy	Bethesda	jujitsuacademy.com	jujitsuacademy.com
MD	East Coast Martial Arts	Annapolis	eastcoastmartialarts.com	eastcoastmartialarts.com
MD	Ferocity Mixed Martial Arts	Owings Mills	ferocitymmaclub.com	ferocitymmaclub.com
MD	FightCamp Thai Boxing	Cockeysville	fightcampthaiboxing.com	fightcampthaiboxing.com
MD	Form Jiu Jitsu Academy	Baltimore	formjiujitsu.com	formjiujitsu.com
MD	Fort Washington United	Fort Washington	unitedmartialartsmd.com	unitedmartialartsmd.com
MD	Global Martial Arts Academy	Hampstead	globalhapkido.com	globalhapkido.com
MD	Gracie Jiu-Jitsu Maryland (Finksburg)	Finksburg	realjiujitsu.com	realjiujitsu.com
MD	Gracie Ocean City	Ocean City	gracieoceancity.com	gracieoceancity.com
MD	Grapple Academy Martial Arts	Nottingham	perryhallmartialarts.com	perryhallmartialarts.com
MD	Ground Control Jiu-Jitsu Academy	Rosedale	groundcontrolbaltimore.com	groundcontrolbaltimore.com
MD	Ground Control Owings Mills	Owings Mills	groundcontrolom.com	groundcontrolom.com
MD	Hagerstown Brazilian Jiu Jitsu Academy	Hagerstown	hagerstownbjj.com	hagerstownbjj.com
MD	Han Mi Martial Arts / Gracie Damascus	Damascus	hanmimartialarts.com	hanmimartialarts.com
MD	Hero MMA Academy	Annapolis Junction	herommaacademy.com	herommaacademy.com
MD	Infinite Fighting Concepts MMA	Gaithersburg	ifcmma.com	ifcmma.com
MD	Infinity Jiu-jitsu Maryland	Timonium	infinitybjjmaryland.com	infinitybjjmaryland.com
MD	Interactive Fitness Gym & MMA	Timonium	interactivefitnessgym.com	interactivefitnessgym.com
MD	Inversion Martial Arts	Colora	inversionbjj.com	inversionbjj.com
MD	Kang's Mixed Martial Arts	Aspen Hill	tigermma.com	tigermma.com
MD	Kanjizai Academy of Jiu-Jitsu	Baltimore	towsonmartialarts.com	towsonmartialarts.com
MD	Kogen Dojo Self Defense Academy	Severna Park	kogendojo.com	kogendojo.com
MD	Kogen Dojo Self Defense Academy: Brazilian Jiu-Jitsu & Muay Thai	Annapolis	kogendojo.com	kogendojo.com
MD	Lineage Brazilian Jiu Jitsu	California	lineagebjj.com	lineagebjj.com
MD	MMA & Sport	Damascus	mmaandsport.com	mmaandsport.com
MD	Maguilla's BJJ Academy	Silver Spring	bjjonline.com	bjjonline.com
MD	Method Jiu-Jitsu	Forest Hill	methodmma.com	methodmma.com
MD	Mid Shore Martial Arts	Easton	fitnessrxworkout.com	fitnessrxworkout.com
MD	New Wave Martial Arts Perry Hall	Nottingham	newwavema.com	newwavema.com
MD	Noel Smith Glen Burnie Brazilian Jiu-Jitsu	Glen Burnie	noelsmithbjj.com	noelsmithbjj.com
MD	Potomac MMA	Potomac	potomacmma.com	potomacmma.com
MD	Practical MMA	Edgemere	practicalmma.com	practicalmma.com
MD	Prem1er Combat Academy	Baltimore	prem1ercombatacademy.com	prem1ercombatacademy.com
MD	Pure Performance Martial Arts Center	Rockville	pureperformancemac.com	pureperformancemac.com
MD	Rising Tide Academy	Columbia	realjiujitsu.com	realjiujitsu.com
MD	Ronin Brazilian Jiu-Jitsu	Chester	ronin-bjj.com	ronin-bjj.com
MD	Royal Martial Arts	Waldorf	royalmartialarts.com	royalmartialarts.com
MD	Royal Tiger Academy MMA Self Defense Martial arts	Damascus	royaltigeracademy.com	royaltigeracademy.com
MD	Ryoma Academy of Martial Arts	Frostburg	ryomaacademy.com	ryomaacademy.com
MD	Seigneury Dojo - Jujitsu, Judo & MMA Training	Baltimore	seigneurydojo.com	seigneurydojo.com
MD	Shaddock MMA Academy	Sykesville	shaddockmma.com	shaddockmma.com
MD	Shonen Jiu Jitsu	Glen Burnie	shonenjiujitsu.com	shonenjiujitsu.com
MD	Southern Maryland Martial Arts & Fitness Bryans Road	Bryans Road	https://smmafitness.com	smmafitness.com
MD	Southern Maryland Martial Arts & Fitness La Plata	La Plata	https://smmafitness.com	smmafitness.com
MD	Standard BJJ	Rockville	standardjiujitsu.com	standardjiujitsu.com
MD	Stanley Combatives	Owings Mills	stanleycombatives.com	stanleycombatives.com
MD	Synergy Martial Arts	Odenton	synergykarate.com	synergykarate.com
MD	Team Lloyd Irvin	Camp Springs	lloydirvin.com	lloydirvin.com
MD	Team Randori Brazilian Jiu Jitsu Annapolis	Annapolis	teamrandori.com	teamrandori.com
MD	The Compound BJJ	Silver Spring	thecompoundsilverspring.com	thecompoundsilverspring.com
MD	The Jiu-Jitsu Academy of Southern Maryland	White Plains	somdjujitsu.com	somdjujitsu.com
MD	The Lab Martial Arts and Fitness Center	Easton	thelabeaston.com	thelabeaston.com
MD	Top Flight MMA Belcamp	Belcamp	topflightmma.com	topflightmma.com
MD	Triple Threat BJJ	Elkton	ttcsbjj.com	ttcsbjj.com
MD	Underworld BJJ	Millersville	underworldbjj.com	underworldbjj.com
MD	Washington DC Brazilian Jiu Jitsu	Takoma Park	wdcbjj.com	wdcbjj.com
MD	Zenyo Jiu Jitsu	Baltimore	zenyojiujitsu.com	zenyojiujitsu.com
ME	Acadia Brazilian Jiu-Jitsu	Ellsworth	https://acadiabjj.com	acadiabjj.com
ME	Alexey Pickerell BJJ	Westbrook	https://alexeybjj.com	alexeybjj.com
ME	Bar Harbor Brazilian Jiu Jitsu	Bar Harbor	https://barharborbjj.com	barharborbjj.com
ME	Bearclan Jiujitsu	Oakland	https://bearclanjiujitsu.com	bearclanjiujitsu.com
ME	Brunswick Martial Arts Academy	Topsham	https://brunswickmartialarts.com	brunswickmartialarts.com
ME	Empire Brazilian Jiu Jitsu	Freeport	https://empirebjjmaine.com	empirebjjmaine.com
ME	Evolution Athletix	Saco	https://evolutionathletix.com	evolutionathletix.com
ME	Flow Brazilian Jiu Jitsu	Rockland	https://flowbrazilianjiujitsu.com	flowbrazilianjiujitsu.com
ME	Gracie Barra South Portland	South Portland	https://graciebarrasouthportland.com	graciebarrasouthportland.com
ME	Gracie Gym Maine	Windham	https://graciegymmaine.com	graciegymmaine.com
ME	Graciefighter Jiu Jitsu	Caribou	https://graciefightercaribou.com	graciefightercaribou.com
ME	Huard's Ju-Jitsu & Karate	Winslow	https://huardsmartialarts.com	huardsmartialarts.com
ME	Port City BJJ	Kittery	https://portcitybjj.com	portcitybjj.com
ME	Presque Isle BJJ	Presque Isle	https://presqueislebjj.com	presqueislebjj.com
ME	Rolls Jiu Jitsu	Ellsworth	https://rollsjiujitsumaine.com	rollsjiujitsumaine.com
ME	Stonecoast Brazilian Jiu Jitsu	Portland	https://stonecoastbjj.com	stonecoastbjj.com
ME	The Foundry Brazilian Jiu Jitsu	Farmington	https://foundrybjj.com	foundrybjj.com
MI	10th Planet Jiu Jitsu Detroit	Detroit	http://www.10thplanetdetroit.com	10thplanetdetroit.com
MI	10th Planet Jiu Jitsu Grand Rapids	Grand Rapids	https://www.10thplanetgrandrapids.com/	10thplanetgrandrapids.com
MI	313 Brazilian Jiu-Jitsu	Detroit	http://www.313bjj.com	313bjj.com
MI	All Around Fitness and Jiu Jitsu	Mesick	https://www.facebook.com/Allaround-Gym-Fitness-1535990496691246/	facebook.com
MI	Allen Park Martial Arts Center	Allen Park	http://www.allenparkmartialartscenter.com/	allenparkmartialartscenter.com
MI	Allied Academy Of Martial Arts	Southfield	http://alliedmartialarts.com/	alliedmartialarts.com
MI	Assembly Jiu-Jitsu	Bloomfield Hills	http://www.assembly-detroit.com	assembly-detroit.com
MI	Bear's Den Grappling Center BJJ and Wrestling	Wyandotte	http://www.bearsdengrapplingcenter.com/	bearsdengrapplingcenter.com
MI	Black Lion Jiu Jitsu Academy	Byron Center	https://www.blacklionjiujitsu.com/	blacklionjiujitsu.com
MI	Black Tie Jiu Jitsu Clare	Clare	http://www.sbardellamma.com/	sbardellamma.com
MI	Bushidokan Martial Arts (BJJ and Aikido)	Rochester Hills	https://bushidokanmartialarts.com/	bushidokanmartialarts.com
MI	Central Michigan Jiu Jitsu Academy	Alma	https://centralmichiganjiujitsu.com/	centralmichiganjiujitsu.com
MI	Close Quarters Combat Academy	Ann Arbor	http://www.cqcacademy.com/contact	cqcacademy.com
MI	College of Martial Arts	Sterling Heights	http://comakarate.com/	comakarate.com
MI	Combat Base Flint	Flint	http://www.combatbaseflint.com/	combatbaseflint.com
MI	Cosens MMA	Bay City	https://cosensmma.com/	cosensmma.com
MI	Cosens Martial Arts Grand Blanc LLC	Grand Blanc	https://cosensmmagrandblanc.com/	cosensmmagrandblanc.com
MI	Cosens Martial Arts Midland LLC	Midland	https://cosensmmamidland.com/	cosensmmamidland.com
MI	Cosens Martial Arts Mt. Pleasant LLC	Mt. Pleasant	https://cosensmmamtpleasant.com/	cosensmmamtpleasant.com
MI	Cosens Martial Arts Saginaw LLC	Saginaw	https://cosensmmasaginaw.com/	cosensmmasaginaw.com
MI	CrowesNest BJJ	White Pigeon	https://www.facebook.com/CRowesNestBJJ/	facebook.com
MI	Daniel Gracie Grand Rapids	Grand Rapids	http://www.danielgraciegrandrapids.com/	danielgraciegrandrapids.com
MI	Deep Blue Brazilian Jiu Jitsu	Caledonia	https://deep-blue-brazilian-jiu-jitsu.gymdesk.com/signup/i/ARadW	deep-blue-brazilian-jiu-jitsu.gymdesk.com
MI	Detroit Academy of Martial Arts	Troy	https://martialartstroy.com/	martialartstroy.com
MI	Detroit Jiu Jitsu	Detroit	https://detroitjiujitsu.com	detroitjiujitsu.com
MI	Downriver Jiu-Jitsu	Riverview	http://www.downriverbjj.com	downriverbjj.com
MI	East Lansing Underground Martial Arts	East Lansing	http://www.elunderground.com/	elunderground.com
MI	Elite Jiu Jitsu	Livonia	http://www.elite-jiujitsu.com	elite-jiujitsu.com
MI	Fight Mechanix Kickboxing & MMA	Flint	https://www.fightmechanix.com/	fightmechanix.com
MI	Final Round Mixed Martial Arts and Fitness	Ann Arbor	https://www.finalroundtrainingcenter.com/	finalroundtrainingcenter.com
MI	Fresh Brazilian Jiu Jitsu	St Clair Shores	http://www.saintclairshoresmma.com	saintclairshoresmma.com
MI	GB Burton	Burton	https://graciebarra.com/burton-mi/	graciebarra.com
MI	Garcia Jiu-Jitsu	Swartz Creek	http://www.garciajiujitsu.com/	garciajiujitsu.com
MI	Gracie Barra Livonia	Livonia	http://graciebarralivonia.com/	graciebarralivonia.com
MI	Gracie Barra Novi	Novi	https://graciebarradetroit.com/	graciebarradetroit.com
MI	Gracie Jiu-Jitsu Keego Harbor	Keego Harbor	http://www.graciejiujitsumichigan.com	graciejiujitsumichigan.com
MI	Grapple House BJJ	Edwardsburg	https://grapplehousebjj.com/	grapplehousebjj.com
MI	Guardian Tactics	Plymouth	https://www.guardianjiujitsu.com/	guardianjiujitsu.com
MI	Hayastan Grappling	Roscommon	http://facebook.com/hayastanroscommon	facebook.com
MI	Island Jiu Jitsu Michigan	Muskegon	http://islandjiujitsumi.com/	islandjiujitsumi.com
MI	Jabs Gym Eastern Market	Detroit	https://www.mindbodyonline.com/explore/locations/jabs-gym-eastern-market	mindbodyonline.com
MI	Japan Center of Martial Arts	Monroe	http://www.japankarateacademy.com/	japankarateacademy.com
MI	Japanese Martial Arts Academy	Westland	https://samuraidetroit.com/free-lesson	samuraidetroit.com
MI	Japanese Martial Arts Center	Ann Arbor	http://japanesemartialartscenter.com/	japanesemartialartscenter.com
MI	KSK Martial Arts	Lansing	http://www.kskmartialarts.com/	kskmartialarts.com
MI	Kalamazoo BJJ	Portage	http://www.kzoobjj.net/	kzoobjj.net
MI	Keweenaw Jiu-Jitsu	Hancock	http://keweenawjiujitsu.com/	keweenawjiujitsu.com
MI	Kraken Jiu Jitsu BJJ & Self-Defense	Belmont	https://krakenjj.com/	krakenjj.com
MI	Krav Maga Great Lakes	Wixom	http://www.kravmagagreatlakes.com/	kravmagagreatlakes.com
MI	Lion Martial Arts Academy	Grand Rapids	http://www.lionmaacademy.com/	lionmaacademy.com
MI	MKG Martial Arts	Ferndale	https://www.boomboxdet.com/	boomboxdet.com
MI	Mada Krav Maga	Shelby Charter Township	http://madakravmaga.com	madakravmaga.com
MI	Mash Gym	Redford	http://www.mashgym.com	mashgym.com
MI	Master Gauss Martial Arts Center	Westland	http://www.gaussmartialarts.com/	gaussmartialarts.com
MI	Masters & Champions Inc	Grand Blanc	http://www.mastersandchampions.net/	mastersandchampions.net
MI	Metro Detroit Brazilian Jiu Jitsu Academy	Rochester Hills	http://www.metrodetroitbjj.com/	metrodetroitbjj.com
MI	Metro Detroit Kudo	Shelby Charter Township	https://www.gkadojo.com/	gkadojo.com
MI	Metro Jiu-Jitsu	Southgate	http://metrojj.com	metrojj.com
MI	Michigan Muay Thai Academy	Lansing	http://www.mimuaythaiacademy.com/	mimuaythaiacademy.com
MI	Michigan Sports Camps	Coldwater	https://www.ttsfitness.com/	ttsfitness.com
MI	Michigan Top Team	Detroit	https://michigantopteam.com	michigantopteam.com
MI	Mid-Michigan Academy of Martial Arts	Okemos	http://lansingmartialarts.com/	lansingmartialarts.com
MI	My Tactical Advantage LLC	Detroit	http://mytacticaladvantageonline.com/	mytacticaladvantageonline.com
MI	Myrmidon Training Systems	Holland	http://www.myrmidontrained.com/	myrmidontrained.com
MI	NWC Martial Arts Academy	Westland	https://www.nwcmartialartsacademy.com/	nwcmartialartsacademy.com
MI	New Way Martial Arts Academy	Shelby Charter Township	http://newwaymartialarts.com	newwaymartialarts.com
MI	Octo Alliance Combat Sports	Grand Rapids	https://octoalliancecombatsports.com/	octoalliancecombatsports.com
MI	Palm BJJ Brazilian Jiu-Jitsu	Saginaw	http://www.palmbjj.com/	palmbjj.com
MI	Petoskey MMA	Petoskey	http://petoskey-mma.business.site/	petoskey-mma.business.site
MI	Port Huron Jiu Jitsu Academy	Port Huron	https://www.porthuronbjj.com/	porthuronbjj.com
MI	Proving Grounds Jiu Jitsu & MMA	Shelby Township	https://provinggroundsjj.com/	provinggroundsjj.com
MI	REAL WORLD MMA & Fitness	Fowlerville	http://independentmartialarts.us/	independentmartialarts.us
MI	Ray White's Midwest Martial Arts	Battle Creek	http://www.themushinacademy.com/	themushinacademy.com
MI	Ronin Jiu Jitsu Academy	Harbor Springs	https://petoskeybjj.com/	petoskeybjj.com
MI	Roots Jiu Jitsu	Bloomfield Township	http://www.rootsjj.com	rootsjj.com
MI	Royce Gracie Jiu-Jitsu Academy of Michigan	Southgate	http://www.roycegracieaom.com/	roycegracieaom.com
MI	School of Martial Arts	Berkley	http://www.zenmartialarts.com/	zenmartialarts.com
MI	Seung-ni Traverse City Martial Arts & Kickboxing Academy	Traverse City	http://seungnitc.com/	seungnitc.com
MI	Shojin Judo	Southfield	https://www.shojinjudo.com/	shojinjudo.com
MI	Significant Strikes Boxing, Jiu-Jitsu & MMA	Traverse City	https://significantstrikes.com/appointments	significantstrikes.com
MI	Simmons Academy of Wrestling	Lansing	https://www.mindbodyonline.com/explore/locations/simmons-academy-of-wrestling	mindbodyonline.com
MI	Southside Dojo	Portage	http://www.southsidedojo.com/	southsidedojo.com
MI	Stars and Strikes MMA	Westland	https://starsandstrikesmma.com/	starsandstrikesmma.com
MI	TNT Martial Arts	Romeo	https://tntmartialarts.com	tntmartialarts.com
MI	Team SFS - Scorpion Fighting System at Michigan Institute of Athletics	Brighton	https://www.facebook.com/SFSMMA/	facebook.com
MI	The Beast Academy	Coldwater	http://www.the-beast.com/	the-beast.com
MI	The Michigan Center for Capoeira	Farmington Hills	https://www.tmc4c.com/bjjschedule	tmc4c.com
MI	Triumph MMA	Grand Rapids	http://www.triumphgym.com/	triumphgym.com
MI	Troy Martial Arts	Troy	http://www.troymartialarts.net/	troymartialarts.net
MI	True Martial Arts	West Bloomfield	http://www.bloomfieldmartialarts.com	bloomfieldmartialarts.com
MI	URSA Academy - Ribeiro Jiu-Jitsu Ann Arbor	Ann Arbor	http://www.ursaacademy.com/	ursaacademy.com
MI	Ultimate House of Champions	Livonia	https://ultimate-protector-mixed-martial-arts-academy-house.business.site/	ultimate-protector-mixed-martial-arts-academy-house.business.site
MI	Vanguard Brazilian Jiu Jitsu	Grand Rapids	http://vanguardbjj.com/	vanguardbjj.com
MI	Victorious MMA	Troy	http://www.victoriousmma.com/	victoriousmma.com
MI	Vision BJJ	Wixom	http://visionbjj.com/	visionbjj.com
MI	Warriors Code Martial Arts	Three Rivers	http://www.warriorway.com/	warriorway.com
MN	Alliance Jiu Jitsu MPLS	Edina	https://alliancebjjmn.com	alliancebjjmn.com
MN	American MMA	Prior Lake	https://american-mma.com	american-mma.com
MN	Apex Jiu-Jitsu	Duluth	http://apexjiujitsu.net	apexjiujitsu.net
MN	Bellum Brazilian Jiu Jitsu	St. Paul	https://bellumbrazilianjiujitsu.com	bellumbrazilianjiujitsu.com
MN	Black Arrow Martial Arts	Brainerd	https://www.blackarrowmartialarts.com	blackarrowmartialarts.com
MN	Burnsville Martial Arts Academy	Burnsville	https://www.burnsvillemartialartsacademy.com	burnsvillemartialartsacademy.com
MN	Drengr Jiu-Jitsu	Duluth	https://drengrjiujitsu.com	drengrjiujitsu.com
MN	Flow Jiu-Jitsu Winona	Winona	https://winonabjj.com	winonabjj.com
MN	Freestyle Martial Arts	Albert Lea	https://www.minnesotafighting.com	minnesotafighting.com
MN	Gorilla Combat	Eden Prairie	https://gorillacombat.com	gorillacombat.com
MN	Grappler Station	St. Paul	https://www.grapplerstation.com	grapplerstation.com
MN	Hamel Jiu Jitsu Club	Hamel	https://www.hameljiujitsu.com	hameljiujitsu.com
MN	Higher Ground Brazilian Jiu-Jitsu	White Bear Lake	https://www.hgbjjmn.com	hgbjjmn.com
MN	Imperial Training Center	Rochester	https://imperialtrainingcenter.com	imperialtrainingcenter.com
MN	Iron Academy Martial Arts	Hibbing	https://ironacademymartialarts.com	ironacademymartialarts.com
MN	Isanti Grappling Club	Isanti	https://isantigrapplingclub.com	isantigrapplingclub.com
MN	Kato Jiujitsu	Mankato	https://katojiujitsu.com	katojiujitsu.com
MN	M-Theory Martial Arts	St. Louis Park	https://mtheorymartialarts.com	mtheorymartialarts.com
MN	MKG Martial Arts Minneapolis	Minneapolis	https://www.mnkali.com	mnkali.com
MN	Mario Roberto Jiu-Jitsu Academy	Rochester	http://mrjja.com	mrjja.com
MN	Mark44 Martial Arts Academy	Mankato	https://www.mark44mma.com	mark44mma.com
MN	Migration BJJ	Minneapolis	https://migrationbjj.com	migrationbjj.com
MN	Minnesota Top Team	Eagan	https://minnesotatopteam.com	minnesotatopteam.com
MN	Motion City	New Brighton	https://motioncitybjj.com	motioncitybjj.com
MN	Next Level Combat	Woodbury	https://www.nextlevelcombat.com	nextlevelcombat.com
MN	Prodigy Martial Arts	Blaine	https://www.prodigymartialartsmn.com	prodigymartialartsmn.com
MN	Resilience Martial Arts	Lakeville	https://www.resilience-ma.com	resilience-ma.com
MN	Rio Jitsu	Apple Valley	https://riojitsu.com	riojitsu.com
MN	Royce Gracie Jiu Jitsu Academy Shakopee	Shakopee	https://rgjjmn.com	rgjjmn.com
MN	Southside Brazilian Jiu Jitsu	Minneapolis	https://www.southsidebrazilianjiujitsu.com	southsidebrazilianjiujitsu.com
MN	Spartan Martial Arts	Oakdale	https://spartanmartialartsgym.com	spartanmartialartsgym.com
MN	St. Paul Brazilian Jiu Jitsu Academy	St. Paul	https://bjjacademymn.com	bjjacademymn.com
MN	Start BJJ Minnesota	St. Cloud	https://startbjjminnesota.squarespace.com	startbjjminnesota.squarespace.com
MN	Stock Martial Arts	Rochester	https://www.stockmartialarts.com	stockmartialarts.com
MN	Tensei Jiu-Jitsu	Richfield	https://tenseibjj.com	tenseibjj.com
MN	The Academy Eden Prairie	Edina	https://www.academyedenprairie.com	academyedenprairie.com
MN	The Academy Elk River	Elk River	https://academyelkriver.com	academyelkriver.com
MN	The Academy MN	Brooklyn Center	https://theacademymn.com	theacademymn.com
MN	The Academy Plymouth	Plymouth	https://academyplymouth.com	academyplymouth.com
MN	The Cellar Gym	Roseville	https://thecellargym.com	thecellargym.com
MN	The Flow Lab Owatonna	Owatonna	https://theflowlabowatonna.com	theflowlabowatonna.com
MN	Tracks Brazilian Jiu-Jitsu	Coon Rapids	https://tracksbjj.com	tracksbjj.com
MN	UnderGround Boxing & Brazilian Jiu-Jitsu	Red Wing	https://www.ugroundboxing.com	ugroundboxing.com
MN	United Jiu Jitsu	Maplewood	https://www.ujjmn.com	ujjmn.com
MN	Warrior's Cove Martial Arts and Fitness	St. Louis Park	https://warriorscove.com	warriorscove.com
MN	Warrior's Cove Martial Arts and Fitness Little Canada	Little Canada	https://warriorscove.com/st-paul-martial-arts/	warriorscove.com
MN	Winona BJJ	Winona	https://winonabjj.com	winonabjj.com
MN	World Jiu Jitsu Academy	Eden Prairie	https://wjja4u.com	wjja4u.com
MO	10th Planet Kansas City	Kansas City	http://10wolf.com	10wolf.com
MO	10th Planet Sedalia MO	Sedalia	https://www.facebook.com/p/10th-Planet-Jiu-Jitsu-Sedalia-100027128487044/	facebook.com
MO	A-Force BJJ Missouri	Webb City	http://www.aforcebjjmo.com/	aforcebjjmo.com
MO	Agoge Training Body and Mind	Rolla	http://www.facebook.com/agogetrainer	facebook.com
MO	Aplomb Martial Arts of Parkville	Parkville	http://www.aplombmartialarts.com	aplombmartialarts.com
MO	Aurora BJJ	Aurora	http://www.aurorabjj.com/	aurorabjj.com
MO	Black Diamond Grappling Club	Bevier	https://www.bevierjiujitsu.com/	bevierjiujitsu.com
MO	Blue Springs Jiu-Jitsu	Blue Springs	http://bluespringsjiujitsu.com/	bluespringsjiujitsu.com
MO	Cape Martial Arts	Cape Girardeau	http://www.capemartialarts.com/	capemartialarts.com
MO	Carpe Momentum School of Jiu-Jitsu LLC	Cape Girardeau	https://cmsojj.com/	cmsojj.com
MO	Carrillo's Martial Arts	Dexter	http://www.carrillosmartialarts.com/	carrillosmartialarts.com
MO	Cast Iron Bjj	Pleasant Valley	http://libertybjj.com/	libertybjj.com
MO	Center of Defensive Arts	Washington	https://www.centerofdefensivearts.com/	centerofdefensivearts.com
MO	Dot Your Eye, INC MMA	Gladstone	http://rivercitywarriors.com/	rivercitywarriors.com
MO	ES MMA and Fitness	Fenton	http://esmmaandfitness.com/	esmmaandfitness.com
MO	Family Martial Arts Fitness Academy	Washington	http://clickheretobook.online/nfc	clickheretobook.online
MO	Finney's MMA	St. Louis	http://finneyskickboxing.com/	finneyskickboxing.com
MO	Forged Jiu Jitsu	Ozark	https://forged-bjj.com	forged-bjj.com
MO	FullTilt Performance Center	Hannibal	https://fulltilt-performance-center.business.site/	fulltilt-performance-center.business.site
MO	GB Chesterfield	Chesterfield	https://gbchesterfield.com/	gbchesterfield.com
MO	GB Columbia	Columbia	https://graciebarra.com/columbia-mo/	graciebarra.com
MO	GB Hannibal	Hannibal	https://graciebarra.com/hannibal-mo/	graciebarra.com
MO	GB Jefferson City	Jefferson City	https://graciebarra.com/jefferson-city-mo/	graciebarra.com
MO	GB O'Fallon	Dardenne Prairie	https://gbofallon.com/	gbofallon.com
MO	GB St. Peters, USA	St. Peters	https://graciebarrastpeters.com/schedule/	graciebarrastpeters.com
MO	GB Washington	Washington	https://gbwashington.com/	gbwashington.com
MO	GB West County	Ballwin	https://gbwestcounty.com/	gbwestcounty.com
MO	Gautreaux's Martial Art Center	Blue Springs	http://www.gforcekicks.com/	gforcekicks.com
MO	Glory MMA & Fitness	Lee's Summit	http://www.glorymmaandfitness.com	glorymmaandfitness.com
MO	Gracie Humaita Columbia	Columbia	https://graciehumaitacolumbia.com	graciehumaitacolumbia.com
MO	Gracie Humaita Eureka	Eureka	http://www.gracieeureka.com/	gracieeureka.com
MO	Gracie Humaita Kansas City	Kansas City	http://www.graciehumaitakansascity.com/	graciehumaitakansascity.com
MO	Gracie Humaita Wentzville	Wentzville	https://www.graciehumaitawentzville.com/	graciehumaitawentzville.com
MO	Gracie Humaitá St Louis	Weldon Spring	https://www.graciestlouis.com	graciestlouis.com
MO	Gracie Jiu Jitsu of Southeast Missouri	Jackson	https://graciesemo.com	graciesemo.com
MO	Grappling Concepts Nixa	Nixa	https://grapplingconceptsnixa.com/	grapplingconceptsnixa.com
MO	Hahn Mixed Martial Arts & Fight Promotions	Festus	http://www.hahnmma.com/	hahnmma.com
MO	HerronBJJ (Jiu-Jitsu and Self-Defense)	Jefferson City	http://www.herronbjj.com/	herronbjj.com
MO	Honey Badger Training Facility	Rolla	https://honeybadgertrainingfacility.com	honeybadgertrainingfacility.com
MO	Infinity Martial Arts of Bolivar	Bolivar	https://infinity-martial-arts-of-bolivar.business.site/	infinity-martial-arts-of-bolivar.business.site
MO	JAMMA Jermaine Andre Mixed Martial Arts	Richmond Heights	http://www.jamma.pro/	jamma.pro
MO	JD's Gym	Peculiar	http://www.jdsgym.com/	jdsgym.com
MO	Jefferson City Judo Club & Jujitsu	Jefferson City	https://jeffersoncityjudoclub.com/	jeffersoncityjudoclub.com
MO	Joplin BJJ	Joplin	https://joplinbjj.com	joplinbjj.com
MO	K2L Martial Arts	Lee's Summit	http://www.kids2leaders.com/	kids2leaders.com
MO	KiCK Martial Arts	Kansas City	http://www.kickma.com	kickma.com
MO	Kifaru Jitsu Martial Arts	Salem	http://www.kifarujitsu.com/	kifarujitsu.com
MO	Lake Area Gracie Jiu-jitsu	Camdenton	https://www.lakeareabjj.com/	lakeareabjj.com
MO	Leake Brazilian Jiu Jitsu	Nixa	http://www.leakebjj.com/	leakebjj.com
MO	Legends MMA	Park Hills	http://www.legendsmmaofparkhills.com/	legendsmmaofparkhills.com
MO	MAYSH Fitness	St Peters	http://mayshfit.com/	mayshfit.com
MO	MTA Republic	Republic	https://www.facebook.com/MTA-RepublicGillespies-Academy-of-Martial-Arts-229743763757836/	facebook.com
MO	New Star Martial Arts	Lee's Summit	http://newstarmartialarts.com/	newstarmartialarts.com
MO	Next Level STL	St. Louis	https://nextlevelstl.com	nextlevelstl.com
MO	North Broadway Jiu-Jitsu	St. Louis	http://www.guidrytraining.com/	guidrytraining.com
MO	Old School Jiu Jitsu	Kirksville	https://www.facebook.com/oldschooljj	facebook.com
MO	Ozark Mountain Brazilian Jiu Jitsu	Marshfield	http://www.ozarkmountainbjj.com/	ozarkmountainbjj.com
MO	Pirata Jiu Jitsu	Independence	http://www.piratajiujitsu.com	piratajiujitsu.com
MO	Revive BJJ	St Charles	https://www.revivebjj.com/	revivebjj.com
MO	Rgda Gracie Jiu-Jitsu St. Louis	St. Louis	http://grapplingconcepts.com/	grapplingconcepts.com
MO	Royce Gracie Jiu-Jitsu Farmington MO	Farmington	https://www.facebook.com/RoyceGracieFarmington/	facebook.com
MO	Scr Fight Club	St. Louis	http://www.stlmuaythai.com/	stlmuaythai.com
MO	Sharkbait's MMA & Jiu Jitsu Academy	Blue Springs	http://sharkbaitmma.com/contact	sharkbaitmma.com
MO	St. Charles MMA and BJJ	St Charles	http://www.stcharlesmma.com/	stcharlesmma.com
MO	St. Joseph Brazilian Jiu Jitsu & Mixed Martial Arts	St Joseph	http://www.sjbjjmma.com/	sjbjjmma.com
MO	Sullivan Athletic Club	Sullivan	http://www.sullivanathleticclub.net/	sullivanathleticclub.net
MO	Team Fusion: West Plains	West Plains	http://fusion417.com/	fusion417.com
MO	Team Rodrigo Vaghi	Fenton	http://teamvaghi.com/	teamvaghi.com
MO	The Forge	Joplin	https://www.warriorsciences.net/	warriorsciences.net
MO	The Martial Arts Center (PACT MMA)	St. Louis	http://www.pactmma.com/	pactmma.com
MO	USA Martial Arts Academy	Eureka	https://www.usamartialartsacademy.com/	usamartialartsacademy.com
MO	Victory MMA and Fitness Farmington MO	Farmington	http://www.victorymma.net/	victorymma.net
MO	Watson Martial Arts (BJJ and Muay Thai)	St. Louis	http://www.watsonbjj.com/	watsonbjj.com
MS	662 JiuJitsu	Oxford	https://www.jiujitsuoxford.com	jiujitsuoxford.com
MS	American Top Team D'Iberville	D'Iberville	https://attdiberville.com	attdiberville.com
MS	Anthony Mitchell Jiu Jitsu Studio	Madison	https://bigantbjj.com	bigantbjj.com
MS	Gracie Gulf Coast Brazilian Jiu-Jitsu	Biloxi	https://graciegc.com	graciegc.com
MS	Gracie Jiu-Jitsu Ocean Springs	Ocean Springs	https://gracieoceansprings.com	gracieoceansprings.com
MS	Gracie South Jiu Jitsu Headquarters	Ridgeland	https://graciesouth.com	graciesouth.com
MS	Gracie South Jiu-Jitsu of Pearl	Pearl	https://graciesouthjiujitsupearl.com	graciesouthjiujitsupearl.com
MS	Gracie United - Team Jucao Hancock County in Diamondhead	Diamondhead	https://www.hancockbjj.com/locations/diamondhead	hancockbjj.com
MS	Gracie United Hancock	Bay St. Louis	https://www.hancockbjj.com	hancockbjj.com
MS	Gracie United Hattiesburg	Hattiesburg	https://www.championfactory.com/gyms/hattiesburg	championfactory.com
MS	Gracie United Wiggins	Wiggins	https://www.championfactory.com/gyms/wiggins	championfactory.com
MS	Graham MMA	Petal	https://grahammma.com	grahammma.com
MS	Grapple Jiu Jitsu	Brandon	https://www.grapplejiujitsu.com	grapplejiujitsu.com
MS	Gulf Coast Jiu Jitsu	Biloxi	https://www.gulfcoastjiujitsu.net	gulfcoastjiujitsu.net
MS	KC Jones Martial Arts	Long Beach	https://www.kcjonesmartialarts.com	kcjonesmartialarts.com
MS	Leonardo Delgado Jiu-Jitsu Academy	Biloxi	https://selfdefensedibervillems.com	selfdefensedibervillems.com
MS	No Limit Combatives	Flowood	https://nolimitflowood.com	nolimitflowood.com
MS	Precision Martial Arts Academy Flowood	Flowood	https://www.mississippijiujitsu.com	mississippijiujitsu.com
MS	Pursuit Jiu Jitsu	Brookhaven	https://www.pursuitjj.com	pursuitjj.com
MS	Rankin Jiu-Jitsu Academy	Brandon	https://rankinjiujitsu.com	rankinjiujitsu.com
MS	Relentless Mixed Martial Arts	Columbus	https://relentless-mma.com	relentless-mma.com
MS	Shackelford's MMA Center	Olive Branch	https://shackelfordsmma.com	shackelfordsmma.com
MS	Stratos Jiu Jitsu	Olive Branch	http://stratosbjj.com	stratosbjj.com
MS	Summit Fitness Kickboxing and Jiu Jitsu	Starkville	https://starkvillefitnesskickboxing.com	starkvillefitnesskickboxing.com
MS	Team Hopkins Hattiesburg	Hattiesburg	https://teamhopkinsjiujitsu.com	teamhopkinsjiujitsu.com
MS	Tupelo Jiu Jitsu Academy	Tupelo	https://tupelojiujitsuacademy.com	tupelojiujitsuacademy.com
MT	Absolute Fight Factory	Kalispell	https://www.absolutefightfactory.com	absolutefightfactory.com
MT	Bear Hug Jiu-Jitsu	Helena	http://www.bearhugmt.com	bearhugmt.com
MT	Billings Jiu Jitsu	Billings	http://billingsjiujitsu.com	billingsjiujitsu.com
MT	Bitterroot Warrior Arts Corvallis	Corvallis	https://www.bugoutmt.com/bitterrootwarriorarts	bugoutmt.com
MT	Bitterroot Warrior Arts Stevensville	Stevensville	https://www.bugoutmt.com/bitterrootwarriorarts	bugoutmt.com
MT	Bozeman JuJitsu	Belgrade	https://bozemanjujitsu.com	bozemanjujitsu.com
MT	CEMA BJJ at BASE Big Sky	Big Sky	https://www.cemartialarts.com/big-sky	cemartialarts.com
MT	Deliberate Jiu Jitsu at Valley Speedway Athletics	Helena	https://www.valleyspeedwayathletics.com/deliberate-jiu-jitsu	valleyspeedwayathletics.com
MT	Dojo USA South BJJ Missoula	Missoula	https://dojousa.co	dojousa.co
MT	Function Jiu Jitsu	Billings	https://functionjiujitsu.com	functionjiujitsu.com
MT	GB Great Falls	Great Falls	https://www.dragonfirebrazilianjiujitsu.com	dragonfirebrazilianjiujitsu.com
MT	Gallatin Valley Martial Arts	Bozeman	http://www.gallatinvalleymma.com	gallatinvalleymma.com
MT	Gracie Jiu-Jitsu Billings	Billings	http://graciejiujitsubillings.com	graciejiujitsubillings.com
MT	Grit Training Center	Butte	http://www.gritmartialarts.com	gritmartialarts.com
MT	Helena Brazilian Jiu-Jitsu	Helena	http://helenabjj.com	helenabjj.com
MT	Imperial BJJ	Butte	https://www.facebook.com/ImperialTruthBJJ	facebook.com
MT	Kron Gracie Academy	Belgrade	https://www.facebook.com/KRONGRACIEACADEMY	facebook.com
MT	Livingston Jiu-Jitsu	Livingston	https://www.facebook.com/livingstonjiujitsu	facebook.com
MT	Missoula Brazilian Jiu Jitsu	Missoula	http://www.mslabjj.com	mslabjj.com
MT	Montana Mixed Martial Arts	Bozeman	https://www.facebook.com/montanamma	facebook.com
MT	Olsen Behring Vale Tudo/MMA	Hamilton	http://olsenmma.com	olsenmma.com
MT	Red Lodge Grindhouse Jiu Jitsu	Red Lodge	https://redlodgegrindhouse.com	redlodgegrindhouse.com
MT	Sakura Warrior Arts	Missoula	https://sakurawarriorarts.com	sakurawarriorarts.com
MT	Straight Blast Gym Bigfork	Bigfork	https://sbgmontana.com/gym-locations/bigfork-gym	sbgmontana.com
MT	Straight Blast Gym Bozeman	Bozeman	https://sbgbozeman.com	sbgbozeman.com
MT	Straight Blast Gym Kalispell	Kalispell	https://sbgkalispell.com/bjj	sbgkalispell.com
MT	Straight Blast Gym Missoula	Missoula	https://sbgmissoula.com	sbgmissoula.com
MT	The Grindhouse Billings	Billings	http://mmabillings.com	mmabillings.com
MT	Traphouse Jiu Jitsu	Missoula	https://www.traphousesociety.com	traphousesociety.com
MT	Whitefish BJJ	Whitefish	https://whitefishbjj.com	whitefishbjj.com
MT	Zoo Brazilian Jiu Jitsu	Missoula	http://www.zoobjj.com	zoobjj.com
NB	B7 Jiu Jitsu	Woodstock	https://www.facebook.com/B7JiuJitsu	facebook.com
NB	Evolution Training Centre	Fredericton	https://www.evolutiontrainingcenter.ca	evolutiontrainingcenter.ca
NB	Fredericton BJJ	Fredericton	https://frederictonbjj.com	frederictonbjj.com
NB	Icon Combat	Moncton	https://iconcombat.com	iconcombat.com
NB	Junglefowl Brazilian Jiu Jitsu	Sackville	https://junglefowlbjj.ca	junglefowlbjj.ca
NB	Knots Jiu Jitsu	Moncton	https://knotsjj.ca	knotsjj.ca
NB	MXT BJJ	Saint John	https://www.mxtbjj.com	mxtbjj.com
NB	MXT BJJ Miramichi	Miramichi	https://mxt-bjj-miramichi.gymdesk.com	mxt-bjj-miramichi.gymdesk.com
NB	Quantum Jiu Jitsu	Moncton	https://www.quantumjj.com	quantumjj.com
NB	Restigouche Dojo	Campbellton	https://restigouchedojo.com	restigouchedojo.com
NB	Synergy BJJ Fredericton	Fredericton	https://www.bjjfredericton.com	bjjfredericton.com
NB	Team Flow State	Saint John	https://www.facebook.com/FlowstateJJ	facebook.com
NB	Victory Jiu Jitsu	Quispamsis	https://victorykv.gymdesk.com	victorykv.gymdesk.com
NB	Victory Jiu-Jitsu Edmundston	Edmundston	https://www.facebook.com/VictoryJJEdmundston	facebook.com
NC	36 Chambers Martial Arts and Fitness	Holly Springs	http://36chambersnc.com/	36chambersnc.com
NC	4M Fitness Indian Trail	Indian Trail	http://www.4mfit.com	4mfit.com
NC	All-American Martial Arts Academy	Greenville	http://www.groundgrappling.com/	groundgrappling.com
NC	American Top Team Asheville	Arden	http://www.americantopteamasheville.com/	americantopteamasheville.com
NC	Ancient Arts Family Karate and Ju-Jitsu Academy	Cary	http://www.aaafamilykarate.com/	aaafamilykarate.com
NC	Art of Motion Jiu Jitsu	Indian Trail	http://www.aomjj.com/	aomjj.com
NC	Arte Suave Jiujitsu Academy	Charlotte	http://www.artesuavejiujitsuacademy.com/	artesuavejiujitsuacademy.com
NC	Asheville BJJ	Asheville	https://ashevillebjj.com	ashevillebjj.com
NC	Atlantic MMA	Hickory	https://fightforitcompany.com/	fightforitcompany.com
NC	Atos Jiu Jitsu of Charlotte	Charlotte	http://martialartscharlottenc.com/	martialartscharlottenc.com
NC	BC Kickboxing & BJJ	Waxhaw	http://www.bckickboxingbjj.com/	bckickboxingbjj.com
NC	BJJ High Point (at Tiger Rock Martial Arts)	High Point	http://www.bjjhighpoint.com/	bjjhighpoint.com
NC	Basulto Academy Of Defense	Waynesville	http://www.wncbjj.com/	wncbjj.com
NC	Battle Born BJJ and MMA	High Point	http://www.battlebornbjjandmma.com/	battlebornbjjandmma.com
NC	Beacon Mixed Martial Arts	Chapel Hill	http://chapelhillmma.com/	chapelhillmma.com
NC	Blue Ridge Jiu Jitsu	Mills River	https://blueridgejj.com/	blueridgejj.com
NC	BodyShot Combat & Fitness	Lowell	http://www.bodyshotcc.com/	bodyshotcc.com
NC	Brunson's MMA & Fitness	Wilmington	http://brunsonsmmaandfitness.com/	brunsonsmmaandfitness.com
NC	Bull City Brazilian Jiu Jitsu	Durham	http://bullcitybjj.com/	bullcitybjj.com
NC	CJJF North Carolina	Burlington	http://www.cjjfnorthcarolina.com/	cjjfnorthcarolina.com
NC	CTA BJJ MMA	East Flat Rock	http://www.ctabjjmma.com/	ctabjjmma.com
NC	CXBJJ Academy	Hubert	http://www.cxbjjnc.com/	cxbjjnc.com
NC	Carolina Combat Sports and Fitness	Indian Trail	https://www.carolinacombatsports.com/	carolinacombatsports.com
NC	Cary Brazilian Jiu-Jitsu	Cary	https://caryjiujitsu.com/	caryjiujitsu.com
NC	Champions Judo	Cornelius	http://www.championsjudo.com	championsjudo.com
NC	Chapel Hill Gracie Jiu Jitsu	Chapel Hill	http://www.chapelhilljiujitsu.net/	chapelhilljiujitsu.net
NC	Chapel Hill Quest Martial Arts	Chapel Hill	http://chquestcenter.com/	chquestcenter.com
NC	Checkmat Charlotte	Charlotte	https://checkmat.com/charlotte	checkmat.com
NC	Chuva Brazilian Jiu Jitsu	Clayton	http://chuvabjj.com/	chuvabjj.com
NC	Cornerstone Brazilian Jiu Jitsu	Fayetteville	http://www.cornerstonebjj.com/	cornerstonebjj.com
NC	Crest Brazilian Jiu Jitsu	Hampstead	https://bjjhampstead.com/	bjjhampstead.com
NC	DualForces 001 Brazilian Jiu-Jitsu	Fayetteville	https://dualforces.com/	dualforces.com
NC	EC Fitness - East Carolina Brazilian Jiu Jitsu	Winterville	http://www.eastcarolinabjj.com/	eastcarolinabjj.com
NC	ECF Martial Arts & Fitness / Brazilian Top Team BTT Charlotte	Charlotte	http://www.eastcoastfighter.com	eastcoastfighter.com
NC	Ecos BJJ	High Point	https://ecosgroups.com/jiu-jitsu	ecosgroups.com
NC	Edge Fitness and Combat Arts	High Point	http://www.edgefitnessllc.com/	edgefitnessllc.com
NC	Elevate MMA Academy	Durham	http://www.elevatemmaacademy.com/	elevatemmaacademy.com
NC	Embrace Jiu Jitsu	Wake Forest	https://embracemartialarts.com	embracemartialarts.com
NC	Evolution Fight Academy	High Point	http://www.evolutionfightacademy.com/	evolutionfightacademy.com
NC	FTF Fitness and Self Defense	Gastonia	https://www.ftfgastonia.com	ftfgastonia.com
NC	Fayetteville BJJ	Fayetteville	https://fayettevillebjj.com	fayettevillebjj.com
NC	Fenix Jiu Jitsu	Hickory	http://www.fenixjiujitsu.com/	fenixjiujitsu.com
NC	Fight Flow Academy	Raleigh	http://fightflowmma.com/	fightflowmma.com
NC	Fight Sports Charlotte	Charlotte	https://fightsportscharlotte.com	fightsportscharlotte.com
NC	Fight To Win Brazilian Jiu Jitsu Concord	Concord	http://www.ftwbjjacademy.com	ftwbjjacademy.com
NC	Fight to Win Jiu Jitsu Asheville	Arden	http://www.ftwbjjasheville.com/	ftwbjjasheville.com
NC	Fight to Win Lake Norman	Denver	http://www.ftwlkn.com	ftwlkn.com
NC	Fusion Jiu Jitsu	Forest City	http://fusionjiujitsu.com/	fusionjiujitsu.com
NC	G13 Brazilian Jiu Jitsu HQ US	Cary	http://g13bjj.us/hq/	g13bjj.us
NC	GB Asheville	Asheville	https://graciebarra.com/asheville-nc/	graciebarra.com
NC	GB Greensboro	Greensboro	http://greensborojiujitsu.com/	greensborojiujitsu.com
NC	GB Knightdale	Knightdale	https://gbknightdale.com/	gbknightdale.com
NC	GB Lake Norman	Cornelius	https://gblakenorman.com/	gblakenorman.com
NC	GB Sanford	Sanford	http://www.aresbjjsanford.com/	aresbjjsanford.com
NC	Gladiator Martial Arts	Statesville	https://www.facebook.com/Gladiator.MartialArt/	facebook.com
NC	Glory Martial Arts and Fitness	Sylva	https://www.facebook.com/spencerthekingfisher/	facebook.com
NC	Gracie Burlington Jiu Jitsu	Burlington	http://www.gracieburlington.com/	gracieburlington.com
NC	Gracie Jiu Jitsu Durham	Durham	http://www.graciejiujitsudurham.com/	graciejiujitsudurham.com
NC	Gracie Jiu-Jitsu Monroe	Monroe	http://www.graciejiujitsumonroe.com	graciejiujitsumonroe.com
NC	Gracie Lake Norman Brazilian Jiu-Jitsu	Mooresville	http://www.gracielakenorman.com/	gracielakenorman.com
NC	Gracie Raleigh	Raleigh	https://gracieraleigh.com	gracieraleigh.com
NC	Groundstone Brazilian Jiu Jitsu	Sneads Ferry	http://www.groundstonebjj.com/	groundstonebjj.com
NC	Gustavo Machado Brazilian Jiu-Jitsu Rocky Mount	Rocky Mount	http://www.gmbjjrm.com/	gmbjjrm.com
NC	Hayastan MMA Charlotte	Matthews	http://www.hayastanmma.com/	hayastanmma.com
NC	Honest Grappling Company	Kannapolis	http://www.honestgrappling.com	honestgrappling.com
NC	Inmortales MMA, Self Defense & Fitness	Wake Forest	http://www.inmortalesmma.com/	inmortalesmma.com
NC	Irongrip Jiu Jitsu	Raleigh	https://irongripjiujitsu.com/	irongripjiujitsu.com
NC	Leadership Martial Arts	Charlotte	http://www.leadershipma.com/	leadershipma.com
NC	Marshall's MMA - American Brutality Fight Team	Goldsboro	http://graciegoldsboro.com/	graciegoldsboro.com
NC	Martial Arts Academy of Southern Pines	Southern Pines	http://www.maaspi.com/	maaspi.com
NC	Martial Arts and More of Wilmington (Team JBM BJJ)	Wilmington	https://martialartswilmingtonnc.com/	martialartswilmingtonnc.com
NC	Martial Arts of NC	Fayetteville	https://martialartsofnc.com/	martialartsofnc.com
NC	McGinnis Academy of Martial Arts	Gastonia	https://www.mcginnisacademyofmartialarts.com/	mcginnisacademyofmartialarts.com
NC	Moreno BJJ	New Bern	https://morenobjj.com/	morenobjj.com
NC	Octagon MMA & Krav Maga	Greensboro	http://www.octagongymgso.com/	octagongymgso.com
NC	Open Guard BJJ	Apex	https://openguardbjj.com/	openguardbjj.com
NC	Open Source Jiu-Jitsu	Asheville	http://osbjj.net/	osbjj.net
NC	Pendergrass BJJ Academy	Wake Forest	http://www.bjjnc.com/	bjjnc.com
NC	Pure1 MMA & Muay Thai	Durham	https://www.facebook.com/thePure1mma/	facebook.com
NC	R&D Academy of Self Defense (Gracie Humaita WSNC & Nito Judo Club)	Winston-Salem	http://myrdacademy.com/	myrdacademy.com
NC	Raleigh Institute of Martial Arts	Raleigh	http://4kickbox.com/	4kickbox.com
NC	Revolution Modern Martial Arts	Clayton	https://revolutionselfdefense.com/	revolutionselfdefense.com
NC	Rocky Mount BJJ	Rocky Mount	https://rockymountbjj.com	rockymountbjj.com
NC	Rogue Combat Club	Asheville	http://www.roguecombatclub.com/	roguecombatclub.com
NC	Royce Gracie Jiu Jitsu Academy of Raleigh	Raleigh	https://roycegracienc.com/	roycegracienc.com
NC	Royce Gracie Jiu Jitsu Cary	Cary	https://roycegraciecary.com/	roycegraciecary.com
NC	Royce Gracie Jiu Jitsu Network of Charlotte	Harrisburg	http://graciecharlotte.com	graciecharlotte.com
NC	SMA Academy Martial Arts	Charlotte	http://smamartialarts.com/	smamartialarts.com
NC	SaltyDog Jiu Jitsu	Wilmington	https://portcitymmafitness.com/	portcitymmafitness.com
NC	Satsuma Jiu Jitsu	Matthews	http://www.satsumaspiders.com	satsumaspiders.com
NC	Saunders Brazilian Jiu-Jitsu	Durham	http://www.saundersbjj.com/	saundersbjj.com
NC	Schell Shock BJJ Martial Arts	Fuquay-Varina	https://www.schellshockbjj.com/	schellshockbjj.com
NC	School of Fighting Arts	Thomasville	http://www.schooloffightingarts.com/	schooloffightingarts.com
NC	Spangler Brazilian Jiu Jitsu Academy	Apex	https://www.carybjj.com	carybjj.com
NC	TFTC Academy BJJ and Kickboxing	Clayton	http://www.tftcacademy.com/	tftcacademy.com
NC	TFTC Academy Cary	Cary	https://carymma.com/	carymma.com
NC	TKF MMA	Durham	http://www.tkfmma.com/	tkfmma.com
NC	Team Casarez Jiu-Jitsu	Cary	https://casarezbjj.com/	casarezbjj.com
NC	Team Luiz Palhares Gracie Jiu-Jitsu	Elizabeth City	http://www.tinsleyfamilymartialarts.com/	tinsleyfamilymartialarts.com
NC	Team Raines Brazilian Jiu-Jitsu	Knightdale	http://www.facebook.com/teamrainesbjj	facebook.com
NC	Team Rubao Carioca BJJ	Durham	https://www.facebook.com/teamrubao/	facebook.com
NC	The Jiu Jitsu Institute	Wilmington	https://www.thejji.com/	thejji.com
NC	Titan Brazilian Jiu Jitsu	Marion	https://www.facebook.com/p/Titan-Brazilian-Jiu-Jitsu-100049469036429/	facebook.com
NC	Top Martial Arts and Fitness	Pineville	http://tmacharlotte.com	tmacharlotte.com
NC	Triad Brazilian Jiu-Jitsu	Archdale	http://www.triadbjj.com/	triadbjj.com
NC	Union Martial Arts	Indian Trail	http://unionmartialarts.com	unionmartialarts.com
NC	Walters Brazilian Jiu-Jitsu	New Bern	http://www.waltersjiujitsu.com/	waltersjiujitsu.com
NC	Warrior Life Martial Arts	Asheboro	http://warriorlifemartialarts.com/	warriorlifemartialarts.com
NC	Zen Jiu-Jitsu & Fitness	Monroe	http://zenjiujitsucharlotte.com	zenjiujitsucharlotte.com
ND	Academy of Combat Arts	Fargo	https://fmaca.com	fmaca.com
ND	Bismarck MMA	Bismarck	https://bismarckmma.com	bismarckmma.com
ND	Carlos Machado Jiu Jitsu Dickinson	Dickinson	https://carlosmachadojiujitsudickinson.com	carlosmachadojiujitsudickinson.com
ND	Elite BJJ	Dickinson	https://elitebjj.org	elitebjj.org
ND	Fargo BJJ	Fargo	https://fargobjj.com	fargobjj.com
ND	Gracie Jiu-jitsu Minot	Minot	https://sites.google.com/view/minotgjj	sites.google.com
ND	Grand Forks Brazilian Jiu-jitsu Academy	Grand Forks	https://grandforksbjj.com	grandforksbjj.com
ND	Ice Dragon Academy	Bismarck	https://icedragonacademy.com	icedragonacademy.com
ND	Progressive Martial Arts Grand Forks	Grand Forks	https://progressivemartialartsgf.com	progressivemartialartsgf.com
ND	SBG Williston	Williston	https://sbgwilliston.com	sbgwilliston.com
ND	Valley City Jiu-Jitsu and Self Defense Academy	Valley City	https://jiujitsuvc.wixsite.com/valley-city-jiujitsu	jiujitsuvc.wixsite.com
NE	10th Planet Jiu-Jitsu Auburn	Auburn	https://10thplanetauburn.com	10thplanetauburn.com
NE	10th Planet Jiu-Jitsu Omaha	Bellevue	https://10thplanetomaha.com	10thplanetomaha.com
NE	Ares Brazilian Jiu-Jitsu Omaha	Omaha	https://nebraskabjj.com	nebraskabjj.com
NE	Bellevue Academy of Brazilian Jiu Jitsu	Bellevue	https://bellevuebjj.com	bellevuebjj.com
NE	Carlson Gracie Omaha Coyote BJJ Team	Omaha	https://carlsongracieomaha.com	carlsongracieomaha.com
NE	Elkhorn BJJ	Elkhorn	https://www.elkhornbjj.com	elkhornbjj.com
NE	Gracie Humaita Omaha	Papillion	https://www.graciehumaitaomaha.com	graciehumaitaomaha.com
NE	Gracie Jiu-Jitsu Omaha	Omaha	https://gracieomaha.com	gracieomaha.com
NE	Kassebaum's Martial Arts	Bellevue	https://nebraskakma.com	nebraskakma.com
NE	Kearney Combat Sports and Fitness	Kearney	https://kearneycombatsports.com	kearneycombatsports.com
NE	Legacy BJJ Omaha	Papillion	https://legacybjjomaha.com	legacybjjomaha.com
NE	Lincoln Brazilian Jiu-Jitsu Center - College View	Lincoln	https://lincolnbjj.com	lincolnbjj.com
NE	Lincoln Brazilian Jiu-Jitsu Center - Havelock	Lincoln	https://lincolnbjjnorth.com	lincolnbjjnorth.com
NE	Lokahi Jiu-Jitsu Collective	Omaha	https://www.lokahiomaha.com	lokahiomaha.com
NE	Mid America Martial Arts	Omaha	https://midamericamartialarts.com	midamericamartialarts.com
NE	Narrow Path Martial Arts	Omaha	https://npmaomaha.com	npmaomaha.com
NE	Omaha's Academy of Brazilian Jiu Jitsu	Omaha	https://www.oabjj.com	oabjj.com
NE	Premier Combat Center	Omaha	https://premiercombatcenter.com	premiercombatcenter.com
NE	SIMS Dojo Nebraska City	Nebraska City	https://learn.simsdojo.net	learn.simsdojo.net
NE	Top Tier MMA and Boxing	North Platte	http://www.toptier.ninja	toptier.ninja
NE	West O Dojo	Lincoln	https://westodojo.com	westodojo.com
NH	Bare Knuckle Murphy	Manchester	http://www.bareknucklemurphy.com	bareknucklemurphy.com
NH	Bazzani BJJ	Nashua	https://bazzanibjj.com	bazzanibjj.com
NH	Blue Wave Brazilian Jiu Jitsu	Nashua	https://bluewavejiujitsu.com	bluewavejiujitsu.com
NH	Brazilian Top Team Londonderry	Londonderry	https://bttlondonderry.com	bttlondonderry.com
NH	Burgess Academy of BJJ and MMA	Manchester	https://burgessmma.com	burgessmma.com
NH	Elements MMA	Keene	https://www.elements-mma.com	elements-mma.com
NH	Full Circle Martial Arts and Fitness Center	Manchester	https://fullcirclemafc.com	fullcirclemafc.com
NH	Granite State BJJ	North Hampton	https://granitestatebjj.com	granitestatebjj.com
NH	Heavy Mettle Jiu Jitsu	North Hampton	https://www.heavymettlejj.com	heavymettlejj.com
NH	Hero Jiu Jitsu	Exeter	https://herojiujitsu.com	herojiujitsu.com
NH	Infinity Gracie Brazilian Jiu Jitsu	Lebanon	https://www.gracieuppervalley.com	gracieuppervalley.com
NH	Kevin Watson Brazilian Jiu-Jitsu	Dover	https://www.kwbjj.com	kwbjj.com
NH	Leverage BJJ NH	Concord	https://www.leveragebjjnh.com	leveragebjjnh.com
NH	Limitless Pride Martial Arts and Fitness Center	East Hampstead	https://www.limitlesspridemartialarts.com	limitlesspridemartialarts.com
NH	NH BJJ	Manchester	https://nhbjj.com	nhbjj.com
NH	National Institute of Modern Martial Arts	Claremont	https://nimmadojo.com	nimmadojo.com
NH	New England BJJ Academy	Concord	https://www.nebjj.com	nebjj.com
NH	New England Top Team	Salem	https://www.newenglandtopteam.com	newenglandtopteam.com
NH	Nostos MMA	Somersworth	https://www.nostos-mma.com	nostos-mma.com
NH	Off Your Back BJJ Academy	Salem	https://offyourbackbjj.com	offyourbackbjj.com
NH	Primal Jiu Jitsu and Mixed Martial Arts	Derry	https://www.primaljiujitsuacademy.com	primaljiujitsuacademy.com
NH	Professional Martial Arts Academy Derry	Derry	https://pmaderry.com	pmaderry.com
NH	Professional Martial Arts Academy Plaistow	Plaistow	https://pmaplaistow.com	pmaplaistow.com
NH	Renzo Gracie NH Exeter	Exeter	https://renzogracienh.org	renzogracienh.org
NH	Renzo Gracie NH Manchester	Manchester	https://renzogracienh.org	renzogracienh.org
NH	Renzo Gracie NH Windham	Windham	https://renzogracienh.org	renzogracienh.org
NH	Sanders Jiu Jitsu	Rochester	https://www.sandersbjjacademy.com	sandersbjjacademy.com
NH	The Martial Arts Zone	Manchester	https://themartialartszone.com	themartialartszone.com
NH	Triumph Brazilian Jiu-Jitsu	Nashua	https://teamtriumphbjj.com	teamtriumphbjj.com
NH	Upper Valley Brazilian Jiu Jitsu	Enfield	https://www.uppervalleybjj.com	uppervalleybjj.com
NH	Valle Brazilian Jiu Jitsu	Londonderry	https://vallebjj.com	vallebjj.com
NH	White Mtn. Brazilian Jiu-Jitsu and MMA Club	Ashland	http://www.whitemtbjj.com	whitemtbjj.com
NJ	609 Jiu Jitsu	Egg Harbor Township	https://609jiujitsu.com/	609jiujitsu.com
NJ	Abrecea BJJ	Bergenfield	https://www.abreceabjj.com	abreceabjj.com
NJ	Alex Wilkie's Martial Arts Academy	Bridgewater	http://www.alexwilkiemma.com/	alexwilkiemma.com
NJ	All In BJJ	Middlesex	https://www.allinbjj.com/contact	allinbjj.com
NJ	AllStar BJJ/MMA Training	Union	http://allstarbjjmma.com/	allstarbjjmma.com
NJ	American Jiu Jitsu	Newark	https://www.americanjiujitsu.com/	americanjiujitsu.com
NJ	Amped Mixed Martial Arts & Fitness	East Hanover	http://ampedmma.com/	ampedmma.com
NJ	Anaconda Brazilian Jiu-Jitsu North Bergen	North Bergen	https://anacondabjjnjny.com/	anacondabjjnjny.com
NJ	Art of Movement: MMA, BJJ & Fitness	Medford	https://aommma.com/	aommma.com
NJ	Asbury Park Jiu Jitsu	Neptune City	https://www.mindbodyonline.com/explore/locations/asbury-park-jiu-jitsu	mindbodyonline.com
NJ	B Team Jiu Jitsu	Edison	https://www.bteamjiujitsu.com/	bteamjiujitsu.com
NJ	Bataille Jiu Jitsu Academy	Kinnelon	https://www.bataillejj.com/	bataillejj.com
NJ	Bayshore BJJ	Middletown	https://www.bayshorebjj.com/	bayshorebjj.com
NJ	Believe MMA	North Plainfield	https://believemma.com/	believemma.com
NJ	BeltQuest Jiu Jitsu	West Orange	http://www.beltquestjiujitsu.com	beltquestjiujitsu.com
NJ	Bergen County Brazilian Jiu-Jitsu	Ramsey	https://www.jiujitsutrainingnj.com/	jiujitsutrainingnj.com
NJ	Bill Scott BJJ Shore Academy	Point Pleasant	http://billscottbjj.com/	billscottbjj.com
NJ	Bill Stevens Karate	Ramsey	https://www.stevenskarate.com/brazilian-jiu-jitsu/	stevenskarate.com
NJ	Bones Jiu Jitsu	Clifton	http://bonesjiujitsu.com	bonesjiujitsu.com
NJ	Brazen Martial Arts	Windsor	http://www.brazenmartialarts.com/bmablog/	brazenmartialarts.com
NJ	Buctown MMA	Belleville	http://www.buctown.org/	buctown.org
NJ	Cape May Brazilian Jiu Jitsu	Rio Grande	https://capemaybjj.com/	capemaybjj.com
NJ	Carnicella MMA	Clifton	http://www.carnicellamma.com/	carnicellamma.com
NJ	Checkmates Boxing and MMA Striking Skills	Toms River	http://www.checkmates-boxing.com/	checkmates-boxing.com
NJ	Close Quarters Brazilian Jiu Jitsu	Westville	http://www.cqbjjfit.com/	cqbjjfit.com
NJ	Core Brazilian Jiu Jitsu Academy	Stanhope	http://corebjjnj.com/	corebjjnj.com
NJ	Cruz Mixed Martial Arts Academy Jiu-Jitsu BJJ Kickboxing	Harrison	http://www.cruzmma.com/	cruzmma.com
NJ	Cultr Fight Club	Jersey City	https://www.cultrfightclub.com/brazilianjiujitsu	cultrfightclub.com
NJ	Cutting Edge Brazilian Jiu Jitsu	Harrison	http://cuttingedgebjj.com	cuttingedgebjj.com
NJ	Dante Rivera Brazilian Jiu-Jitsu Academy	Freehold Township	https://danteriverabjj.com/	danteriverabjj.com
NJ	Echo Alpha Gracie Jiu Jitsu	Succasunna	http://www.echoalphabjj.com/	echoalphabjj.com
NJ	Elijah Brazilian Jiu Jitsu	Union	http://ebjj.com/	ebjj.com
NJ	Esoteric Jiu Jitsu Academy	Washington	http://www.esotericjiujitsu.com/	esotericjiujitsu.com
NJ	Evolutionary Martial Arts	Hackettstown	http://www.evolutionarymartialarts.com/	evolutionarymartialarts.com
NJ	Family Fitness Mixed Martial Arts	Jersey City	http://www.ffmanj.com/	ffmanj.com
NJ	FastKick Martial Arts	Belleville	http://www.ifastkick.com	ifastkick.com
NJ	Fatjo's Mixed Martial Arts	Morganville	http://www.fmacworld.com/	fmacworld.com
NJ	Gael Force Jiu Jitsu	Roxbury Township	https://www.gaelforcejiujitsu.com/	gaelforcejiujitsu.com
NJ	Garden State Brazilian Jiu-Jitsu Academy	Red Bank	https://gardenstatebjj.com/	gardenstatebjj.com
NJ	Garry Tonon Jiu Jitsu	North Brunswick Township	https://www.garrytononjiujitsu.com/	garrytononjiujitsu.com
NJ	Girl Fight	Brick Township	http://gfight.com/	gfight.com
NJ	Girl Fight Martial Arts Center	Toms River	http://www.thegirlfight.com/	thegirlfight.com
NJ	Gorilla Martial Arts	Mahwah	https://www.gorillabjjacademy.com/	gorillabjjacademy.com
NJ	Gracie Barra North Princeton Brazilian Jiu Jitsu and Self Defense	Princeton	https://www.gb-northprinceton.com/north-princeton-classes	gb-northprinceton.com
NJ	Gracie Barra Princeton	Lawrenceville	https://gbprinceton.com	gbprinceton.com
NJ	Gracie New Jersey Academy	Lawrenceville	https://gracienewjersey.com	gracienewjersey.com
NJ	Guerrero BJJ & MMA	Caldwell	http://kneeonbelly.com/	kneeonbelly.com
NJ	Harbor Jiu-Jitsu	Egg Harbor Township	https://www.harborjiujitsu.com/	harborjiujitsu.com
NJ	Hibiscus Brazilian Jiu-Jitsu	North Haledon	https://www.hibiscusbjj.com/	hibiscusbjj.com
NJ	High Impact Martial Arts	West New York	http://www.highimpactma.com/	highimpactma.com
NJ	Hillsborough Brazilian Jiu-Jitsu	Hillsborough Township	http://www.hillsboroughbjj.com/	hillsboroughbjj.com
NJ	Hoboken Fight Club	Hoboken	http://chuteboxela.com	chuteboxela.com
NJ	Hybrid Academy of Mixed Martial Arts	Green Brook Township	http://www.hybridacademymma.com/	hybridacademymma.com
NJ	Immortals Jiu Jitsu	Clifton	http://www.immortalsjiujitsu.com/	immortalsjiujitsu.com
NJ	Institute Of Defensive Methods	Hoboken	http://www.idmnj.com	idmnj.com
NJ	Ironbound Fight Club	Newark	https://www.instagram.com/ifcnewarknj_2/	instagram.com
NJ	Jiu Jitsu North Jersey / Otimo JJ	Waldwick	https://otimojj.com	otimojj.com
NJ	Jiu-Jitsu Family Training Center	Guttenberg	http://www.jiujitsunewjersey.com/	jiujitsunewjersey.com
NJ	Kao Muay Thai	Pennsauken Township	http://kaomuaythai.com/	kaomuaythai.com
NJ	Kombat Brazilian Jiu-Jitsu	Clark	https://www.kombatbjj.com/	kombatbjj.com
NJ	Legion Mixed Martial Arts	Vineland	http://legionmixedmartialarts.com/	legionmixedmartialarts.com
NJ	Lentz Mixed Martial Arts and Boxing	Mays Landing	http://www.lentzmma.com/	lentzmma.com
NJ	Lobo Mixed Martial Arts	Blairstown	http://www.lobomma.com/	lobomma.com
NJ	Loftus Jiu Jitsu Academy	Flemington	http://www.loftusjiujitsu.com/	loftusjiujitsu.com
NJ	Loyalty BJJ	Township of Washington	http://loyaltybjjnj.com/	loyaltybjjnj.com
NJ	MK Muay Thai	Fair Lawn	http://www.mkmuaythai.com/	mkmuaythai.com
NJ	Madama Jiu-Jitsu Academy	Toms River	http://madamajj.com/	madamajj.com
NJ	Madhouse Academy	Neptune City	http://www.madhouseacademy.com/	madhouseacademy.com
NJ	Martial Way MMA	Newton	https://martialwaymma.com/	martialwaymma.com
NJ	Matakas Jiu Jitsu	Florence	https://www.matakasbjj.com	matakasbjj.com
NJ	Matawan School Of Martial Arts	Matawan	http://www.trianglechoke.com/	trianglechoke.com
NJ	Method BJJ	South Plainfield	https://www.methodbjj.com/	methodbjj.com
NJ	Modern Fighting Concepts	Absecon	http://www.mfcmma.com/	mfcmma.com
NJ	Montgomery Brazilian Jiu-Jitsu	Belle Mead	https://www.montgomerybjj.com/	montgomerybjj.com
NJ	NJ Ronin Jiu Jitsu and Striking Academy	Hackettstown	http://www.njronin.com/	njronin.com
NJ	NJ United Mixed Martial Arts	Totowa	http://www.njunitedmma.com/	njunitedmma.com
NJ	Nak Muay Gym	Hillsborough Township	http://www.nakmuaygym.com	nakmuaygym.com
NJ	New Journey MMA Somerset NJ	Somerset	https://www.newjourneymma.com/	newjourneymma.com
NJ	Nick Catone MMA & Fitness	Brick Township	https://www.mindbodyonline.com/explore/locations/nick-catone-s-mixed-martial-arts	mindbodyonline.com
NJ	North Jersey Mixed Martial Arts	Lafayette	http://www.njmmaa.com/	njmmaa.com
NJ	Notorious Mixed Martial Arts	East Rutherford	http://www.notoriousbjj.com/	notoriousbjj.com
NJ	Nova Uniao Brazilian Jiu-Jitsu Academy	Harrison	http://www.jmbjj.com/	jmbjj.com
NJ	Ocean County BJJ	Toms River	https://www.oceancountybjj.com/	oceancountybjj.com
NJ	Performance Jiu-Jitsu Academy	Fair Lawn	https://armlock.com	armlock.com
NJ	Pinelands Brazilian Jiu-Jitsu	Little Egg Harbor Township	http://pinelandsbjj.com/	pinelandsbjj.com
NJ	Power Half Wrestling and Mixed Martial Arts	Cookstown	https://powerhalfwrestling.com/	powerhalfwrestling.com
NJ	Princeton Academy Of Martial Arts	Princeton Junction	http://www.pamausa.com/	pamausa.com
NJ	Princeton Brazilian Jiu Jitsu	Princeton	https://www.princetonbjj.com	princetonbjj.com
NJ	Procel Brazilian Jiu-Jitsu	Jersey City	https://procelbjj.com	procelbjj.com
NJ	Prolific Brazilian Jiu Jitsu	Bayonne	http://prolificbjj.com/	prolificbjj.com
NJ	Pure Mixed Martial Arts	Rockaway	http://www.puremixedmartialarts.com/	puremixedmartialarts.com
NJ	ROLLSTAR Jiu Jitsu (HQ)	Hackensack	http://www.rollstarbjj.com/	rollstarbjj.com
NJ	RUSH Mixed Martial Arts Team Joe Moreira	Bernardsville	http://www.rushdefense.com/	rushdefense.com
NJ	Radji Barrett Jiu Jitsu	Fords	http://radjibarrettjiujitsu.com/	radjibarrettjiujitsu.com
NJ	Rare Breed Mixed Martial Arts	Bloomfield	https://www.rarebreedmma.com/	rarebreedmma.com
NJ	Renzo Gracie Denville	Denville	https://renzograciedenville.com	renzograciedenville.com
NJ	Renzo Gracie Fort Lee / TEO BJJ	Fort Lee	https://teobjj.com	teobjj.com
NJ	Renzo Gracie Harrison	Harrison	https://www.renzograciecrowncollection.com	renzograciecrowncollection.com
NJ	Renzo Gracie Jersey City	Jersey City	http://renzograciejc.com/	renzograciejc.com
NJ	Renzo Gracie Middletown	Middletown Township	http://renzograciemiddletownmartialarts.com/	renzograciemiddletownmartialarts.com
NJ	Renzo Gracie Newark	Newark	https://www.renzogracienj.com	renzogracienj.com
NJ	Renzo Gracie Northern Valley	Northvale	https://nvbjj.com	nvbjj.com
NJ	Renzo Gracie Ramapo Valley	Mahwah	https://ramapovalleyjiujitsu.com/	ramapovalleyjiujitsu.com
NJ	Ricardo Almeida BJJ Academy	Hamilton	https://ricardoalmeida.com	ricardoalmeida.com
NJ	Ricardo Almeida Brazilian Jiu-Jitsu	Robbinsville Twp	https://rabjjacademy.as.me/	rabjjacademy.as.me
NJ	Rising MMA	Little Ferry	https://www.facebook.com/risingmma2010/	facebook.com
NJ	Rising Sun Brazilian Jiu Jitsu Academy	Ridgefield Park	https://www.risingsunacademy.com	risingsunacademy.com
NJ	Rival Jiu-Jitsu	Waldwick	https://www.rivalbjj.com/	rivalbjj.com
NJ	Rolles Gracie Academy	Old Bridge	https://rollesgracieacademy.com/	rollesgracieacademy.com
NJ	Satori Academy Brazilian Jiu Jitsu	Edison	http://www.satoriacademynj.com/	satoriacademynj.com
NJ	Savarese BJJ Academy - Jersey City	Jersey City	https://njbjj.com/	njbjj.com
NJ	Senshi Tori Mixed Martial Arts	Bayonne	http://www.senshitori.com/	senshitori.com
NJ	Sheridan Brazillian Jiu Jitsu	Vauxhall	https://www.sheridanbjj.com/home-adult-jiu-jitsu	sheridanbjj.com
NJ	Sidekick Martial Arts & Fitness	Hasbrouck Heights	https://sidekick-ma.maonrails.com/	sidekick-ma.maonrails.com
NJ	Silver Fox Brazilian Jiu-Jitsu Academy	Saddle Brook	http://www.silverfoxbjj.com/	silverfoxbjj.com
NJ	Silver Fox Brazilian Jiu-Jitsu Academy [East Hanover]	East Hanover	http://www.silverfoxbjjeh.com/	silverfoxbjjeh.com
NJ	Snake Pit U.S.A. MMA	Galloway	https://snakepitusamma.com	snakepitusamma.com
NJ	Southpaw Gym - Boxing, Muay Thai, Mixed Martial Arts	Neptune City	http://www.southpawgymnjusa.com/	southpawgymnjusa.com
NJ	Spartan Mixed Martial Arts	Ocean Township	https://oceantownshipmartialarts.com/	oceantownshipmartialarts.com
NJ	Stafford Mixed Martial Arts	Stafford Township	http://www.staffordmma.com/	staffordmma.com
NJ	Stay Strong Brazilian Jiu Jitsu	Hillsborough Township	http://www.staystrongbjj.com/	staystrongbjj.com
NJ	Straight Blast Gym New Jersey	Montclair	https://www.sbgnj.com/	sbgnj.com
NJ	Strategic Combat Academy	Old Bridge	http://strategicmma.com/	strategicmma.com
NJ	Stray Dawgs Gym	Hamilton Township	http://straydawgsgym.com/	straydawgsgym.com
NJ	Studio 1908 (Miyao Brothers)	Jersey City	https://www.studio1908bjj.com/	studio1908bjj.com
NJ	Subforce BJJ	Lyndhurst	http://www.subforcebjj.com	subforcebjj.com
NJ	Sussex County Mixed Martial Arts	Sparta	http://www.sussexcountymma.com/	sussexcountymma.com
NJ	TRA Jiu jitsu	Bayonne	http://www.trajiujitsu.com	trajiujitsu.com
NJ	Team Curuma Brazilian Jiu-Jitsu Academy	Bergenfield	https://teamcuruma.com	teamcuruma.com
NJ	Team Jucao Newark Brazilian Jiu Jitsu	Newark	https://www.facebook.com/teamjucaonewark/	facebook.com
NJ	Team Oliveira Brazilian Jiu Jitsu	Howell Township	http://www.teamoliveirabjj.com/	teamoliveirabjj.com
NJ	The Edge Ultimate Martial Arts	Saddle Brook	http://theedgemma.com/	theedgemma.com
NJ	The Shark Tank BJJ	Vineland	http://sharktankbjj.com/	sharktankbjj.com
NJ	Tiger Schulmann's Martial Arts Brick NJ	Brick Township	https://tsk.com/locations/nj/brick/	tsk.com
NJ	Tiger Schulmann's Martial Arts East Brunswick NJ	East Brunswick	https://tsk.com/locations/nj/east-brunswick/	tsk.com
NJ	Tiger Schulmann's Martial Arts Eatontown NJ	Eatontown	https://tsk.com/locations/nj/eatontown/	tsk.com
NJ	Tiger Schulmann's Martial Arts Elmwood Park NJ	Elmwood Park	https://tsk.com/locations/nj/elmwood-park/	tsk.com
NJ	Tiger Schulmann's Martial Arts Englewood NJ	Englewood	https://tsk.com/locations/nj/englewood/	tsk.com
NJ	Tiger Schulmann's Martial Arts Freehold NJ	Freehold Township	https://tsk.com/locations/nj/freehold/	tsk.com
NJ	Tiger Schulmann's Martial Arts Hoboken NJ	Hoboken	https://tsk.com/locations/nj/hoboken/	tsk.com
NJ	Tiger Schulmann's Martial Arts Jersey City NJ	Jersey City	https://tsk.com/locations/nj/jersey-city/	tsk.com
NJ	Tiger Schulmann's Martial Arts North Plainfield NJ	North Plainfield	https://tsk.com/locations/nj/north-plainfield/	tsk.com
NJ	Tiger Schulmann's Martial Arts Paramus NJ	Paramus	https://tsk.com/locations/nj/paramus/	tsk.com
NJ	Tiger Schulmann's Martial Arts Princeton	Lawrence Township	https://tsk.com/locations/nj/princeton/	tsk.com
NJ	Tiger Schulmann's Martial Arts Ramsey NJ	Ramsey	https://tsk.com/locations/nj/ramsey/	tsk.com
NJ	Tiger Schulmann's Martial Arts Randolph NJ	Randolph	https://tsk.com/locations/nj/randolph/	tsk.com
NJ	Tiger Schulmann's Martial Arts Red Bank NJ	Red Bank	https://tsk.com/locations/nj/red-bank/	tsk.com
NJ	Tiger Schulmann's Martial Arts Short Hills NJ	Short Hills	https://tsk.com/locations/nj/short-hills/	tsk.com
NJ	Tiger Schulmann's Martial Arts Wayne NJ	Wayne	https://tsk.com/locations/nj/wayne/	tsk.com
NJ	Tiger Schulmann's Martial Arts West Orange NJ	West Orange	https://tsk.com/locations/nj/westorange/	tsk.com
NJ	Tong Dragon Mixed Martial Arts	Bayville	http://www.tongdragon.com/	tongdragon.com
NJ	Tony Silva's Fusion Martial Arts & Brazilian Jiu Jitsu	Jackson Township	http://www.silvafusion.com/	silvafusion.com
NJ	Touro MMA	Stockholm	http://www.touromma.com/	touromma.com
NJ	Training Grounds MMA & Gjj	Westwood	http://www.njtraininggrounds.com/	njtraininggrounds.com
NJ	Trasso Jiu Jitsu & Wrestling	Glen Rock	https://trassojjw.com/	trassojjw.com
NJ	Tribe MMA Ridgefield	Ridgefield	http://www.mmatribenj.com/contact-us-2	mmatribenj.com
NJ	UFC GYM East Rutherford	East Rutherford	https://www.ufcgym.com/locations/east-rutherford/	ufcgym.com
NJ	UFC GYM North Brunswick	North Brunswick Township	https://www.ufcgym.com/locations/north-brunswick-township/	ufcgym.com
NJ	UFC GYM Paramus	Paramus	https://www.ufcgym.com/locations/paramus	ufcgym.com
NJ	Unity Jiu Jitsu Jersey City	Jersey City	https://unityjiujitsujc.com	unityjiujitsujc.com
NJ	Unity Jiu Jitsu New Jersey	Clifton	http://unitybjjnj.com	unitybjjnj.com
NJ	Velez Jiujitsu	Avenel	http://www.dieseltrainingbjj.com/	dieseltrainingbjj.com
NJ	White Tiger Martial Arts	Wayne	http://wtma-nj.com/	wtma-nj.com
NJ	Wolf Brazilian Jiu Jitsu	Sicklerville	http://teamwolfbjj.com/	teamwolfbjj.com
NJ	Yeti MMA	Scotch Plains	https://www.shaolinbjj.com/	shaolinbjj.com
NJ	Zealous Nation MMA	Middlesex	https://zealousnationmma.com/	zealousnationmma.com
NJ	Zen Jiu Jitsu	Summit	https://www.zenjiujitsu.com/	zenjiujitsu.com
NL	Alex Foley's Academy of Martial Arts	St. John's	https://www.alexfoley.ca	alexfoley.ca
NL	Anchor Combat Academy	Corner Brook	https://www.anchorcombatacademy.com	anchorcombatacademy.com
NL	Foley's Martial Arts	Paradise	https://foleysmartialarts.com	foleysmartialarts.com
NL	Golden Rule Jiu Jitsu	Flat Bay	https://golden-rule-jiu-jitsu-ltd.gymdesk.com	golden-rule-jiu-jitsu-ltd.gymdesk.com
NL	Jason Foley Martial Arts	Conception Bay South	https://www.jasonfoleyma.com	jasonfoleyma.com
NL	Labrador City BJJ	Labrador City	https://www.novauniao.ca/lab-city	novauniao.ca
NL	Michael Foley's Academy of Martial Arts	St. John's	https://michaelfoley.ca	michaelfoley.ca
NL	New Found TAO BJJ	Grand Falls-Windsor	https://www.newfoundtaobjj.ca	newfoundtaobjj.ca
NL	Republic BJJ	St. John's	https://www.republicbjj.com	republicbjj.com
NL	Tera BJJ	St. John's	https://www.terabjj.com	terabjj.com
NL	Velocity Martial Arts Academy	Clarenville	https://www.velocitynl.com	velocitynl.com
NM	10th Planet Jiu Jitsu Albuquerque	Albuquerque	https://10pabq.com	10pabq.com
NM	10th Planet Jiu Jitsu Santa Fe	Santa Fe	https://10thplanetsantafe.com	10thplanetsantafe.com
NM	Academy Jiu Jitsu	Roswell	https://academyjiujitsu.net	academyjiujitsu.net
NM	Apex Grappling Academy	Deming	https://ufdeming.com/apex	ufdeming.com
NM	Coyote Brazilian Jiu Jitsu Academy	Albuquerque	https://coyotebjj.com	coyotebjj.com
NM	Desert Dynasty MMA	Alamogordo	https://www.desertdynastymma.com	desertdynastymma.com
NM	Farmington Jiu Jitsu Academy	Farmington	https://farmingtonjiujitsu.com	farmingtonjiujitsu.com
NM	G13 Jiu-Jitsu New Mexico	Tijeras	https://www.g13bjjnewmexico.com	g13bjjnewmexico.com
NM	Gracie Barra Albuquerque	Albuquerque	https://gbalbuquerque.com	gbalbuquerque.com
NM	Gracie Barra Espanola	Espanola	https://graciebarra.com/espanola-nm	graciebarra.com
NM	Gracie Barra New Mexico	Albuquerque	https://gbnewmexico.com	gbnewmexico.com
NM	Gracie Barra Rio Rancho	Rio Rancho	https://gbriorancho.com	gbriorancho.com
NM	Gracie Barra Roswell	Roswell	https://graciebarra.com/roswell-nm	graciebarra.com
NM	Gracie Barra Santa Fe	Santa Fe	https://santafebjj.com	santafebjj.com
NM	Gracie Barra Westside	Albuquerque	https://gbwestside.com	gbwestside.com
NM	Impact Jiu Jitsu Albuquerque	Albuquerque	https://impactjjabq.com	impactjjabq.com
NM	Invictus Brazilian Jiu Jitsu and Muay Thai Academy	Albuquerque	https://www.invictusmartialarts.com	invictusmartialarts.com
NM	Jesse Jacquez Brazilian Jiu-Jitsu Santa Fe	Santa Fe	https://jessejacquezbjj.com	jessejacquezbjj.com
NM	Jesse Jacquez Brazilian Jiu-Jitsu Taos	Taos	https://jessejacquezbjj.com	jessejacquezbjj.com
NM	Kingdom Jiu Jitsu Academy	Carlsbad	https://kingdombjj.com	kingdombjj.com
NM	Kings Jiu Jitsu	Las Cruces	https://www.kingsjiujitsucruces.com	kingsjiujitsucruces.com
NM	Los Alamos Brazilian Jiu-Jitsu Academy	Los Alamos	http://www.losalamosbjj.com	losalamosbjj.com
NM	Megaton Gallup Jiu-Jitsu	Gallup	https://gallupjiujitsu.com	gallupjiujitsu.com
NM	New Mexico Jiujitsu Academy	Albuquerque	https://nmjiujitsu.com	nmjiujitsu.com
NM	Next Move Jiu Jitsu	Rio Rancho	https://www.nmjj.com	nmjj.com
NM	Otero Combat Sports	Alamogordo	https://oterocombatsports.com	oterocombatsports.com
NM	Round 2 Martial Arts	Aztec	https://round2martialarts.com	round2martialarts.com
NM	San Juan Brazilian Jiu Jitsu	Aztec	https://www.sanjuanbjj.com	sanjuanbjj.com
NM	Silverback Jiu Jitsu	Clovis	https://www.silverbacksoulbjj.com	silverbacksoulbjj.com
NM	Sindalu Brazilian Jiu-Jitsu Albuquerque	Albuquerque	https://www.sindalubjj.com	sindalubjj.com
NM	Sindalu Brazilian Jiu-Jitsu Portales	Portales	https://www.sindalubjj.com	sindalubjj.com
NM	SmartJits Brazilian Jiu Jitsu Academy	Albuquerque	https://smartjits.life	smartjits.life
NM	Zia Martial Arts	Las Cruces	https://ziamartialarts.com	ziamartialarts.com
NS	374 MMA	Halifax	https://374mma.com	374mma.com
NS	Abhaya Martial Arts Academy	Windsor	https://www.abhaya.ca/windsor	abhaya.ca
NS	Abhaya Mixed Martial Arts	Greenwich	https://abhaya.ca	abhaya.ca
NS	Breakthrough BJJ	Amherst	https://www.breakthroughbjj.ca	breakthroughbjj.ca
NS	Bulldog Martial Arts	Lantz	https://www.facebook.com/groups/206127349417091	facebook.com
NS	Cheticamp Martial Arts	Chéticamp	https://www.cheticampmartialarts.com	cheticampmartialarts.com
NS	Clinch Training Centre	Lower Sackville	https://clinchtrainingcenter.ca	clinchtrainingcenter.ca
NS	Fit Plus MMA	Dartmouth	https://fitplusmma.com	fitplusmma.com
NS	Grant's Martial Arts	Dartmouth	https://www.grantsmartialarts.ca	grantsmartialarts.ca
NS	Halifax BJJ Society	Halifax	https://www.halifaxbjj.ca	halifaxbjj.ca
NS	Integrity Martial Arts	Sydney	https://www.integritymartialarts.ca	integritymartialarts.ca
NS	Jake MacKenzie School of Jiu Jitsu	Halifax	https://jakemackenziebjj.com	jakemackenziebjj.com
NS	Manimal Athletics Training Center	Lucasville	https://www.facebook.com/ManimalTraining	facebook.com
NS	Maritime Jiu-Jitsu	Halifax	https://www.maritimejiujitsu.ca	maritimejiujitsu.ca
NS	Marmac Athletics	Truro	https://www.facebook.com/marmacathletics	facebook.com
NS	Pictou County Jiu Jitsu	New Glasgow	https://www.tapology.com/gyms/8759-pictou-county-jiu-jitsu	tapology.com
NS	Porters Lake Brazilian Jiujitsu	Porters Lake	https://www.facebook.com/averageday	facebook.com
NS	Presley BJJ	Wellington	https://www.presleybjj.com	presleybjj.com
NS	Shiretown Grappling Club	Pictou	https://www.instagram.com/shiretownbjj	instagram.com
NS	The Tap Room Grappling Group	Middle Sackville	https://www.facebook.com/p/The-Tap-Room-Grappling-Group-61571256489758	facebook.com
NS	Titan's Martial Arts and Fitness	Halifax	https://titansmaaf.ca	titansmaaf.ca
NS	Tower 1 Combat Sports	Dartmouth	https://www.tower1combatsports.com	tower1combatsports.com
NS	True Leverage Alliance BJJ	Kingston	https://www.instagram.com/tla_bjj	instagram.com
NS	Truro BJJ	Truro	https://trurojiujitsu.com	trurojiujitsu.com
NS	Woodshop Jiu-Jitsu	Antigonish	https://www.facebook.com/woodshopjits	facebook.com
NS	Workhorse Mixed Martial Arts	Port Hawkesbury	https://workhorse-mma.gymdesk.com	workhorse-mma.gymdesk.com
NS	Zombie Proof BJJ	Sydney	https://www.zombieproofbjj.com	zombieproofbjj.com
NV	10th Planet Downtown	Las Vegas	http://10thplanetdtlv.com	10thplanetdtlv.com
NV	10th Planet Jiu Jitsu Las Vegas	Henderson	https://www.10thplanetlasvegas.com	10thplanetlasvegas.com
NV	360 Martial Arts Academy	Reno	http://360martialarts.com	360martialarts.com
NV	9th Isle BJJ Inc	Las Vegas	https://www.9thislebjj.com	9thislebjj.com
NV	Adrenaline Training Center	Carson City	http://www.adrenalinetc.com	adrenalinetc.com
NV	Alexandre Garcia Brazilian Jiu-Jitsu	Reno	https://www.agjiujitsu.com	agjiujitsu.com
NV	Alliance Jiu Jitsu Las Vegas	Las Vegas	https://alliancejiujitsulasvegas.com	alliancejiujitsulasvegas.com
NV	Altruist Mixed Martial Arts	Henderson	https://www.altruistmixedmartialarts.com	altruistmixedmartialarts.com
NV	American Top Team Nevada	Henderson	http://www.attnevada.com	attnevada.com
NV	American Wrestling Club	Henderson	http://www.americanwrestlingclub.com	americanwrestlingclub.com
NV	Ares BJJ Reno	Reno	http://aresbjjreno.com	aresbjjreno.com
NV	Ascend Jiu-Jitsu	Reno	https://cp.mystudio.io/t	cp.mystudio.io
NV	Asylum Fight Team	Las Vegas	http://www.asylumfightteam.com	asylumfightteam.com
NV	Atlas Grappling	Las Vegas	http://www.AtlasGrappling.com	atlasgrappling.com
NV	Atos Jiu Jitsu Las Vegas	Las Vegas	http://www.atosjiujitsulv.com	atosjiujitsulv.com
NV	Black Diamond Brazilian Jiu-Jitsu	Reno	https://blackdiamondbjj.com/schedule	blackdiamondbjj.com
NV	Carlson Gracie Green Valley	Henderson	http://carlsongraciegreenvalley.com	carlsongraciegreenvalley.com
NV	Carlson Gracie Las Vegas	Las Vegas	http://carlsongracielv.com	carlsongracielv.com
NV	Carlson Gracie Training Center - Cavalcanti Jiu Jitsu	Las Vegas	http://www.rcjiujitsu.com	rcjiujitsu.com
NV	Cephas Brazilian Jiu Jitsu Academy	Las Vegas	http://cephasbjj.com	cephasbjj.com
NV	Chris Engle Brazilian Jiu Jitsu	Henderson	https://www.cebjj.net	cebjj.net
NV	Cobra Kai Jiu Jitsu South	Las Vegas	http://www.simgojj.com	simgojj.com
NV	Cobrinha Brazilian Jiu Jitsu Academy	Las Vegas	http://www.cobrinhabjjlasvegas.com	cobrinhabjjlasvegas.com
NV	Combat Sport and Fitness	Sparks	https://m.facebook.com/combatsportandfitnessreno	m.facebook.com
NV	Core Fitness & Martial Arts	Henderson	https://www.mystudio.academy/cs	mystudio.academy
NV	Douglas County Jiu Jitsu	Gardnerville	http://www.dcjiujitsunv.com	dcjiujitsunv.com
NV	Drysdale Fight For Us Jiu Jitsu	Las Vegas	http://www.drysdalefightforus.com	drysdalefightforus.com
NV	Evolution Martial Arts Academy	Sparks	http://evomaa.com	evomaa.com
NV	FASI Sports	Las Vegas	http://www.fasisports.com	fasisports.com
NV	Fight Capital Gym	Las Vegas	http://www.fightcapital.com	fightcapital.com
NV	Freestyle MMA & Jiu Jitsu	Las Vegas	https://freestylemmalv.com	freestylemmalv.com
NV	Freestyle Martial Arts Academy	Reno	http://www.freestylema.com	freestylema.com
NV	Ftcc	Henderson	http://www.ftcclv.com	ftcclv.com
NV	GB Las Vegas	Las Vegas	https://graciebarra.com/las-vegas-nv	graciebarra.com
NV	Gary Grate Brazilian Jiu-Jitsu Academy of Carson City NV	Carson City	http://www.bjjcarsoncity.com	bjjcarsoncity.com
NV	Gary Grate Brazilian Jiu-Jitsu Academy of Reno NV	Reno	https://www.bjjreno.com	bjjreno.com
NV	Gracie Humaita West Craig	North Las Vegas	http://jiujitsulv.com	jiujitsulv.com
NV	Gracie Humaitá Jiu-Jitsu of Sparks NV	Sparks	https://agjiujitsu.com	agjiujitsu.com
NV	Gracie Jiu Jitsu Henderson	Henderson	http://www.gracielasvegas.com	gracielasvegas.com
NV	Gracie Las Vegas	Las Vegas	https://gracielasvegas.com	gracielasvegas.com
NV	Gracie Nevada	Las Vegas	https://gracie-nevada.business.site	gracie-nevada.business.site
NV	Guerrilla Jiu Jitsu Academy Reno	Reno	http://www.renojiujitsu.com	renojiujitsu.com
NV	Hybrid Jiujitsu	Las Vegas	https://hybridjiujitsulv.com	hybridjiujitsulv.com
NV	JREAM Academy	Carson City	https://www.jreamacademy.com	jreamacademy.com
NV	Jiu-Jitsu Methods	Las Vegas	http://jiujitsumethods.com	jiujitsumethods.com
NV	K Jutsu Do Fights System	North Las Vegas	https://k-jutsu-do-fights-system.negocio.site	k-jutsu-do-fights-system.negocio.site
NV	Kifaru Jitsu Academy of Martial Arts	North Las Vegas	http://www.kifarujitsu.com	kifarujitsu.com
NV	Komainu Gym	Reno	http://www.komainuapparel.com	komainuapparel.com
NV	Komainu/Yemaso Brazilian Jiujitsu/MMA Academy	Elko	http://jreamacademy.com	jreamacademy.com
NV	Lagasca Brazilian Jiu Jitsu	Las Vegas	https://www.lagascabjj.com	lagascabjj.com
NV	Legend Mixed Martial Arts	Las Vegas	http://www.legendmixedmartialarts.com	legendmixedmartialarts.com
NV	Life Jiu Jitsu Reno	Reno	http://lifebjjreno.com	lifebjjreno.com
NV	Loyalty Brazilian Jiu-Jitsu	Elko	http://www.loyaltybjj.com	loyaltybjj.com
NV	Loyalty Brazilian Jiu-Jitsu Winnemucca	Winnemucca	http://www.loyaltybjj.com	loyaltybjj.com
NV	Milestone Martial Arts	Las Vegas	http://www.milestonemartialarts.com	milestonemartialarts.com
NV	Mix-It-Up Kickboxing & Brazilian Jiu-Jitsu	Pahrump	http://www.mixitupacademy.com	mixitupacademy.com
NV	Momentum Martial Arts	Reno	http://momentumreno.com	momentumreno.com
NV	Nova Uniao Las Vegas	Las Vegas	http://www.ryukotrainingcenter.com	ryukotrainingcenter.com
NV	Odin's Halls Brazilian Jiu Jitsu	Las Vegas	https://www.bjjvegas.com	bjjvegas.com
NV	Power Martial Arts & Fitness	Las Vegas	https://www.powermartialarts.vegas	powermartialarts.vegas
NV	Rebel Jiujitsu	Boulder City	http://rebeljiujitsu.com	rebeljiujitsu.com
NV	Renzo Gracie Academy Reno	Reno	http://www.renzograciereno.com	renzograciereno.com
NV	Results Martial Arts	Las Vegas	https://martialartslv.net	martialartslv.net
NV	Rico's Martial Arts	Henderson	http://ricosmartialarts.com	ricosmartialarts.com
NV	Ronin Jiu-Jitsu Las Vegas	Las Vegas	https://www.roninjiujitsu.com	roninjiujitsu.com
NV	Ronin Jiu-Jitsu North Las Vegas	North Las Vegas	http://www.roninbjj.org	roninbjj.org
NV	Roninjitsu Martial Arts	Las Vegas	https://smashironfitness.com/roninjitsu-martial-arts	smashironfitness.com
NV	Ryoku Judo Club	Henderson	http://www.ryokujudo.com	ryokujudo.com
NV	Ryuko Training Center	Las Vegas	http://www.ryukotrainingcenter.com	ryukotrainingcenter.com
NV	SHOSHINKAN - Las Vegas Martial Arts	Las Vegas	http://www.shoshinkanlv.com	shoshinkanlv.com
NV	SIMGO Academy	Las Vegas	http://ckjj.com	ckjj.com
NV	Sergio Penha	Las Vegas	http://sergiopenha.com	sergiopenha.com
NV	Summerlin BJJ	Las Vegas	https://summerlinbjj.com	summerlinbjj.com
NV	Syndicate Mixed Martial Arts	Las Vegas	http://www.syndicatemmavegas.com	syndicatemmavegas.com
NV	Team Reno	Reno	https://www.momentumreno.com/brazilian-jiu-jitsu	momentumreno.com
NV	The Komainu Collective Brazilian Jiu Jitsu	Sparks	http://bjjrenotahoe.com	bjjrenotahoe.com
NV	Torres MMA Sport	Las Vegas	http://www.torresmmasport.com/Contact-Us.html	torresmmasport.com
NV	Tribe Fitness and Martial Arts	Las Vegas	https://www.tribevegas.com	tribevegas.com
NV	UFC GYM Reno	Reno	https://www.ufcgym.com/locations/reno	ufcgym.com
NV	UFC Gym Green Valley	Henderson	http://ufcgym.com/greenvalley	ufcgym.com
NV	Uprising MMA	North Las Vegas	http://www.uprisingmma.com	uprisingmma.com
NV	Vegas Combat	Las Vegas	http://www.vegascombat.com	vegascombat.com
NV	Vills Bros Brazilian Jiu-Jitsu	Las Vegas	http://www.villsbrosbjj.com	villsbrosbjj.com
NV	Wayne's Martial Arts School	Las Vegas	http://waynelacno5.wixsite.com	waynelacno5.wixsite.com
NV	Wild West Training Center	Carson City	https://calendly.com/d/dkt-s43-wm4	calendly.com
NV	Xtreme Couture MMA	Las Vegas	https://xtremecouture.tv	xtremecouture.tv
NV	Zai Martial Arts Academy	Reno	http://www.zaixma.com	zaixma.com
NV	Zangief Jiu Jitsu	Las Vegas	https://www.zangiefjiujitsu.com	zangiefjiujitsu.com
NV	Zenith By Robert Drysdale	Las Vegas	http://www.drysdalejiujitsu.com	drysdalejiujitsu.com
NY	10th Planet Jiu Jitsu NYC	New York	https://www.10thplanetjjnyc.com	10thplanetjjnyc.com
NY	10th Planet Rochester	Rochester	http://www.10thplanetjiujitsurochester.com	10thplanetjiujitsurochester.com
NY	A-Force BJJ Academy	Great Neck	https://www.aforcebjj.com	aforcebjj.com
NY	Alpha Omega MMA	Rockville Centre	http://www.alphaomegamma.com	alphaomegamma.com
NY	American Academy Of Self Defense	Deer Park	http://www.aaofsd.com	aaofsd.com
NY	American Top Team Watertown	Watertown	http://americantopteamwatertown.com	americantopteamwatertown.com
NY	Anderson's Martial Arts Academy	New York	https://www.andersonsmartialarts.com	andersonsmartialarts.com
NY	At Jiu-Jitsu NYC	Queens	http://www.atjiujitsunyc.com	atjiujitsunyc.com
NY	Atlas Jiu Jitsu Glens Falls	South Glens Falls	https://www.atlasjiujitsu.com/glenns-falls	atlasjiujitsu.com
NY	Bedroc MMA & Fitness	Rochester	https://www.bedrocmma.com	bedrocmma.com
NY	Behring Jiu Jitsu NY	Evans Mills	https://behringjiujitsuny.com	behringjiujitsuny.com
NY	Big Apple BJJ Open	New York	http://bigapplebjjopen.com	bigapplebjjopen.com
NY	Black Hole Jiu Jitsu	Wappingers Falls	https://blackholejj.com	blackholejj.com
NY	Brandon Abdullah's Martial Arts and Fitness	Albany	https://www.albanybjj.com/	albanybjj.com
NY	Brazilian Jiu Jitsu of Washington Heights	New York	http://bjjofwashingtonheights.com	bjjofwashingtonheights.com
NY	Bronx Jiu-Jitsu	Bronx	http://bronxjiujitsu.com	bronxjiujitsu.com
NY	Bronx Martial Arts Academy	Bronx	https://www.bronxmartialarts.com	bronxmartialarts.com
NY	Brooklyn Brazilian Jiu Jitsu	Brooklyn	https://brooklynbjj.com	brooklynbjj.com
NY	Brooklyn Mixed Martial Arts & Fitness	Brooklyn	https://www.brooklynmixedmartialarts.com	brooklynmixedmartialarts.com
NY	Brooklyn Motumbaxé Capoeira Jiu Jitsu--Mestre Lampréia	Brooklyn	https://lampreiamotumbaxe.com/membership	lampreiamotumbaxe.com
NY	Buffalo United Martial Arts	Buffalo	https://buffalounitedmartialarts.com	buffalounitedmartialarts.com
NY	Butch's Boxing & MMA	Queens	http://www.ny-mma.com	ny-mma.com
NY	Buzz Martial Arts	New York	https://buzzma.com	buzzma.com
NY	Bwarrior MMA	New York	http://bwarrior.com	bwarrior.com
NY	Chop & Chops MMA	Brooklyn	http://www.chopandchopsmma.com	chopandchopsmma.com
NY	Church Street Boxing Gym	New York	http://csboxinggym.com	csboxinggym.com
NY	City Jiu Jitsu Academy	Long Island City	https://cityjiujitsuacademy.com	cityjiujitsuacademy.com
NY	Clockwork Brazilian Jiu-Jitsu	New York	https://www.clockworkbjj.com	clockworkbjj.com
NY	Codella Brazilian Jiu Jitsu Academy	Staten Island	http://codellaacademy.com	codellaacademy.com
NY	Crossfit 585 BJJ	Rochester	http://www.crossfit585bjj.com/home	crossfit585bjj.com
NY	Curtis Tillman's Mixed Martial Arts Academy	Cicero	http://tillman-mma.com	tillman-mma.com
NY	D'Arce Brazilian Jiu-Jitsu	Patchogue	http://www.darcejiujitsu.com	darcejiujitsu.com
NY	Darfight Martial Arts	Brooklyn	https://darfight.com	darfight.com
NY	Dark Arts Muay Thai and Brazilian Jiu Jitsu	Webster	http://darkartsroc.com	darkartsroc.com
NY	David Kaplan Martial Arts	New York	https://www.davidkaplanmartialarts.com	davidkaplanmartialarts.com
NY	East Coast United Queens Academy of Brazilian Jiu Jitsu	Whitestone	http://www.ecuqueensbjj.com	ecuqueensbjj.com
NY	East West MMA	Seldon	http://www.circleofoneny.com	circleofoneny.com
NY	Evolution Muay Thai	New York	http://evolutionmuaythai.com	evolutionmuaythai.com
NY	Fight Factory	Brooklyn	http://www.fightfactoryny.com	fightfactoryny.com
NY	Fight-Sport Training Center	Niagara Falls	https://www.fightsporttrainingcenter.com/	fightsporttrainingcenter.com
NY	Five Points Academy	New York	http://www.academyfivepoints.com	academyfivepoints.com
NY	Gentle Art Studio Lotus Club	Astoria	https://www.gentleartstudio.com/	gentleartstudio.com
NY	Glory Mixed Martial Arts	Woodside	http://www.glorymma.com	glorymma.com
NY	Gotham Jiu Jitsu	New York	http://www.gothamjiujitsu.com	gothamjiujitsu.com
NY	Gracie Barra Long Island	New Hyde Park	https://gblongisland.com	gblongisland.com
NY	Gracie Barra North Babylon	North Babylon	https://gbnorthbabylon.com	gbnorthbabylon.com
NY	Gracie Jiu-Jitsu New York	Bronx	https://gracieny.com	gracieny.com
NY	Gracie Jiu-Jitsu Point Lookout	Point Lookout	https://graciejiujitsuli.com	graciejiujitsuli.com
NY	Gracie Jiu-Jitsu Poughkeepsie	Poughkeepsie	https://nationalmartialartsandfitness.com	nationalmartialartsandfitness.com
NY	Gracie Jiu-Jitsu Victor	Victor	https://gracievictor.com	gracievictor.com
NY	Gregor Gracie Academy Brooklyn	Brooklyn	https://www.gregorgracie.com/	gregorgracie.com
NY	Haven Jiu Jitsu	Syracuse	https://cnyjiujitsu.com	cnyjiujitsu.com
NY	Hidden Fist Mixed Martial Arts Academy	Queens	https://www.hiddenfistacademy.com	hiddenfistacademy.com
NY	IJC Martial Arts	Queens	https://ijcnyc.com	ijcnyc.com
NY	Igor Gracie Jiu Jitsu Academy	New Rochelle	https://igorgraciejiujitsu.com	igorgraciejiujitsu.com
NY	International Training Center of New York	Long Island City	https://www.itcny.com/	itcny.com
NY	JAO Martial Arts Academy/Caio Terra Brazilian Jiu Jitsu NY	Brooklyn	http://www.jao-maa.com	jao-maa.com
NY	JG Monster Jiujitsu Fitness	Brooklyn	http://www.jgmonsterjiujitsufitness.com	jgmonsterjiujitsufitness.com
NY	Jkd NYC	New York	https://jkdnyc.com	jkdnyc.com
NY	Jungle Gym Martial Arts - Bronx	Bronx	http://junglegymbronx.com	junglegymbronx.com
NY	Kaizen Brazilian Jiu-Jitsu	Bronx	http://www.kaizen-jiujitsu.com	kaizen-jiujitsu.com
NY	Kfm Martial Arts & Fitness Academy	Lynbrook	http://www.kfmnewyork.com	kfmnewyork.com
NY	Kings Combat Fitness	Rego Park	https://kingscombatfitness.com	kingscombatfitness.com
NY	Kioto Brazilian Jiu Jitsu	New York	https://www.kiotobjj.com/	kiotobjj.com
NY	Krystek School of Judo, BJJ, Self Defense and Fitness	Queens	https://krystekjudo.com	krystekjudo.com
NY	Lake Effect Martial Arts	Depew	https://lakeeffectbjj.com	lakeeffectbjj.com
NY	LifeStyle Brazilian Jiu Jitsu Academy	Astoria	http://lifestyle-mma.com	lifestyle-mma.com
NY	LockDown BJJ	Lake Ronkonkoma	https://lockdownbjj.com	lockdownbjj.com
NY	Long Beach Jiu Jitsu	Long Beach	https://lbnyjj.com	lbnyjj.com
NY	Long Island MMA	Lake Grove	https://limixedmartialarts.com/	limixedmartialarts.com
NY	Longo and Weidman MMA	Garden City	http://lawmma.com	lawmma.com
NY	Lotus Jiu Jitsu Flushing	Queens	http://www.flushingjiujitsu.com	flushingjiujitsu.com
NY	MCF Warpath Boxing and MMA Academy	Bronx	http://mcfmma.com	mcfmma.com
NY	Marcelo Garcia Academy	New York	https://www.marcelogarciajj.com/	marcelogarciajj.com
NY	Marlon Colorado BJJ NYC	Sunnyside	https://www.marloncoloradobjjnyc.com/	marloncoloradobjjnyc.com
NY	Maxum BJJ Long Island	Huntington	https://www.maxumbjj.com	maxumbjj.com
NY	Mayo Kickboxing & MMA Academy	Queens	http://mayomma.com	mayomma.com
NY	Miori Martial Arts	Syracuse	https://www.miorimartialarts.com/	miorimartialarts.com
NY	Modern Martial Arts NYC Upper Eastside	New York	https://www.mmanewyorkcity.com/locations/upper-eastside	mmanewyorkcity.com
NY	Modern Martial Arts Tribeca	New York	https://www.mmanewyorkcity.com/locations/tribeca	mmanewyorkcity.com
NY	NY Combat Club	New York	http://www.nycombatclub.com	nycombatclub.com
NY	Next Level Athletic Performance	Marcy	http://www.nxtleveltraining.com	nxtleveltraining.com
NY	Nova Jiu Jitsu Rochester	Rochester	https://novajiujitsu.com	novajiujitsu.com
NY	Oneonta Jiu Jitsu Academy	Oneonta	https://oneontajiujitsuacademy.com	oneontajiujitsuacademy.com
NY	Park Slope Academy of Brazilian Jiu-Jitsu	Brooklyn	https://www.psabjj.com	psabjj.com
NY	Peak Jiu-Jitsu	Patchogue	https://www.peakjj.com	peakjj.com
NY	Peak Performance MMA	Yonkers	https://peakperformancemma.com/	peakperformancemma.com
NY	Peloton Martial Arts Center	Spencerport	http://www.peloton-bjj.com	peloton-bjj.com
NY	Progressive Martial Arts	Fresh Meadows	http://www.progressivemartialarts.com	progressivemartialarts.com
NY	Queens Jiu-Jitsu	Astoria	https://www.queensjiujitsu.com/	queensjiujitsu.com
NY	Radical MMA	New York	https://radicalmmanyc.com	radicalmmanyc.com
NY	Range Brazilian Jiu-Jitsu	New York	https://www.rangebjj.com	rangebjj.com
NY	Red Dawn Combat Club- Fresh Meadows	Fresh Meadows	https://reddawnbjj.com	reddawnbjj.com
NY	Renzo Gracie Academy	New York	https://renzogracieacademy.com	renzogracieacademy.com
NY	Renzo Gracie Bay Ridge	Brooklyn	http://renzograciebayridge.com	renzograciebayridge.com
NY	Renzo Gracie Bayside	Bayside	https://renzograciebayside.com	renzograciebayside.com
NY	Renzo Gracie Brooklyn	Brooklyn	https://renzograciebrooklynnyc.com	renzograciebrooklynnyc.com
NY	Renzo Gracie East Side	New York	https://www.renzogracieeastside.com	renzogracieeastside.com
NY	Renzo Gracie Jiu-Jitsu Upper West Side	New York	https://www.renzogracieuws.com	renzogracieuws.com
NY	Renzo Gracie Latham	Latham	https://renzogracielatham.com/	renzogracielatham.com
NY	Renzo Gracie Rockland	New City	https://www.renzogracierockland.com	renzogracierockland.com
NY	Renzo Gracie Staten Island	Staten Island	https://sinybjj.com	sinybjj.com
NY	Renzo Gracie Whitestone	Whitestone	http://renzogracie-whitestone.com	renzogracie-whitestone.com
NY	Rochester Jiu Jitsu	Irondequoit	https://rochesterjiujitsu.com	rochesterjiujitsu.com
NY	Rockland Brazilian Jiu-Jitsu	Nanuet	http://www.rocklandbjj.com	rocklandbjj.com
NY	Ronin Athletics	New York	https://roninathletics.com	roninathletics.com
NY	Sas Jiu Jitsu Syracuse	Syracuse	https://www.sasteamsyracuse.com	sasteamsyracuse.com
NY	Sheepshead Bay Roll	Brooklyn	http://sheepsheadbayroll.com/contact.html	sheepsheadbayroll.com
NY	Shōgun Jiu Jitsu Academy	Webster	http://www.shogunma.com	shogunma.com
NY	Spirit Martial Arts	Queens	https://spiritmma.com	spiritmma.com
NY	Square Circle New York	New York	https://squarecirclenewyork.com	squarecirclenewyork.com
NY	Staten Island Brazilian Jiu-Jitsu/MMA	Staten Island	http://sibjjmma.com	sibjjmma.com
NY	Striking 101 Mixed Martial Arts - Forest Hills	Queens	https://s101hq.com	s101hq.com
NY	Studio X	New York	https://www.studiox.nyc/	studiox.nyc
NY	Sub Zero Brazilian Jiu Jitsu	Hamburg	https://subzerobjj.com	subzerobjj.com
NY	Synthesis Brazilian Jiu-Jitsu	Rochester	https://synthesisbjj.com	synthesisbjj.com
NY	TD Athletics	Brooklyn	https://tdathletics.net	tdathletics.net
NY	Team Diamond Heart	Brooklyn	https://teamdiamondheart.com	teamdiamondheart.com
NY	Team Jucao Brazilian Jiu Jitsu	New York	https://teamjucao.com	teamjucao.com
NY	Team Real USA	Staten Island	https://teamrealusa.com/wp	teamrealusa.com
NY	The Grappling Club	Brooklyn	https://thegrapplingclubnyc.com	thegrapplingclubnyc.com
NY	The Jiu Jitsu Mill	Port Chester	https://thejiujitsumill.com	thejiujitsumill.com
NY	Tiger Schulmann's Martial Arts Astoria (Queens) NY	Astoria	https://tsk.com/locations/ny/queens-astoria	tsk.com
NY	Tiger Schulmann's Martial Arts Bayside (Queens) NY	Queens	https://tsk.com/locations/ny/queens-bayside	tsk.com
NY	Tiger Schulmann's Martial Arts Bellerose (Queens) NY	Queens	https://tsk.com/locations/ny/bellerose	tsk.com
NY	Tiger Schulmann's Martial Arts Chelsea (New York City) NY	New York	https://tsk.com/locations/ny/chelsea	tsk.com
NY	Tiger Schulmann's Martial Arts Fresh Meadows (Queens) NY	Queens	https://tsk.com/locations/ny/queens-fresh-meadows	tsk.com
NY	Tiger Schulmann's Martial Arts Garden City NY	Garden City	https://tsk.com/locations/ny/garden-city	tsk.com
NY	Tiger Schulmann's Martial Arts Glendale (Queens) NY	Queens	https://tsk.com/locations/ny/queens-glendale	tsk.com
NY	Tiger Schulmann's Martial Arts Greenpoint (Brooklyn) NY	Brooklyn	https://tsk.com/locations/ny/brooklyn-greenpoint	tsk.com
NY	Tiger Schulmann's Martial Arts Huntington NY	Huntington	https://tsk.com/locations/ny/huntington	tsk.com
NY	Tiger Schulmann's Martial Arts Jackson Heights (Queens) NY	Queens	https://tsk.com/locations/ny/queens-jackson-heights	tsk.com
NY	Tiger Schulmann's Martial Arts Manhasset NY	Manhasset	https://tsk.com/locations/ny/manhasset	tsk.com
NY	Tiger Schulmann's Martial Arts Merrick NY	Merrick	https://tsk.com/locations/ny/merrick	tsk.com
NY	Tiger Schulmann's Martial Arts Middle Village (Queens) NY	Queens	https://tsk.com/locations/ny/queens-middle-village	tsk.com
NY	Tiger Schulmann's Martial Arts Nanuet NY	Nanuet	https://tsk.com/locations/ny/nanuet	tsk.com
NY	Tiger Schulmann's Martial Arts New Dorp (Staten Island) NY	Staten Island	https://tsk.com/locations/ny/staten-island-new-dorp	tsk.com
NY	Tiger Schulmann's Martial Arts New Windsor NY	New Windsor	https://tsk.com/locations/ny/new-windsor	tsk.com
NY	Tiger Schulmann's Martial Arts Rego Park (Queens) NY	Queens	https://tsk.com/locations/ny/queens-rego-park	tsk.com
NY	Tiger Schulmann's Martial Arts Rockville Centre NY	Rockville Centre	https://tsk.com/locations/ny/rockville-centre	tsk.com
NY	Tiger Schulmann's Martial Arts Smithtown NY	Smithtown	https://tsk.com/locations/ny/smithtown	tsk.com
NY	Tiger Schulmann's Martial Arts Syosset NY	Syosset	https://tsk.com/locations/ny/syosset	tsk.com
NY	Tiger Schulmann's Martial Arts Tottenville (Staten Island) NY	Staten Island	https://tsk.com/locations/ny/staten-island-tottenville	tsk.com
NY	Tiger Schulmann's Martial Arts Upper East Side (New York City) NY	New York	https://tsk.com/locations/ny/upper-east-side	tsk.com
NY	Tiger Schulmann's Martial Arts Yonkers NY	Yonkers	https://tsk.com/locations/ny/yonkers	tsk.com
NY	Touro Fajardo Brazilian Jiu Jitsu	Queens	https://www.tourofajardobrazilianjiujitsu.com	tourofajardobrazilianjiujitsu.com
NY	Training Zone NYC - Ozone Park	Queens	https://www.tznyc.com	tznyc.com
NY	UFC GYM Long Island	New Hyde Park	https://www.ufcgym.com/locations/long-island	ufcgym.com
NY	UFC GYM Park Slope	Brooklyn	http://www.ufcgym.com	ufcgym.com
NY	Una Brazilian Jiujitsu	Forest Hills	https://www.unabjj.com	unabjj.com
NY	Unity Jiu Jitsu	New York	https://unityjiujitsu.com	unityjiujitsu.com
NY	Unlimited Martial Arts	Brooklyn	https://unlimitedmartialartsacademy.com	unlimitedmartialartsacademy.com
NY	Upper West Side Brazilian Jiu-Jitsu	New York	http://www.uwskenshikai.com/bjj	uwskenshikai.com
NY	Utica Combat Athletics	Utica	http://www.uticacombat.com	uticacombat.com
NY	Valor Mixed Martial Arts	New York	https://valormmanyc.com	valormmanyc.com
NY	Vamos MMA	Holbrook	https://www.vamosmma.com	vamosmma.com
NY	Victory BJJ	Albany	https://victoryjj.com	victoryjj.com
NY	Vitor Shaolin BJJ NYC	New York	https://www.bjjnewyorkcity.com	bjjnewyorkcity.com
NY	WNY MMA & Fitness	Buffalo	http://www.wnymma.com	wnymma.com
NY	Westchester Fight Club	New Rochelle	https://westchesterfightclub.com	westchesterfightclub.com
NY	Westchester Mixed Martial Arts & Fitness	Mount Kisco	http://www.westchestermmafit.com	westchestermmafit.com
NY	Williamsburg MMA	Brooklyn	https://www.williamsburgmma.com	williamsburgmma.com
NY	Workshop NYC	New York	http://www.workshop-nyc.com	workshop-nyc.com
NY	Yojimbo BJJ	New York	http://www.yojimbonyc.com	yojimbonyc.com
NY	Zero Gravity Jiu-Jitsu Academy	Brooklyn	https://zerogbjj.com	zerogbjj.com
OH	1-Up BJJ/Team Chard West (inside Old School Iron Gym)	Brook Park	http://www.1upjiujitsu.com/	1upjiujitsu.com
OH	10th Planet Jiu Jitsu Newark (Heath OH)	Heath	https://10thplanetnewark.com	10thplanetnewark.com
OH	4Point Base BJJ	Ostrander	http://www.4pointbase.com/	4pointbase.com
OH	Adamas Brazilian Jiu Jitsu Academy	Toledo	https://adamasjiujitsutoledo.com/	adamasjiujitsutoledo.com
OH	Adventure BJJ & Sambo	Parma	https://adventuremma.com/bjj	adventuremma.com
OH	Ares Combat Training Center	Macedonia	https://www.arescombatsportacademy.com/	arescombatsportacademy.com
OH	Black Lotus Brazilian Jiu Jitsu Academy	Fairview Park	http://www.blacklotusbjja.com/	blacklotusbjja.com
OH	Bobcat MMA	The Plains	https://www.starbrickbjj.com/bobcat-mma	starbrickbjj.com
OH	Brazilian Jiu-Jitsu & Self Defense Academy	Boardman	http://youngstownjiujitsu.com/	youngstownjiujitsu.com
OH	Brown Institute	Centerville	http://www.browninstitute.com/	browninstitute.com
OH	Buckeye Mixed Martial Arts & Fitness	Columbus	http://www.buckeyemma.com/	buckeyemma.com
OH	Bullpen Fight Club Morristown OH	Morristown	http://bullpenfightclub.com/	bullpenfightclub.com
OH	Castro-Brasa Jiu-Jitsu	Grafton	https://www.facebook.com/McCrillisBJJ/	facebook.com
OH	Club MMA: Mixed Martial Arts	Cincinnati	http://www.club-mma.com/	club-mma.com
OH	Columbus Brazilian Jiu-Jitsu	Reynoldsburg	http://www.columbusbjj.com/	columbusbjj.com
OH	Columbus MMA	Grove City	http://www.columbusmma.com/	columbusmma.com
OH	Combat CFMA - Functional Martial Arts	Medina	http://combatcfma.com/	combatcfma.com
OH	Consecution Jiu-Jitsu	Austinburg	http://consecutionjiujitsu.com/	consecutionjiujitsu.com
OH	Dayton Brazilian Jiu Jitsu	Dayton	https://daytonbrazilianjiujitsu.com/	daytonbrazilianjiujitsu.com
OH	Dayton Mixed Martial Arts Academy	Beavercreek	http://www.daytonmma.com/	daytonmma.com
OH	Delta Team Jiu Jitsu	Heath	http://deltagrapplingacademy.com/	deltagrapplingacademy.com
OH	Edge Fitness Studio	St Clairsville	http://www.theedgefit.com/	theedgefit.com
OH	Finishers Jiu Jitsu	Masury	https://business.facebook.com/10thplanetmasury/	business.facebook.com
OH	G-Force MMA	Amelia	http://gforcemma.com/	gforcemma.com
OH	GB Cincinnati	West Chester	https://cincymma.com/	cincymma.com
OH	GB Columbus	Dublin	https://graciebarra.com/dublin-oh/	graciebarra.com
OH	GT Brazilian Jiu-Jitsu	Akron	https://www.gtbjjohio.com/	gtbjjohio.com
OH	Gladiator Training Center	Xenia	https://www.gladiatortrained.com/	gladiatortrained.com
OH	Gotham Gym/ Savage MMA and Fitness LLC	Akron	http://gothamgym.gymmasteronline.com/	gothamgym.gymmasteronline.com
OH	Gracie Allegiance Ohio	Zanesville	http://www.zanesville-jiujitsu.com/	zanesville-jiujitsu.com
OH	Gracie Cincinnati Jiu-Jitsu	Blue Ash	http://graciecincinnati.com/	graciecincinnati.com
OH	Gracie Orwell Jiu Jitsu Academy	Orwell	http://www.gracieorwell.com/	gracieorwell.com
OH	Griffonrawl MMA	Mentor	http://www.ohio-mma.com/	ohio-mma.com
OH	Ground Up Brazilian Jiu-Jitsu	Warrensville Heights	http://mpcle.com/class/ground-up-bjj/	mpcle.com
OH	Ground Zero MMA	Massillon	http://groundzeromma.com/	groundzeromma.com
OH	Grove City Brazilian Jiu-Jitsu Academy	Grove City	https://www.grovecityjiujitsu.com/	grovecityjiujitsu.com
OH	Hess' Oriental Martial Arts	Fremont	https://hessma.com/	hessma.com
OH	Hill Jiu Jitsu Academy	North Canton	http://hilljiujitsuacademy.com/	hilljiujitsuacademy.com
OH	Hillcrest Academy of Goshin	Cleveland	https://www.hillcrestjujitsu.com/	hillcrestjujitsu.com
OH	Hooligans Boxing & MMA	North Ridgeville	https://hooligans.business.site/	hooligans.business.site
OH	Hurricane Jiu Jitsu	Cleveland	http://www.hurricanejj.com/	hurricanejj.com
OH	Ilimitadas Brazilian Jiu-Jitsu	Dayton	https://www.facebook.com/limitlessbjjmma/	facebook.com
OH	Immortal Martial Arts Center	Lewis Center	http://www.immortalmartialartscenter.com/	immortalmartialartscenter.com
OH	Impact Family Martial Arts Newark	Newark	http://www.impactdojo.com/	impactdojo.com
OH	Infinity Arts	Cambridge	https://www.facebook.com/InfinityArtsMartialArts/	facebook.com
OH	Integrated Combative Arts Academy	Hilliard	http://www.icaacademy.com/	icaacademy.com
OH	Iron & Soul	Clyde	https://ironsouljiujitsu.com/	ironsouljiujitsu.com
OH	Izzah Combat Sports & Fitness Eastside Brasa Bjj	Cleveland Heights	http://www.izzahsports.com/	izzahsports.com
OH	JW Brazilian Jiu-Jitsu	Ravenna	https://jwbrazilianjiujitsu.wixsite.com/website	jwbrazilianjiujitsu.wixsite.com
OH	Jorge Gurgel Martial Arts Center West Chester	West Chester	https://jgmma.com/	jgmma.com
OH	Jujitsu School Of Self Defense	Big Prairie	http://jujitsuschool.net/	jujitsuschool.net
OH	Legacy Martial Arts Academy	Hamilton	http://www.legacy-ohio.com/	legacy-ohio.com
OH	Leverage Brazilian Jiu-Jitsu	Cortland	http://www.leveragebjjohio.com/	leveragebjjohio.com
OH	Lima's Total Revolution Training Facility	Lima	http://trmartialarts.com/	trmartialarts.com
OH	Limitless BJJ Cincinnati	Cincinnati	https://limitlessbjj.com	limitlessbjj.com
OH	MPower Gym LLC	Vandalia	https://www.mpowergymllc.com/	mpowergymllc.com
OH	Mario Sperry Jiu-Jitsu of Ohio	Canfield	http://www.msjjo.com/	msjjo.com
OH	Mat Lab Brazilian JiuJitsu	Columbus	http://matlabbjj.com/	matlabbjj.com
OH	Mayfield Karate & Minna Jiu Jitsu	Mayfield Heights	http://themayfieldacademy.com/	themayfieldacademy.com
OH	Meltons Jiujitsu/MMA	Elyria	https://m.facebook.com/MeltonsJiuJitsuAcademyOhio/	m.facebook.com
OH	Meyer Martial Arts	West Chester Township	http://www.meyermartialarts.com/	meyermartialarts.com
OH	Monster Brazilian Jiu Jitsu	Chillicothe	https://monsterbjj.com/contact-us/	monsterbjj.com
OH	Next Level Martial Arts Academy	Austintown	http://youngstownmartialarts.com/	youngstownmartialarts.com
OH	Next Level Martial Arts Alliance	Alliance	http://www.mountunionbjj.com/	mountunionbjj.com
OH	North American Martial Arts Institute	Toledo	http://namai.us/	namai.us
OH	Ohio Academy of Martial Arts	Wooster	https://ohioacademyofmartialarts.com/	ohioacademyofmartialarts.com
OH	Ohio Brasa/Deon Thompson Brazilian Jiu Jitsu	Toledo	http://ohiobrasajiujitsu.com/	ohiobrasajiujitsu.com
OH	Ohio Budokan Martial Arts	Dayton	http://www.ohiobudokan.org/	ohiobudokan.org
OH	Ohio Combat Sports Academy	Reynoldsburg	http://www.ohiocombatacademy.com/	ohiocombatacademy.com
OH	Ohio Martial Arts	Maumee	http://ohiomartialarts.com/	ohiomartialarts.com
OH	Parma Family Martial Arts Center	Parma	https://www.pfmac.com/	pfmac.com
OH	Powell MMA and Fitness (Jiu Jitsu, Kickboxing, Wrestling)	Cincinnati	http://powellmmaandfitness.com/	powellmmaandfitness.com
OH	Relson Gracie Jiu-Jitsu Cleveland	Willoughby	http://www.graciecleveland.com/	graciecleveland.com
OH	Relson Gracie Jiu-Jitsu Columbus	Columbus	http://www.gracieohio.com/	gracieohio.com
OH	Revolution Fight and Fitness	Cleveland	http://revolutionfightandfitness.com/	revolutionfightandfitness.com
OH	Rio Pro Brazilian Jiu Jitsu	Beachwood	https://rioprobjj.com	rioprobjj.com
OH	Rising Dragon Mixed Martial Arts & Fitness	Bedford Heights	http://risingdragonmma.com/	risingdragonmma.com
OH	RoundTown Brazilian Jiu-Jitsu Academy	Circleville	http://www.roundtownjiujitsu.com/	roundtownjiujitsu.com
OH	Rudo Jiu-Jitsu	Toledo	http://rudojiujitsu.com/	rudojiujitsu.com
OH	Ruffhouse Jiu Jitsu Columbus	Gahanna	http://ruffhousecolumbus.com/	ruffhousecolumbus.com
OH	S&G Brazilian Jiu Jitsu	Dayton	http://www.sgbjj.com/	sgbjj.com
OH	Sabatino MMA and Fitness	Canton	http://facebook.com/sabatinomma	facebook.com
OH	Sacan Martial Arts	West Chester	http://sacanmartialarts.com/	sacanmartialarts.com
OH	School of Combative Arts	Cincinnati	https://www.schoolcombativearts.com/schedule-a-class	schoolcombativearts.com
OH	Second Nature Brazilian Jiu Jitsu	Port Clinton	https://www.facebook.com/secondnaturebrazilianjiujitsu/	facebook.com
OH	Soma Gracie Brazilian Jiu-Jitsu of Dayton	Dayton	http://www.somajj.com/	somajj.com
OH	South Prospect Martial Arts Gym	Ravenna	https://southprospectgym.quest/	southprospectgym.quest
OH	Summit Martial Arts	Delaware	http://summitmartialartsacademy.com/	summitmartialartsacademy.com
OH	Super System BJJ	Dublin	http://supersystembjj.com	supersystembjj.com
OH	TAMA Family Martial Arts	Dayton	http://tamamartialarts.com/	tamamartialarts.com
OH	Team Bundy Gracie Jiu-Jitsu	Warren	http://teambundymma.com/	teambundymma.com
OH	Team Chard BJJ	Walton Hills	http://ohiobjjc.com/	ohiobjjc.com
OH	Team Chitwood Martial Arts & Fitness Lewis Center OH	Lewis Center	http://www.teamchitwood.com/	teamchitwood.com
OH	Team Chitwood North	Hinckley	https://www.teamchitwoodnorth.com/	teamchitwoodnorth.com
OH	Tenbears Martial Arts Academy	Dayton	http://www.tenbearsmma.com/	tenbearsmma.com
OH	The Dirty Gym	Dayton	http://thedirtygym.com/	thedirtygym.com
OH	The Technician Dojo	Columbus	http://www.thetechniciandojo.com	thetechniciandojo.com
OH	Toledo Jiu Jitsu Center	Toledo	http://toledojiujitsu.com/	toledojiujitsu.com
OH	Top Level Martial Arts	Cuyahoga Falls	http://www.toplevelmartialarts.com/	toplevelmartialarts.com
OH	True Art Jiu Jitsu	Fairlawn	http://www.trueartbjj.com/	trueartbjj.com
OH	U A Jiu Jitsu	Upper Arlington	https://uajiujitsu.com	uajiujitsu.com
OH	US Martial Arts Academy	Cincinnati	http://usmartialartsacademy.com/	usmartialartsacademy.com
OH	Underground Gym	Newark	https://www.facebook.com/NewarkUnderground/	facebook.com
OH	VO2 Fitness (BJJ by Delta Grappling Academy)	Newark	http://vo2fitnessnewark.com/	vo2fitnessnewark.com
OH	Vanyo Martial Arts	Strongsville	https://www.vanyomma.com/	vanyomma.com
OH	Vision Fitness & MMA	Cincinnati	http://www.visionmma.com/	visionmma.com
OH	Waterhouse Brazilian Jiu-Jitsu Academy	Hartville	http://www.waterhousebjj.com/	waterhousebjj.com
OH	Young Guardians MMA	St Marys	https://young-guardians-mma.business.site/	young-guardians-mma.business.site
OH	Zahand's Martial Arts	Akron	http://www.zahands.com/	zahands.com
OK	American Top Team OKC	Oklahoma City	americantopteamokc.com	americantopteamokc.com
OK	Apex Fitness & Martial Arts	Tuttle	okcbjj.co	okcbjj.co
OK	Black Flag BJJ	Mustang	blackflagok.com	blackflagok.com
OK	Blackout Jiu Jitsu	Moore	https://blackoutjiujitsu.com	blackoutjiujitsu.com
OK	Burdette Jiu Jitsu	Glenpool	burdettejiujitsu.com	burdettejiujitsu.com
OK	Carson Fight & Fitness	Tulsa	https://carsonfightfitness.com	carsonfightfitness.com
OK	Christian Karate & Jiu-Jitsu Academy	Edmond	christiankarateacademy.com	christiankarateacademy.com
OK	Conquest	Yukon	conquestok.com	conquestok.com
OK	Culture Brazilian Jiu Jitsu	Oklahoma City	culturebjjok.com	culturebjjok.com
OK	Dreadnought Brazilian Jiu-Jitsu	Lawton	dreadnought-bjj.com	dreadnought-bjj.com
OK	Elite Combat Systems	Stillwater	elitecombatsystems.com	elitecombatsystems.com
OK	Empire Jiu Jitsu	Norman	empirebjjok.com	empirebjjok.com
OK	Fight or Flight Fitness LLC	Norman	fightorflightnorman.com	fightorflightnorman.com
OK	Forza Combat Sports	Broken Arrow	forzacombatsports.com	forzacombatsports.com
OK	Gorilla Judo and BJJ Club	Oklahoma City	gorillajudoandbjjclub.com	gorillajudoandbjjclub.com
OK	Gracie Jiu-Jitsu Tulsa	Tulsa	gracietulsa.com	gracietulsa.com
OK	Grand Lake Martial Arts	Grove	grand-lake-martial-arts.maonrails.com	grand-lake-martial-arts.maonrails.com
OK	Ground Control Jiu-Jitsu	Glenpool	groundcontroljiu-jitsu.com	groundcontroljiu-jitsu.com
OK	Havoc Brazilian Jiu-Jitsu	Claremore	havocbjj.com	havocbjj.com
OK	Hensley Jiu Jitsu	Ardmore	hensleybjj.com	hensleybjj.com
OK	Highland Jiu Jitsu	Warr Acres	bethanybjj.com	bethanybjj.com
OK	Highland Martial Arts – Yukon	Yukon	tsmayukon.com	tsmayukon.com
OK	Integrity Martial Arts Moore	Moore	https://integrityma.ninja	integrityma.ninja
OK	Jedi Jiu-Jitsu	Tulsa	jjjtulsajiu-jitsu.com	jjjtulsajiu-jitsu.com
OK	Jenks Martial Arts Academy	Jenks	maausa.net	maausa.net
OK	Jiu Jitsu Academy Of Stillwater	Stillwater	bjjstillwater.com	bjjstillwater.com
OK	Killer Bees Kickboxing	Edmond	killerbeeskickboxing.com	killerbeeskickboxing.com
OK	Kraken Jiu Jitsu - Ardmore OK	Ardmore	krakenardmore.com	krakenardmore.com
OK	Legacy Martial Arts BJJ & Kickboxing	Edmond	legacyma.com	legacyma.com
OK	Lovato Jiu-Jitsu Southside	Oklahoma City	okbjjsouth.com	okbjjsouth.com
OK	Lovato’s School Of Brazilian Jiu-Jitsu and MMA	Oklahoma City	okbjj.com	okbjj.com
OK	Mana Martial Arts	Edmond	mmaok.com	mmaok.com
OK	Marlow Martial Arts Academy	Marlow	marlowmartialartsacademy.com	marlowmartialartsacademy.com
OK	New Limits Academy - Mixed Martial Arts in OKC	Oklahoma City	newlimitsmma.com	newlimitsmma.com
OK	OKC Combat Sports	Oklahoma City	okccombatsports.com	okccombatsports.com
OK	Oklahoma Martial Arts Academy	Oklahoma City	s4oma.com	s4oma.com
OK	Omar French Brazilian Jiu Jitsu	Bixby	omarfrench.com	omarfrench.com
OK	Outsiders Combat Club	Oklahoma City	outsiderscombat.com	outsiderscombat.com
OK	Peaceful Warriors Black Belt Academy	Newcastle	oklakicks.com	oklakicks.com
OK	Pejak Martial Arts	Claremore	pejakmartialarts.com	pejakmartialarts.com
OK	Primate Brazilian Jiu Jitsu	Tulsa	primatebjj.com	primatebjj.com
OK	Quest Grappling Academy	Norman	questgrapplingacademy.com	questgrapplingacademy.com
OK	RYSE Academy of Martial Arts	Woodward	rysemma.com	rysemma.com
OK	Raptor Jiu Jitsu & A Game MMA	Edmond	raptorjj.com	raptorjj.com
OK	Redline Jiu-Jitsu	Edmond	redlinebjj.com	redlinebjj.com
OK	Relentless Martial Arts	Tulsa	relentlessmartialarts.com	relentlessmartialarts.com
OK	Relevant Martial Arts	Tahlequah	relevantmartialarts.com	relevantmartialarts.com
OK	Ricardo Cavalcanti Brazilian jiu jitsu Lawton/Alpha MMA	Lawton	lawtonmma.com	lawtonmma.com
OK	Rogue Martial Arts	Owasso	rogueowasso.com	rogueowasso.com
OK	Sandro Sampaio Brazilian Jiu-Jitsu Academy	Oklahoma City	bjjokc.com	bjjokc.com
OK	Sheepdog Jiu-Jitsu	Tulsa	sheepdogtulsa.com	sheepdogtulsa.com
OK	Soaring Eagle Jiu Jitsu	Muskogee	soaringeaglebjj.com	soaringeaglebjj.com
OK	Solid MMA	Yukon	solidmma.pro	solidmma.pro
OK	Stillwater Martial Arts	Stillwater	stillwatermartialarts.com	stillwatermartialarts.com
OK	Strike Martial Arts Academy	Jenks	teamstrikemartialarts.com	teamstrikemartialarts.com
OK	Team Impact Brazilian Jiu Jitsu & Kickboxing	Coweta	teamimpactbjj.com	teamimpactbjj.com
OK	The Cage Training Center	Cushing	htc918.com	htc918.com
OK	The Forge Brazilian Jiu Jitsu	Edmond	theforgebjj.com	theforgebjj.com
OK	Thunderkick Jiu-Jitsu and MMA	Sapulpa	thunderkickgym.com	thunderkickgym.com
OK	Top Dawg BJJ	Del City	topdawgbjj.com	topdawgbjj.com
OK	Top Tier Martial Arts	Guthrie	toptiermartialarts.com	toptiermartialarts.com
OK	Transform Jiu-Jitsu	Yukon	transformbjj.com	transformbjj.com
OK	Yukon Martial Arts	Yukon	yukonokmartialarts.com	yukonokmartialarts.com
ON	88 BJJ	Markham	https://eighteightbjj.com	eighteightbjj.com
ON	905 Brazilian Jiujitsu	Aurora	https://905brazilianjiujitsu.com	905brazilianjiujitsu.com
ON	AACE Martial Arts Academy	Pickering	https://aacemartialartsacademy.com	aacemartialartsacademy.com
ON	AMA Dojo	Mississauga	https://amadojo.ca	amadojo.ca
ON	APEX MMA	Windsor	https://apexmma.ca	apexmma.ca
ON	Action & Reaction MMA Pickering	Pickering	https://actionreactionmma.com	actionreactionmma.com
ON	Alcateia Brazilian Jiu Jitsu	Belleville	https://alcateiabjj.com	alcateiabjj.com
ON	BJJ Battalion	Etobicoke	https://bjjbattalion.com	bjjbattalion.com
ON	Belleville BJJ	Belleville	https://bellevillebjj.com	bellevillebjj.com
ON	Big Country - Orillia	Orillia	https://bigcountryorillia.gymdesk.com	bigcountryorillia.gymdesk.com
ON	Bindner Academy	London	https://bindner.academy	bindner.academy
ON	Bora Jiu-Jitsu	Hamilton	https://borabjj.com	borabjj.com
ON	Brampton Brazilian Jiu Jitsu Academy	Brampton	https://bramptonbjj.com	bramptonbjj.com
ON	Brantford BJJ	Brantford	https://brantfordbjj.com	brantfordbjj.com
ON	Brave Martial Arts Institute	Ottawa	https://bravemai.com	bravemai.com
ON	Burlington BJJ	Burlington	https://burlingtonbjj.ca	burlingtonbjj.ca
ON	Caique Jiu-Jitsu Academy Windsor Essex	Tecumseh	https://cjjwe.com	cjjwe.com
ON	Champs Academy	Barrie	https://champsacademy.ca	champsacademy.ca
ON	Core Jiu-Jitsu	Mississauga	https://bjjmississauga.com	bjjmississauga.com
ON	Current Jiu Jitsu	Mississauga	https://currentbjj.com	currentbjj.com
ON	DNA Brazilian Jiu Jitsu	Whitby	https://dnabjj.com	dnabjj.com
ON	Elemental Jiu Jitsu	Ajax	https://elementaljiujitsu.com	elementaljiujitsu.com
ON	Eris Martial Arts Academy	Peterborough	https://erismartialarts.com	erismartialarts.com
ON	Etobicoke BJJ	Etobicoke	https://etobicoke-bjj.com	etobicoke-bjj.com
ON	Evolve MMA & Fitness	St. Catharines	https://evolvemma.ca	evolvemma.ca
ON	Forge Training Centre	Sarnia	https://forgetrainingcentre.com	forgetrainingcentre.com
ON	Gracie Barra London	London	https://graciebarra.com	graciebarra.com
ON	Gracie Barra Ottawa	Ottawa	https://gb-ottawa.com	gb-ottawa.com
ON	Gracie Barra Toronto East	Toronto	https://graciebarra.com	graciebarra.com
ON	Gracie Jiu-Jitsu Sault Ste. Marie	Sault Ste. Marie	https://graciejiujitsusaultstemarie.com	graciejiujitsusaultstemarie.com
ON	Grand River BJJ	Cambridge	https://grandriverbjj.ca	grandriverbjj.ca
ON	Greenwood Jiu-Jitsu	Toronto	https://brazilianjiujitsutoronto.com	brazilianjiujitsutoronto.com
ON	Ground X Jiu Jitsu Ottawa	Ottawa	https://groundxjiujitsu.com	groundxjiujitsu.com
ON	Grounded Studios	North Bay	https://grounded.ca	grounded.ca
ON	Guardhouse BJJ	Kitchener	https://guardhousebjj.ca	guardhousebjj.ca
ON	Guelph BJJ	Guelph	https://guelphbjj.com	guelphbjj.com
ON	Hamilton BJJ	Stoney Creek	https://hamilton-bjj.com	hamilton-bjj.com
ON	Hamilton Brazilian Jiu-Jitsu	Hamilton	https://hamiltonbjj.com	hamiltonbjj.com
ON	Hamilton School of Martial Arts	Hamilton	https://hsma1.com	hsma1.com
ON	JT6 Academy	Toronto	https://jt6.ca	jt6.ca
ON	Jiujitsu Culture	Ottawa	https://jiujitsuculture.ca	jiujitsuculture.ca
ON	Joslin's MMA	Hamilton	https://joslinsmma.com	joslinsmma.com
ON	Junction Academy	Toronto	https://www.junctionacademy.ca	junctionacademy.ca
ON	Karma Jiu Jitsu	Ajax	https://karmajiujitsu.com	karmajiujitsu.com
ON	Kawartha Combat	Peterborough	https://kawarthacombat.com	kawarthacombat.com
ON	King Jiu Jitsu Vaughan	Concord	https://kingjiujitsuvaughan.com	kingjiujitsuvaughan.com
ON	Kombat Arts Training Academy	Mississauga	https://kombatarts.com	kombatarts.com
ON	Leading Edge MMA	Thunder Bay	https://leadingedgemma.ca	leadingedgemma.ca
ON	Legacy Fight Club	Barrie	https://legacyfightclub.com	legacyfightclub.com
ON	MAS Academy of Martial Arts	Cambridge	https://masthaiboxing.com	masthaiboxing.com
ON	META BJJ Windsor	Windsor	https://metabjj.ca	metabjj.ca
ON	MN Brazilian Jiu Jitsu Academy	Burlington	https://mnbjj.ca	mnbjj.ca
ON	Mamute Martial Arts	Oshawa	https://mamutemaa.com	mamutemaa.com
ON	Maximum Training Centre	Windsor	https://mtcwindsor.ca	mtcwindsor.ca
ON	Mississauga Jiu Jitsu	Mississauga	https://mississaugajiujitsu.com	mississaugajiujitsu.com
ON	Moyo Jiu-Jitsu Academy	Ajax	https://moyojiujitsu.com	moyojiujitsu.com
ON	New Valor Brazilian Jiu-Jitsu Academy	Mississauga	https://newvalorbjj.com	newvalorbjj.com
ON	Niagara BJJ	St. Catharines	https://niagarabjj.com	niagarabjj.com
ON	Oakville Brazilian Jiu-Jitsu	Oakville	https://oakvillejiujitsu.ca	oakvillejiujitsu.ca
ON	Octa BJJ Burlington	Burlington	https://burlington.octabjj.com	burlington.octabjj.com
ON	Octa BJJ Cambridge	Cambridge	https://cambridge.octabjj.com	cambridge.octabjj.com
ON	Octa BJJ Kitchener	Kitchener	https://octabjjkitchener.com	octabjjkitchener.com
ON	Octa BJJ Mississauga	Mississauga	https://mississauga.octabjj.com	mississauga.octabjj.com
ON	Octa BJJ Oakville	Oakville	https://octabjj.com	octabjj.com
ON	Olympus Martial Arts	Kitchener	https://olympusmma.com	olympusmma.com
ON	Omerta BJJ	Guelph	https://omertabjj.com	omertabjj.com
ON	Ottawa Academy of Martial Arts	Ottawa	https://oama.ca	oama.ca
ON	Ottawa Jiu Jitsu	Ottawa	https://ottawajiujitsu.com	ottawajiujitsu.com
ON	Passador BJJ	Niagara Falls	https://passadorbjj.com	passadorbjj.com
ON	Renzo Gracie Niagara	St. Catharines	https://renzogracieniagara.com	renzogracieniagara.com
ON	Resolve Martial Arts Academy Orillia	Orillia	https://resolvemartialartsorillia.com	resolvemartialartsorillia.com
ON	Return of the Dragon	Kitchener	https://rotdma.com	rotdma.com
ON	Richmond Hill Jiu-Jitsu	Richmond Hill	https://rh-bjj.com	rh-bjj.com
ON	Royal City BJJ	Guelph	https://royalcitybjj.com	royalcitybjj.com
ON	SBG Niagara	St. Catharines	https://sbgniagara.ca	sbgniagara.ca
ON	Salvosa Jiu-Jitsu Academy	Scarborough	https://salvosabjj.com	salvosabjj.com
ON	Santos Brothers BJJ	Mississauga	https://santosbrothersbjj.com	santosbrothersbjj.com
ON	Silver 7 Martial Arts	Kanata	https://silver7martialarts.com	silver7martialarts.com
ON	St. Catharines BJJ	St. Catharines	https://stcatharinesbjj.com	stcatharinesbjj.com
ON	Steel City MMA	Sault Ste. Marie	https://steelcitymma.com	steelcitymma.com
ON	Submission Arts Academy	Barrie	https://submissionartsacademy.com	submissionartsacademy.com
ON	Sudbury BJJ	Sudbury	https://sudburybjj.com	sudburybjj.com
ON	The Butcher Shop	Sarnia	https://butchershopjiujitsu.ca	butchershopjiujitsu.ca
ON	The Garden Brazilian Jiu Jitsu	North Bay	https://thegardenbjj.ca	thegardenbjj.ca
ON	The Grappling Garden	Hamilton	https://grapplinggarden.ca	grapplinggarden.ca
ON	The Jiu-Jitsu Lab	Waterloo	https://labjiujitsu.com	labjiujitsu.com
ON	The Ottawa Jiu Jitsu Club	Ottawa	https://theottawajiujitsuclub.com	theottawajiujitsuclub.com
ON	The Submission Academy	London	https://subacademyldn.com	subacademyldn.com
ON	Thunder Valley Martial Arts	Thunder Bay	https://thundervalleymartialarts.com	thundervalleymartialarts.com
ON	Toronto BJJ	Toronto	https://www.torontobjj.com	torontobjj.com
ON	Toronto Jiu Jitsu Club	Toronto	https://torontojiujitsuclub.com	torontojiujitsuclub.com
ON	Toronto Top Team Martial Arts and Fitness	North York	https://torontommateam.com	torontommateam.com
ON	VS Brazilian Jiu-Jitsu	Oakville	https://vsbjj.com	vsbjj.com
ON	Vaughan Jiu-Jitsu Academy	Vaughan	https://vaughanbjj.com	vaughanbjj.com
ON	Yorkdale Martial Arts	Toronto	https://yorkdalemartialarts.com	yorkdalemartialarts.com
ON	Zen MMA	Ottawa	https://zenmma.ca	zenmma.ca
OR	10th Planet Corvallis	Corvallis	https://www.facebook.com/10PCorvallis/	facebook.com
OR	10th Planet Jiu Jitsu Grants Pass	Grants Pass	http://www.10thplanetgrantspass.com/	10thplanetgrantspass.com
OR	Academy of Modern Martial Arts	Lake Oswego	http://www.martialarts-fitness.com/invitation.php	martialarts-fitness.com
OR	Adamson Bros Jiu Jitsu Academy	Seaside	http://orbjj.com/	orbjj.com
OR	Aim High Academy Of Martial Arts	Beaverton	http://www.aimhighma.org/	aimhighma.org
OR	Alive MMA	Portland	http://www.alivemma.com	alivemma.com
OR	Anibal Lobo Jiu Jitsu	Gresham	http://lobojiujitsu.com/	lobojiujitsu.com
OR	Art Of War MMA	Eugene	http://www.artofwar-mma.com/	artofwar-mma.com
OR	Ashland BJJ	Ashland	https://ashlandbjj.com	ashlandbjj.com
OR	Ashland Mixed Martial Art	Ashland	https://ashlandheroacademy.com/	ashlandheroacademy.com
OR	Atos Jiu Jitsu Northwest	Eugene	http://www.atosjiujitsunw.com/	atosjiujitsunw.com
OR	Bigfoot Gym	Eugene	http://www.bigfootmuaythai.com/	bigfootmuaythai.com
OR	Brazilian Top Team Happy Valley	Clackamas	http://www.btthappyvalley.com/	btthappyvalley.com
OR	Brazilian Top Team Oregon City	Oregon City	http://www.bttoregoncity.com/	bttoregoncity.com
OR	CTA Hillsboro Jiu Jitsu and Boxing	Hillsboro	http://www.oregonbjj.com/	oregonbjj.com
OR	Checkered Past MMA Gym	Springfield	https://www.checkeredpastmma.com/	checkeredpastmma.com
OR	Checkmat Portland	Gresham	https://checkmatportland.com/	checkmatportland.com
OR	Clarks University of Martial Arts	Bend	https://clark-s-university-of-martial-arts.mykajabi.com/	clark-s-university-of-martial-arts.mykajabi.com
OR	Combat Sports Center	Salem	http://www.combatsportscenters.com	combatsportscenters.com
OR	Connection Rio Jiu-Jitsu Academy	Bend	https://connectionriobjj.com/	connectionriobjj.com
OR	Copperhead Jiu Jitsu	Pendleton	https://copperheadjiujitsu.com/	copperheadjiujitsu.com
OR	Counter Point Martial Arts	Hubbard	https://www.facebook.com/CPMATKD	facebook.com
OR	CrossFit Tigard - PAW	Tigard	http://www.crossfittigardpaw.com	crossfittigardpaw.com
OR	Danzig MMA	Bend	http://www.danzigmixedmartialarts.com	danzigmixedmartialarts.com
OR	Dynamic MMA	Roseburg	http://www.dynamicjudo.com/	dynamicjudo.com
OR	Dynamic Martial Arts	Gresham	http://www.dmapdx.com/	dmapdx.com
OR	EchoValor Striking & MMA Beaverton	Beaverton	http://www.echovalor.com	echovalor.com
OR	Enso Jiu Jitsu	Oregon City	http://ensojj.com	ensojj.com
OR	Ernie Reyes World Martial Arts	Hillsboro	http://www.erniereyes.com/	erniereyes.com
OR	Fabiano Scherner Brazilian Jiu Jitsu	Gresham	http://www.greshamjiujitsu.com/	greshamjiujitsu.com
OR	Five Rings Jiu Jitsu	Portland	http://5rjj.com/	5rjj.com
OR	Fudoshin Brazilian Jiu Jitsu	Medford	http://www.fudoshinbjj.com/	fudoshinbjj.com
OR	GIRLS Gym	Portland	http://www.girlsgympdx.com	girlsgympdx.com
OR	Go Hard MMA & Fitness	Portland	https://www.facebook.com/Gohardmmafitness/	facebook.com
OR	Gracie Barra Sw Portland	Tigard	https://graciebarra.com/sw-portland-or/	graciebarra.com
OR	Gracie Jiu Jitsu Eugene	Eugene	http://graciejiujitsueugene.com/	graciejiujitsueugene.com
OR	Gracie Jiu-Jitsu Portland	Portland	https://www.graciepdx.com/	graciepdx.com
OR	Gracie Technics Jiu-Jitsu	Troutdale	http://www.selfdefenseoregon.com	selfdefenseoregon.com
OR	Grappletown Wrestling & Jiujitsu	Phoenix	http://grappletown.com	grappletown.com
OR	Grey Wolf Brazilian Jiu-Jitsu - Martial Arts	Eugene	https://www.greywolfbjj.com/	greywolfbjj.com
OR	Grit MMA	Oak Grove	http://gritmmallc.com/	gritmmallc.com
OR	High Desert Martial Arts	Bend	http://www.highdesertmartialartsbend.com/	highdesertmartialartsbend.com
OR	Impact Jiu Jitsu Clackamas	Clackamas	https://www.impactjj.com/	impactjj.com
OR	Impact Jiu Jitsu HQ Beaverton	Beaverton	https://www.impactjj.com/	impactjj.com
OR	Impact Jiu Jitsu Hillsboro	Hillsboro	https://impacthillsboro.com/	impacthillsboro.com
OR	Impact Jiu Jitsu Hood River	Hood River	https://www.impacthoodriver.com/	impacthoodriver.com
OR	Impact Jiu Jitsu Keizer	Keizer	https://salemimpactjj.com/	salemimpactjj.com
OR	Impact Jiu Jitsu McMinnville	McMinnville	http://www.impactjjmac.com/	impactjjmac.com
OR	Impact Jiu Jitsu Newberg	Newberg	https://www.impactnewberg.com/	impactnewberg.com
OR	Impact Jiu Jitsu Salem	Salem	https://salemimpactjj.com/	salemimpactjj.com
OR	Impact Jiu Jitsu Salem (Lancaster)	Salem	https://courthousefit.com/impact-jiu-jitsu/	courthousefit.com
OR	Impact Jiu Jitsu Sherwood	Sherwood	http://impactjjsherwood.com	impactjjsherwood.com
OR	Impact Jiu Jitsu at Crossfit Wilsonville	Wilsonville	https://www.crossfitwilsonville.com/jiu-jitsu-at-cfw	crossfitwilsonville.com
OR	Industrial Strength Gym BJJ (Impact JJ)	Portland	https://industrialstrengthgym.com/brazilian-jiu-jitsu/	industrialstrengthgym.com
OR	Integrity Martial Arts and Fitness, LLC	Albany	http://www.integritymaf.com/	integritymaf.com
OR	Invictus Defense Academy	Beaverton	http://invictusdefenseacademy.com/	invictusdefenseacademy.com
OR	Joint Lock BJJ - Brazilian Jiu Jitsu	Redmond	https://www.facebook.com/jointlockbjj	facebook.com
OR	Jujitsu-Do Martial Art Center	Eugene	http://jujitsu-do.com/	jujitsu-do.com
OR	Kilian's Martial Arts Center	Beaverton	http://www.kmacoregon.com/	kmacoregon.com
OR	Krav Maga Salem	Salem	http://www.kravsalem.com/schedule	kravsalem.com
OR	Lebanon Gracie Jiu-Jitsu & Hollywood Dance Studios	Lebanon	http://www.hollywoodclasses.com/	hollywoodclasses.com
OR	Lotus Academy Brazilian Jiu Jitsu	Medford	http://www.lotusacademymedford.com/	lotusacademymedford.com
OR	Mata Leao Combat Sports	Portland	http://www.mataleaocs.com/	mataleaocs.com
OR	Medford Oregon Kung Fu & JuJitsu	Medford	http://www.medfordoregonkungfu.com/	medfordoregonkungfu.com
OR	Men's JIUJITSU School	Astoria	http://mensjiujitsu.com/	mensjiujitsu.com
OR	Mendez Boxing Gym	Springfield	http://www.facebook.com/mendezboxingclub/	facebook.com
OR	Morizi Jiu-Jitsu	Hermiston	http://morizijiujitsu.com/	morizijiujitsu.com
OR	Mountain Warrior Academy Of Martial Arts (Impact JJ)	Klamath Falls	https://www.mwama.com/	mwama.com
OR	Mt. Hood Impact Jiu Jitsu	Sandy	http://www.impactmthood.com/	impactmthood.com
OR	Next Level Martial Arts & Fitness	Tigard	http://nextlevelmartialartsgym.com/	nextlevelmartialartsgym.com
OR	Northwest Fighting Arts	Portland	http://nwfighting.com/	nwfighting.com
OR	Northwest Martial Arts	Eugene	http://www.nwmaacademy.com/	nwmaacademy.com
OR	Northwest Martial Arts Coos Bay	North Bend	http://www.nwmacoosbay.com/	nwmacoosbay.com
OR	Oregon Triad Jiu-Jitsu	Albany	https://www.facebook.com/OregonTriadJiuJitsu/	facebook.com
OR	Pacific Rim Martial Arts Academy	Tigard	http://www.prmaa.com/	prmaa.com
OR	Performance Martial Arts Academy	Springfield	http://pgbjj.com/	pgbjj.com
OR	Porrada Jiu Jitsu Academy	Gresham	http://www.porradajiujitsu.com/	porradajiujitsu.com
OR	Ralph Gracie Brazilian Jiu-Jitsu (BJJ) - Bend	Bend	http://www.ralphgraciebend.com/	ralphgraciebend.com
OR	Recreate Fitness	Portland	https://recreatefitness.com/	recreatefitness.com
OR	Renzo Gracie Jiu Jitsu Portland	Portland	https://www.renzogracieportland.com/contact/	renzogracieportland.com
OR	Resolution Jiu Jitsu	Tualatin	http://www.resolutionjiujitsu.com/	resolutionjiujitsu.com
OR	River City Warriors	Tigard	http://www.rivercitywarrior.com/	rivercitywarrior.com
OR	Roseburg Martial Arts Academy	Roseburg	http://www.roseburgmartialarts.com/	roseburgmartialarts.com
OR	Salem-Keizer Brazilian Jiu-Jitsu Academy	Salem	http://www.skbjj.com/	skbjj.com
OR	Salvos Training	The Dalles	http://salvostraining.com/	salvostraining.com
OR	School of Budo	Portland	https://www.ecoledebudo.com/classes/jiu-jitsu/	ecoledebudo.com
OR	Sherwood MUSA	Sherwood	http://musasherwood.com	musasherwood.com
OR	Southwest Portland Martial Arts and CrossFit Hillsdale	Portland	http://www.southwestportlandmartialarts.com	southwestportlandmartialarts.com
OR	Spartan Team Brazilian Jiu-Jitsu	Medford	http://spartanboxinggym.com/	spartanboxinggym.com
OR	Straight Blast Gym Portland	Portland	http://www.sbgi-pdx.com	sbgi-pdx.com
OR	Straight Blast Gym of Bend	Bend	http://www.sbgbend.com/	sbgbend.com
OR	Sunshine Athletics	Canby	http://canbyjiujitsu.com	canbyjiujitsu.com
OR	Superhero Jiu Jitsu Academy	Springfield	http://www.superherojj.com/	superherojj.com
OR	Team Quest MMA & Fitness	Portland	http://www.tqmma.com	tqmma.com
OR	The Coos Bay Dojo	Coos Bay	http://www.coquilletkd.com/	coquilletkd.com
OR	The Fight System	Philomath	http://thefightsystem.com/	thefightsystem.com
OR	TigerStyle Combat Sports	Portland	https://tigersden.club/classes/Brazilian-Jiu-Jitsu	tigersden.club
OR	Tsunami Training Center	Newport	http://tsunamitc.com/	tsunamitc.com
OR	US World Class Taekwondo	Gresham	http://www.greshamtkd.com	greshamtkd.com
OR	Unicorn Jiu Jitsu	Portland	https://www.unicornjiujitsu.com/	unicornjiujitsu.com
OR	Valhalla Combat	Seaside	http://valhallacombat.com/	valhallacombat.com
OR	Wayne Owen Fighting Arts	Grants Pass	https://www.facebook.com/Wayne-Owen-Fighting-Arts-174709395877709/	facebook.com
OR	White Panther Tae Kwon Do Boxing and Filipino Martial Arts	Astoria	http://www.whitepantherastoria.com/	whitepantherastoria.com
OR	Zanshin Martial Arts	Salem	http://www.zanshinarts.com/	zanshinarts.com
PA	10th Planet BJJ Bloomsburg at Mid World Martial Arts	Bloomsburg	https://www.midworldmartialarts.com/	midworldmartialarts.com
PA	10th Planet Jiu Jitsu Allentown	Allentown	https://www.10thplanetallentown.com/	10thplanetallentown.com
PA	10th Planet Jiu-Jitsu Bethlehem	Bethlehem	http://finishersmma.com/	finishersmma.com
PA	10th Planet Nazareth	Nazareth	https://10pnazareth.com/	10pnazareth.com
PA	5 Stones Fight Club	Annville	http://5stonesfightclub.org/	5stonesfightclub.org
PA	Achieve Jiu Jitsu Academy	Lancaster	http://achievejja.com/	achievejja.com
PA	Algeo MMA and Kickboxing	King of Prussia	http://algeomma.com	algeomma.com
PA	All-American MMA Academy	Lemont Furnace	https://all-american-mma-academy.business.site/	all-american-mma-academy.business.site
PA	Alliance Pennsylvania Jiu-Jitsu	Phoenixville	http://www.bajji.com/	bajji.com
PA	American Killer Bees PA MMA & BJJ	Stroudsburg	http://killerbeespa.com/	killerbeespa.com
PA	American Top Team Happy Valley	Pleasant Gap	https://atthappyvalleypa.com/	atthappyvalleypa.com
PA	Armezzani Jiu Jitsu Academy	Monaca	http://www.pittsburghbjj.net/	pittsburghbjj.net
PA	Ataraxis Brazilian Jiu-Jitsu & Self Defense	Ambler	http://www.ataraxisbjj.com/	ataraxisbjj.com
PA	Bad Company Jiu-Jitsu	Wilkes-Barre	https://www.badcompanybjj.com/	badcompanybjj.com
PA	Beltrante Fighting Systems	Norristown	http://www.belfightsys.com/	belfightsys.com
PA	Berks County Brazilian Jiu-Jitsu	Reading	http://www.bcbjj.org/	bcbjj.org
PA	Bloomsburg Martial Arts Academy	Bloomsburg	https://bloommma.com/	bloommma.com
PA	Boa Brazilian Jiu Jitsu	Orwigsburg	https://boa-brazilian-jiu-jitsu-llc.business.site/	boa-brazilian-jiu-jitsu-llc.business.site
PA	Brazilian Jiu-Jitsu United	Jenkintown	http://www.bjjunited.com	bjjunited.com
PA	Central PA Mixed Martial Arts	State College	https://www.cpamma.com/	cpamma.com
PA	Chosen Martial Arts Academy	Palmyra	http://www.chosenmartialartsacademy.com/	chosenmartialartsacademy.com
PA	Clarion MMA	Clarion	https://clarionmma.com/	clarionmma.com
PA	Combat Fitness Martial Arts	Doylestown	http://www.combatfitnessmartialarts.com/	combatfitnessmartialarts.com
PA	Complete Martial Arts Club of Hershey	Hummelstown	http://completemartialartsclub.com/	completemartialartsclub.com
PA	Crush Crew Jiu Jitsu	Erdenheim	http://crushcrewjiujitsu.com	crushcrewjiujitsu.com
PA	Daniel Gracie BJJ	Philadelphia	https://www.danielgraciephilly.com	danielgraciephilly.com
PA	Deep Water Brazilian Jiu Jitsu	Harrisburg	http://deepwaterbjjacademy.com/	deepwaterbjjacademy.com
PA	Delaware Jiu Jitsu	Chadds Ford	http://www.delawarejiujitsu.com/	delawarejiujitsu.com
PA	Dragon Gym Malvern	Malvern	https://www.dragongym.com/	dragongym.com
PA	Droogs MMA & Jiu Jitsu	Pottstown	http://droogsmma.com/	droogsmma.com
PA	East Montgomery Martial Arts	Horsham	http://www.eastmontma.com	eastmontma.com
PA	East York Brazilian Jiu Jitsu	York	https://yorkbjj.com	yorkbjj.com
PA	Edge Fitness & Martial Arts	Towanda	http://www.theedgefitness.com/	theedgefitness.com
PA	Elite Combative Systems	Indiana	http://www.elitecombativesystems.com/	elitecombativesystems.com
PA	Elite Edge Boxing & Jiu Jitsu	Malvern	http://www.eliteedgeboxingbjj.com/	eliteedgeboxingbjj.com
PA	Elite Martial Arts Center	Waynesboro	https://www.facebook.com/EliteFamilyMA/	facebook.com
PA	Elite Mixed Martial Arts	Northampton	http://www.elitemmactr.com/	elitemmactr.com
PA	Empower Jiu Jitsu	Sarver	http://empowerjiujitsupa.com/	empowerjiujitsupa.com
PA	Ephrata Martial Arts	Ephrata	https://www.ephratamartialarts.com/	ephratamartialarts.com
PA	Fight Firm	Philadelphia	http://fightfirmgym.com	fightfirmgym.com
PA	Flood City JiuJitsu	Johnstown	https://www.facebook.com/Flood-City-Jiu-Jitsu-102267197991568/	facebook.com
PA	Fundamental Jiujitsu	Glenside	http://www.fundamentaljiujitsu.com	fundamentaljiujitsu.com
PA	GB Beaver County	Beaver County	https://graciebarra.com/beaver-pa/	graciebarra.com
PA	Good Vibes Brazilian Jiu Jitsu	Morrisville	https://goodvibesjiujitsu.com/	goodvibesjiujitsu.com
PA	Gracie 717	Lancaster	http://www.gracie717.com/	gracie717.com
PA	Gracie Jiu Jitsu Phoenixville	Phoenixville	http://graciejiujitsuphoenixville.com/	graciejiujitsuphoenixville.com
PA	Gracie NEPA Grappling Club	Olyphant	http://www.gracienepa.com/	gracienepa.com
PA	Grindhouse MMA & Fitness	Feasterville-Trevose	http://www.grindhousemma.com/	grindhousemma.com
PA	Ground Zero Pittsburgh	Latrobe	http://www.gzpittsburgh.com/	gzpittsburgh.com
PA	Harrisburg Brazilian Jiu Jitsu and Judo	Lemoyne	http://www.harrisburgbjjandjudo.com	harrisburgbjjandjudo.com
PA	Hart Jiu Jitsu, Kickboxing and Mixed Martial Arts	Conshohocken	http://www.hartbjj.com	hartbjj.com
PA	Hellfish Mixed Martial Arts	Bridgeport	http://hellfishmma.com	hellfishmma.com
PA	High Ground Jiu-Jitsu	Greensburg	http://highgroundbjj.com/	highgroundbjj.com
PA	High Voltage Gym	Royersford	http://www.highvoltagegym.net/	highvoltagegym.net
PA	Inverted Gear Academy	Bethlehem	https://invertedgearacademy.com/	invertedgearacademy.com
PA	Jiu Jitsu One	Lancaster	http://www.jiujitsu1.com/	jiujitsu1.com
PA	Keystone Boxing & MMA Gym	Bristol	http://keystoneboxingmma.com	keystoneboxingmma.com
PA	Kozma Brazilian Jiu-Jitsu	Huntingdon Valley	http://www.kozmabjj.com	kozmabjj.com
PA	Lancaster Brazilian Jiu Jitsu	Ephrata	http://www.lancasterbjj.com/	lancasterbjj.com
PA	LombardMMA	State College	http://lombardmma.com/	lombardmma.com
PA	MPR Endurance MMA	Langhorne	http://mprendurance.com/	mprendurance.com
PA	Mace MMA	Red Lion	http://macemma.com/	macemma.com
PA	Main Line United Brazilian Jiu-Jitsu	Ardmore	http://www.mainlineunited.com/	mainlineunited.com
PA	Mata Leão Jiu-Jitsu	Erie	https://eriebjj.com	eriebjj.com
PA	Miloki Flow Jiu Jitsu & Movement	Narberth	http://www.milokiflow.com/	milokiflow.com
PA	Mountain Road Jiu-Jitsu	Pottsville	https://mountainroadjiujitsu.com/	mountainroadjiujitsu.com
PA	Movement Art Jiu-Jitsu	Richboro	http://www.rmbjjrichboro.com	rmbjjrichboro.com
PA	No Limits Grappling Academy	Blakely	https://www.nolimitsgrapplingacademy.com/	nolimitsgrapplingacademy.com
PA	ONEPUNCH Boxing and MMA Jujitsu Gym	Langhorne	https://onepunchatoxfordmall.business.site/	onepunchatoxfordmall.business.site
PA	Octane Martial Arts	Monongahela	https://octanemartialarts.com/	octanemartialarts.com
PA	Onyx Combat Sports	Newtown Square	http://www.onyxcombatsports.com	onyxcombatsports.com
PA	Pa-Grappling	Altoona	http://www.pa-grappling.com/	pa-grappling.com
PA	Padilla Brazilian Jiu Jitsu	Allentown	http://padillabjj.com/	padillabjj.com
PA	Paramount Brazilian Jiu-Jitsu	Downingtown	http://www.paramountbjj.com/	paramountbjj.com
PA	Pennsylvania Combat Sports	Greensburg	http://www.pacombatsports.com/	pacombatsports.com
PA	Philadelphia Jiu-Jitsu	Philadelphia	https://www.instagram.com/philadelphiajiujitsu/	instagram.com
PA	Precision Jiu Jitsu Spring Mount	Schwenksville	https://www.precisionjjspringmount.com	precisionjjspringmount.com
PA	Precision Jiu-Jitsu	King of Prussia	http://precisionjj.com	precisionjj.com
PA	Pride Lands MMA Academy	Scranton	http://www.pridelandsmma.com/	pridelandsmma.com
PA	Quakertown Academy of MMA & Fitness	Quakertown	https://www.mindbodyonline.com/explore/locations/vmma-quakertown	mindbodyonline.com
PA	Quintella MMA	Folsom	http://www.quintellajiujitsu.com	quintellajiujitsu.com
PA	REAKT - Team Renzo Gracie	DuBois	http://reaktbjj.com/	reaktbjj.com
PA	RH Studios BJJ	Philadelphia	https://www.instagram.com/rhstudios_bjj/	instagram.com
PA	Raptor Academy of Martial Arts	Bellefonte	http://www.raptorbjj.com/	raptorbjj.com
PA	Rat Pack Fighting Systems	Palmerton	http://www.rpfightingsystems.com/	rpfightingsystems.com
PA	Renzo Gracie Pennsylvania	Hatfield	http://www.renzograciepa.com	renzograciepa.com
PA	Renzo Gracie Pittsburgh	Pittsburgh	http://www.renzograciepittsburgh.com/	renzograciepittsburgh.com
PA	Rise 8 Training Academy	Coraopolis	http://www.facebook.com/Rise8bjj	facebook.com
PA	Rosendo Diaz Brazilian Jiu-Jitsu	Chalfont	http://www.graciepa.com/	graciepa.com
PA	Ryan Wagner's Martial Arts & Fitness	Bensalem	http://www.martialarts4bensalem.com	martialarts4bensalem.com
PA	SAS Philadelphia Brazilian Jiu-Jitsu	Philadelphia	http://www.sasphiladelphiabjj.com/	sasphiladelphiabjj.com
PA	Saga BJJ	Hatboro	http://www.sagabjj.com/	sagabjj.com
PA	Schuylkill County Brazilian Jiu Jitsu	Orwigsburg	http://www.schuylkillbjj.com/	schuylkillbjj.com
PA	Scranton MMA	Dunmore	https://scrantonmma.com/	scrantonmma.com
PA	Sentry Jiu-Jitsu	Gilbertsville	https://www.facebook.com/SentryBJJ/	facebook.com
PA	Shorty's Brazilian Jiu Jitsu	Philadelphia	http://www.shortysbjj.com	shortysbjj.com
PA	Sion Brazilian JiuJitsu	Southampton	http://sionbjj.com/	sionbjj.com
PA	Spear Jiu Jitsu	Havertown	http://spearjj.com	spearjj.com
PA	Steel City Martial Arts	Pittsburgh	http://www.steelcitymartialarts.com	steelcitymartialarts.com
PA	Stout PGH - Zelienople/North	Zelienople	http://stouttrainpitt.com/	stouttrainpitt.com
PA	Tactical Combat Academy MMA - Greencastle	Greencastle	https://www.tcamma.com/	tcamma.com
PA	Team Junqueira Pittsburgh	Wexford	https://www.teamjunqueira.com/	teamjunqueira.com
PA	Team Pereira / Jucao Mixed Martial Arts Academy	Reading	http://pereirabjj.com/	pereirabjj.com
PA	The Academy of Martial Arts and Fitness	Pittsburgh	http://www.pittsburghacademy.com/	pittsburghacademy.com
PA	The Jiu Jitsu Company	Philadelphia	http://www.jiujitsuphilly.com	jiujitsuphilly.com
PA	The Vault Jiu Jitsu	Morton	http://www.vaultbjj.com/	vaultbjj.com
PA	Tiger Schulmann's Mixed Martial Arts Allentown	Allentown	https://tsk.com/jiu-jitsu-classes/allentown-jiu-jitsu/	tsk.com
PA	Tiger Schulmann's Mixed Martial Arts Bethlehem	Bethlehem	https://tsk.com/locations/pa/bethlehem/	tsk.com
PA	Tiger Schulmann's Mixed Martial Arts Colmar	Colmar	https://tsk.com/locations/pa/colmar/	tsk.com
PA	Tiger Schulmann's Mixed Martial Arts Feasterville	Feasterville-Trevose	https://tsk.com/locations/pa/feasterville/	tsk.com
PA	Tiger Schulmann's Mixed Martial Arts Horsham	Horsham	https://tsk.com/locations/pa/horsham/	tsk.com
PA	True Believer Jiu Jitsu	Pittsburgh	http://www.truebelieverjiujitsu.com/	truebelieverjiujitsu.com
PA	Tsunami Academy of Martial Arts	Gettysburg	https://tsunami.academy/	tsunami.academy
PA	UFC GYM Lancaster	Lancaster	https://www.ufcgym.com/locations/lancaster/	ufcgym.com
PA	UFC GYM Lansdale	Lansdale	http://ufcgym.com	ufcgym.com
PA	Undisputed MMA	Philadelphia	https://undisputed-mma-llc.business.site/	undisputed-mma-llc.business.site
PA	World Class Martial Arts	Boothwyn	http://www.wcma-usa.com/	wcma-usa.com
PA	York Brazilian Jiu Jitsu	York	http://www.3gyorkbjj.com	3gyorkbjj.com
PA	York Mixed Martial Arts Academy	York	http://www.ymmaa.com/	ymmaa.com
PA	Zero Brazilian Jiu Jitsu	York	http://www.zerobjj.com/	zerobjj.com
PA	Zombie Brazilian Jiu-Jitsu and MMA Allentown	Allentown	http://zombiebjjpa.com/	zombiebjjpa.com
PE	Charlottetown BJJ Academy	Charlottetown	https://charlottetownbjj.com	charlottetownbjj.com
PE	JM Brazilian Jiu-Jitsu	Charlottetown	https://jmbjj.ca	jmbjj.ca
PE	Montague BJJ	Montague	https://montaguebjj.ca	montaguebjj.ca
PE	PEI Martial Arts Academy O'Leary	O'Leary	https://www.peimma.com/oleary	peimma.com
PE	PEI Martial Arts Academy Summerside	Summerside	https://www.peimma.com	peimma.com
PE	Renzo Gracie PEI Lot 36	Charlottetown	https://www.facebook.com/p/Renzo-Gracie-PEI-Lot-36-100069410847003	facebook.com
PE	Souris Brazilian Jiu-Jitsu	Souris	https://sourisbjj.com	sourisbjj.com
PE	West River Jiu Jitsu	Bonshaw	https://westriverjiujitsu.ca	westriverjiujitsu.ca
PE	Wulfrun Martial Arts	York	https://wulfrunmartialarts.com	wulfrunmartialarts.com
QC	AM3R - Arts Martiaux Trois-Rivières	Trois-Rivières	https://www.am3r.ca	am3r.ca
QC	Académie Athéna	Sherbrooke	https://www.athenabjj.com	athenabjj.com
QC	Académie Connexion	Saint-Amable	https://academieconnexion.com	academieconnexion.com
QC	Académie Frontenac	Montreal	https://www.academiefrontenac.com	academiefrontenac.com
QC	Académie Impak	Beloeil	https://impakmma.com	impakmma.com
QC	Académie JiuManji	Nicolet	https://academiejiumanji.com	academiejiumanji.com
QC	Académie SGS	Sherbrooke	https://academiesgs.com	academiesgs.com
QC	Alliance Jiu Jitsu Montréal - Rosemère	Rosemère	https://brazilianjiujitsumontreal.com	brazilianjiujitsumontreal.com
QC	Arts Martiaux DeRocque BJJ	Gatineau	https://derocquebjj.com	derocquebjj.com
QC	Arts Martiaux K2V	Shefford	https://www.ecolekaratebromont.com	ecolekaratebromont.com
QC	Arts Martiaux KJS	Saint-Constant	https://www.artsmartiauxkjs.com	artsmartiauxkjs.com
QC	Aylmer Jiu-Jitsu and Muay-Thai	Gatineau	https://www.aylmerjiujitsu.com	aylmerjiujitsu.com
QC	Bjj Québec	Quebec City	https://bjjquebec.com	bjjquebec.com
QC	Bravado BJJ Rive-Sud	Longueuil	https://www.bravadobjjrivesud.com	bravadobjjrivesud.com
QC	Carlson Gracie Montreal	Montreal	https://carlsongraciemontreal.com	carlsongraciemontreal.com
QC	Centre Evolution	Gatineau	https://www.artsmartiauxevolution.com	artsmartiauxevolution.com
QC	Centre SAGA	Trois-Rivières	https://www.centresaga.ca	centresaga.ca
QC	Dojo Fusion	Terrebonne	https://dojofusion.ca	dojofusion.ca
QC	Elite Jiu Jitsu Drummondville	Drummondville	https://www.elitejjd.ca	elitejjd.ca
QC	Gracie Barra Boucherville	Boucherville	https://www.gbbou.ca	gbbou.ca
QC	Gracie Barra Brossard	Brossard	https://gbbrossard.ca	gbbrossard.ca
QC	Gracie Barra Kirkland	Montreal	https://gbkirkland.ca	gbkirkland.ca
QC	Gracie Barra Laval	Laval	https://gblaval.com	gblaval.com
QC	Gracie Barra Montreal	Montreal	https://gbmontreal.ca	gbmontreal.ca
QC	Gracie Barra Montreal-Ouest	Montreal	https://gbmontrealouest.ca	gbmontrealouest.ca
QC	Gracie Barra Saint-Laurent	Montreal	https://gbsaintlaurent.ca	gbsaintlaurent.ca
QC	Gracie Barra Sainte-Anne-de-Bellevue	Montreal	https://gbsainteanne.ca	gbsainteanne.ca
QC	Gracie Jiu-Jitsu St-Nicolas	Lévis	https://www.graciejiujitsustnicolas.com	graciejiujitsustnicolas.com
QC	Groupe Butactik	Notre-Dame-du-Mont-Carmel	https://butactik.com	butactik.com
QC	Guara BJJ	Brossard	https://www.guarabjj.com	guarabjj.com
QC	Institut Impact Élite Martial	Val-d'Or	https://institutimpactelitemartial.com	institutimpactelitemartial.com
QC	Jiu-Jitsu Saguenay	Saguenay	https://bjjsaguenay.com	bjjsaguenay.com
QC	Kuzushi Fight Club	Saint-Jérôme	https://www.saintjeromebjj.com	saintjeromebjj.com
QC	LV Jiu-Jitsu	Saint-Mathieu-de-Beloeil	https://lvbjj.ca	lvbjj.ca
QC	Les Mauvais Compagnons	Granby	https://lesmauvaiscompagnons.com	lesmauvaiscompagnons.com
QC	Nomad Brazilian Jiu-Jitsu	Sherbrooke	https://nomadbjj.com	nomadbjj.com
QC	Nordik Fight Club	Quebec City	https://nordikfightclub.com	nordikfightclub.com
QC	North Legion Académie	Repentigny	https://northlegionacademie.ca	northlegionacademie.ca
QC	NovaGym	Montreal	https://novagym.ca	novagym.ca
QC	Outros Caras Jiu-Jitsu	Longueuil	https://www.outroscaras-bjj.com	outroscaras-bjj.com
QC	Plateau BJJ	Montreal	https://plateaubjj.com	plateaubjj.com
QC	Renzo Gracie Laval	Laval	https://www.gracielaval.com	gracielaval.com
QC	Renzo Gracie West Island	Montreal	https://www.rgwestisland.ca	rgwestisland.ca
QC	Rossi BJJ & Kickboxing	Gatineau	https://www.rossibjjkick.ca	rossibjjkick.ca
QC	Royal Jiu-Jitsu Québec	Quebec City	https://royaljiujitsuqc.com	royaljiujitsuqc.com
QC	Sampa Jiu-Jitsu	Quebec City	https://www.sampajjb.com	sampajjb.com
QC	Terra Atma	Sutton	https://www.terra-atma.com	terra-atma.com
QC	Three Headed Beast	Sherbrooke	https://www.sherbrookebjj.com	sherbrookebjj.com
QC	Tristar Gym Montreal	Montreal	https://tristargym.com	tristargym.com
QC	Tristar Gym Repentigny	Repentigny	https://tristarrepentigny.ca	tristarrepentigny.ca
QC	Volt BJJ	Longueuil	https://www.voltbjj.com	voltbjj.com
QC	École de kickboxing de l'Estrie	Sherbrooke	https://estriekickboxing.com	estriekickboxing.com
RI	Braman Jiu Jitsu	Warwick	https://www.bramanjiujitsu.com	bramanjiujitsu.com
RI	Bristol BJJ	Bristol	https://bristolbjj.com	bristolbjj.com
RI	Danny Savery BJJ and Martial Arts Academy	Bristol	https://dannysaverybjj.com	dannysaverybjj.com
RI	Elevate Dojo	Exeter	https://www.elevatedojo.com	elevatedojo.com
RI	Gracie Jiu-Jitsu Providence	Providence	https://graciejiujitsuprovidence.com	graciejiujitsuprovidence.com
RI	Gracie Jiu-Jitsu Warwick	Warwick	https://www.graciejiujitsuwarwick.com	graciejiujitsuwarwick.com
RI	Just Train	North Kingstown	https://justtrainri.com	justtrainri.com
RI	Kiefer's Martial Arts	Westerly	https://kiefersmartialarts.com	kiefersmartialarts.com
RI	Mission First Jiu-Jitsu	Middletown	https://www.missionfirstbjj.com	missionfirstbjj.com
RI	Ocean State Brazilian Jiu Jitsu	Jamestown	https://www.oceanstatebjj.com	oceanstatebjj.com
RI	Ocean State Studios BJJ	East Providence	https://oceanstatestudiosbjj.com	oceanstatestudiosbjj.com
RI	Playground Jiu Jitsu	East Providence	https://playgroundjiujitsu.com	playgroundjiujitsu.com
RI	Pride Martial Arts and Fitness	Kingston	https://www.pridemartialarts.com	pridemartialarts.com
RI	Providence BJJ	Providence	https://providencebjj.com	providencebjj.com
RI	Renzo Gracie RI	Smithfield	https://www.renzogracieri.com	renzogracieri.com
RI	Ricardo Cavalcanti Brazilian Jiu-Jitsu - RI	North Providence	https://rcbjjri.com	rcbjjri.com
RI	Rilion Gracie Rhode Island	West Warwick	https://riliongracieri.com	riliongracieri.com
RI	Team Santos Fighting Academy	Pawtucket	http://matsantos.com	matsantos.com
RI	Terrinha BJJ Lincoln	Lincoln	http://tdtbjj.com	tdtbjj.com
RI	Tim Burrill Brazilian Jiu Jitsu	Providence	https://timburrill.com	timburrill.com
RI	Tri-Force MMA	Pawtucket	https://www.triforcemma.com	triforcemma.com
SC	Alliance Jiu Jitsu Anderson	Anderson	https://allianceanderson.com	allianceanderson.com
SC	Beaufort MMA	Beaufort	https://www.beaufortmma.com	beaufortmma.com
SC	Believe Jiu Jitsu	Moncks Corner	https://believejiujitsu.com	believejiujitsu.com
SC	Black Label Martial Arts	Charleston	https://blacklabelmartialarts.com	blacklabelmartialarts.com
SC	Checkmat Myrtle Beach	Myrtle Beach	https://checkmatmbsc.com	checkmatmbsc.com
SC	Columbia Self Defense	Irmo	https://columbiaselfdefense.com	columbiaselfdefense.com
SC	Divinus Lux Jiu Jitsu	Greenwood	https://www.divinusluxjiujitsu.com	divinusluxjiujitsu.com
SC	FightWorks Academy	Greenville	https://fightworksacademy.com	fightworksacademy.com
SC	Gracie Barra Summerville	Summerville	https://gbsummerville.com	gbsummerville.com
SC	Gracie Barra West Ashley	Charleston	https://www.gbwestashley.com	gbwestashley.com
SC	Gracie Jiu-Jitsu Lexington Carter's Academy	Lexington	https://www.gracielexington.com	gracielexington.com
SC	Great Grappling Brazilian Jiu Jitsu	Fort Mill	https://greatgrappling.com	greatgrappling.com
SC	Greenville Alliance Jiu Jitsu	Greenville	https://alliancegreenville.com	alliancegreenville.com
SC	Heritage Jiu-Jitsu	Moncks Corner	https://heritagebjj.com	heritagebjj.com
SC	Houzn Jiu Jitsu Academy	Mount Pleasant	https://www.houznjiujitsu.academy	houznjiujitsu.academy
SC	Jitsu Academy SC	Columbia	https://jitsuacademy.com	jitsuacademy.com
SC	Kilo Delta BJJ and MMA	Myrtle Beach	https://www.kilodeltabjjsc.com	kilodeltabjjsc.com
SC	Lucas Lepri Jiu Jitsu Academy Fort Mill	Fort Mill	https://lepribjj.com	lepribjj.com
SC	May River BJJ	Bluffton	https://www.mayriverbjj.com	mayriverbjj.com
SC	Myrtle Beach BJJ and Judo	Murrells Inlet	https://myrtlebeachbjj.com	myrtlebeachbjj.com
SC	Ozone Brazilian Jiu-Jitsu	Florence	https://www.ozonebjj.co	ozonebjj.co
SC	Red Fox Brazilian Jiu-Jitsu	Hartsville	https://redfoxbjj.com	redfoxbjj.com
SC	Renzo Gracie South Carolina	Anderson	https://www.renzograciesc.com	renzograciesc.com
SC	Revolution Martial Arts and Performance Fitness	Inman	https://revolution-martialarts.com	revolution-martialarts.com
SC	Rilion Gracie Greenville	Greer	https://riliongraciegreenville.com	riliongraciegreenville.com
SC	Riptide Mixed Martial Arts Academy	Bluffton	https://riptidemma.com	riptidemma.com
SC	Rock Hill BJJ	Rock Hill	https://rockhillbjj.com	rockhillbjj.com
SC	Royce Gracie Academy Mount Pleasant	Mount Pleasant	https://roycegraciemp.com	roycegraciemp.com
SC	Senzo Jiu-Jitsu Academy	Greenville	https://senzobjj.com	senzobjj.com
SC	Spartan Academy MMA	Columbia	https://spartanacademymma.com	spartanacademymma.com
SC	Spartanburg Jiu-Jitsu	Spartanburg	https://www.spartanburgjiujitsu.com	spartanburgjiujitsu.com
SC	TAP Brazilian Jiu-Jitsu Academy	Rock Hill	https://www.tapbjjacademy.com	tapbjjacademy.com
SD	Black Hills Brazilian Jiu-Jitsu	Rapid City	https://www.bhbjj.com	bhbjj.com
SD	Gold Bar Training Center	Rapid City	https://goldbartrainingcenter.com	goldbartrainingcenter.com
SD	Gracie Jiu-Jitsu Sioux Falls	Sioux Falls	https://www.gjjsiouxfalls.com	gjjsiouxfalls.com
SD	Hub City MMA & BJJ	Aberdeen	https://hubcitymma.gymdesk.com	hubcitymma.gymdesk.com
SD	Midwest Martial Arts Academy	Sioux Falls	https://midwestmartialartssf.com	midwestmartialartssf.com
SD	Misfits Grappling Club	Sioux Falls	https://www.misfitsgrapplingclub.com	misfitsgrapplingclub.com
SD	Next Edge Academy	Sioux Falls	https://nextedgeacademy.com	nextedgeacademy.com
SD	No Illusions Martial Arts	Brookings	https://www.noillusionsmartialarts.com	noillusionsmartialarts.com
SD	Spearfish Martial Arts	Spearfish	https://www.spearfishmartialarts.com	spearfishmartialarts.com
SD	Wolfpack Family Jiujitsu	Aberdeen	https://www.wolfpackfamilybjj.com	wolfpackfamilybjj.com
SK	Alliance Training Center	Saskatoon	https://alliancetrainingcenter.com	alliancetrainingcenter.com
SK	Ascendant Martial Arts	Regina	https://ascendantmartialarts.ca	ascendantmartialarts.ca
SK	Control Jiu Jitsu	Moose Jaw	https://controlbjj.com	controlbjj.com
SK	Expedition Brazilian Jiu-Jitsu	Regina	https://expeditionbjj.ca	expeditionbjj.ca
SK	Green Dojo	North Battleford	https://greendojo.ca	greendojo.ca
SK	North Wake Martial Arts	Prince Albert	https://northwakemartialarts.com	northwakemartialarts.com
SK	Regina BJJ	Regina	https://reginabjj.com	reginabjj.com
SK	Scheer's Martial Arts	Saskatoon	https://scheersmartialarts.com	scheersmartialarts.com
SK	The Lab Brazilian Jiu-Jitsu Academy	Prince Albert	https://thebjjlab.com	thebjjlab.com
SK	Valens Jiu Jitsu Academy Saskatoon	Saskatoon	https://valensjiujitsu.ca	valensjiujitsu.ca
SK	WARCRY Martial Arts	Melville	https://warcrymartialarts.com	warcrymartialarts.com
SK	Yorkton Martial Arts Training Center	Yorkton	https://ymatc.com	ymatc.com
TN	ADG Jiu-Jitsu	Smyrna	https://adgjiujitsu.com	adgjiujitsu.com
TN	Absolute Jiu-Jitsu Academy Bristol	Bristol	https://absolutejj.com	absolutejj.com
TN	Alliance TN	Memphis	https://www.facebook.com/AllianceTNBJJ	facebook.com
TN	Alpha Jiu-Jitsu Academy	Cookeville	https://www.alphajiujitsuacademy.com	alphajiujitsuacademy.com
TN	Athens Jiu Jitsu Tennessee	Athens	athensjiu-jitsu.com	athensjiu-jitsu.com
TN	Border Martial Arts Academy	Collierville	colliervillemartialarts.com	colliervillemartialarts.com
TN	Brazilian Jiu-Jitsu Centers of Memphis	Memphis	bjjmemphis.com	bjjmemphis.com
TN	Chattanooga Jiu-Jitsu Academy	Chattanooga	chattanoogajiujitsu.com	chattanoogajiujitsu.com
TN	Clarksville BJJ	Clarksville	https://clarksvillebjj.com	clarksvillebjj.com
TN	Cookeville Jiu-Jitsu	Cookeville	https://www.cookevillejiujitsu.com	cookevillejiujitsu.com
TN	Crossville MMA	Crossville	https://www.crossvillemma.com	crossvillemma.com
TN	Dogwood MMA	Dyersburg	dogwoodmma.com	dogwoodmma.com
TN	Fit Factory Fitness and Jiu Jitsu	Sevierville	fitfactoryonline.com	fitfactoryonline.com
TN	Global Martial Arts USA	Gallatin	globalmartialartsusa.com	globalmartialartsusa.com
TN	Gracie Jiu-Jitsu Foothills	Seymour	https://www.graciefoothills.com	graciefoothills.com
TN	Greeneville Jiu-Jitsu	Greeneville	greenevillejiujitsu.com	greenevillejiujitsu.com
TN	Kingsport BJJ	Kingsport	https://kingsportbjj.com	kingsportbjj.com
TN	Kingsport JiuJitsu	Kingsport	kingsportjiujitsu.com	kingsportjiujitsu.com
TN	Kioto Brazilian Jiu-Jitsu Chattanooga	Chattanooga	https://www.kiotobjjchattanooga.com	kiotobjjchattanooga.com
TN	Knoxville Martial Arts Academy	Knoxville	https://knoxmma.com	knoxmma.com
TN	Leviathan Academy Brazilian Jiu-Jitsu	Cleveland	https://www.leviathanacademy.com	leviathanacademy.com
TN	Liberdade Brazilian Jiu-Jitsu	Nashville	https://www.liberdadebjj.com	liberdadebjj.com
TN	Lucas Lepri Brazilian Jiu-Jitsu Knoxville	Knoxville	https://lepribjjknoxville.com	lepribjjknoxville.com
TN	McMinnville Jiu-Jitsu Academy	McMinnville	mcminnvillejiujitsu.com	mcminnvillejiujitsu.com
TN	Memphis Judo & Jiu-Jitsu	Memphis	https://www.memphisbjj.com	memphisbjj.com
TN	Murfreesboro BJJ	Murfreesboro	https://murfreesborobjj.com	murfreesborobjj.com
TN	Nashville Mixed Martial Arts	Nashville	https://nashvillemma.com	nashvillemma.com
TN	Olson's Martial Arts Academy	Johnson City	olsonsma.com	olsonsma.com
TN	Paris Gracie Jiu Jitsu Academy	Paris	https://www.facebook.com/parisgraciejiujitsuacademy	facebook.com
TN	Progressive Martial Arts Academy	Oak Ridge	pmaoakridge.com	pmaoakridge.com
TN	Progressive Martial Arts Academy - Knoxville	Knoxville	pmaoakridge.com	pmaoakridge.com
TN	Renzo Gracie Nashville	Brentwood	https://renzogracienashville.com	renzogracienashville.com
TN	Renzo Gracie of Stewart County	Dover	renzogracieofstewartcounty.com	renzogracieofstewartcounty.com
TN	Seymour Brazilian Jiu-Jitsu Academy	Seymour	seymourbjj.com	seymourbjj.com
TN	Shelbyville BJJ	Shelbyville	bjjshelbyville.com	bjjshelbyville.com
TN	Shield Systems Academy	Knoxville	https://shieldsystemsacademy.com	shieldsystemsacademy.com
TN	Station 6 Fitness and Martial Arts	Tullahoma	station6fitness.com	station6fitness.com
TN	Team Oxendine Mixed Martial Arts	Johnson City	https://www.teamoxendine.com	teamoxendine.com
TN	Tennessee BJJ Academy Murfreesboro	Murfreesboro	bestboromma.com	bestboromma.com
TN	Tennessee Brazilian Jiu-Jitsu Academy	Spring Hill	https://www.tbjja.com	tbjja.com
TN	Triangle Academy of Jiu-Jitsu	Franklin	trianglefranklin.com	trianglefranklin.com
TN	Victory Brazilian Jiu-Jitsu	Morristown	teamvictorybjj.com	teamvictorybjj.com
TN	Vigilance Martial Arts	Dickson	vigilancemartialarts.com	vigilancemartialarts.com
TX	10th Planet El Paso	El Paso	https://10thplanetelpaso.com/contact/	10thplanetelpaso.com
TX	10th Planet Georgetown	Georgetown	https://10pgtx.com/	10pgtx.com
TX	10th Planet Jiu Jitsu Beaumont	Beaumont	https://www.10thplanetbeaumontjiujitsumma.com/	10thplanetbeaumontjiujitsumma.com
TX	10th Planet Jiu Jitsu New Caney Texas	Porter	http://www.10thplanetnewcaney.com/	10thplanetnewcaney.com
TX	10th Planet Mt. Pleasant	Mount Pleasant	https://10thplanetmountpleasant.com	10thplanetmountpleasant.com
TX	10th Planet North Dallas	Carrollton	https://10thplanetjjdallas.com	10thplanetjjdallas.com
TX	10th Planet San Antonio Huebner Oaks	San Antonio	https://www.10psanantonio.com/	10psanantonio.com
TX	316 BJJ - Rockwall Jiu Jitsu Self Defense Martial Arts	Rockwall	http://www.316bjj.com/	316bjj.com
TX	360 BJJ	Grand Prairie	https://360bjj.com/	360bjj.com
TX	360 Jiu Jitsu	Grand Prairie	https://360jiujitsu.com/	360jiujitsu.com
TX	5 Elements Studio- Jiu-Jitsu & Fitness	Dallas	https://5elementsstudio.com/	5elementsstudio.com
TX	ACS Mixed Martial Arts	La Marque	http://acsmmatx.com/	acsmmatx.com
TX	AON Jiu Jitsu	Richmond	http://www.aonjiujitsu.com	aonjiujitsu.com
TX	Abdias Brazilian Jiu-Jitsu	Dallas	https://www.bushidostrength.com	bushidostrength.com
TX	Absolute Self Defense Academy	Copperas Cove	https://absolute-self-defense-academy-school.business.site	absolute-self-defense-academy-school.business.site
TX	Abstract Jiu-Jitsu Club	Humble	http://abstractjiujitsu.com	abstractjiujitsu.com
TX	Aces Jiu Jitsu Club	Pflugerville	https://www.acesjiujitsuclub.com/	acesjiujitsuclub.com
TX	Active Jiu Jitsu	Houston	http://activejiujitsu.com	activejiujitsu.com
TX	Advantage BJJ Martial Arts & Fitness	Houston	https://advantagebjj.com/	advantagebjj.com
TX	Aguilera Martial Arts Prosper TX	Prosper	http://aguilerabjj.com/	aguilerabjj.com
TX	Al Garza's Premier Martial Arts	League City	https://algarza.com/	algarza.com
TX	Alex Martins Brazilian Jiu Jitsu	Dallas	https://alexmartinsbrazilianjiujitsu.com	alexmartinsbrazilianjiujitsu.com
TX	All American MMA and BJJ	Keller	http://www.allamericanmma.com/	allamericanmma.com
TX	Alliance BJJ Houston	Pearland	https://alliancebjjhouston.com	alliancebjjhouston.com
TX	Alliance Jiu Jitsu Dallas	Dallas	https://alliancejiujitsudallas.com	alliancejiujitsudallas.com
TX	Aloisio Silva Brazilian Jiu-Jitsu Academy	Arlington	https://www.aloisiosilvabjj.com/	aloisiosilvabjj.com
TX	Alpha Omega BJJ / jiu jitsu Laredo TX 78041	Laredo	https://alphaomegabjj.wordpress.com/	alphaomegabjj.wordpress.com
TX	Alvarez Brazilian Jiu-Jitsu Arlington	Arlington	https://alvarezbjj.com/	alvarezbjj.com
TX	American Revolution Muay Thai & Submission Center	Corpus Christi	https://www.americanrevolutionmma.com/	americanrevolutionmma.com
TX	Angelo Mixed Martial Arts and fitness	San Angelo	http://www.facebook.com/angelomixedmartialarts	facebook.com
TX	Applied MMA Austin	Pflugerville	https://appliedmma.com/	appliedmma.com
TX	Ares BRAZILIAN JIU-JITSU	Conroe	http://www.aresbjj.com/	aresbjj.com
TX	Arlington MMA	Arlington	https://arlingtonmma.com/	arlingtonmma.com
TX	Austin Jiu-Jitsu	Austin	http://austinjiujitsu.com/ajj/	austinjiujitsu.com
TX	Austin Martial Arts Academy	Austin	http://www.austinmartialarts.com/	austinmartialarts.com
TX	BASE Brazilian Jiu Jitsu / BJJ Lubbock TX 79414	Lubbock	https://yourbasebjj.com/	yourbasebjj.com
TX	Becerra Judo & Jiu-Jitsu Club / Jiu-Jitsu Garland TX 75041	Garland	https://www.becerrajudo.com/	becerrajudo.com
TX	Blitz Martial Arts	Jarrell	https://blitzmatx.com/	blitzmatx.com
TX	Brazil 021 San Antonio	San Antonio	https://brazil021.com/	brazil021.com
TX	Brazilian Jiu Jitsu and Sambo - Koulikov Grappling Academy	Edinburg	http://www.sambofusion.com/	sambofusion.com
TX	Brazilian Top Team North Dallas	Richardson	https://www.bttnorthdallas.com	bttnorthdallas.com
TX	Brazilian Top Team Texas	San Antonio	https://bttsa.com	bttsa.com
TX	Brazos Valley Mixed Martial Arts	College Station	http://www.bvmma.com	bvmma.com
TX	Bushido MMA and BJJ Academy	El Paso	http://bushidommateam.com/	bushidommateam.com
TX	Bushido Martial Arts Academy	Arlington	https://bushidomartialarts.net/	bushidomartialarts.net
TX	CEV Athletics	Deer Park	http://cevathletics.com	cevathletics.com
TX	CJJF West Frisco	Frisco	http://www.cjjftx.com/	cjjftx.com
TX	COR Brazilian Jiu Jitsu	Richardson	https://corbjj.com	corbjj.com
TX	Cadejo Brazilian Jiu Jitsu Academy	Laredo	http://www.cadejobjj.com/	cadejobjj.com
TX	Caio Terra Academy - Irving	Irving	http://www.bjjirving.com/	bjjirving.com
TX	Campuzano Martial Arts	Frisco	http://www.campuzanomartialarts.com/	campuzanomartialarts.com
TX	Cantu’s Texas Brazilian Jiu Jitsu Self Defense Academy	Houston	http://www.cantuselfdefense.com/	cantuselfdefense.com
TX	Carlos Machado Jiu Jitsu Dallas	Dallas	https://www.marciosantosjiujitsu.com	marciosantosjiujitsu.com
TX	Carlos Machado Jiu-Jitsu	Carrollton	https://member-site.net/VIP/default.aspx	member-site.net
TX	Carlos Machado Jiu-Jitsu Carrollton	Carrollton	https://www.carlosmachado.net	carlosmachado.net
TX	Carlos Machado Jiu-Jitsu: The Colony	The Colony	https://calendly.com/rcjmachadojiujitsuthecolony/30min	calendly.com
TX	Carlson Gracie Houston	Conroe	https://carlsongracieteamhouston.com	carlsongracieteamhouston.com
TX	Caveirinha Jiu-Jitsu Family Texas	Prosper	https://www.cjjftx.com	cjjftx.com
TX	Caveman HQ Combat Sports Club	San Antonio	https://apps.apple.com/gh/app/caveman-hq/id1542962481	apps.apple.com
TX	Centex Combatives & Fitness	Pflugerville	https://centexcombatives.com/	centexcombatives.com
TX	Claunch Academy of Brazilian Jiu-Jitsu	Austin	http://www.claunchacademyofbjj.com/	claunchacademyofbjj.com
TX	Cobra Brazilian Jiu Jitsu Mansfield	Mansfield	http://www.cobrabjjmansfield.com/	cobrabjjmansfield.com
TX	Cobra Brazilian Jiu-Jitsu	Plano	http://www.cobrabjj.com/	cobrabjj.com
TX	Concept Brazilian Jiu Jitsu	Taylor	http://www.taylorbjj.com/	taylorbjj.com
TX	Cornerstone Jiu Jitsu	Leander	https://cornerstonejiujitsuacademy.com/	cornerstonejiujitsuacademy.com
TX	Corvo Martial Arts	Richardson	http://corvomartialarts.com/	corvomartialarts.com
TX	Cross Collar Jiu Jitsu - An Ed Ramos Affiliate	Seabrook	https://www.edramosclearlake.com/	edramosclearlake.com
TX	DFW Personal Training and Self Defense	Bedford	http://www.dfwkickboxing.com/	dfwkickboxing.com
TX	Dallas Jiu-Jitsu	Dallas	http://www.dallasjiujitsu.com/	dallasjiujitsu.com
TX	Dark Gift Combat	Houston	http://darkgiftcombat.com/	darkgiftcombat.com
TX	Denizen Brazilian Jiu-Jitsu	Humble	http://facebook.com/denizenjiujitsu	facebook.com
TX	Different Breed MMA	Lubbock	https://www.facebook.com/differentbreedmma/	facebook.com
TX	Double Five Jiu Jitsu	Highland Village	https://www.doublefiveonline.com	doublefiveonline.com
TX	Eclectic Combat Systems	Pflugerville	http://ecsmma.com/	ecsmma.com
TX	Ed Ramos Clear Lake	Seabrook	http://www.edramosclearlake.com	edramosclearlake.com
TX	Elite MMA	Houston	http://www.elite-mma.com	elite-mma.com
TX	Elite MMA - Greenway Plaza	Houston	http://www.elite-mma.com	elite-mma.com
TX	Elite MMA Baytown	Baytown	http://www.elite-mma.com	elite-mma.com
TX	Elite Mixed Martial Arts - Atascocita	Humble	https://www.elite-mma.com/claim-free-session	elite-mma.com
TX	Endure Cross- Training	Conroe	https://www.facebook.com/pages/category/Martial-Arts-School/Endure-Cross-Training-102074864972461/	facebook.com
TX	Enzo Jiu Jitsu / BJJ McAllen TX 78501	McAllen	http://www.enzojiujitsu.com/	enzojiujitsu.com
TX	Ethos Jiu Jitsu and Martial Arts	Tyler	https://www.ethosjiujitsutyler.com	ethosjiujitsutyler.com
TX	FXMMA - Brazilian Jiu-Jitsu - Wrestling - Boxing	Euless	http://www.fxmma.com/	fxmma.com
TX	Fighteria Academy	Wimberley	http://www.fighteriatx.com/	fighteriatx.com
TX	Finesse BJJ	Spring	http://finessebjj.com	finessebjj.com
TX	Fitness Fight Factory	Watauga	https://fitnessfightfactory.com/watauga-schedule/	fitnessfightfactory.com
TX	Fitness Fight Factory Haslet	Fort Worth	https://fitnessfightfactoryhaslet.com/	fitnessfightfactoryhaslet.com
TX	Flow Brazilian Jiu-Jitsu	Pantego	https://flowbjj.com/	flowbjj.com
TX	Flux MMA	Haltom City	http://www.fluxmma.com/	fluxmma.com
TX	Frequency BJJ & Fitness	Fort Worth	http://www.frequencyjiujitsu.com/	frequencyjiujitsu.com
TX	Full Contact Fight Academy	Corpus Christi	http://www.fullcontactfightacademy.com/	fullcontactfightacademy.com
TX	Furia Training Center MMA & BJJ	Dickinson	http://www.furiatrainingcenter.com	furiatrainingcenter.com
TX	GB Boerne	Boerne	https://graciebarra.com/boerne-tx/	graciebarra.com
TX	GB Cedar Hill	Cedar Hill	https://www.gbcedarhill.com	gbcedarhill.com
TX	GB College Station	College Station	https://gbcollegestation.com	gbcollegestation.com
TX	GB Cypress	Cypress	https://www.gb-cypress.com	gb-cypress.com
TX	GB East El Paso	El Paso	https://graciebarra.com/east-el-paso-tx/	graciebarra.com
TX	GB El Paso	El Paso	https://graciebarra.com/el-paso-tx/	graciebarra.com
TX	GB Fort Bend	Sugar Land	https://gbfortbend.com/	gbfortbend.com
TX	GB Fulshear	Fulshear	https://graciebarra.com/fulshear-tx/	graciebarra.com
TX	GB Heights Houston	Houston	https://www.gbheights.com	gbheights.com
TX	GB McAllen	McAllen	https://graciebarra.com/mcallen-tx/	graciebarra.com
TX	GB Pearland	Pearland	https://gbpearland.com/	gbpearland.com
TX	GB Round Rock	Round Rock	https://gbroundrock.com	gbroundrock.com
TX	Gameness Sports	Carrollton	http://www.gameness.com/	gameness.com
TX	Gann BJJ Fight & Fitness	Haslet	http://www.teamgann.com/	teamgann.com
TX	Genesis Jiu Jitsu	River Oaks	http://www.genesisjiujitsu.com	genesisjiujitsu.com
TX	George's MMA & Boxing Gym	Irving	http://dallasmmaboxing.com/	dallasmmaboxing.com
TX	Georgetown Brazilian Jiu Jitsu	Georgetown	http://www.jiujitsugeorgetown.com/	jiujitsugeorgetown.com
TX	Global Martial Arts	Tomball	http://www.teamglobalmma.com	teamglobalmma.com
TX	Golden Triangle Jiu-jitsu Academy	Nederland	http://www.goldentrianglejiujitsu.com/	goldentrianglejiujitsu.com
TX	Gracie Allegiance Jiu Jitsu/ APrx Fitness	Corpus Christi	https://gracieallegiancetexas.zenplanner.com/zenplanner/portal/scheduler.cfm	gracieallegiancetexas.zenplanner.com
TX	Gracie Barra Brazilian Jiu Jitsu	Corpus Christi	http://www.graciebarracorpuschristi.com/	graciebarracorpuschristi.com
TX	Gracie Barra Brownsville	Brownsville	http://gbbrownsville.com/	gbbrownsville.com
TX	Gracie Barra Buda	Buda	https://gbbuda.com/	gbbuda.com
TX	Gracie Barra Cedar Park	Cedar Park	http://www.gbcedarpark.com/	gbcedarpark.com
TX	Gracie Barra Frisco	Frisco	https://gbfriscotexas.com	gbfriscotexas.com
TX	Gracie Barra Jiu Jitsu Mansfield	Mansfield	http://gbmansfield.com/	gbmansfield.com
TX	Gracie Barra Katy	Katy	http://www.graciebarrakaty.com	graciebarrakaty.com
TX	Gracie Barra North Austin	Austin	https://www.gbnorthaustin.com	gbnorthaustin.com
TX	Gracie Barra Texas	Webster	https://graciebarratx.com	graciebarratx.com
TX	Gracie Barra Tyler Brazilian Jiu-Jitsu & Self Defense	Tyler	https://gbtyler.com/	gbtyler.com
TX	Gracie Barra – Lakeway	Lakeway	http://gblakeway.com/	gblakeway.com
TX	Gracie Barra – Southlake	Southlake	http://gbsouthlake.com	gbsouthlake.com
TX	Gracie Barra – The Woodlands	Spring	http://www.mmathewoodlands.com/	mmathewoodlands.com
TX	Gracie Gym Richardson / Brazilian Jiu-Jitsu	Richardson	http://graciegymrichardson.com/	graciegymrichardson.com
TX	Gracie Jiu Jitsu Houston	Houston	http://www.graciejiujitsuwesthouston.com	graciejiujitsuwesthouston.com
TX	Gracie Jiu-Jitsu North-East San Antonio	San Antonio	http://www.graciejiujitsusanantonio.com/	graciejiujitsusanantonio.com
TX	Gracie Jiu-Jitsu North-West San Antonio	San Antonio	http://www.gracienorthwestsanantonio.com/	gracienorthwestsanantonio.com
TX	GracieOne Academy	Dallas	https://www.gracieone.com	gracieone.com
TX	Grapplers Lair	Belton	http://grapplerslair.com/	grapplerslair.com
TX	Grappling Zone Pearland	Pearland	http://www.grapplingzonepearland.com	grapplingzonepearland.com
TX	Ground Dwellers BJJ	Spring	http://www.grounddwellers.com	grounddwellers.com
TX	Guetho Texas BJJ	Amarillo	http://amarillobjj.com/	amarillobjj.com
TX	Gustavo Machdo Brazilian Jiu-Jitsu - Texas (GMBJJTX)	Bulverde	https://www.gmbjjtx.com	gmbjjtx.com
TX	Guy Mezger's Fs Martial Arts	Addison	http://www.guymezger.com/	guymezger.com
TX	Hardstyle KBJJ	Corpus Christi	http://www.hardstylekettlebell.com/	hardstylekettlebell.com
TX	Harlingen Jiu-Jitsu Club	Harlingen	http://www.harlingenjjc.com/	harlingenjjc.com
TX	Helio Soneca/ 8ight Limbs Academy	Harlingen	https://www.the8ightlimbsacademy.com/	the8ightlimbsacademy.com
TX	Henderson's Martial Arts	Humble	http://www.hendersonsma.com	hendersonsma.com
TX	Hero Martial Arts Academy	Spring	http://heromaa.com	heromaa.com
TX	Hicks MMA	Carrollton	http://www.hicksmma.com/	hicksmma.com
TX	Honor Martial Arts - Houston Brazilian Jiu-Jitsu, Judo, Karate and Yoga.	Hockley	http://www.honormartialarts.com/	honormartialarts.com
TX	Infinitum Jiu Jitsu Academy - PSBJJ Lake Conroe	Conroe	https://infinitumjiujitsuconroe.com/contact	infinitumjiujitsuconroe.com
TX	Inochi Mixed Martial Arts Academy - Paul Haben	Bulverde	http://www.inochimma.com/	inochimma.com
TX	Insight BJJ	Bastrop	http://www.insightbjj.com/	insightbjj.com
TX	Insight BJJ Bastrop – Team Renzo Gracie	Bastrop	http://www.insightbjj.com/	insightbjj.com
TX	Ion Jiu Jitsu	Sulphur Springs	http://www.ionjiujitsuandfitness.com/	ionjiujitsuandfitness.com
TX	JJ Machado Austin Jiujitsu	Dripping Springs	http://www.jjmachadoaustin.com/	jjmachadoaustin.com
TX	JJ Machado DFW	Colleyville	http://jjmachadodfw.com/	jjmachadodfw.com
TX	John Machado Brazilian Jiu-Jitsu	Allen	https://johnmachadobjj.com/	johnmachadobjj.com
TX	John's Gym Georgetown Jiu Jitsu and MMA	Georgetown	http://www.johnsgymgeorgetown.com/	johnsgymgeorgetown.com
TX	John's Gym Liberty Hill Jiu Jitsu	Liberty Hill	http://johnsgymlibertyhill.com/	johnsgymlibertyhill.com
TX	John's Gym Mixed Martial Arts & Fitness	Austin	https://www.johnsgym.com/	johnsgym.com
TX	Katy Brazilian Jiu Jitsu Revolution Team	Katy	http://katybjj.com	katybjj.com
TX	Kingsway Jiu-Jitsu	Austin	https://kingswayjiujitsu.com	kingswayjiujitsu.com
TX	Kingwood MMA	Kingwood	http://www.kingwoodmixedmartialarts.com/	kingwoodmixedmartialarts.com
TX	LX Jiu-Jitsu & Self Defense	Sugar Land	http://www.lxbjj.com	lxbjj.com
TX	Lake Travis Jiu-Jitsu Club	Spicewood	http://www.ltjjc.com/	ltjjc.com
TX	Legacy Brazilian Jiu Jitsu	Allen	https://www.legacy-bjj.com/	legacy-bjj.com
TX	Legends Brazilian Jiu Jitsu	Temple	http://www.legendsbjj.com/	legendsbjj.com
TX	Lubbock Jiu Jitsu Academy	Lubbock	https://www.lubbockjiujitsuacademy.com	lubbockjiujitsuacademy.com
TX	Lumampao Martial Arts	Corpus Christi	http://www.lumampaomartialarts.com/	lumampaomartialarts.com
TX	MA BJJ Academy	Irving	http://www.mabjjacademy.com/	mabjjacademy.com
TX	MACBJJ (Marcos Cerqueira BJJ/Brazil-021 Houston)	Bellaire	http://www.brazil021houston.com	brazil021houston.com
TX	Magness Brazilian Jiu-Jitsu Martial Arts Academy	Cedar Hill	https://magnessbjj.com/free-trial/	magnessbjj.com
TX	Makhuwabjj Brazilian JiuJitsu	Stephenville	http://www.makhuwabjj.com/	makhuwabjj.com
TX	Maozinha Brazilian Jiu Jitsu	Spring	http://www.teammaozinha.com	teammaozinha.com
TX	Marcelo Garcia Jiu-Jitsu of Dallas	Dallas	https://www.marcelogarciadallas.com	marcelogarciadallas.com
TX	Marcos Santos Academy	Fort Worth	http://fwbjj.com/	fwbjj.com
TX	Mario Esfiha Brazilian Jiu Jitsu Austin - Brasa Team	Austin	http://www.mebjj.com/	mebjj.com
TX	Markle Brazilian Jiu-Jitsu	Richmond	https://www.marklebjj.com	marklebjj.com
TX	Marra Senki Brazilian Jiu-Jitsu	San Antonio	http://marrajj.com/	marrajj.com
TX	Martial arts of Waco	Waco	https://martialartswaco.com/	martialartswaco.com
TX	Maven Jiu-Jitsu Academy	The Woodlands	http://www.mavenbjj.com/	mavenbjj.com
TX	McCall Mixed Martial Arts	Humble	http://www.mccallmixedmartialarts.com	mccallmixedmartialarts.com
TX	Mcallen BJJ	McAllen	https://mcallenbjj.com	mcallenbjj.com
TX	Mcsweeney Martial Arts and Performance Center	Plano	http://mcsweeneymma.com/	mcsweeneymma.com
TX	Modern Jiu-Jitsu Self Defense	McAllen	http://mdrnjj.com/	mdrnjj.com
TX	Mohler MMA – Brazilian Jiu Jitsu & Boxing	Grapevine	http://www.mohlermma.com/	mohlermma.com
TX	Mousel's Self-Defense Academy	Houston	http://www.defend.net	defend.net
TX	NBTC Brazilian Jiu Jitsu (New Braunfels Training Center)	New Braunfels	https://nbtcbjj.com	nbtcbjj.com
TX	Neutral Grounds	Frisco	https://www.bjjtexas.com	bjjtexas.com
TX	New Braunfels BJJ	New Braunfels	https://dalua.com	dalua.com
TX	North Texas Mixed Martial Arts	Flower Mound	http://ntmma.com/	ntmma.com
TX	Nunan's Martial Arts	Cedar Park	http://nunansmartialarts.com/	nunansmartialarts.com
TX	Onnit Gym MMA	Austin	http://www.onnitgymmma.com/	onnitgymmma.com
TX	PRESS Forward MMA & Fitness	Friendswood	http://www.pressforwardmma.com/	pressforwardmma.com
TX	Pablo Silva Brazilian Jiu Jitsu HQ	Bellaire	http://www.pablosilvabjj.com/	pablosilvabjj.com
TX	Paragon Jiu-Jitsu Academy - Austin	Austin	http://www.paragonaustin.com/	paragonaustin.com
TX	Peak Performance	North Richland Hills	https://peakperformancemartialarts.com/	peakperformancemartialarts.com
TX	Peak Performance Decatur Brazilian Jiu-Jitsu	Decatur	https://www.peakdecatur.com/	peakdecatur.com
TX	Presa Brazillian Jiu-Jitsu	Corpus Christi	http://www.presabjj.com/	presabjj.com
TX	Progresso Jiu Jitsu	Plano	https://progressojiujitsu.com/	progressojiujitsu.com
TX	RDA Fitness & MMA	San Antonio	https://rda-fitness-mma.business.site/	rda-fitness-mma.business.site
TX	Ralph Gracie Jiu-Jitsu Waco Texas	Waco	http://ralphgracietexas.com/	ralphgracietexas.com
TX	Ravlin Brazilian Jiu-Jitsu & Muay Thai-Kickboxing	Houston	http://www.ravlinmartialarts.com	ravlinmartialarts.com
TX	Red River BJJ	Wichita Falls	https://redriverbjj.com	redriverbjj.com
TX	Reign Jiu Jitsu	Katy	https://reignbjj.com	reignbjj.com
TX	Renzo Gracie Houston	Sugar Land	http://graciebarrasugarland.com	graciebarrasugarland.com
TX	Renzo Gracie Jiu Jitsu DFW	Hurst	https://renzograciejiujitsudfw.com	renzograciejiujitsudfw.com
TX	Renzo Gracie Katy	Katy	https://renzograciekaty.com/	renzograciekaty.com
TX	Renzo Gracie Round Rock	Round Rock	https://renzogracieroundrock.com/	renzogracieroundrock.com
TX	Renzo Gracie The Grove	Richmond	http://renzograciethegrove.com	renzograciethegrove.com
TX	Reyes Jiu-Jitsu	Irving	http://www.reyesjiujitsu.com/	reyesjiujitsu.com
TX	Rilion Gracie Academy Missouri City	Missouri City	http://www.riliongraciemissouricity.com/	riliongraciemissouricity.com
TX	Rilion Gracie Jiu Jitsu Energy Corridor	Houston	http://riliongraciewesthouston.com	riliongraciewesthouston.com
TX	Rilion Gracie Katy	Katy	https://www.riliongraciekaty.com	riliongraciekaty.com
TX	Risen Jiu-Jitsu and Fitness	Corinth	http://www.risenbjj.com/	risenbjj.com
TX	Roberto Kaelin BJJ	Keller	https://robertokaelin.com/	robertokaelin.com
TX	Rockstar Martial Arts and Fitness	Frisco	http://www.rockstarmartialarts.com/	rockstarmartialarts.com
TX	Rodrigo Pinheiro BJJ	San Antonio	https://rodrigopinheirobjj.com	rodrigopinheirobjj.com
TX	Rogue Jiu Jitsu Studio	Grapevine	https://www.roguebjj.com	roguebjj.com
TX	Roots Jiu Jitsu Club	El Paso	https://roots-jiujitsuclub.com	roots-jiujitsuclub.com
TX	Royal Art BJJ	Plano	http://bjjroyal.com/	bjjroyal.com
TX	RuFFhouse MMA & Fitness	Odessa	https://m.facebook.com/ruffhousemma/	m.facebook.com
TX	SBG New Braunfels Brazilian Jiu Jitsu	New Braunfels	https://sbgnewbraunfels.com/contact-us/	sbgnewbraunfels.com
TX	SOTX BJJ (South Texas Brazilian Jiu Jitsu)	Edinburg	https://www.sotxbjj.com	sotxbjj.com
TX	Sampson Jiu Jitsu Academy	Southlake	http://www.sampsonjiujitsuacademy.com/	sampsonjiujitsuacademy.com
TX	San Marcos Jiu Jitsu	San Marcos	https://www.smjiujitsu.com	smjiujitsu.com
TX	Satori MMA	Victoria	https://satorimma.com/	satorimma.com
TX	Seeds 13 Jiujitsu Academy	San Angelo	https://seeds13bjj.com/special-offers/	seeds13bjj.com
TX	Select Jiu Jitsu Academy	Waco	http://www.selectjiujitsu.com/	selectjiujitsu.com
TX	Semper Fortis	San Antonio	https://www.brazil021sanantonio.com	brazil021sanantonio.com
TX	Sfs MMA	Mesquite	http://www.sfsmma.com/	sfsmma.com
TX	Silva BJJ Lewisville TX (Aloisio Silva BJJ Associated Academy)	Lewisville	http://www.silvaacademy.com/	silvaacademy.com
TX	Silverback Brazilian Jiu Jitsu	Fort Worth	https://www.silverbackbjjfw.com/	silverbackbjjfw.com
TX	Six Blades Austin	Austin	https://www.sixblades.com/	sixblades.com
TX	Six Blades Jiu-Jitsu Fort Worth	Fort Worth	https://jiujitsufortworth.com	jiujitsufortworth.com
TX	Sloth BJJ	Euless	http://slothbjjtx.com/	slothbjjtx.com
TX	Solis Martial Arts Academy	Humble	http://www.solismartialarts.com/	solismartialarts.com
TX	Soul Fighters Martial Arts Training Center - Allen	Allen	https://soulfightersallen.com/	soulfightersallen.com
TX	Star Jiu Jitsu	Carrollton	http://starbjj.com/	starbjj.com
TX	Still Waters Brazilian Jiu Jitsu	Alvin	http://stillwatersbjj.com	stillwatersbjj.com
TX	Stoic Brazilian Jiu Jitsu	Mansfield	https://www.stoicjj.com/	stoicjj.com
TX	Storm MMA & Fitness	Temple	https://stormmmaandfitness.com/	stormmmaandfitness.com
TX	Strong Style MMA	Rosenberg	https://www.strongstylemma.com/	strongstylemma.com
TX	Sugarland MMA	Sugar Land	http://www.sugarlandmixedmartialarts.com	sugarlandmixedmartialarts.com
TX	Supreme Academy ATX	Austin	https://supremeacademyatx.com	supremeacademyatx.com
TX	TMAC Tipton Martial Arts Club	Azle	https://tonytiptontraining.wixsite.com/website	tonytiptontraining.wixsite.com
TX	TPC Brazilian Jiu-Jitsu & MMA	Beaumont	http://tpcjiujitsu.com/	tpcjiujitsu.com
TX	TX 3rd Coast MMA	Stafford	http://www.tx3rdcoastmma.com	tx3rdcoastmma.com
TX	Tbt Gym-Total Body Training	McKinney	https://tbtgym.com/calendar/	tbtgym.com
TX	Team 515 Mixed Martial Arts	Longview	http://team515.com/	team515.com
TX	Team One Mixed Martial Arts	Arlington	http://teamonept.wix.com/personaltrainig	teamonept.wix.com
TX	Team Rabadi Brazilian Jiu Jitsu & Muay Thai	Pflugerville	http://www.rrbjj.com/	rrbjj.com
TX	Team Tooke Mixed Martial Arts Cypress	Cypress	http://www.teamtooke-cypress.com	teamtooke-cypress.com
TX	Texas Barbell Syndicate	Houston	http://www.texasbarbellsyndicate.com	texasbarbellsyndicate.com
TX	Texas Gladiators Academy	Garland	http://texasgladiators.org/	texasgladiators.org
TX	Texas Self Defense Academy	Arlington	http://www.martialartsarlingtontx.com/	martialartsarlingtontx.com
TX	The Fight Lab	Katy	http://thefightlabtx.com	thefightlabtx.com
TX	The MATS Academy	North Richland Hills	https://themats.academy	themats.academy
TX	The Mat Martial Arts & Fitness	Cedar Park	http://themataustin.com/	themataustin.com
TX	Torres Brazilian Jiu Jitsu	Spring	http://www.torresjiujitsu.com	torresjiujitsu.com
TX	Travis Lutter MMA	Fort Worth	https://www.travislutter.com/	travislutter.com
TX	True JiuJitsu Academy	Round Rock	http://www.truejiujitsu.com/	truejiujitsu.com
TX	Twin Wolves MMA	Harker Heights	https://www.twmma.com	twmma.com
TX	UFC GYM McAllen	McAllen	https://www.ufcgym.com/locations/mcallen/	ufcgym.com
TX	UFC GYM Pearland	Pearland	http://ufcgym.com	ufcgym.com
TX	Underground Jiu Jitsu	Plano	https://underground-bjj.com/	underground-bjj.com
TX	VA Academy Jiu Jitsu	Wylie	https://www.vabjj.com	vabjj.com
TX	Veterans Jiu-Jitsu	Austin	http://www.veteransjiujitsu.com/	veteransjiujitsu.com
TX	Victory Martial Arts Leon Springs	San Antonio	http://www.victoryma.com/	victoryma.com
TX	Virtue Brazilian Jiu Jitsu	Belton	https://virtuebjjtx.com	virtuebjjtx.com
TX	Virtues Jiu-Jitsu Self Defense	Deer Park	http://virtuesjiu-jitsu.com	virtuesjiu-jitsu.com
TX	WAR Training Center	Tomball	http://www.wartrainingcenter.com	wartrainingcenter.com
TX	War Room MMA, Kickboxing, and Fitness	Fort Worth	https://war-room-mma-kickboxing-and-fitness.business.site/	war-room-mma-kickboxing-and-fitness.business.site
TX	Warriors Legacy MMA	Paris	https://www.warriorslegacymma.com	warriorslegacymma.com
TX	West Texas Jiu Jitsu Academy	Lubbock	https://wtxjja.com/	wtxjja.com
TX	WolfPack MMA Forney	Forney	https://www.mindbodyonline.com/explore/locations/wolfpack-mma-forney-tx	mindbodyonline.com
TX	Wolfpack Mixed Martial Arts	Rockwall	https://www.mindbodyonline.com/explore/locations/wolfpack-mma	mindbodyonline.com
TX	Zombie Brazilian Jiu-Jitsu and MMA	Abilene	http://zombiebjj.com/	zombiebjj.com
TX	Zombie Krew Jiu Jitsu	Fort Worth	https://www.instagram.com/p/C23I2Cop7ye/	instagram.com
UT	10th Planet Jiu-Jitsu SLC	Salt Lake City	https://10thplanetslc.com	10thplanetslc.com
UT	10th Planet Pleasant Grove	Pleasant Grove	https://10thplanetpleasantgrove.com	10thplanetpleasantgrove.com
UT	Absolute MMA	West Jordan	https://absolutemma.com	absolutemma.com
UT	Adapt Jiu-Jitsu	Herriman	https://adaptbjj.com	adaptbjj.com
UT	Agema Jiu Jitsu and MMA	Provo	https://agemagym.com	agemagym.com
UT	BJJ Revolution Park City (Malmberg Jiu-Jitsu)	Park City	https://jiujitsurevolution.com	jiujitsurevolution.com
UT	Bobby Lawrence Karate Orem	Orem	https://oremkarate.com	oremkarate.com
UT	CR Brazilian Jiu Jitsu	West Jordan	https://crbjjusa.com	crbjjusa.com
UT	Cache Valley Martial Arts and Fitness	Logan	https://cachevalleymartialarts.com	cachevalleymartialarts.com
UT	Caique Jiu Jitsu Utah Academy	Clearfield	https://cjjutah.com	cjjutah.com
UT	Crown BJJ	Bluffdale	https://crownbjj.com	crownbjj.com
UT	Elite Performance Gym (Jeremy Horn's)	Sandy	https://eliteperformancegym.com	eliteperformancegym.com
UT	First BJJ	Millcreek	https://firstbjj.com	firstbjj.com
UT	Fusion Academy	Salt Lake City	https://fusionbjj.com	fusionbjj.com
UT	Fusion MMA and Jiu Jitsu	St. George	https://teamfusionmma.com	teamfusionmma.com
UT	Fusion MMA and Jiu Jitsu Sunset	St. George	https://teamfusionmma.com	teamfusionmma.com
UT	Gracie Barra Heber City	Heber City	https://graciebarraheber.com	graciebarraheber.com
UT	Gracie Barra Herriman	Herriman	https://gbherriman.com	gbherriman.com
UT	Gracie Barra Layton	Layton	https://gblayton.com	gblayton.com
UT	Gracie Barra North Salt Lake	North Salt Lake	https://gbnorthsaltlake.com	gbnorthsaltlake.com
UT	Gracie Barra Orem	Orem	https://gborem-utah.com	gborem-utah.com
UT	Gracie Barra Park City	Park City	https://gbparkcity.com	gbparkcity.com
UT	Gracie Barra Riverton	Riverton	https://gbriverton.com	gbriverton.com
UT	Gracie Barra Salt Lake City	Salt Lake City	https://gbslc.com	gbslc.com
UT	Gracie Barra Sandy	Sandy	https://graciebarra.com/sandy-ut	graciebarra.com
UT	Gracie Barra West Jordan	West Jordan	https://gbwestjordan.com	gbwestjordan.com
UT	Gracie Jiu-Jitsu St. George	St. George	https://graciestgeorge.com	graciestgeorge.com
UT	Infinity BJJ Utah	Mapleton	https://infinitybjjutah.com	infinitybjjutah.com
UT	J-Crew Jiu-Jitsu	Hyrum	https://jcrewbjj.com	jcrewbjj.com
UT	Marangoni BJJ	Salt Lake City	https://bjjsaltlake.com	bjjsaltlake.com
UT	Mori Training Center	Ogden	https://mori-jiu-jitsu.com	mori-jiu-jitsu.com
UT	Park City Jiu Jitsu	Park City	https://parkcitybjj.com	parkcitybjj.com
UT	Paul Tom's Academy of Brazilian Jiu-Jitsu	American Fork	https://bjjutah.com	bjjutah.com
UT	Renzo Gracie SLC	Salt Lake City	https://renzogracieslc.com	renzogracieslc.com
UT	Renzo Gracie Utah	Kaysville	https://renzogracieutah.com	renzogracieutah.com
UT	Roots Combat Club	Lehi	https://rootscombatclub.com	rootscombatclub.com
UT	STG Jiu Jitsu	St. George	https://stgjiujitsu.com	stgjiujitsu.com
UT	Team Link Utah	Layton	https://teamlinkutahbjj.com	teamlinkutahbjj.com
UT	Thiago Alves BJJ	Riverdale	https://thiagoalvesbjj.com	thiagoalvesbjj.com
UT	Tooele Martial Arts Academy	Tooele	https://tooelemartialartsacademy.com	tooelemartialartsacademy.com
UT	Triad Jiu Jitsu	Vernal	https://triadjiujitsu.com	triadjiujitsu.com
UT	Ultimate Combat Training Center	Holladay	https://ultimatecombat.com	ultimatecombat.com
UT	Unified BJJ	South Jordan	https://unifiedbjj.com	unifiedbjj.com
UT	Vida Jiu-Jitsu Utah	Spanish Fork	https://vidajiujitsu.com	vidajiujitsu.com
UT	Viotti BJJ Academy	Bountiful	https://viottibjjacademy.com	viottibjjacademy.com
UT	Westside BJJ Ogden	Ogden	https://westsidebjjogden.com	westsidebjjogden.com
VA	10th Planet Fredericksburg	Fredericksburg	https://www.10thplanetfxbg.com/	10thplanetfxbg.com
VA	804 Jiu-Jitsu / Team Passos	Midlothian	http://www.804jiu-jitsu.com/	804jiu-jitsu.com
VA	Abmar Barbosa JJ Academy	Vienna	https://www.abmarbjjacademy.com	abmarbjjacademy.com
VA	American Fight Club	Vienna	http://afcva.com/	afcva.com
VA	American Top Team Ashburn	Ashburn	https://attashburn.com/	attashburn.com
VA	Apex Jiu Jitsu	Midlothian	http://apexjiujitsuva.com/	apexjiujitsuva.com
VA	Arte Suave Jiu-Jitsu	Springfield	http://www.artesuave-bjj.com/	artesuave-bjj.com
VA	BOA BJJ Academy	Mechanicsville	http://boabjj.com/	boabjj.com
VA	Battlefield Jiu Jitsu	Haymarket	http://www.battlefieldjiujitsu.com/	battlefieldjiujitsu.com
VA	Bristol Jiu Jitsu	Bristol	http://bristoljiujitsu.com/	bristoljiujitsu.com
VA	Caio Terra Academy - Alexandria BJJ	Alexandria	http://www.alexandriabjj.com	alexandriabjj.com
VA	Caio Terra Academy - Sterling	Sterling	https://www.bjjvirginia.com/	bjjvirginia.com
VA	Capital MMA & Elite Fitness Fairfax	Fairfax	https://www.capitalmma.com/fairfax/	capitalmma.com
VA	Capital MMA & Elite Fitness Sterling	Sterling	https://www.capitalmma.com/loudoun-dulles/	capitalmma.com
VA	Capitol Combat Sports	Arlington	http://capitolcombatsports.blogspot.com	capitolcombatsports.blogspot.com
VA	Centreville Brazilian Jiu Jitsu	Centreville	http://www.centrevillebjj.com/	centrevillebjj.com
VA	Chantilly MMA Academy - Judo, BJJ and Muay Thai	Chantilly	https://www.chantillymma.com/	chantillymma.com
VA	Chaos Jiu Jitsu	Virginia Beach	https://www.chaosjiujitsu.com/	chaosjiujitsu.com
VA	Charlottesville Brazilian Jiu-Jitsu	Charlottesville	http://www.cvillebjj.com/	cvillebjj.com
VA	Checkmat Lynchburg Jiu Jitsu	Lynchburg	https://www.checkmatvirginia.com/	checkmatvirginia.com
VA	Cheeseman Martial Arts Brazilian Jiu Jitsu	Hampton	http://cheesemanmartialarts.net/	cheesemanmartialarts.net
VA	Clayton Phillips Jiu Jitsu	Norfolk	http://norfolkjiujitsu.com	norfolkjiujitsu.com
VA	Coastal Brazilian Jiu Jitsu	Virginia Beach	http://www.coastalbjj.com/	coastalbjj.com
VA	Comet BJJ	Fairfax	http://cometmma.com/	cometmma.com
VA	DCB MMA & Athletic Training	Fredericksburg	http://www.dcbmma.com/	dcbmma.com
VA	Da Firma Training Center	Chesapeake	https://dafirmatc.com/	dafirmatc.com
VA	Darcio Lira Brazilian Jiu Jitsu	Fredericksburg	http://www.darciolirajjdcva.com/	darciolirajjdcva.com
VA	Darcio Lira Jiu Jitsu	Arlington	http://darciolirajjdcva.squarespace.com	darciolirajjdcva.squarespace.com
VA	David Jacobs BJJ Academy	Vienna	http://www.therockbjj.com	therockbjj.com
VA	Diego Bispo Academy	Virginia Beach	http://diegobispoacademy.com/	diegobispoacademy.com
VA	Dimitri Chrisos Jiu Jitsu Academy	Chantilly	http://dc-bjj.com/	dc-bjj.com
VA	Disciple MMA Academy	Sterling	http://www.disciplemmaacademy.com/	disciplemmaacademy.com
VA	District Martial Arts	Arlington	http://www.districtmartialarts.com	districtmartialarts.com
VA	Dominion BJJ	Manassas	https://dominionbjj.com/	dominionbjj.com
VA	Double Phoenix Jiu Jitsu	Sterling	https://www.doublephoenixjj.com/	doublephoenixjj.com
VA	East Wind Academy of Martial Arts	Newport News	http://www.eastwindacademy.com/	eastwindacademy.com
VA	Eastern Academy of Mixed Martial Arts	Virginia Beach	http://www.easternacademy.com	easternacademy.com
VA	Edge Effect Fitness and Martial Arts	Harrisonburg	https://www.edgeeffectfitness.com/	edgeeffectfitness.com
VA	Element Academy of Jiu-Jitsu	Virginia Beach	http://www.elementbjj.com/	elementbjj.com
VA	Enlisted Nine Fight Company - Virginia	Fredericksburg	http://www.e9fcva.com/	e9fcva.com
VA	EvolveAll - Martial Arts and Training Studio	Arlington	https://evolveall.com/	evolveall.com
VA	Fairfax Jiu Jitsu Academy	Chantilly	https://www.fairfaxjj.com/	fairfaxjj.com
VA	Ferox Jiu-Jitsu	Virginia Beach	https://feroxjiujitsu.com	feroxjiujitsu.com
VA	Fifty/50 Martial Arts Academy	Falls Church	http://5050bjj.com	5050bjj.com
VA	Five Crow Martial Arts & Fitness	Hampton	http://fivecrow.com	fivecrow.com
VA	GB Chantilly	Chantilly	https://graciebarra.com/chantilly-va/	graciebarra.com
VA	Good2Go MMA	Strasburg	http://linktr.ee/good2go_mma	linktr.ee
VA	Gracie Barra Ashburn, Brazilian Jiu-Jitsu and Self-Defense	Ashburn	https://www.gbashburn.com/	gbashburn.com
VA	Gracie Charlottesville Jiu-Jitsu and Self Defense Academy	Charlottesville	https://graciecharlottesville.com/	graciecharlottesville.com
VA	Gracie Jiu-Jitsu Virginia Beach	Virginia Beach	https://graciejiujitsuvb.com/	graciejiujitsuvb.com
VA	Gracie NOVA at The Fighters Garage	Falls Church	https://thefightersgarage.com/	thefightersgarage.com
VA	Grappling Sports	Vinton	http://grapplingsports.com/	grapplingsports.com
VA	Gustavo Machado Brazilian Jiu Jitsu Chesapeake	Chesapeake	https://www.gmbjjchesapeake.com	gmbjjchesapeake.com
VA	Gustavo Machado Norfolk	Norfolk	http://www.gustavomachadonorfolk.com	gustavomachadonorfolk.com
VA	High Noon BJJ & Fitness	Alexandria	http://highnoonbjj.com	highnoonbjj.com
VA	Hybrid Martial Arts Center	Roanoke	http://www.hybridroanoke.com/	hybridroanoke.com
VA	Impact Martial Arts Academy	Virginia Beach	https://www.impact-athletes.com/	impact-athletes.com
VA	Iron Sharpens Iron Brazilian Jiu Jitsu Academy	Winchester	https://www.winchesterbjj.com/	winchesterbjj.com
VA	Jamerson YMCA Martial Arts: Brazilian Jiu-Jitsu & Kempo Karate	Lynchburg	http://lynchburgkempobjj.com/	lynchburgkempobjj.com
VA	Justin Lough Brazilian Jiu Jitsu	Purcellville	http://www.jloughbjj.com/	jloughbjj.com
VA	Kaizen MMA Ashburn	Ashburn	https://kzmma.com/	kzmma.com
VA	Kaizen MMA Fairfax	Fairfax	http://www.kzmma.com/	kzmma.com
VA	Kaizen MMA Falls Church	Falls Church	http://www.kzmma.com/	kzmma.com
VA	Kaizen MMA Purcellville	Purcellville	http://www.kzmma.com/	kzmma.com
VA	Kaizen MMA Vienna	Vienna	http://www.kzmma.com/	kzmma.com
VA	King Khong MMA	Alexandria	http://kingkhong.com	kingkhong.com
VA	Kobukan Martial Arts Academy	Norfolk	https://kmadojo.org/	kmadojo.org
VA	Kogaion Academy Brazilian Jiu-Jitsu & Judo	Arlington	http://www.kogaionacademy.com/	kogaionacademy.com
VA	Leo Dalla Martial Arts	Woodbridge	http://leodalla.com/	leodalla.com
VA	Leo Dalla Martial Arts Arlington at One Life Fitness Ballston	Arlington	http://leodalla.com/	leodalla.com
VA	Lotus Thai Boxing and BJJ	Annandale	http://lotusthaiboxing.com	lotusthaiboxing.com
VA	MiKiDo	Bailey's Crossroads	http://www.mikido.com	mikido.com
VA	New World Academy	Hampton	http://newworldacademybjj.com	newworldacademybjj.com
VA	Nomad JiuJitsu	Lynchburg	http://nomadjitsu.com/	nomadjitsu.com
VA	Norfolk Karate Academy / Gracie Jiu Jitsu Norfolk	Norfolk	http://www.norfolkkarate.com/	norfolkkarate.com
VA	OSA Martial Arts	Fairfax	http://www.emafairfax.com/	emafairfax.com
VA	Odyssey MMA	King William	http://www.odysseymma.com/	odysseymma.com
VA	Pedro Sauer Academy: One Spirit Martial Arts	Herndon	http://www.virginiabjj.com/	virginiabjj.com
VA	Pentagon Mixed Martial Arts	Arlington	http://www.pentagonmma.com/	pentagonmma.com
VA	Phoenix Fitness & Martial Arts	Henrico	https://phoenixfma.com/	phoenixfma.com
VA	Pressure Brazilian Jiu-Jitsu Academy	Harrisonburg	https://m.facebook.com/pressurebjj17/about/	m.facebook.com
VA	Renaissance Academy of Martial Arts	Lynchburg	https://ramarts.com/	ramarts.com
VA	Renegade Combat Sports Club	Fredericksburg	https://www.renegadecombatsports.com/	renegadecombatsports.com
VA	Revolution BJJ Ashland LLC	Ashland	http://www.revolutionbjjashland.com/	revolutionbjjashland.com
VA	Ribeiro Jiu-Jitsu	Yorktown	http://www.ribeirojiujitsuyorktown.com	ribeirojiujitsuyorktown.com
VA	Richmond Brazilian Jiu-Jitsu & Self-Defense Academy	Richmond	https://www.richmondbjj.com/	richmondbjj.com
VA	Roanoke Judo & Jiu Jitsu Club	Vinton	https://instagram.com/roanokejudoandjiujitsu	instagram.com
VA	Roanoke Jujutsu Club	Salem	https://www.facebook.com/roanokejujutsu/	facebook.com
VA	Shannon Arts Jiu-Jitsu & Wrestling Front Royal	Linden	http://www.shannonajj.com/	shannonajj.com
VA	Shark Pit Jiu Jitsu	Winchester	https://sharkpitbjj.com	sharkpitbjj.com
VA	Sparks Martial Arts Academy	Ashburn	https://www.sparksmma.com/	sparksmma.com
VA	Stryker Martial Arts / Carlos Machado Jiu-Jitsu Bristol	Bristol	http://strykermaa.com/	strykermaa.com
VA	TIGER Academy of Martial Arts Portsmouth	Portsmouth	https://trytigeracademy.com/location/portsmouth-va/	trytigeracademy.com
VA	TIGER Academy of Martial Arts Suffolk	Suffolk	https://trytigeracademy.com/location/suffolk-va/	trytigeracademy.com
VA	Team Mannon BJJ	Blacksburg	http://teammannonbjj.com/	teammannonbjj.com
VA	Tech MMA & Fitness Academy	Christiansburg	http://techmmaacademy.com/	techmmaacademy.com
VA	Testudo BJJ Judo	Alexandria	http://testudobjj.com	testudobjj.com
VA	The Edge Martial Arts and Tumbling	Lynchburg	http://theedgeforlife.com/	theedgeforlife.com
VA	The House of Muay Thai	Norfolk	http://thehouseofmuaythai.com/	thehouseofmuaythai.com
VA	Tidewater Academy Chesapeake	Chesapeake	http://tidewaterbjj.com/	tidewaterbjj.com
VA	Top Game BJJ Academy	Richmond	https://topgamebjj.com/	topgamebjj.com
VA	Total Defense Martial Arts	Staunton	https://totaldefensema.com/	totaldefensema.com
VA	Tri-Cities JiuJitsu Club	Colonial Heights	https://tricitiesmartialartsclub.com/	tricitiesmartialartsclub.com
VA	Trident Academy MMA	Woodbridge	http://www.tridentmartialarts.com/	tridentmartialarts.com
VA	Tysons Brazilian Jiu Jitsu and Haganah	Vienna	https://www.tysonsbjj.com/	tysonsbjj.com
VA	UFC GYM Arlington	Arlington	https://www.ufcgym.com/locations/arlington/	ufcgym.com
VA	UFC GYM Fairfax	Fairfax	https://www.ufcgym.com/locations/fairfax/	ufcgym.com
VA	UFC GYM Norfolk	Norfolk	https://www.ufcgym.com/locations/norfolk/	ufcgym.com
VA	UFC GYM Reston	Oak Hill	https://www.ufcgym.com/locations/reston/	ufcgym.com
VA	UFC GYM Woodbridge	Woodbridge	https://www.ufcgym.com/locations/woodbridge/	ufcgym.com
VA	Universal General Mixed Martial Arts	Portsmouth	http://www.ugmma.com/	ugmma.com
VA	Valhalla Academy of Martial Arts	Fredericksburg	https://www.martialartsfredericksburgva.com/	martialartsfredericksburgva.com
VA	Vanguard Gym	Manassas	https://www.vanguardgym.com/	vanguardgym.com
VA	Virginia TaeKwonDo & Jiu-Jitsu Academy	Chesapeake	http://www.virginiatkd.com/	virginiatkd.com
VA	Yamasaki Academy Springfield	North Springfield	http://www.yamasakispringfield.com/	yamasakispringfield.com
VA	Yamasaki Academy Woodbridge	Woodbridge	https://yamasakiwoodbridge.zohobookings.com/	yamasakiwoodbridge.zohobookings.com
VA	Yamasaki BJJ Culpeper	Culpeper	http://www.culpepermartialarts.com/	culpepermartialarts.com
VT	Brattleboro Jiu-Jitsu	Brattleboro	https://www.brattleborojiujitsu.com	brattleborojiujitsu.com
VT	Combat Fitness MMA	Winooski	https://combatfitnessmma.com	combatfitnessmma.com
VT	Gracie Jiu Jitsu Vermont	Essex Junction	https://www.gracievermont.com	gracievermont.com
VT	Granite City MMA	Graniteville	https://www.granitecitymmavt.com	granitecitymmavt.com
VT	Grind BJJ	Burlington	https://grindbjjvt.com	grindbjjvt.com
VT	Kingdom Jiu Jitsu	Hardwick	https://sites.google.com/view/kingdomjiujitsu/home	sites.google.com
VT	Martial Way Self-Defense Center	Colchester	https://martialwayvt.com	martialwayvt.com
VT	Middlebury American Jiu Jitsu Academy	Middlebury	https://mbjiujitsu.com	mbjiujitsu.com
VT	Montpelier BJJ	Montpelier	https://montpelierbjj.com	montpelierbjj.com
VT	Northeast Kingdom BJJ	St. Johnsbury	https://nekbjj.com	nekbjj.com
VT	Rutland American Jiu Jitsu Academy	Rutland	https://rutlandjiujitsu.com	rutlandjiujitsu.com
VT	Vermont BJJ	Burlington	https://vermontbjj.com	vermontbjj.com
WA	AKA MMA & Fitness	Arlington	www.arlingtonkickboxingacademy.com	arlingtonkickboxingacademy.com
WA	AMC Kickboxing & Pankration	Woodinville	www.amcmma.com	amcmma.com
WA	Alliance BJJ Lacey	Lacey	alliancebjjwa.com	alliancebjjwa.com
WA	Alpha Martial Arts	Seattle	www.alphamartialarts.com	alphamartialarts.com
WA	Axiom Brazilian Jiu Jitsu	Wenatchee	www.axiomjiujitsu.com	axiomjiujitsu.com
WA	BJJ Olympia (NW HIT Center)	Olympia	bjjolympia.com	bjjolympia.com
WA	Ballard Jiu Jitsu	Seattle	ballardjj.com	ballardjj.com
WA	Battle Ground Martial Arts Academy	Battle Ground	bmarodefit.com	bmarodefit.com
WA	Bellingham BJJ	Bellingham	https://bellinghambjj.com	bellinghambjj.com
WA	Bellingham Mixed Martial Arts	Bellingham	www.bellinghammma.com	bellinghammma.com
WA	Bonney Lake Brazilian Jiu Jitsu Academy (Team Butler)	Bonney Lake	www.facebook.com/Bonney-Lake-Brazilian-Jiu-Jitsu-Academy-103477605304385	facebook.com
WA	Bothell Martial Arts Academy	Bothell	bmaabothell.com	bmaabothell.com
WA	Brazilian Jiu-Jitsu Academy of Tacoma (Marcello C. Monteiro)	Tacoma	www.253bjj.com	253bjj.com
WA	Bremerton Academy of Martial Arts	Bremerton	www.bremertonmartialarts.org	bremertonmartialarts.org
WA	Burien Brazilian Jiu Jitsu	Seattle	www.burienbjj.com	burienbjj.com
WA	CageworX Brazilian Jiu-Jitsu/Muay Thai/Fitness	Port Angeles	www.cageworx.com	cageworx.com
WA	Cascade Jiu-Jitsu	Everett	everettbjj.com	everettbjj.com
WA	Catalyst Mixed Martial Arts	Everett	www.catalystmixedmartialarts.com	catalystmixedmartialarts.com
WA	Charlie's Combat Club	Everett	www.charliescombatclub.com	charliescombatclub.com
WA	Combat Sport & Fitness	Enumclaw	www.combatsportfitness.com	combatsportfitness.com
WA	Compass Jiu Jitsu	Port Orchard	compassjiujitsu.com	compassjiujitsu.com
WA	Crazy Monkey USA	Everett	www.crazymonkeyusahq.com	crazymonkeyusahq.com
WA	Defiance Jiu Jitsu	Tacoma	defiancebjj.com	defiancebjj.com
WA	EchoValor Striking & MMA	Centralia	www.echovalor.com	echovalor.com
WA	Electric North Jiu Jitsu	Lake Stevens	www.theelectricnorth.com	theelectricnorth.com
WA	Ellensburg Jiu Jitsu	Ellensburg	ellensburgjiujitsu.com	ellensburgjiujitsu.com
WA	Emerge Jiu Jitsu	Vancouver	www.emergebjj.com	emergebjj.com
WA	Evergreen Karate	Bothell	evergreenkarate.com	evergreenkarate.com
WA	Foster Brazilian Jiu-Jitsu	Kent	www.fbjjonline.com	fbjjonline.com
WA	Framework BJJ Seattle	Seattle	www.frameworkseattle.com	frameworkseattle.com
WA	GB Issaquah	Issaquah	gbissaquah.com	gbissaquah.com
WA	GB Renton	Renton	graciebarra.com/renton-wa	graciebarra.com
WA	GB Snoqualmie Valley	North Bend	graciebarra.com/snoqualmie-wa	graciebarra.com
WA	GB Tacoma	Fircrest	graciebarra.com/tacoma-wa	graciebarra.com
WA	Gentle Human BJJ	Des Moines	www.gentlehumanbjj.com	gentlehumanbjj.com
WA	Gig Harbor Mixed Martial Arts / Checkmat	Gig Harbor	gigharbormma.com	gigharbormma.com
WA	Gracie Barra Edmonds	Edmonds	graciebarra.com/edmonds-wa	graciebarra.com
WA	Gracie Barra Federal Way	Federal Way	gbfederalway.com	gbfederalway.com
WA	Gracie Barra Puyallup	Puyallup	graciebarra.com/puyallup-wa	graciebarra.com
WA	Gracie Barra Seattle	Seattle	graciebarra.com/seattle-wa	graciebarra.com
WA	Grays Harbor Brazilian Jiu-Jitsu	Aberdeen	www.facebook.com/GHBRAZILIANJIUJITSU	facebook.com
WA	Grpl Club	Sumner	grpl-club-jiu-jitsu-brasileiro.business.site	grpl-club-jiu-jitsu-brasileiro.business.site
WA	Heva BJJ	Renton	hevabjj.com	hevabjj.com
WA	Hybrid Gym & Training Center	Bremerton	www.hybridgyms.com	hybridgyms.com
WA	Imperial Jitz - Brazilian Jiu-Jitsu + Fitness	Ephrata	imperialjitz.com	imperialjitz.com
WA	Inertia Brazilian Jiu Jitsu	Vancouver	www.inertiabjj.com	inertiabjj.com
WA	Ivan Salaverry MMA	Seattle	www.ivansalaverrymma.com	ivansalaverrymma.com
WA	Jiu-Jitsu Dynamics	Olympia	www.jiujitsudynamics.com	jiujitsudynamics.com
WA	Juggernaut Mixed Martial Arts	Kelso	www.juggernautmma.com	juggernautmma.com
WA	Kindred Jiu Jitsu	Edmonds	www.kindredjj.com	kindredjj.com
WA	Laercio Fernandes BJJ	Monroe	www.jitzlifeandfitness.com	jitzlifeandfitness.com
WA	Legacy Jiu-Jitsu Academy	Richland	www.legacyjiujitsu.com	legacyjiujitsu.com
WA	Livewire MMA	Sedro-Woolley	www.facebook.com/livewiremc	facebook.com
WA	Logic Jiu Jitsu Spanaway	Spanaway	https://logicjiujitsu.club	logicjiujitsu.club
WA	Ludusport Academy & Gym	Lakewood	ludusport.com	ludusport.com
WA	MKG Martial Arts, Kickboxing & Fitness	Seattle	www.mkgseattle.com	mkgseattle.com
WA	Marcelo Alonso Brazilian Jiu-Jitsu Carlson Gracie Team	Seattle	www.mabjj.com	mabjj.com
WA	Mat Chess Mixed Martial Arts	Seattle	matchessmma.com	matchessmma.com
WA	Midnight Jiu-Jitsu Club	Seattle	midnightjiujitsu.club	midnightjiujitsu.club
WA	Miller's Martial Arts Academy	Kirkland	www.mmaa.com	mmaa.com
WA	NAK2 Academy	Issaquah	www.nak2.com	nak2.com
WA	Newborn Cascao Jiu-Jitsu	Spokane	www.newbornjiujitsuspokane.com	newbornjiujitsuspokane.com
WA	North Sound Brazilian Jiu-Jitsu	Lake Stevens	www.northsoundbjj.com	northsoundbjj.com
WA	Northwest Jiu Jitsu Academy	Seattle	www.nwjja.net	nwjja.net
WA	Peak MMA & Fitness LLC Auburn	Auburn	peakmmafitness.com	peakmmafitness.com
WA	Phantom Brazilian Jiu Jitsu	Maple Valley	www.phantombjj.com	phantombjj.com
WA	Pinnacle Martial Arts	Puyallup	www.pmapuyallup.com	pmapuyallup.com
WA	Praxis Brazilian Jiu Jitsu	Seattle	www.praxisbjj.com	praxisbjj.com
WA	Precision Movement	Bainbridge Island	www.precisionmovement.org	precisionmovement.org
WA	Progressive Jiu Jitsu MMA and Fitness	Vancouver	projj.com	projj.com
WA	Redline MMA Academy	Everett	redlinemmaacademy.com	redlinemmaacademy.com
WA	Renzo Gracie Seattle	Seattle	renzogracieseattle.com	renzogracieseattle.com
WA	Ring Sports United	Bellevue	ringsportsunited.com	ringsportsunited.com
WA	Rock Solid Martial Arts	Bellingham	www.rocksolidmartialarts.com	rocksolidmartialarts.com
WA	Ruffhouse	Renton	www.ruffhouserenton.com	ruffhouserenton.com
WA	SMASH BJJ Deer Park	Deer Park	smashbjjspokane.com	smashbjjspokane.com
WA	Seattle Integrated Martial Arts	Seattle	www.simamartialarts.com	simamartialarts.com
WA	Seattle Jiu-Jitsu Academy	Seattle	www.seattlejiujitsuacademy.com	seattlejiujitsuacademy.com
WA	Shaolin Mixed Martial Arts	Bremerton	www.shaolinmixedmartialarts.com	shaolinmixedmartialarts.com
WA	Sik-Jitsu Mixed Martial Arts	Spokane	excitefight.com	excitefight.com
WA	Siri Brazilian Jiu-Jitsu Academy	Kennewick	siribjj.com	siribjj.com
WA	Sleeper Jiu Jitsu	Lynnwood	sleeperjj.com	sleeperjj.com
WA	Spokane Valley Brazilian Jiu-Jitsu	Spokane Valley	www.spokanevalleybjj.com	spokanevalleybjj.com
WA	Stray Dogs Club	Monroe	straydogsclub.com	straydogsclub.com
WA	Street Sports Poulsbo	Poulsbo	www.streetsportspoulsbo.com	streetsportspoulsbo.com
WA	Street Sports Silverdale	Silverdale	www.streetsportssilverdale.com	streetsportssilverdale.com
WA	T-Town MMA	Tacoma	www.ttownmma.com	ttownmma.com
WA	Team Wise Training Center	Lynnwood	teamwisemma.com	teamwisemma.com
WA	The Base Longview	Longview	the-base-longview.gymdesk.com	the-base-longview.gymdesk.com
WA	The Base Vancouver	Vancouver	vancouverjiujitsu.com	vancouverjiujitsu.com
WA	United Training Center	Olympia	www.utcmma.com	utcmma.com
WA	Universal Jiu Jitsu	Camas	www.universaljj.com	universaljj.com
WA	Vancouver Elite Martial Arts	Vancouver	www.vancouverelitemma.com	vancouverelitemma.com
WA	Vital Jiu Jitsu and Srisuk Muay Thai	Tacoma	vitaljiujitsu.com	vitaljiujitsu.com
WA	Warrior Camp	Spokane	www.warriorcampfitness.com	warriorcampfitness.com
WI	360 Brazilian Jiu-Jitsu	Wauwatosa	360-bjj.com	360-bjj.com
WI	44 Fitness & Martial Arts	Franklin	44fitness.com	44fitness.com
WI	Academy Martial Arts	New London	academynl.com	academynl.com
WI	Alliance Jiu Jitsu of Madison	Madison	alliancebjjmadison.com	alliancebjjmadison.com
WI	Ascension Martial Arts	Oak Creek	ascensionma.com	ascensionma.com
WI	Atlas Martial Arts Club	Jackson	atlasmac.com	atlasmac.com
WI	BigWater BJJ	Ashland	bigwaterbjj.com	bigwaterbjj.com
WI	CWB Fight Club	Stevens Point	cwbfightclub.com	cwbfightclub.com
WI	Chosen Few Gym	McFarland	chosenfewacademy.com	chosenfewacademy.com
WI	Conquer Martial Arts	Little Chute	conquerma.com	conquerma.com
WI	Crossover Brazilian Jiu Jitsu Academy	Wauwatosa	crossoverbjj.com	crossoverbjj.com
WI	Damage Inc. Fight Club	Lodi	damageincfightclub.com	damageincfightclub.com
WI	Defense Combatives DEFCOM Alpha Fort Atkinson	Fort Atkinson	defcomma.com	defcomma.com
WI	Defense Combatives DEFCOM HQ	Watertown	defcomma.com	defcomma.com
WI	Elite Team Wisconsin Jiu Jitsu	Stevens Point	eliteteamwi.com	eliteteamwi.com
WI	Evolution Jiu Jitsu Burlington	Burlington	https://facebook.com/EvolutionBJJ.Burlington	facebook.com
WI	Fight Prime Training Center	Madison	fightprimetc.com	fightprimetc.com
WI	Flashback Martial Arts	Appleton	flashbackmartialarts.com	flashbackmartialarts.com
WI	Fluid Jiu Jitsu	Greenfield	fluid-jiujitsu.com	fluid-jiujitsu.com
WI	Fluid Motion Jiu Jitsu	Monroe	fluidmotionbjj.com	fluidmotionbjj.com
WI	Foundations BJJ Academy	Madison	foundationsbjj.com	foundationsbjj.com
WI	Free Form Jiu Jitsu	Milwaukee	freeformjiujitsu.com	freeformjiujitsu.com
WI	Gracie Barra Madison	Madison	graciebarramadison.com	graciebarramadison.com
WI	Gracie Barra Waunakee	Waunakee	graciebarramadison.com	graciebarramadison.com
WI	Gracie Jiu-Jitsu Appleton	Appleton	gracieappleton.com	gracieappleton.com
WI	Gracie Jiu-Jitsu Milwaukee	Wauwatosa	graciemilwaukee.com	graciemilwaukee.com
WI	Green Bay Jiu-Jitsu	Green Bay	greenbayjj.com	greenbayjj.com
WI	Groundwork Grappling	Rhinelander	groundworkgrappling.com	groundworkgrappling.com
WI	Henry Matamoros Brazilian Jiu-Jitsu	Milwaukee	justjitsu.com	justjitsu.com
WI	Highland Fight Systems	Sheboygan	hfsmma.com	hfsmma.com
WI	Impact Martial Arts	Oshkosh	impactmartialartswi.com	impactmartialartswi.com
WI	Iron Works Training Center	Holmen	ironworkstrainingcenter.com	ironworkstrainingcenter.com
WI	Ironworks Driftless Academy	La Crosse	driftlessacademy.com	driftlessacademy.com
WI	Journey Brazilian Jiu Jitsu Academy	Madison	journeybjjacademy.com	journeybjjacademy.com
WI	Lake Country Martial Arts	Hartland	lakecountrymartialarts.com	lakecountrymartialarts.com
WI	Leadership Academy Martial Arts and Fitness	Woodruff	leadershipacademyinc.com	leadershipacademyinc.com
WI	MKG International Martial Arts Madison	Madison	mkgmadison.com	mkgmadison.com
WI	Manitowoc Jiu Jitsu Academy	Manitowoc	manitowocjiujitsu.com	manitowocjiujitsu.com
WI	Midwest Center For Movement	Hudson	midwestaikido.com	midwestaikido.com
WI	Neutral Ground - Milwaukee Bayview	Milwaukee	ngmke.com	ngmke.com
WI	Neutral Ground - Milwaukee East Side	Milwaukee	ngmke.com	ngmke.com
WI	Neutral Ground - South Milwaukee	South Milwaukee	ngmke.com	ngmke.com
WI	Neutral Ground Grafton Martial Arts	Grafton	graftonmartialarts.com	graftonmartialarts.com
WI	Neutral Ground Sheboygan BJJ	Sheboygan	sheboyganbjj.com	sheboyganbjj.com
WI	Neutral Ground West Bend	West Bend	westbendbjj.com	westbendbjj.com
WI	New Element BJJ & Kickboxing	Janesville	m.facebook.com/101109507917658	m.facebook.com
WI	Nova Gyms Martial Arts & Fitness	Oak Creek	novagyms.com	novagyms.com
WI	Nova Gyms Martial Arts & Fitness - Pewaukee	Pewaukee	novagyms.com	novagyms.com
WI	Olson's Martial Arts	Hudson	olsonsmartialarts.com	olsonsmartialarts.com
WI	Open Guard Brazilian Jiu Jitsu Gym	Oconomowoc	openguardgym.com	openguardgym.com
WI	Origin Brazilian Jiu Jitsu	Rice Lake	originmartialarts.net	originmartialarts.net
WI	Pettis Martial Arts	Franklin	pettismartialarts.com	pettismartialarts.com
WI	Primal MKE MMA Gym & Fitness	West Allis	primalmke.com	primalmke.com
WI	Pura Vida BJJ & MMA	Milwaukee	puravidabjj.com	puravidabjj.com
WI	Resurgence MMA Appleton	Appleton	resurgencemma.com	resurgencemma.com
WI	Rising Son MMA	Wausau	risingsonmma.com	risingsonmma.com
WI	Ronin Fitness	Eau Claire	roninfitness.net	roninfitness.net
WI	Rothwell Mixed Martial Arts	Kenosha	rothwellmma.com	rothwellmma.com
WI	Roufusport Mixed Martial Arts Academy	Milwaukee	roufusport.com	roufusport.com
WI	Sanctuary Jiu-Jitsu	Madison	bjjmadison.com	bjjmadison.com
WI	Strong Hold Athletics	DeForest	stronghold-athletics.com	stronghold-athletics.com
WI	Team Curran Madison	Madison	teamcurranmadison.com	teamcurranmadison.com
WI	Team FVGC Brazilian Jiu-jitsu and Fitness	Appleton	foxvalleygrapplingclub.com	foxvalleygrapplingclub.com
WI	Third Heaven Martial Arts	Beaver Dam	thirdheaven.com	thirdheaven.com
WI	Titletown MMA Academy	Green Bay	titletownmma.com	titletownmma.com
WI	Veritas Brazilian Jiu Jitsu	Kewaskum	veritasmma.com	veritasmma.com
WI	Wanderley Jiu Jitsu	Wauwatosa	wanderleyjiujitsu.com	wanderleyjiujitsu.com
WV	Andrew Pardee Brazilian Jiu-Jitsu Academy	Follansbee	https://andrewpardeebjj.com	andrewpardeebjj.com
WV	Arte Suave Jiu Jitsu Academy	Beckley	https://artesuavebeckley.com	artesuavebeckley.com
WV	Black Cat MMA	Morgantown	https://morgantownmma.com/	morgantownmma.com
WV	Body Armor MMA	Buckhannon	https://www.bodyarmorwv.com/	bodyarmorwv.com
WV	Bullpen Fight Club WV	Wheeling	https://bullpenfightclub.com	bullpenfightclub.com
WV	Butch Hiles Brazilian Jiu-Jitsu and MMA	Charleston	https://advancedbkj.com	advancedbkj.com
WV	Category Five Jiu-Jitsu	Hurricane	https://c5jj.com	c5jj.com
WV	Elite Martial Arts and MMA	Martinsburg	https://www.elitemartialartsandmma.com	elitemartialartsandmma.com
WV	Family Martial Arts and Gracie Jiu-Jitsu Beckley	Beckley	https://fmawv.com	fmawv.com
WV	Ground Zero BJJ Bridgeport	Bridgeport	http://www.groundzerobjjbridgeport.com	groundzerobjjbridgeport.com
WV	Ground Zero Fighting Systems	Morgantown	https://teamgzfs.com	teamgzfs.com
WV	Ground Zero Fighting Systems Huntington	Huntington	https://gzfshuntington.wordpress.com/	gzfshuntington.wordpress.com
WV	Mountain State Jiu-Jitsu	South Charleston	https://mountainstatejiujitsu.com/	mountainstatejiujitsu.com
WV	Nine Realms MMA and Freya Jiu Jitsu	Martinsburg	https://ninerealmsmma.net	ninerealmsmma.net
WV	Nova Jiu Jitsu	Ronceverte	https://www.nova-wv.com	nova-wv.com
WV	Parkersburg Martial Arts Center	Vienna	https://parkersburgbjj.com	parkersburgbjj.com
WV	Relson Gracie Jiu-Jitsu of West Virginia	Hurricane	https://relsongraciewv.com	relsongraciewv.com
WV	Renzo Gracie Brazilian Jiu Jitsu Morgantown	Morgantown	https://renzograciemorgantown.com	renzograciemorgantown.com
WV	Renzo Gracie Martinsburg	Martinsburg	https://www.renzograciemartinsburg.com	renzograciemartinsburg.com
WV	Revelations Brazilian Jiu-Jitsu	Inwood	https://revelationsbjj.wordpress.com	revelationsbjj.wordpress.com
WV	Spectrum Jiu Jitsu	Kearneysville	https://spectrumjiujitsu.com	spectrumjiujitsu.com
WV	Stellar Jiu Jitsu	Lewisburg	https://stellarjj.com	stellarjj.com
WV	Team Junqueira Brazilian Jiu Jitsu	Morgantown	http://teamrjbjj.com	teamrjbjj.com
WV	Team Luiz Palhares of West Virginia - Imperium Jiu-Jitsu	Elkins	https://bjjclub.weebly.com	bjjclub.weebly.com
WV	The Compound Mixed Martial Arts Training Center	Pleasant Valley	https://thecompoundmmatc.com	thecompoundmmatc.com
WV	True Elevation Brazilian Jiu Jitsu	Kearneysville	https://tpfgym.com/true_elevation_bjj/	tpfgym.com
WV	West Karate & Brazilian Jiu Jitsu	Weirton	https://westkarateofweirton.com	westkarateofweirton.com
WY	Black Label BJJ of Cheyenne	Cheyenne	https://blacklabel307.com	blacklabel307.com
WY	Cheyenne BJJ	Cheyenne	https://cheyennebjj.com	cheyennebjj.com
WY	D's Jiu-Jitsu Academy	Casper	https://dsbjjcasper.com	dsbjjcasper.com
WY	Duality BJJ	Green River	https://dualitybjj.com	dualitybjj.com
WY	Jackson Hole MMA	Jackson	https://jacksonholemma.com	jacksonholemma.com
WY	Potter Combat Academy	Cody	https://pottercombat.com	pottercombat.com
WY	Third Way Jiu Jitsu	Laramie	https://thirdwayjiujitsu.com	thirdwayjiujitsu.com
WY	Western Plains Brazilian Jiu Jitsu	Gillette	https://westernplainsbrazilianjiujitsu.com	westernplainsbrazilianjiujitsu.com
WY	Wind River Dojo	Lander	https://windriverdojo.org	windriverdojo.org
WY	Wyo Faction	Rock Springs	https://wyofaction.com	wyofaction.com
