101 Academy Jiu Jitsu	Calgary	AB	snippets/tjjm-gyms-data.liquid
Airdrie BJJ	Airdrie	AB	snippets/tjjm-gyms-data.liquid
Alliance Jiu Jitsu Calgary	Calgary	AB	snippets/tjjm-gyms-data.liquid
Angry Monkey MMA	Calgary	AB	snippets/tjjm-gyms-data.liquid
Banff BJJ	Banff	AB	snippets/tjjm-gyms-data.liquid
Brooks BJJ	Brooks	AB	snippets/tjjm-gyms-data.liquid
Camrose BJJ	Camrose	AB	snippets/tjjm-gyms-data.liquid
Cochrane BJJ	Cochrane	AB	snippets/tjjm-gyms-data.liquid
Edmonton BJJ	Edmonton	AB	snippets/tjjm-gyms-data.liquid
Elite Martial Arts Calgary	Calgary	AB	snippets/tjjm-gyms-data.liquid
Fort McMurray BJJ	Fort McMurray	AB	snippets/tjjm-gyms-data.liquid
Grande Prairie BJJ	Grande Prairie	AB	snippets/tjjm-gyms-data.liquid
Lethbridge BJJ	Lethbridge	AB	snippets/tjjm-gyms-data.liquid
Medicine Hat BJJ	Medicine Hat	AB	snippets/tjjm-gyms-data.liquid
Okotoks BJJ	Okotoks	AB	snippets/tjjm-gyms-data.liquid
Phoenix Martial Arts Club	St. Albert	AB	snippets/tjjm-gyms-data.liquid
Red Deer BJJ	Red Deer	AB	snippets/tjjm-gyms-data.liquid
Sherwood Park BJJ	Sherwood Park	AB	snippets/tjjm-gyms-data.liquid
Straight Blast Gym Calgary	Calgary	AB	snippets/tjjm-gyms-data.liquid
Wetaskiwin BJJ	Wetaskiwin	AB	snippets/tjjm-gyms-data.liquid
Wolfhouse MMA Edmonton	Edmonton	AB	snippets/tjjm-gyms-data.liquid
YYC Brazilian Jiu Jitsu	Calgary	AB	snippets/tjjm-gyms-data.liquid
AK-49 Martial Arts	Soldotna	AK	snippets/tjjm-gyms-data.liquid
Alaska Center For The Martial Arts	Wasilla	AK	snippets/tjjm-gyms-data.liquid
Anchorage Brazilian Jui-Jitsu	Anchorage	AK	snippets/tjjm-gyms-data.liquid
Anchorage Grappling Academy	Anchorage	AK	snippets/tjjm-gyms-data.liquid
Arctic Warrior Brazilian Jiu-Jitsu	Anchorage	AK	snippets/tjjm-gyms-data.liquid
Crazy Monkey Alaska	Anchorage	AK	snippets/tjjm-gyms-data.liquid
Eclipse Martial Arts	Anchorage	AK	snippets/tjjm-gyms-data.liquid
Evolution Jiu Jitsu	Juneau	AK	snippets/tjjm-gyms-data.liquid
Frostbite Vale-tudo	Fairbanks	AK	snippets/tjjm-gyms-data.liquid
Gracie Barra - Jiu Jitsu	Anchorage	AK	snippets/tjjm-gyms-data.liquid
Greatland Martial Arts	Anchorage	AK	snippets/tjjm-gyms-data.liquid
Ketchikan Jiu-Jitsu	Ketchikan	AK	snippets/tjjm-gyms-data.liquid
Krav Maga Anchorage	Anchorage	AK	snippets/tjjm-gyms-data.liquid
Legacy Jiu Jitsu	Anchorage	AK	snippets/tjjm-gyms-data.liquid
Revolution BJJ	Fairbanks	AK	snippets/tjjm-gyms-data.liquid
Shoshin Ryu	Anchorage	AK	snippets/tjjm-gyms-data.liquid
Shoshindo of Alaska	Wasilla	AK	snippets/tjjm-gyms-data.liquid
Team Caique Jiu-Jitsu Alaska	Palmer	AK	snippets/tjjm-gyms-data.liquid
The International Karate Association & College of the Martial Arts	Fairbanks	AK	snippets/tjjm-gyms-data.liquid
The Sword BJJ	Eagle River	AK	snippets/tjjm-gyms-data.liquid
Tonbo Dojo - Alaska Samurai Arts	Big Lake	AK	snippets/tjjm-gyms-data.liquid
Tribe Jiujitsu Academy	Fairbanks	AK	snippets/tjjm-gyms-data.liquid
10th Planet Birmingham	Birmingham	AL	snippets/tjjm-gyms-data.liquid
ALLIANCE JIU JITSU	Huntsville	AL	snippets/tjjm-gyms-data.liquid
American Top Team Tuscaloosa - Kickboxing, MMA, Brazilian Jiu-Jitsu and Fitness Kickboxing	Tuscaloosa	AL	snippets/tjjm-gyms-data.liquid
Anniston BJJ	Anniston	AL	snippets/tjjm-gyms-data.liquid
Arsenal Combat Sports Club	Huntsville	AL	snippets/tjjm-gyms-data.liquid
Athens Jiu Jitsu	Athens	AL	snippets/tjjm-gyms-data.liquid
Auburn Jiu Jitsu	Auburn	AL	snippets/tjjm-gyms-data.liquid
Bailey's Tiger Rock Martial Arts	Tuscaloosa	AL	snippets/tjjm-gyms-data.liquid
Birmingham Brazilian Jiu Jitsu Spartan Fitness	Homewood	AL	snippets/tjjm-gyms-data.liquid
Calera Fitness and MMA	Calera	AL	snippets/tjjm-gyms-data.liquid
Cobra BJJ	Tuscaloosa	AL	snippets/tjjm-gyms-data.liquid
Cobra BJJ Chelsea	Chelsea	AL	snippets/tjjm-gyms-data.liquid
Coosa Jiu Jitsu & Wellness	Wetumpka	AL	snippets/tjjm-gyms-data.liquid
Decatur BJJ Alabama	Decatur	AL	snippets/tjjm-gyms-data.liquid
Dothan BJJ	Dothan	AL	snippets/tjjm-gyms-data.liquid
Fight Club Fitness, LLC	Birmingham	AL	snippets/tjjm-gyms-data.liquid
FLORENCE BRAZILIAN JIU-JITSU ACADEMY	Florence	AL	snippets/tjjm-gyms-data.liquid
Gadsden BJJ	Gadsden	AL	snippets/tjjm-gyms-data.liquid
GRACIE JIU-JITSU	Madison	AL	snippets/tjjm-gyms-data.liquid
Ground Strike Grappling	Columbiana	AL	snippets/tjjm-gyms-data.liquid
Guerrilla Fitness	Montgomery	AL	snippets/tjjm-gyms-data.liquid
Gulf Coast Jiu-jitsu	Mobile	AL	snippets/tjjm-gyms-data.liquid
HEROES MARTIAL ARTS ACADEMY	Birmingham	AL	snippets/tjjm-gyms-data.liquid
Hooked Martial Arts + Fitness	Opelika	AL	snippets/tjjm-gyms-data.liquid
Koryu Martial arts	Scottsboro	AL	snippets/tjjm-gyms-data.liquid
Lion Heart Jiu-Jitsu Academy	Hoover	AL	snippets/tjjm-gyms-data.liquid
Maverick Training Center	Huntsville	AL	snippets/tjjm-gyms-data.liquid
MONTGOMERY MARTIAL ARTS	Montgomery	AL	snippets/tjjm-gyms-data.liquid
NEXTGEN MARTIAL ARTS	Prattville	AL	snippets/tjjm-gyms-data.liquid
NXG COMBAT SPORTS	Montgomery	AL	snippets/tjjm-gyms-data.liquid
Pirate BJJ	Madison	AL	snippets/tjjm-gyms-data.liquid
Richardson Jiu Jitsu	Prattville	AL	snippets/tjjm-gyms-data.liquid
Rocket City MMA	Huntsville	AL	snippets/tjjm-gyms-data.liquid
ROCKET CITY REVOLUTION BJJ	Madison	AL	snippets/tjjm-gyms-data.liquid
Russell County Training Center	Fort Mitchell	AL	snippets/tjjm-gyms-data.liquid
Samuel Puccio Brazilian Jiu-Jitsu	Birmingham	AL	snippets/tjjm-gyms-data.liquid
Selma Soul -Team	Selma	AL	snippets/tjjm-gyms-data.liquid
The Cage MMA & Fitness	Vestavia Hills	AL	snippets/tjjm-gyms-data.liquid
Triad Martial Arts Academy	Cullman	AL	snippets/tjjm-gyms-data.liquid
Valhalla Jiu-Jitsu & MMA	Alexandria	AL	snippets/tjjm-gyms-data.liquid
WuDang Martial Arts Center	Athens	AL	snippets/tjjm-gyms-data.liquid
Alliance Jiu Jitsu - Northwest Arkansas	Cave Springs	AR	snippets/tjjm-gyms-data.liquid
American Jiu Jitsu Academy	Rogers	AR	snippets/tjjm-gyms-data.liquid
Arkansas Center for Sports Science Trainin	Malvern	AR	snippets/tjjm-gyms-data.liquid
ATA Martial Arts - Bentonville	Bentonville	AR	snippets/tjjm-gyms-data.liquid
ATA Martial Arts Jonesboro	Jonesboro	AR	snippets/tjjm-gyms-data.liquid
Blue Collar Grappling Academy	Marion	AR	snippets/tjjm-gyms-data.liquid
Cerberus Brazilian Jiu-Jitsu	Jonesboro	AR	snippets/tjjm-gyms-data.liquid
Conway BJJ	Conway	AR	snippets/tjjm-gyms-data.liquid
El Dorado Martial Arts	El Dorado	AR	snippets/tjjm-gyms-data.liquid
Eternal Warrior Brazilian Jiu-Jitsu	Bentonville	AR	snippets/tjjm-gyms-data.liquid
Fayetteville Brazilian Jiu-Jitsu	Fayetteville	AR	snippets/tjjm-gyms-data.liquid
Fort Smith BJJ	Fort Smith	AR	snippets/tjjm-gyms-data.liquid
Gendai Budo Jiu Jitsu-MMA-Fitness	Mountain Home	AR	snippets/tjjm-gyms-data.liquid
Gracie Jiu-Jitsu Harrison	Harrison	AR	snippets/tjjm-gyms-data.liquid
Impact Martial Arts	Harrison	AR	snippets/tjjm-gyms-data.liquid
Inferno Martial Arts Siloam Springs	Siloam Springs	AR	snippets/tjjm-gyms-data.liquid
Jonesboro Grappling Association	Jonesboro	AR	snippets/tjjm-gyms-data.liquid
Kore Brazilian Jiu-Jitsu NWA	Lowell	AR	snippets/tjjm-gyms-data.liquid
Meta Martial Arts	Fayetteville	AR	snippets/tjjm-gyms-data.liquid
Nemesis Jiu Jitsu	Little Rock	AR	snippets/tjjm-gyms-data.liquid
ONE HEART DOJO	El Dorado	AR	snippets/tjjm-gyms-data.liquid
Overcome Brazilian jiu-jitsu school	Bentonville	AR	snippets/tjjm-gyms-data.liquid
Phoenix Rising Martial Arts	Mountain Home	AR	snippets/tjjm-gyms-data.liquid
Pine Bluff BJJ	Pine Bluff	AR	snippets/tjjm-gyms-data.liquid
Russellville BJJ	Russellville	AR	snippets/tjjm-gyms-data.liquid
Springdale BJJ	Springdale	AR	snippets/tjjm-gyms-data.liquid
T.O.S.S. Academy / Gracie Brazilian Jiu-Jitsu	Bentonville	AR	snippets/tjjm-gyms-data.liquid
Texarkana Combat Sports	Texarkana	AR	snippets/tjjm-gyms-data.liquid
The House MMA Academy	Wynne	AR	snippets/tjjm-gyms-data.liquid
TK Martial Arts	Lowell	AR	snippets/tjjm-gyms-data.liquid
Tribe Gym & Tribe Martial Arts	Camden	AR	snippets/tjjm-gyms-data.liquid
Troy Holton's Brazilian Jiu-Jitsu	Harrison	AR	snippets/tjjm-gyms-data.liquid
Veneration Jiu Jitsu LLC	Jonesboro	AR	snippets/tjjm-gyms-data.liquid
Westside BJJ	Little Rock	AR	snippets/tjjm-gyms-data.liquid
Without Limits MMA	Batesville	AR	snippets/tjjm-gyms-data.liquid
(Muay Thai Gym) Sitan Gym Arizona LLC	Chandler	AZ	snippets/tjjm-gyms-data.liquid
10th Planet Goodyear	Avondale	AZ	snippets/tjjm-gyms-data.liquid
12th Street Jiu-Jitsu	Phoenix	AZ	snippets/tjjm-gyms-data.liquid
66 JIU-JITSU	Flagstaff	AZ	snippets/tjjm-gyms-data.liquid
ABUNAI MMA	Avondale	AZ	snippets/tjjm-gyms-data.liquid
Alliance Jiu Jitsu - Tucson	Tucson	AZ	snippets/tjjm-gyms-data.liquid
Alliance Jiu Jitsu - Vail	Tucson	AZ	snippets/tjjm-gyms-data.liquid
Ares Arizona Brazilian Jiu Jitsu	Mesa	AZ	snippets/tjjm-gyms-data.liquid
Ares BJJ	Phoenix	AZ	snippets/tjjm-gyms-data.liquid
Ares BJJ Academy Association	Phoenix	AZ	snippets/tjjm-gyms-data.liquid
Ares BJJ Phoenix	Phoenix	AZ	snippets/tjjm-gyms-data.liquid
Ares East Mesa BJJ Academy	Mesa	AZ	snippets/tjjm-gyms-data.liquid
Arevalo Academy	Lake Havasu City	AZ	snippets/tjjm-gyms-data.liquid
Averitt Jiu Jitsu	Flagstaff	AZ	snippets/tjjm-gyms-data.liquid
Black Flag Submission Co.	Glendale	AZ	snippets/tjjm-gyms-data.liquid
Blackout Mixed Martial Arts	Sierra Vista	AZ	snippets/tjjm-gyms-data.liquid
Boxer's Rebellion Martial Arts	Tucson	AZ	snippets/tjjm-gyms-data.liquid
CARLSON GRACIE JIU JITSU AND KICKBOXING KINGMAN	Kingman	AZ	snippets/tjjm-gyms-data.liquid
CAVE CREEK MILLENNIA MMA	Cave Creek	AZ	snippets/tjjm-gyms-data.liquid
Checkmat Phoenix	Phoenix	AZ	snippets/tjjm-gyms-data.liquid
Chute Boxe Academy	Sierra Vista	AZ	snippets/tjjm-gyms-data.liquid
Combat Club Cottonwood	Cottonwood	AZ	snippets/tjjm-gyms-data.liquid
Cove Jiu Jitsu	Apache Junction	AZ	snippets/tjjm-gyms-data.liquid
Crypto Jiu Jitsu - Peoria, Arizona	Peoria	AZ	snippets/tjjm-gyms-data.liquid
DeBrazil Jiu-Jitsu Academy	Tucson	AZ	snippets/tjjm-gyms-data.liquid
Ethos Martial Arts	Queen Creek	AZ	snippets/tjjm-gyms-data.liquid
Excellence School of Jiu Jitsu	Prescott	AZ	snippets/tjjm-gyms-data.liquid
Faction Combat Mixed Martial Arts Gym	Mesa	AZ	snippets/tjjm-gyms-data.liquid
Fury Brazilian Jiu Jitsu	Phoenix	AZ	snippets/tjjm-gyms-data.liquid
Gracie Arizona Gilbert Jiu Jitsu Academy	Gilbert	AZ	snippets/tjjm-gyms-data.liquid
Gracie Barra Buckeye	Buckeye	AZ	snippets/tjjm-gyms-data.liquid
Gracie Barra East Mesa Brazilian Jiu-Jitsu & Self-Defense	Mesa	AZ	snippets/tjjm-gyms-data.liquid
Gracie Barra Flagstaff Jiu Jitsu and Self Defense	Flagstaff	AZ	snippets/tjjm-gyms-data.liquid
GRACIE BARRA OCOTILLO SOUTH GILBERT	Gilbert	AZ	snippets/tjjm-gyms-data.liquid
Gustavo Dantas Brazilian Jiu-Jitsu Academy	Tempe	AZ	snippets/tjjm-gyms-data.liquid
Infinite Jiu-Jitsu	Phoenix	AZ	snippets/tjjm-gyms-data.liquid
Insurgent Fitness	Flagstaff	AZ	snippets/tjjm-gyms-data.liquid
Jay Pages Jiu-Jitsu & MMA	Tempe	AZ	snippets/tjjm-gyms-data.liquid
Jiu Jitsu & Muay Thai - Carlson Gracie Tucson	Tucson	AZ	snippets/tjjm-gyms-data.liquid
JVLO Jiu-Jitsu	Douglas	AZ	snippets/tjjm-gyms-data.liquid
Kingman Riot MMA LLC	Kingman	AZ	snippets/tjjm-gyms-data.liquid
Kioto BJJ Southwest	Chandler	AZ	snippets/tjjm-gyms-data.liquid
Lake Powell Jiu-Jitsu	Page	AZ	snippets/tjjm-gyms-data.liquid
Lopez Martial Arts	Chandler	AZ	snippets/tjjm-gyms-data.liquid
Lucero Jiu-Jitsu Academy	Fort Mohave	AZ	snippets/tjjm-gyms-data.liquid
M3 Karate	Gilbert	AZ	snippets/tjjm-gyms-data.liquid
Magnus Mixed Martial Arts	Tucson	AZ	snippets/tjjm-gyms-data.liquid
Mako Brazilian Jiu-Jitsu Tucson	Tucson	AZ	snippets/tjjm-gyms-data.liquid
Maracaba BJJ	Mesa	AZ	snippets/tjjm-gyms-data.liquid
Marcio Andre Brazilian Jiu-Jitsu Academy	Phoenix	AZ	snippets/tjjm-gyms-data.liquid
Master Haydar's Black Belt Academy	Goodyear	AZ	snippets/tjjm-gyms-data.liquid
Megaton Brazilian Jiu-Jitsu Academy	Phoenix	AZ	snippets/tjjm-gyms-data.liquid
Mike Burlaka's Brazilian Jiu Jitsu @Hard Knocks Gym	Phoenix	AZ	snippets/tjjm-gyms-data.liquid
Mountain Tribe Brazilian Jiu-Jitsu	Prescott	AZ	snippets/tjjm-gyms-data.liquid
My Style Martial Arts	San Tan Valley	AZ	snippets/tjjm-gyms-data.liquid
Next Level Krav Maga & Gracie Humaita BJJ	Gilbert	AZ	snippets/tjjm-gyms-data.liquid
No Surrender Athletics	Avondale	AZ	snippets/tjjm-gyms-data.liquid
One Love Grappling Arts	Phoenix	AZ	snippets/tjjm-gyms-data.liquid
One Ten Brazilian Jiu Jitsu Academy	Scottsdale	AZ	snippets/tjjm-gyms-data.liquid
Patriot Martial Arts Academy	Queen Creek	AZ	snippets/tjjm-gyms-data.liquid
Red Hawk Academy	Peoria	AZ	snippets/tjjm-gyms-data.liquid
REFUGE BJJ	Phoenix	AZ	snippets/tjjm-gyms-data.liquid
Revive Jiu Jitsu - Mesa BJJ	Mesa	AZ	snippets/tjjm-gyms-data.liquid
Ric Centron Brazilian Jiu Jitsu Academy	Chandler	AZ	snippets/tjjm-gyms-data.liquid
Roots Brazilian Jiu-Jitsu	Gilbert	AZ	snippets/tjjm-gyms-data.liquid
Route 66 Jiu Jitsu	Williams	AZ	snippets/tjjm-gyms-data.liquid
Sahuarita Brazilian Jiu Jitsu	Green Valley	AZ	snippets/tjjm-gyms-data.liquid
Sardinha Brazilian Jiu Jitsu	Avondale	AZ	snippets/tjjm-gyms-data.liquid
Satori Brazilian Jiu Jitsu Academy LLC	Phoenix	AZ	snippets/tjjm-gyms-data.liquid
Sentosa Martial Arts and Fitness	Avondale	AZ	snippets/tjjm-gyms-data.liquid
Siege Mixed Martial Arts & Fitness (MMA)	Peoria	AZ	snippets/tjjm-gyms-data.liquid
Sol BJJ - Brazilian Jiu Jitsu Classes in Phoenix	Phoenix	AZ	snippets/tjjm-gyms-data.liquid
Solid Ground Brazilian Jiu-Jitsu	Queen Creek	AZ	snippets/tjjm-gyms-data.liquid
Soul Fighters Headquarters	Tempe	AZ	snippets/tjjm-gyms-data.liquid
South Mountain Brazilian Jiu Jitsu & Self Defense	Phoenix	AZ	snippets/tjjm-gyms-data.liquid
Southside Combat Academy	Flagstaff	AZ	snippets/tjjm-gyms-data.liquid
Strong Heart Academy Brazilian jiu-jitsu & MMA	Phoenix	AZ	snippets/tjjm-gyms-data.liquid
Success Martial Arts	Tucson	AZ	snippets/tjjm-gyms-data.liquid
The Arena Brazilian Jiu Jitsu Academy & Fitness	Tucson	AZ	snippets/tjjm-gyms-data.liquid
The Desert Dojo	Chandler	AZ	snippets/tjjm-gyms-data.liquid
The Eyrie Brazilian Jiu-Jitsu	Tucson	AZ	snippets/tjjm-gyms-data.liquid
Ucelo Martial Arts Phoenix	Phoenix	AZ	snippets/tjjm-gyms-data.liquid
UNIVERSAL FITNESS AND MIXED MARTIAL ARTS	Mesa	AZ	snippets/tjjm-gyms-data.liquid
Van Buren Jiu Jitsu Chandler	Chandler	AZ	snippets/tjjm-gyms-data.liquid
Vanquish MMA & Jiu Jitsu	Payson	AZ	snippets/tjjm-gyms-data.liquid
Verde Valley Brazilian Jiu Jitsu	Cottonwood	AZ	snippets/tjjm-gyms-data.liquid
White 2 Black Brazilian Jiu-Jitsu Academy	Mesa	AZ	snippets/tjjm-gyms-data.liquid
Zero Point Gracie Jiu Jitsu	Camp Verde	AZ	snippets/tjjm-gyms-data.liquid
Alliance Jiu Jitsu Vancouver	Vancouver	BC	snippets/tjjm-gyms-data.liquid
BUDo Vancouver	Vancouver	BC	snippets/tjjm-gyms-data.liquid
Campbell River BJJ	Campbell River	BC	snippets/tjjm-gyms-data.liquid
Chilliwack BJJ	Chilliwack	BC	snippets/tjjm-gyms-data.liquid
Fort St. John BJJ	Fort St. John	BC	snippets/tjjm-gyms-data.liquid
Kamloops BJJ	Kamloops	BC	snippets/tjjm-gyms-data.liquid
Kelowna BJJ	Kelowna	BC	snippets/tjjm-gyms-data.liquid
Lions MMA	Vancouver	BC	snippets/tjjm-gyms-data.liquid
Maple Ridge BJJ	Maple Ridge	BC	snippets/tjjm-gyms-data.liquid
Mission BC BJJ	Mission	BC	snippets/tjjm-gyms-data.liquid
Nanaimo BJJ	Nanaimo	BC	snippets/tjjm-gyms-data.liquid
North Vancouver BJJ	North Vancouver	BC	snippets/tjjm-gyms-data.liquid
Pacific Top Team	Vancouver	BC	snippets/tjjm-gyms-data.liquid
Penticton BJJ	Penticton	BC	snippets/tjjm-gyms-data.liquid
Pinnacle MMA	Richmond	BC	snippets/tjjm-gyms-data.liquid
Poderoso Jiu Jitsu	Abbotsford	BC	snippets/tjjm-gyms-data.liquid
Power3 Academy	Burnaby	BC	snippets/tjjm-gyms-data.liquid
Prince George BJJ	Prince George	BC	snippets/tjjm-gyms-data.liquid
SBG Victoria	Victoria	BC	snippets/tjjm-gyms-data.liquid
Surrey BJJ	Surrey	BC	snippets/tjjm-gyms-data.liquid
Trail BJJ	Trail	BC	snippets/tjjm-gyms-data.liquid
Van Isle BJJ	Victoria	BC	snippets/tjjm-gyms-data.liquid
Vernon BJJ	Vernon	BC	snippets/tjjm-gyms-data.liquid
West Coast BJJ	Vancouver	BC	snippets/tjjm-gyms-data.liquid
Williams Lake BJJ	Williams Lake	BC	snippets/tjjm-gyms-data.liquid
Wise Warrior Gym	Langley	BC	snippets/tjjm-gyms-data.liquid
Alliance Jiu Jitsu Los Angeles	Los Angeles	CA	snippets/tjjm-gyms-data.liquid
Alliance Jiu Jitsu San Diego	San Diego	CA	snippets/tjjm-gyms-data.liquid
Americana Brazilian-Jiu Jitsu	Chico	CA	snippets/tjjm-gyms-data.liquid
Atos BJJ San Diego	San Diego	CA	snippets/tjjm-gyms-data.liquid
Auburn CA Jiu Jitsu Academy	Auburn	CA	snippets/tjjm-gyms-data.liquid
Bakersfield BJJ	Bakersfield	CA	snippets/tjjm-gyms-data.liquid
Base Camp Brazilian Jiu Jitsu	Mt Shasta	CA	snippets/tjjm-gyms-data.liquid
Berkeley BJJ	Berkeley	CA	snippets/tjjm-gyms-data.liquid
Bruno Lima Brazilian Jiu Jitsu	Chico	CA	snippets/tjjm-gyms-data.liquid
Combat Base Shasta/ Mendes Brazilian Jiu-Jitsu	Palo Cedro	CA	snippets/tjjm-gyms-data.liquid
Cultivate Power Fighting Arts	Oroville	CA	snippets/tjjm-gyms-data.liquid
Elevated Academy of Martial Arts	Truckee	CA	snippets/tjjm-gyms-data.liquid
Fresno BJJ	Fresno	CA	snippets/tjjm-gyms-data.liquid
Gold Country Jiu Jitsu	Auburn	CA	snippets/tjjm-gyms-data.liquid
Ground-Up Brazilian Jiu-Jitsu Academy, LLC	Yuba City	CA	snippets/tjjm-gyms-data.liquid
Humboldt Jiu Jitsu	Arcata	CA	snippets/tjjm-gyms-data.liquid
Institute of Combat	Arcata	CA	snippets/tjjm-gyms-data.liquid
Jobu Shin Kan	Eureka	CA	snippets/tjjm-gyms-data.liquid
Lincoln Jiu Jitsu Academy	Lincoln	CA	snippets/tjjm-gyms-data.liquid
Long Beach BJJ	Long Beach	CA	snippets/tjjm-gyms-data.liquid
LongShot MMA	Burney	CA	snippets/tjjm-gyms-data.liquid
Lost Boys Jiu-Jitsu & Muay Thai	Arcata	CA	snippets/tjjm-gyms-data.liquid
Marcelo Garcia Academy LA	Los Angeles	CA	snippets/tjjm-gyms-data.liquid
Mendo Training Center	Ukiah	CA	snippets/tjjm-gyms-data.liquid
Modesto BJJ	Modesto	CA	snippets/tjjm-gyms-data.liquid
NorCal Fitness Co-op	Yuba City	CA	snippets/tjjm-gyms-data.liquid
Orange County BJJ	Santa Ana	CA	snippets/tjjm-gyms-data.liquid
Oroville Jiu Jitsu Academy	Oroville	CA	snippets/tjjm-gyms-data.liquid
Palm Springs BJJ	Palm Springs	CA	snippets/tjjm-gyms-data.liquid
Pasadena BJJ	Pasadena	CA	snippets/tjjm-gyms-data.liquid
Quincy Brazilian JiuJitsu	Quincy	CA	snippets/tjjm-gyms-data.liquid
Raiz Brazilian Jiu-Jitsu	Eureka	CA	snippets/tjjm-gyms-data.liquid
Redding Ju Jitsu Academy Inc	Redding	CA	snippets/tjjm-gyms-data.liquid
Renzo Gracie Los Angeles	Los Angeles	CA	snippets/tjjm-gyms-data.liquid
Rice brothers Brazilian Jiu Jitsu	Redding	CA	snippets/tjjm-gyms-data.liquid
Riverside BJJ	Riverside	CA	snippets/tjjm-gyms-data.liquid
Sacramento BJJ	Sacramento	CA	snippets/tjjm-gyms-data.liquid
San Bernardino BJJ	San Bernardino	CA	snippets/tjjm-gyms-data.liquid
San Jose BJJ	San Jose	CA	snippets/tjjm-gyms-data.liquid
Santa Barbara BJJ	Santa Barbara	CA	snippets/tjjm-gyms-data.liquid
Standalone MMA, Brazilian Jiu-Jitsu, Boxing, Muay Thai Kickboxing and Fitness	Chico	CA	snippets/tjjm-gyms-data.liquid
Stockton BJJ	Stockton	CA	snippets/tjjm-gyms-data.liquid
Ventura BJJ	Ventura	CA	snippets/tjjm-gyms-data.liquid
Visalia BJJ	Visalia	CA	snippets/tjjm-gyms-data.liquid
Willows Jiu Jitsu & MMA	Willows	CA	snippets/tjjm-gyms-data.liquid
10th Planet Denver	Denver	CO	snippets/tjjm-gyms-data.liquid
303 Training Center	Westminster	CO	snippets/tjjm-gyms-data.liquid
Alliance Jiu Jitsu Boulder	Boulder	CO	snippets/tjjm-gyms-data.liquid
Alliance Jiu Jitsu Colorado	Aurora	CO	snippets/tjjm-gyms-data.liquid
Aspen BJJ	Aspen	CO	snippets/tjjm-gyms-data.liquid
Boulder BJJ	Boulder	CO	snippets/tjjm-gyms-data.liquid
Broomfield BJJ	Broomfield	CO	snippets/tjjm-gyms-data.liquid
Catalyst BJJ	Loveland	CO	snippets/tjjm-gyms-data.liquid
Cheyenne Mountain BJJ	Colorado Springs	CO	snippets/tjjm-gyms-data.liquid
Colorado Springs Brazilian Jiu Jitsu	Colorado Springs	CO	snippets/tjjm-gyms-data.liquid
Durango BJJ	Durango	CO	snippets/tjjm-gyms-data.liquid
Easton Training Center	Denver	CO	snippets/tjjm-gyms-data.liquid
Grand Junction BJJ	Grand Junction	CO	snippets/tjjm-gyms-data.liquid
Groundwork BJJ	Fort Collins	CO	snippets/tjjm-gyms-data.liquid
Iron Roots Brazilian Jiu Jitsu	Colorado Springs	CO	snippets/tjjm-gyms-data.liquid
Leverage Jiu Jitsu Colorado	Louisville	CO	snippets/tjjm-gyms-data.liquid
Longmont BJJ	Longmont	CO	snippets/tjjm-gyms-data.liquid
Mile High Gracie Jiu-Jitsu	Lakewood	CO	snippets/tjjm-gyms-data.liquid
Northern Colorado BJJ	Fort Collins	CO	snippets/tjjm-gyms-data.liquid
Parker BJJ	Parker	CO	snippets/tjjm-gyms-data.liquid
Pueblo BJJ	Pueblo	CO	snippets/tjjm-gyms-data.liquid
Steamboat Springs BJJ	Steamboat Springs	CO	snippets/tjjm-gyms-data.liquid
The Farm BJJ	Greeley	CO	snippets/tjjm-gyms-data.liquid
Vail BJJ	Vail	CO	snippets/tjjm-gyms-data.liquid
Alliance Jiu Jitsu Glastonbury	Glastonbury	CT	snippets/tjjm-gyms-data.liquid
Bridgeport BJJ	Bridgeport	CT	snippets/tjjm-gyms-data.liquid
Bristol BJJ CT	Bristol	CT	snippets/tjjm-gyms-data.liquid
Connecticut Brazilian Jiu-Jitsu	Milford	CT	snippets/tjjm-gyms-data.liquid
Greenwich BJJ	Greenwich	CT	snippets/tjjm-gyms-data.liquid
Meriden BJJ	Meriden	CT	snippets/tjjm-gyms-data.liquid
Middletown BJJ CT	Middletown	CT	snippets/tjjm-gyms-data.liquid
New Britain BJJ	New Britain	CT	snippets/tjjm-gyms-data.liquid
New England BJJ	Hamden	CT	snippets/tjjm-gyms-data.liquid
New Haven BJJ	New Haven	CT	snippets/tjjm-gyms-data.liquid
Prime BJJ	Simsbury	CT	snippets/tjjm-gyms-data.liquid
Renzo Gracie Connecticut	Norwalk	CT	snippets/tjjm-gyms-data.liquid
Shelton BJJ	Shelton	CT	snippets/tjjm-gyms-data.liquid
Stamford BJJ	Stamford	CT	snippets/tjjm-gyms-data.liquid
Torrington BJJ	Torrington	CT	snippets/tjjm-gyms-data.liquid
Twisted Kimura	Danbury	CT	snippets/tjjm-gyms-data.liquid
Waterbury BJJ	Waterbury	CT	snippets/tjjm-gyms-data.liquid
Capital City BJJ	Washington	DC	snippets/tjjm-gyms-data.liquid
Capitol Hill BJJ	Washington	DC	snippets/tjjm-gyms-data.liquid
Combat Athletics DC	Washington	DC	snippets/tjjm-gyms-data.liquid
DC BJJ Academy	Washington	DC	snippets/tjjm-gyms-data.liquid
Highstyle Jiu-Jitsu	Washington	DC	snippets/tjjm-gyms-data.liquid
N-Flux	Washington	DC	snippets/tjjm-gyms-data.liquid
Vortex Jiu-Jitsu	Washington	DC	snippets/tjjm-gyms-data.liquid
Delaware BJJ	Wilmington	DE	snippets/tjjm-gyms-data.liquid
Dover AFB BJJ	Dover	DE	snippets/tjjm-gyms-data.liquid
First State BJJ	Middletown	DE	snippets/tjjm-gyms-data.liquid
Milford BJJ Delaware	Milford	DE	snippets/tjjm-gyms-data.liquid
Rehoboth Beach BJJ	Rehoboth Beach	DE	snippets/tjjm-gyms-data.liquid
Synergy MMA	Wilmington	DE	snippets/tjjm-gyms-data.liquid
Tribal BJJ	Dover	DE	snippets/tjjm-gyms-data.liquid
10th Planet Miami	Miami	FL	snippets/tjjm-gyms-data.liquid
5th St. Gym	Miami Beach	FL	snippets/tjjm-gyms-data.liquid
Alliance Jiu Jitsu Orlando	Orlando	FL	snippets/tjjm-gyms-data.liquid
Alliance South Florida Team Rollyson	Hollywood	FL	snippets/tjjm-gyms-data.liquid
Alpha Dogs Martial Arts	Jacksonville	FL	snippets/tjjm-gyms-data.liquid
American Tigers Martial Arts	Sunrise	FL	snippets/tjjm-gyms-data.liquid
American TKA Martial Arts	Davie	FL	snippets/tjjm-gyms-data.liquid
American Top Team Davie	Davie	FL	snippets/tjjm-gyms-data.liquid
BlackSmith Jiu Jitsu Florida	Tallahassee	FL	snippets/tjjm-gyms-data.liquid
Boca Raton BJJ	Boca Raton	FL	snippets/tjjm-gyms-data.liquid
Bradenton BJJ	Bradenton	FL	snippets/tjjm-gyms-data.liquid
Burns Bros Jiu Jitsu	Deerfield Beach	FL	snippets/tjjm-gyms-data.liquid
Carlson Gracie Gainesville	Gainesville	FL	snippets/tjjm-gyms-data.liquid
Carlson Gracie Jiu Jitsu	Gainesville	FL	snippets/tjjm-gyms-data.liquid
Clearwater BJJ	Clearwater	FL	snippets/tjjm-gyms-data.liquid
Combat Club Lake Worth	Lake Worth	FL	snippets/tjjm-gyms-data.liquid
Daytona Beach BJJ	Daytona Beach	FL	snippets/tjjm-gyms-data.liquid
Destin BJJ	Destin	FL	snippets/tjjm-gyms-data.liquid
Fabin Rosa BJJ Altamonte Springs	Altamonte Springs	FL	snippets/tjjm-gyms-data.liquid
Fight Sports Miami	Miami	FL	snippets/tjjm-gyms-data.liquid
Future School of Jiu Jitsu	Port Saint Lucie	FL	snippets/tjjm-gyms-data.liquid
Gainesville BJJ Florida	Gainesville	FL	snippets/tjjm-gyms-data.liquid
Global Brazilian Jiu-Jitsu Naples	Naples	FL	snippets/tjjm-gyms-data.liquid
Gracie Barra North Orlando	Orlando	FL	snippets/tjjm-gyms-data.liquid
Gracie Humaita St. Petersburg	St. Petersburg	FL	snippets/tjjm-gyms-data.liquid
Gracie Tampa	Tampa	FL	snippets/tjjm-gyms-data.liquid
GTK Academy of Martial Arts	Ocala	FL	snippets/tjjm-gyms-data.liquid
Gulf Breeze Jiu Jitsu	Gulf Breeze	FL	snippets/tjjm-gyms-data.liquid
Guto Campos BJJ	Orlando	FL	snippets/tjjm-gyms-data.liquid
Lakeland BJJ	Lakeland	FL	snippets/tjjm-gyms-data.liquid
Marcio Cruz BJJ	Tampa	FL	snippets/tjjm-gyms-data.liquid
New Journey Jiu Jitsu	St. Cloud	FL	snippets/tjjm-gyms-data.liquid
Orlando Brazilian Jiu Jitsu	Orlando	FL	snippets/tjjm-gyms-data.liquid
Palm Beach BJJ	West Palm Beach	FL	snippets/tjjm-gyms-data.liquid
Panama City BJJ	Panama City	FL	snippets/tjjm-gyms-data.liquid
Renzo Gracie Fort Lauderdale	Fort Lauderdale	FL	snippets/tjjm-gyms-data.liquid
Renzo Gracie Naples	Naples	FL	snippets/tjjm-gyms-data.liquid
RM BJJ Academy	Delray Beach	FL	snippets/tjjm-gyms-data.liquid
Ronin Training Center Orlando	Orlando	FL	snippets/tjjm-gyms-data.liquid
Sarasota BJJ / Ribeiro Jiu Jitsu	Sarasota	FL	snippets/tjjm-gyms-data.liquid
School of Combat Arts	Gainesville	FL	snippets/tjjm-gyms-data.liquid
Stuart BJJ	Stuart	FL	snippets/tjjm-gyms-data.liquid
Team Remedy	Pensacola	FL	snippets/tjjm-gyms-data.liquid
Team Third Law BJJ Naples	Naples	FL	snippets/tjjm-gyms-data.liquid
Teknica MMA	Miami	FL	snippets/tjjm-gyms-data.liquid
The Academy of Pensacola	Pensacola	FL	snippets/tjjm-gyms-data.liquid
United Legion Brazilian Jiu-Jitsu	Altamonte Springs	FL	snippets/tjjm-gyms-data.liquid
Vagner Rocha Martial Arts	Miami	FL	snippets/tjjm-gyms-data.liquid
Vero Beach BJJ	Vero Beach	FL	snippets/tjjm-gyms-data.liquid
Xcell Jiu Jitsu	Boynton Beach	FL	snippets/tjjm-gyms-data.liquid
Alliance Jiu Jitsu Atlanta	Atlanta	GA	snippets/tjjm-gyms-data.liquid
Alliance Jiu Jitsu Roswell	Roswell	GA	snippets/tjjm-gyms-data.liquid
Ascension MMA	Kennesaw	GA	snippets/tjjm-gyms-data.liquid
Athens BJJ	Athens	GA	snippets/tjjm-gyms-data.liquid
Augusta BJJ	Augusta	GA	snippets/tjjm-gyms-data.liquid
Brunswick BJJ	Brunswick	GA	snippets/tjjm-gyms-data.liquid
Carrollton BJJ	Carrollton	GA	snippets/tjjm-gyms-data.liquid
Checkmat Atlanta	Atlanta	GA	snippets/tjjm-gyms-data.liquid
Columbus BJJ	Columbus	GA	snippets/tjjm-gyms-data.liquid
Dalton BJJ	Dalton	GA	snippets/tjjm-gyms-data.liquid
Gainesville BJJ Georgia	Gainesville	GA	snippets/tjjm-gyms-data.liquid
LaGrange BJJ	LaGrange	GA	snippets/tjjm-gyms-data.liquid
Macon BJJ	Macon	GA	snippets/tjjm-gyms-data.liquid
Moultrie BJJ	Moultrie	GA	snippets/tjjm-gyms-data.liquid
Renzo Gracie Savannah	Savannah	GA	snippets/tjjm-gyms-data.liquid
Rome BJJ Georgia	Rome	GA	snippets/tjjm-gyms-data.liquid
Sakura BJJ	Woodstock	GA	snippets/tjjm-gyms-data.liquid
SBG Atlanta	Norcross	GA	snippets/tjjm-gyms-data.liquid
Statesboro BJJ	Statesboro	GA	snippets/tjjm-gyms-data.liquid
Tiger Academy Gracie Atlanta	Decatur	GA	snippets/tjjm-gyms-data.liquid
Union Team BJJ	Alpharetta	GA	snippets/tjjm-gyms-data.liquid
Valdosta BJJ	Valdosta	GA	snippets/tjjm-gyms-data.liquid
Warner Robins BJJ	Warner Robins	GA	snippets/tjjm-gyms-data.liquid
BJ Penn MMA	Hilo	HI	snippets/tjjm-gyms-data.liquid
Fighting Arts Academy Hawaii	Maui	HI	snippets/tjjm-gyms-data.liquid
Gracie Technics Hawaii	Honolulu	HI	snippets/tjjm-gyms-data.liquid
Hawaii Academy of Brazilian Jiu-Jitsu	Honolulu	HI	snippets/tjjm-gyms-data.liquid
Kailua BJJ	Kailua	HI	snippets/tjjm-gyms-data.liquid
Kona BJJ	Kailua-Kona	HI	snippets/tjjm-gyms-data.liquid
Lihue BJJ	Lihue	HI	snippets/tjjm-gyms-data.liquid
Maui BJJ Academy	Kahului	HI	snippets/tjjm-gyms-data.liquid
Pearl City BJJ	Pearl City	HI	snippets/tjjm-gyms-data.liquid
Purebred Jiu-Jitsu	Honolulu	HI	snippets/tjjm-gyms-data.liquid
Wailuku BJJ	Wailuku	HI	snippets/tjjm-gyms-data.liquid
Alliance Jiu Jitsu Iowa	Cedar Rapids	IA	snippets/tjjm-gyms-data.liquid
Ames BJJ	Ames	IA	snippets/tjjm-gyms-data.liquid
Burlington BJJ Iowa	Burlington	IA	snippets/tjjm-gyms-data.liquid
Clinton BJJ Iowa	Clinton	IA	snippets/tjjm-gyms-data.liquid
Council Bluffs BJJ	Council Bluffs	IA	snippets/tjjm-gyms-data.liquid
Dubuque BJJ	Dubuque	IA	snippets/tjjm-gyms-data.liquid
Fighting Gravity Jiu Jitsu	Davenport	IA	snippets/tjjm-gyms-data.liquid
Fort Dodge BJJ	Fort Dodge	IA	snippets/tjjm-gyms-data.liquid
Iowa City BJJ	Iowa City	IA	snippets/tjjm-gyms-data.liquid
Marshalltown BJJ	Marshalltown	IA	snippets/tjjm-gyms-data.liquid
Mason City BJJ	Mason City	IA	snippets/tjjm-gyms-data.liquid
No Coast Brazilian Jiu Jitsu	Urbandale	IA	snippets/tjjm-gyms-data.liquid
Ottumwa BJJ	Ottumwa	IA	snippets/tjjm-gyms-data.liquid
Sioux City BJJ	Sioux City	IA	snippets/tjjm-gyms-data.liquid
Waterloo BJJ	Waterloo	IA	snippets/tjjm-gyms-data.liquid
Alliance Jiu Jitsu Twin Falls	Twin Falls	ID	snippets/tjjm-gyms-data.liquid
Authentic BJJ Idaho	Star	ID	snippets/tjjm-gyms-data.liquid
Coeur d'Alene BJJ	Coeur d'Alene	ID	snippets/tjjm-gyms-data.liquid
Elite Jiu-Jitsu Academy	Boise	ID	snippets/tjjm-gyms-data.liquid
Idaho Falls BJJ	Idaho Falls	ID	snippets/tjjm-gyms-data.liquid
Lewiston ID BJJ	Lewiston	ID	snippets/tjjm-gyms-data.liquid
Meridian BJJ Idaho	Meridian	ID	snippets/tjjm-gyms-data.liquid
Nampa BJJ	Nampa	ID	snippets/tjjm-gyms-data.liquid
Rexburg BJJ	Rexburg	ID	snippets/tjjm-gyms-data.liquid
Sandpoint BJJ	Sandpoint	ID	snippets/tjjm-gyms-data.liquid
Snake River MMA	Pocatello	ID	snippets/tjjm-gyms-data.liquid
Aurora BJJ	Aurora	IL	snippets/tjjm-gyms-data.liquid
Bloomington-Normal BJJ	Bloomington	IL	snippets/tjjm-gyms-data.liquid
Carbondale BJJ	Carbondale	IL	snippets/tjjm-gyms-data.liquid
Champaign BJJ	Champaign	IL	snippets/tjjm-gyms-data.liquid
Decatur BJJ Illinois	Decatur	IL	snippets/tjjm-gyms-data.liquid
Dekalb County BJJ	Hinckley	IL	snippets/tjjm-gyms-data.liquid
Elgin BJJ	Elgin	IL	snippets/tjjm-gyms-data.liquid
Evanston BJJ	Evanston	IL	snippets/tjjm-gyms-data.liquid
Galesburg BJJ	Galesburg	IL	snippets/tjjm-gyms-data.liquid
Grassroots Jiu-Jitsu	Chicago	IL	snippets/tjjm-gyms-data.liquid
Joliet BJJ	Joliet	IL	snippets/tjjm-gyms-data.liquid
LCCT Brazilian Jiu Jitsu	Schaumburg	IL	snippets/tjjm-gyms-data.liquid
Molinaro Jiu-Jitsu	Chicago	IL	snippets/tjjm-gyms-data.liquid
Naperville BJJ	Naperville	IL	snippets/tjjm-gyms-data.liquid
North Side Brazilian Jiu Jitsu	Chicago	IL	snippets/tjjm-gyms-data.liquid
Ohana Martial Arts	Waukegan	IL	snippets/tjjm-gyms-data.liquid
P3 Martial Arts	Schaumburg	IL	snippets/tjjm-gyms-data.liquid
Pedigo Submission Fighting	Mt. Vernon	IL	snippets/tjjm-gyms-data.liquid
Peoria BJJ	Peoria	IL	snippets/tjjm-gyms-data.liquid
Quincy BJJ Illinois	Quincy	IL	snippets/tjjm-gyms-data.liquid
Rockford BJJ	Rockford	IL	snippets/tjjm-gyms-data.liquid
Springfield BJJ Illinois	Springfield	IL	snippets/tjjm-gyms-data.liquid
Staley Martial Arts / Carlson Gracie North Shore	Wilmette	IL	snippets/tjjm-gyms-data.liquid
Valko Brazilian Jiu-Jitsu Academy	Chicago	IL	snippets/tjjm-gyms-data.liquid
Anderson BJJ Indiana	Anderson	IN	snippets/tjjm-gyms-data.liquid
Bushido Jiu-Jitsu Zionsville	Zionsville	IN	snippets/tjjm-gyms-data.liquid
Columbus BJJ Indiana	Columbus	IN	snippets/tjjm-gyms-data.liquid
Evansville BJJ	Evansville	IN	snippets/tjjm-gyms-data.liquid
Fortitude BJJ	Fort Wayne	IN	snippets/tjjm-gyms-data.liquid
Gary BJJ	Gary	IN	snippets/tjjm-gyms-data.liquid
Hoosier BJJ	Bloomington	IN	snippets/tjjm-gyms-data.liquid
Indiana Brazilian Jiu-Jitsu Academy	Greenwood	IN	snippets/tjjm-gyms-data.liquid
Kokomo BJJ	Kokomo	IN	snippets/tjjm-gyms-data.liquid
Lafayette BJJ	Lafayette	IN	snippets/tjjm-gyms-data.liquid
Michigan City BJJ	Michigan City	IN	snippets/tjjm-gyms-data.liquid
Muncie Brazilian Jiu Jitsu	Muncie	IN	snippets/tjjm-gyms-data.liquid
Richmond BJJ Indiana	Richmond	IN	snippets/tjjm-gyms-data.liquid
South Bend BJJ	South Bend	IN	snippets/tjjm-gyms-data.liquid
Terre Haute BJJ	Terre Haute	IN	snippets/tjjm-gyms-data.liquid
Valparaiso BJJ	Valparaiso	IN	snippets/tjjm-gyms-data.liquid
Alliance Jiu Jitsu Lawrence	Lawrence	KS	snippets/tjjm-gyms-data.liquid
Dodge City BJJ	Dodge City	KS	snippets/tjjm-gyms-data.liquid
Emporia BJJ	Emporia	KS	snippets/tjjm-gyms-data.liquid
Garden City BJJ	Garden City	KS	snippets/tjjm-gyms-data.liquid
Hutchinson BJJ	Hutchinson	KS	snippets/tjjm-gyms-data.liquid
Junction City BJJ	Junction City	KS	snippets/tjjm-gyms-data.liquid
Kansas BJJ	Wichita	KS	snippets/tjjm-gyms-data.liquid
Leavenworth BJJ	Leavenworth	KS	snippets/tjjm-gyms-data.liquid
Liberal BJJ	Liberal	KS	snippets/tjjm-gyms-data.liquid
Manhattan KS BJJ	Manhattan	KS	snippets/tjjm-gyms-data.liquid
Midwest Training Center	Topeka	KS	snippets/tjjm-gyms-data.liquid
Pittsburg KS BJJ	Pittsburg	KS	snippets/tjjm-gyms-data.liquid
Salina BJJ	Salina	KS	snippets/tjjm-gyms-data.liquid
Bowling Green BJJ	Bowling Green	KY	snippets/tjjm-gyms-data.liquid
Core Combat Sports	Louisville	KY	snippets/tjjm-gyms-data.liquid
Covington BJJ	Covington	KY	snippets/tjjm-gyms-data.liquid
Danville BJJ	Danville	KY	snippets/tjjm-gyms-data.liquid
Derby City MMA	Louisville	KY	snippets/tjjm-gyms-data.liquid
E-town Brazilian Jiu-Jitsu	Elizabethtown	KY	snippets/tjjm-gyms-data.liquid
Fight Factory Louisville	Louisville	KY	snippets/tjjm-gyms-data.liquid
Florence BJJ Kentucky	Florence	KY	snippets/tjjm-gyms-data.liquid
Frankfort BJJ	Frankfort	KY	snippets/tjjm-gyms-data.liquid
Hopkinsville BJJ	Hopkinsville	KY	snippets/tjjm-gyms-data.liquid
Lexington Jiu-Jitsu & Fitness	Lexington	KY	snippets/tjjm-gyms-data.liquid
Morehead BJJ	Morehead	KY	snippets/tjjm-gyms-data.liquid
Murray BJJ	Murray	KY	snippets/tjjm-gyms-data.liquid
Old Louisville Jiu Jitsu Academy	Louisville	KY	snippets/tjjm-gyms-data.liquid
Owensboro BJJ	Owensboro	KY	snippets/tjjm-gyms-data.liquid
Reaction MMA	Nicholasville	KY	snippets/tjjm-gyms-data.liquid
Richmond BJJ Kentucky	Richmond	KY	snippets/tjjm-gyms-data.liquid
Rough Hands BJJ	Louisville	KY	snippets/tjjm-gyms-data.liquid
Three Rivers Martial Arts Academy	Paducah	KY	snippets/tjjm-gyms-data.liquid
Triple Crown MMA	Lexington	KY	snippets/tjjm-gyms-data.liquid
Acadiana Martial Arts Academy	Lafayette	LA	snippets/tjjm-gyms-data.liquid
Alexandria BJJ Louisiana	Alexandria	LA	snippets/tjjm-gyms-data.liquid
Alliance Jiu Jitsu Slidell	Slidell	LA	snippets/tjjm-gyms-data.liquid
AMP BJJ Baton Rouge	Baton Rouge	LA	snippets/tjjm-gyms-data.liquid
Bayou Jiu Jitsu & Self Defense	Baton Rouge	LA	snippets/tjjm-gyms-data.liquid
Be Jiu Jitsu	Lafayette	LA	snippets/tjjm-gyms-data.liquid
BJJ Revolution Team - Baton Rouge	Zachary	LA	snippets/tjjm-gyms-data.liquid
Brazilian Jiu Jitsu Houma	Houma	LA	snippets/tjjm-gyms-data.liquid
Covington BJJ Louisiana	Covington	LA	snippets/tjjm-gyms-data.liquid
Cyclone Brazilian Jiu Jitsu & Combatives	Boutte	LA	snippets/tjjm-gyms-data.liquid
Danny Daniels' MMA & Fitness	New Orleans	LA	snippets/tjjm-gyms-data.liquid
Gracie Jiu-Jitsu Shreveport / Bossier City	Bossier City	LA	snippets/tjjm-gyms-data.liquid
Gracie United Baton Rouge - Tiger Bend	Baton Rouge	LA	snippets/tjjm-gyms-data.liquid
Hammond BJJ	Hammond	LA	snippets/tjjm-gyms-data.liquid
JM Modern Jiu Jitsu	Baton Rouge	LA	snippets/tjjm-gyms-data.liquid
Kenner BJJ	Kenner	LA	snippets/tjjm-gyms-data.liquid
Louisiana BJJ Academy	Baton Rouge	LA	snippets/tjjm-gyms-data.liquid
Martial Arts America Baton Rouge	Baton Rouge	LA	snippets/tjjm-gyms-data.liquid
Mid City Martial Arts & Fitness Academy	New Orleans	LA	snippets/tjjm-gyms-data.liquid
Monroe Brazilian Jiu Jitsu	Monroe	LA	snippets/tjjm-gyms-data.liquid
NOLA BJJ (Uptown)	New Orleans	LA	snippets/tjjm-gyms-data.liquid
NOLA MMA	New Orleans	LA	snippets/tjjm-gyms-data.liquid
Premier Martial Arts Lafayette	Lafayette	LA	snippets/tjjm-gyms-data.liquid
Primal Fitness Lake Charles	Sulphur	LA	snippets/tjjm-gyms-data.liquid
Shreveport Brazilian Jiu Jitsu	Shreveport	LA	snippets/tjjm-gyms-data.liquid
Team Tooke Mixed Martial Arts Lafayette	Lafayette	LA	snippets/tjjm-gyms-data.liquid
The Dojang New Orleans	New Orleans	LA	snippets/tjjm-gyms-data.liquid
Thibodaux BJJ	Thibodaux	LA	snippets/tjjm-gyms-data.liquid
UFC Gym New Orleans	New Orleans	LA	snippets/tjjm-gyms-data.liquid
Warrior Training Center	Shreveport	LA	snippets/tjjm-gyms-data.liquid
Warrior's Cove Baton Rouge	Baton Rouge	LA	snippets/tjjm-gyms-data.liquid
Alliance Framingham Jiu Jitsu	Framingham	MA	snippets/tjjm-gyms-data.liquid
American Martial Arts Center	Cambridge	MA	snippets/tjjm-gyms-data.liquid
Atlas Jiu Jitsu Waltham	Waltham	MA	snippets/tjjm-gyms-data.liquid
Attleboro BJJ	Attleboro	MA	snippets/tjjm-gyms-data.liquid
BattleGround Jiu-Jitsu Academy	West Springfield	MA	snippets/tjjm-gyms-data.liquid
Bernardo Faria Academy	Bedford	MA	snippets/tjjm-gyms-data.liquid
Boston Brazilian Jiu Jitsu	Boston	MA	snippets/tjjm-gyms-data.liquid
Boston Brazilian Jiu-Jitsu of Framingham	Framingham	MA	snippets/tjjm-gyms-data.liquid
Boston Brazilian Jiu-Jitsu Woburn	Woburn	MA	snippets/tjjm-gyms-data.liquid
Brazilian Top Team Back Bay	Boston	MA	snippets/tjjm-gyms-data.liquid
Central Rock Gym	Cambridge	MA	snippets/tjjm-gyms-data.liquid
Daniel Gracie Academy Falmouth	Falmouth	MA	snippets/tjjm-gyms-data.liquid
Dave Ginsberg Brazilian Jiu Jitsu / GAMMA	Cambridge	MA	snippets/tjjm-gyms-data.liquid
Evolution Brazilian Jiu Jitsu	Lowell	MA	snippets/tjjm-gyms-data.liquid
Fenix Brazilian Jiu Jitsu	Lowell	MA	snippets/tjjm-gyms-data.liquid
Florian Martial Arts Center	Brookline	MA	snippets/tjjm-gyms-data.liquid
Gracie Barra Peabody	Peabody	MA	snippets/tjjm-gyms-data.liquid
Leominster BJJ	Leominster	MA	snippets/tjjm-gyms-data.liquid
New Bedford BJJ	New Bedford	MA	snippets/tjjm-gyms-data.liquid
Northampton BJJ	Northampton	MA	snippets/tjjm-gyms-data.liquid
Paradigm Brazilian Jiu Jitsu	Lowell	MA	snippets/tjjm-gyms-data.liquid
Pittsfield BJJ	Pittsfield	MA	snippets/tjjm-gyms-data.liquid
Redline Fight Sports	Cambridge	MA	snippets/tjjm-gyms-data.liquid
Sardinha BJJ Cape Cod	Dennis	MA	snippets/tjjm-gyms-data.liquid
SBG East Coast	Dartmouth	MA	snippets/tjjm-gyms-data.liquid
Soneca Brazilian Jiu-Jitsu Marlborough	Marlborough	MA	snippets/tjjm-gyms-data.liquid
South Boston BJJ	Boston	MA	snippets/tjjm-gyms-data.liquid
Springfield BJJ	Springfield	MA	snippets/tjjm-gyms-data.liquid
Taunton BJJ	Taunton	MA	snippets/tjjm-gyms-data.liquid
Team Flo Brazilian Jiu Jitsu	Lowell	MA	snippets/tjjm-gyms-data.liquid
VACA BJJ & MMA	West Springfield	MA	snippets/tjjm-gyms-data.liquid
Brandon BJJ	Brandon	MB	snippets/tjjm-gyms-data.liquid
CFC Gym Winnipeg	Winnipeg	MB	snippets/tjjm-gyms-data.liquid
Flin Flon BJJ	Flin Flon	MB	snippets/tjjm-gyms-data.liquid
Portage la Prairie BJJ	Portage la Prairie	MB	snippets/tjjm-gyms-data.liquid
Red River BJJ	Winnipeg	MB	snippets/tjjm-gyms-data.liquid
Steinbach BJJ	Steinbach	MB	snippets/tjjm-gyms-data.liquid
Swan River BJJ	Swan River	MB	snippets/tjjm-gyms-data.liquid
Thompson BJJ	Thompson	MB	snippets/tjjm-gyms-data.liquid
Thompson Jiu Jitsu Winnipeg	Winnipeg	MB	snippets/tjjm-gyms-data.liquid
Winkler BJJ	Winkler	MB	snippets/tjjm-gyms-data.liquid
Winnipeg BJJ	Winnipeg	MB	snippets/tjjm-gyms-data.liquid
Aberdeen BJJ MD	Aberdeen	MD	snippets/tjjm-gyms-data.liquid
American Top Team Maryland	Rockville	MD	snippets/tjjm-gyms-data.liquid
Bowerhouse MMA	Frederick	MD	snippets/tjjm-gyms-data.liquid
Capital City MMA	Baltimore	MD	snippets/tjjm-gyms-data.liquid
Culture of Jiu Jitsu Academy	Gaithersburg	MD	snippets/tjjm-gyms-data.liquid
Dundalk BJJ	Dundalk	MD	snippets/tjjm-gyms-data.liquid
Frederick BJJ	Frederick	MD	snippets/tjjm-gyms-data.liquid
Hagerstown BJJ	Hagerstown	MD	snippets/tjjm-gyms-data.liquid
Lloyd Irvin's MMA Academy	Temple Hills	MD	snippets/tjjm-gyms-data.liquid
Prince Frederick BJJ	Prince Frederick	MD	snippets/tjjm-gyms-data.liquid
Relative Jiu Jitsu	Annapolis	MD	snippets/tjjm-gyms-data.liquid
Renzo Gracie Maryland	Germantown	MD	snippets/tjjm-gyms-data.liquid
Salisbury BJJ	Salisbury	MD	snippets/tjjm-gyms-data.liquid
Top Flight Mixed Martial Arts	Fort Washington	MD	snippets/tjjm-gyms-data.liquid
Waldorf BJJ	Waldorf	MD	snippets/tjjm-gyms-data.liquid
Augusta BJJ Maine	Augusta	ME	snippets/tjjm-gyms-data.liquid
Brunswick BJJ Maine	Brunswick	ME	snippets/tjjm-gyms-data.liquid
Ellsworth BJJ	Ellsworth	ME	snippets/tjjm-gyms-data.liquid
Lewiston-Auburn BJJ	Lewiston	ME	snippets/tjjm-gyms-data.liquid
Maine BJJ	Bangor	ME	snippets/tjjm-gyms-data.liquid
Portland BJJ Maine	Portland	ME	snippets/tjjm-gyms-data.liquid
Presque Isle BJJ	Presque Isle	ME	snippets/tjjm-gyms-data.liquid
Rumford BJJ	Rumford	ME	snippets/tjjm-gyms-data.liquid
Saco BJJ	Saco	ME	snippets/tjjm-gyms-data.liquid
Seacoast Brazilian Jiu-Jitsu	Biddeford	ME	snippets/tjjm-gyms-data.liquid
Waterville BJJ	Waterville	ME	snippets/tjjm-gyms-data.liquid
Alliance BJJ Ann Arbor	Ann Arbor	MI	snippets/tjjm-gyms-data.liquid
Alliance BJJ Michigan Livonia	Livonia	MI	snippets/tjjm-gyms-data.liquid
Alliance Jiu Jitsu Michigan	Kalamazoo	MI	snippets/tjjm-gyms-data.liquid
Alpena BJJ	Alpena	MI	snippets/tjjm-gyms-data.liquid
Battle Creek BJJ	Battle Creek	MI	snippets/tjjm-gyms-data.liquid
Bay City BJJ	Bay City	MI	snippets/tjjm-gyms-data.liquid
Detroit Jiu Jitsu	Detroit	MI	snippets/tjjm-gyms-data.liquid
Flint BJJ	Flint	MI	snippets/tjjm-gyms-data.liquid
Great Lakes BJJ	Grand Rapids	MI	snippets/tjjm-gyms-data.liquid
Jackson BJJ Michigan	Jackson	MI	snippets/tjjm-gyms-data.liquid
Lansing BJJ	Lansing	MI	snippets/tjjm-gyms-data.liquid
Marquette BJJ	Marquette	MI	snippets/tjjm-gyms-data.liquid
Michigan Kickboxing Academy / 10th Planet Troy	Troy	MI	snippets/tjjm-gyms-data.liquid
Michigan Top Team	Detroit	MI	snippets/tjjm-gyms-data.liquid
Midland BJJ	Midland	MI	snippets/tjjm-gyms-data.liquid
Monroe BJJ Michigan	Monroe	MI	snippets/tjjm-gyms-data.liquid
Muskegon BJJ	Muskegon	MI	snippets/tjjm-gyms-data.liquid
Saginaw BJJ	Saginaw	MI	snippets/tjjm-gyms-data.liquid
Sterling Heights BJJ	Sterling Heights	MI	snippets/tjjm-gyms-data.liquid
TNT Martial Arts	Romeo	MI	snippets/tjjm-gyms-data.liquid
Traverse City BJJ	Traverse City	MI	snippets/tjjm-gyms-data.liquid
West Michigan BJJ	Holland	MI	snippets/tjjm-gyms-data.liquid
Akagi Jiu-Jitsu	St. Paul	MN	snippets/tjjm-gyms-data.liquid
Alliance Jiu Jitsu Minnesota	Eden Prairie	MN	snippets/tjjm-gyms-data.liquid
Bemidji BJJ	Bemidji	MN	snippets/tjjm-gyms-data.liquid
Brainerd BJJ	Brainerd	MN	snippets/tjjm-gyms-data.liquid
Checkmat S. Minneapolis	Minneapolis	MN	snippets/tjjm-gyms-data.liquid
Duluth BJJ	Duluth	MN	snippets/tjjm-gyms-data.liquid
Fargo BJJ MN side	Moorhead	MN	snippets/tjjm-gyms-data.liquid
Faribault BJJ	Faribault	MN	snippets/tjjm-gyms-data.liquid
Hibbing BJJ	Hibbing	MN	snippets/tjjm-gyms-data.liquid
Mankato BJJ	Mankato	MN	snippets/tjjm-gyms-data.liquid
Minnesota Martial Arts Academy	Minneapolis	MN	snippets/tjjm-gyms-data.liquid
Moorhead BJJ	Moorhead	MN	snippets/tjjm-gyms-data.liquid
Rochester BJJ	Rochester	MN	snippets/tjjm-gyms-data.liquid
Roufusport MMA Academy	Minneapolis	MN	snippets/tjjm-gyms-data.liquid
St. Cloud BJJ	St. Cloud	MN	snippets/tjjm-gyms-data.liquid
TC Martial Arts	St. Paul	MN	snippets/tjjm-gyms-data.liquid
Willmar BJJ	Willmar	MN	snippets/tjjm-gyms-data.liquid
Winona BJJ	Winona	MN	snippets/tjjm-gyms-data.liquid
Alliance Jiu Jitsu Columbia	Columbia	MO	snippets/tjjm-gyms-data.liquid
Cape Girardeau BJJ	Cape Girardeau	MO	snippets/tjjm-gyms-data.liquid
Checkmat St. Louis	St. Louis	MO	snippets/tjjm-gyms-data.liquid
Jefferson City BJJ	Jefferson City	MO	snippets/tjjm-gyms-data.liquid
Joplin BJJ	Joplin	MO	snippets/tjjm-gyms-data.liquid
Next Level STL	St. Louis	MO	snippets/tjjm-gyms-data.liquid
St. Joseph BJJ	St. Joseph	MO	snippets/tjjm-gyms-data.liquid
Coast BJJ	Gulfport	MS	snippets/tjjm-gyms-data.liquid
Columbus MS BJJ	Columbus	MS	snippets/tjjm-gyms-data.liquid
Corinth BJJ	Corinth	MS	snippets/tjjm-gyms-data.liquid
Delta BJJ	Biloxi	MS	snippets/tjjm-gyms-data.liquid
Greenville BJJ MS	Greenville	MS	snippets/tjjm-gyms-data.liquid
Laurel BJJ	Laurel	MS	snippets/tjjm-gyms-data.liquid
Meridian BJJ	Meridian	MS	snippets/tjjm-gyms-data.liquid
Mississippi BJJ	Ridgeland	MS	snippets/tjjm-gyms-data.liquid
Natchez BJJ	Natchez	MS	snippets/tjjm-gyms-data.liquid
Oxford BJJ	Oxford	MS	snippets/tjjm-gyms-data.liquid
Southern Combat Arts	Hattiesburg	MS	snippets/tjjm-gyms-data.liquid
Starkville BJJ	Starkville	MS	snippets/tjjm-gyms-data.liquid
Tupelo BJJ	Tupelo	MS	snippets/tjjm-gyms-data.liquid
Vicksburg BJJ	Vicksburg	MS	snippets/tjjm-gyms-data.liquid
Billings BJJ	Billings	MT	snippets/tjjm-gyms-data.liquid
Butte BJJ	Butte	MT	snippets/tjjm-gyms-data.liquid
Great Falls Jiu Jitsu	Great Falls	MT	snippets/tjjm-gyms-data.liquid
Grizzly Combat Sports	Bozeman	MT	snippets/tjjm-gyms-data.liquid
Havre BJJ	Havre	MT	snippets/tjjm-gyms-data.liquid
Kalispell BJJ	Kalispell	MT	snippets/tjjm-gyms-data.liquid
Livingston BJJ	Livingston	MT	snippets/tjjm-gyms-data.liquid
Miles City BJJ	Miles City	MT	snippets/tjjm-gyms-data.liquid
Missoula BJJ	Missoula	MT	snippets/tjjm-gyms-data.liquid
Montana BJJ	Helena	MT	snippets/tjjm-gyms-data.liquid
Whitefish BJJ	Whitefish	MT	snippets/tjjm-gyms-data.liquid
Campbellton BJJ	Campbellton	NB	snippets/tjjm-gyms-data.liquid
Evolution Training Centre	Fredericton	NB	snippets/tjjm-gyms-data.liquid
Fredericton BJJ	Fredericton	NB	snippets/tjjm-gyms-data.liquid
Icon Combat	Moncton	NB	snippets/tjjm-gyms-data.liquid
Junglefowl Brazilian Jiu Jitsu	Sackville	NB	snippets/tjjm-gyms-data.liquid
Knots Jiu Jitsu	Moncton	NB	snippets/tjjm-gyms-data.liquid
Miramichi BJJ	Miramichi	NB	snippets/tjjm-gyms-data.liquid
Moncton BJJ	Moncton	NB	snippets/tjjm-gyms-data.liquid
MXT BJJ	Saint John	NB	snippets/tjjm-gyms-data.liquid
Quantum Jiu Jitsu	Moncton	NB	snippets/tjjm-gyms-data.liquid
Saint John BJJ	Saint John	NB	snippets/tjjm-gyms-data.liquid
Synergy BJJ Fredericton	Fredericton	NB	snippets/tjjm-gyms-data.liquid
Victory Jiu Jitsu	Quispamsis	NB	snippets/tjjm-gyms-data.liquid
Victory Jiu Jitsu Dieppe	Dieppe	NB	snippets/tjjm-gyms-data.liquid
Woodstock NB BJJ	Woodstock	NB	snippets/tjjm-gyms-data.liquid
Alliance Jiu Jitsu Greensboro	Greensboro	NC	snippets/tjjm-gyms-data.liquid
Alliance Jiu Jitsu Raleigh	Raleigh	NC	snippets/tjjm-gyms-data.liquid
Alliance Wilmington	Leland	NC	snippets/tjjm-gyms-data.liquid
Apex Jiu Jitsu NC	Apex	NC	snippets/tjjm-gyms-data.liquid
Asheville BJJ	Asheville	NC	snippets/tjjm-gyms-data.liquid
Burlington BJJ NC	Burlington	NC	snippets/tjjm-gyms-data.liquid
Charlotte Jiu-Jitsu Academy	Charlotte	NC	snippets/tjjm-gyms-data.liquid
Checkmat Charlotte	Charlotte	NC	snippets/tjjm-gyms-data.liquid
Fayetteville BJJ	Fayetteville	NC	snippets/tjjm-gyms-data.liquid
Goldsboro BJJ	Goldsboro	NC	snippets/tjjm-gyms-data.liquid
Gracie Raleigh	Raleigh	NC	snippets/tjjm-gyms-data.liquid
Greensboro BJJ	Greensboro	NC	snippets/tjjm-gyms-data.liquid
High Point BJJ	High Point	NC	snippets/tjjm-gyms-data.liquid
Lucas Lepri Jiu Jitsu Charlotte	Charlotte	NC	snippets/tjjm-gyms-data.liquid
New Bern BJJ	New Bern	NC	snippets/tjjm-gyms-data.liquid
Rocky Mount BJJ	Rocky Mount	NC	snippets/tjjm-gyms-data.liquid
Triangle BJJ	Durham	NC	snippets/tjjm-gyms-data.liquid
Wilmington BJJ NC	Wilmington	NC	snippets/tjjm-gyms-data.liquid
Winston-Salem BJJ	Winston-Salem	NC	snippets/tjjm-gyms-data.liquid
Bismarck Jiu Jitsu	Bismarck	ND	snippets/tjjm-gyms-data.liquid
Dickinson BJJ	Dickinson	ND	snippets/tjjm-gyms-data.liquid
Fargo BJJ	Fargo	ND	snippets/tjjm-gyms-data.liquid
Grand Forks BJJ	Grand Forks	ND	snippets/tjjm-gyms-data.liquid
Jamestown BJJ ND	Jamestown	ND	snippets/tjjm-gyms-data.liquid
Mandan BJJ	Mandan	ND	snippets/tjjm-gyms-data.liquid
Prairie Jiu Jitsu	Minot	ND	snippets/tjjm-gyms-data.liquid
Valley City BJJ	Valley City	ND	snippets/tjjm-gyms-data.liquid
Williston BJJ	Williston	ND	snippets/tjjm-gyms-data.liquid
Alex Foley's Academy of Martial Arts	St. John's	NE	snippets/tjjm-gyms-data.liquid
Anchor Combat Academy	Corner Brook	NE	snippets/tjjm-gyms-data.liquid
Columbus NE BJJ	Columbus	NE	snippets/tjjm-gyms-data.liquid
Corner Brook BJJ	Corner Brook	NE	snippets/tjjm-gyms-data.liquid
Evolution Martial Arts NL	St. John's	NE	snippets/tjjm-gyms-data.liquid
Foley's Martial Arts	Paradise	NE	snippets/tjjm-gyms-data.liquid
Fremont BJJ	Fremont	NE	snippets/tjjm-gyms-data.liquid
Gander BJJ	Gander	NE	snippets/tjjm-gyms-data.liquid
Grand Island BJJ	Grand Island	NE	snippets/tjjm-gyms-data.liquid
Hastings BJJ	Hastings	NE	snippets/tjjm-gyms-data.liquid
Husker Combat Club	Lincoln	NE	snippets/tjjm-gyms-data.liquid
Jason Foley Martial Arts	Conception Bay South	NE	snippets/tjjm-gyms-data.liquid
Kearney BJJ	Kearney	NE	snippets/tjjm-gyms-data.liquid
Labrador City BJJ	Labrador City	NE	snippets/tjjm-gyms-data.liquid
Lincoln BJJ	Lincoln	NE	snippets/tjjm-gyms-data.liquid
Michael Foley's Academy of Martial Arts	St. John's	NE	snippets/tjjm-gyms-data.liquid
Nebraska BJJ	Omaha	NE	snippets/tjjm-gyms-data.liquid
New Found TAO BJJ	Grand Falls-Windsor	NE	snippets/tjjm-gyms-data.liquid
NL BJJ Academy	St. John's	NE	snippets/tjjm-gyms-data.liquid
Norfolk BJJ	Norfolk	NE	snippets/tjjm-gyms-data.liquid
Norfolk NE BJJ	Norfolk	NE	snippets/tjjm-gyms-data.liquid
North Platte BJJ	North Platte	NE	snippets/tjjm-gyms-data.liquid
Republic BJJ	St. John's	NE	snippets/tjjm-gyms-data.liquid
Scottsbluff BJJ	Scottsbluff	NE	snippets/tjjm-gyms-data.liquid
St. John's BJJ	St. John's	NE	snippets/tjjm-gyms-data.liquid
Tera BJJ	St. John's	NE	snippets/tjjm-gyms-data.liquid
Velocity Martial Arts Academy	Clarenville	NE	snippets/tjjm-gyms-data.liquid
Alliance Jiu Jitsu NH	Nashua	NH	snippets/tjjm-gyms-data.liquid
Claremont BJJ	Claremont	NH	snippets/tjjm-gyms-data.liquid
Concord BJJ	Concord	NH	snippets/tjjm-gyms-data.liquid
Derry BJJ	Derry	NH	snippets/tjjm-gyms-data.liquid
Dover BJJ	Dover	NH	snippets/tjjm-gyms-data.liquid
Keene BJJ	Keene	NH	snippets/tjjm-gyms-data.liquid
Laconia BJJ	Laconia	NH	snippets/tjjm-gyms-data.liquid
Lebanon BJJ NH	Lebanon	NH	snippets/tjjm-gyms-data.liquid
NH BJJ	Manchester	NH	snippets/tjjm-gyms-data.liquid
Seacoast BJJ NH	Portsmouth	NH	snippets/tjjm-gyms-data.liquid
Alliance Jiu Jitsu Freehold	Freehold	NJ	snippets/tjjm-gyms-data.liquid
American Jiu Jitsu	Newark	NJ	snippets/tjjm-gyms-data.liquid
Atlantic City BJJ	Atlantic City	NJ	snippets/tjjm-gyms-data.liquid
B Team Jiu Jitsu	Edison	NJ	snippets/tjjm-gyms-data.liquid
Bayshore BJJ	Middletown	NJ	snippets/tjjm-gyms-data.liquid
CULTR BJJ	Jersey City	NJ	snippets/tjjm-gyms-data.liquid
David Branch Jiu Jitsu	Hoboken	NJ	snippets/tjjm-gyms-data.liquid
Gracie Barra Princeton	Lawrenceville	NJ	snippets/tjjm-gyms-data.liquid
Gracie Barra Toms River	Toms River	NJ	snippets/tjjm-gyms-data.liquid
Gracie Barra Westfield	Westfield	NJ	snippets/tjjm-gyms-data.liquid
Gracie New Jersey Academy	Lawrenceville	NJ	snippets/tjjm-gyms-data.liquid
Jiu Jitsu North Jersey / Otimo JJ	Waldwick	NJ	snippets/tjjm-gyms-data.liquid
Kombat Brazilian Jiu-Jitsu	Clark	NJ	snippets/tjjm-gyms-data.liquid
Method BJJ	South Plainfield	NJ	snippets/tjjm-gyms-data.liquid
Ocean County BJJ	Toms River	NJ	snippets/tjjm-gyms-data.liquid
Performance Jiu-Jitsu Academy	Fair Lawn	NJ	snippets/tjjm-gyms-data.liquid
Precision MMA	Poughkeepsie	NJ	snippets/tjjm-gyms-data.liquid
Princeton Brazilian Jiu Jitsu	Princeton	NJ	snippets/tjjm-gyms-data.liquid
Procel Brazilian Jiu-Jitsu	Jersey City	NJ	snippets/tjjm-gyms-data.liquid
Renzo Gracie Denville	Denville	NJ	snippets/tjjm-gyms-data.liquid
Renzo Gracie Fort Lee / TEO BJJ	Fort Lee	NJ	snippets/tjjm-gyms-data.liquid
Renzo Gracie Harrison	Harrison	NJ	snippets/tjjm-gyms-data.liquid
Renzo Gracie Hoboken	Hoboken	NJ	snippets/tjjm-gyms-data.liquid
Renzo Gracie Newark	Newark	NJ	snippets/tjjm-gyms-data.liquid
Renzo Gracie Northern Valley	Northvale	NJ	snippets/tjjm-gyms-data.liquid
Renzo Gracie South Plainfield	South Plainfield	NJ	snippets/tjjm-gyms-data.liquid
Ricardo Almeida BJJ Academy	Hamilton	NJ	snippets/tjjm-gyms-data.liquid
Rising Sun Brazilian Jiu Jitsu Academy	Ridgefield Park	NJ	snippets/tjjm-gyms-data.liquid
Roberto Gordo BJJ	Newark	NJ	snippets/tjjm-gyms-data.liquid
Savarese BJJ Academy - Jersey City	Jersey City	NJ	snippets/tjjm-gyms-data.liquid
Snake Pit U.S.A. MMA	Galloway	NJ	snippets/tjjm-gyms-data.liquid
Straight Blast Gym New Jersey	Montclair	NJ	snippets/tjjm-gyms-data.liquid
Studio 1908 (Miyao Brothers)	Jersey City	NJ	snippets/tjjm-gyms-data.liquid
Thiago Rela BJJ	Jersey City	NJ	snippets/tjjm-gyms-data.liquid
Tiger Schulmann's Clifton	Clifton	NJ	snippets/tjjm-gyms-data.liquid
Trenton BJJ	Trenton	NJ	snippets/tjjm-gyms-data.liquid
Unity Jiu Jitsu Jersey City	Jersey City	NJ	snippets/tjjm-gyms-data.liquid
Vineland BJJ	Vineland	NJ	snippets/tjjm-gyms-data.liquid
Zen Jiu Jitsu	Summit	NJ	snippets/tjjm-gyms-data.liquid
Alamogordo BJJ	Alamogordo	NM	snippets/tjjm-gyms-data.liquid
Carlsbad BJJ	Carlsbad	NM	snippets/tjjm-gyms-data.liquid
Clovis BJJ	Clovis	NM	snippets/tjjm-gyms-data.liquid
Duke City BJJ	Albuquerque	NM	snippets/tjjm-gyms-data.liquid
Farmington BJJ	Farmington	NM	snippets/tjjm-gyms-data.liquid
Jackson-Wink MMA	Albuquerque	NM	snippets/tjjm-gyms-data.liquid
Las Cruces BJJ	Las Cruces	NM	snippets/tjjm-gyms-data.liquid
Las Vegas NM BJJ	Las Vegas	NM	snippets/tjjm-gyms-data.liquid
New Mexico BJJ	Santa Fe	NM	snippets/tjjm-gyms-data.liquid
Portales BJJ	Portales	NM	snippets/tjjm-gyms-data.liquid
Roswell BJJ	Roswell	NM	snippets/tjjm-gyms-data.liquid
Taos BJJ	Taos	NM	snippets/tjjm-gyms-data.liquid
374 MMA	Halifax	NS	snippets/tjjm-gyms-data.liquid
Abhaya Mixed Martial Arts	Greenwich	NS	snippets/tjjm-gyms-data.liquid
Atlantic BJJ	Dartmouth	NS	snippets/tjjm-gyms-data.liquid
Breakthrough BJJ	Amherst	NS	snippets/tjjm-gyms-data.liquid
Cape Breton BJJ	Sydney	NS	snippets/tjjm-gyms-data.liquid
Clinch Training Centre	Lower Sackville	NS	snippets/tjjm-gyms-data.liquid
Fit Plus MMA	Dartmouth	NS	snippets/tjjm-gyms-data.liquid
Grant's Martial Arts	Dartmouth	NS	snippets/tjjm-gyms-data.liquid
Halifax BJJ	Halifax	NS	snippets/tjjm-gyms-data.liquid
Halifax BJJ Society	Halifax	NS	snippets/tjjm-gyms-data.liquid
Integrity Martial Arts	Sydney	NS	snippets/tjjm-gyms-data.liquid
Jake MacKenzie School of Jiu Jitsu	Halifax	NS	snippets/tjjm-gyms-data.liquid
Maritime Jiu-Jitsu	Halifax	NS	snippets/tjjm-gyms-data.liquid
Pictou County Jiu Jitsu	New Glasgow	NS	snippets/tjjm-gyms-data.liquid
Presley BJJ	Wellington	NS	snippets/tjjm-gyms-data.liquid
Shelburne BJJ NS	Shelburne	NS	snippets/tjjm-gyms-data.liquid
Stellarton BJJ	Stellarton	NS	snippets/tjjm-gyms-data.liquid
Team Fortitude NS	Bridgewater	NS	snippets/tjjm-gyms-data.liquid
Titan's Martial Arts and Fitness	Halifax	NS	snippets/tjjm-gyms-data.liquid
Tower 1 Combat Sports	Dartmouth	NS	snippets/tjjm-gyms-data.liquid
Truro BJJ	Truro	NS	snippets/tjjm-gyms-data.liquid
Yarmouth BJJ	Yarmouth	NS	snippets/tjjm-gyms-data.liquid
Zombie Proof BJJ	Sydney	NS	snippets/tjjm-gyms-data.liquid
Alliance Jiu Jitsu Las Vegas	Las Vegas	NV	snippets/tjjm-gyms-data.liquid
Carson City BJJ	Carson City	NV	snippets/tjjm-gyms-data.liquid
Elko BJJ	Elko	NV	snippets/tjjm-gyms-data.liquid
Gracie Las Vegas	Las Vegas	NV	snippets/tjjm-gyms-data.liquid
Henderson BJJ	Henderson	NV	snippets/tjjm-gyms-data.liquid
Las Vegas Fight Center	Las Vegas	NV	snippets/tjjm-gyms-data.liquid
Mesquite BJJ	Mesquite	NV	snippets/tjjm-gyms-data.liquid
North Las Vegas BJJ	North Las Vegas	NV	snippets/tjjm-gyms-data.liquid
Pahrump BJJ	Pahrump	NV	snippets/tjjm-gyms-data.liquid
Reno BJJ	Reno	NV	snippets/tjjm-gyms-data.liquid
Sparks BJJ	Sparks	NV	snippets/tjjm-gyms-data.liquid
Summerlin BJJ	Las Vegas	NV	snippets/tjjm-gyms-data.liquid
Tristar Las Vegas	Las Vegas	NV	snippets/tjjm-gyms-data.liquid
Xtreme Couture MMA	Las Vegas	NV	snippets/tjjm-gyms-data.liquid
10th Planet Jiu Jitsu NYC	New York	NY	snippets/tjjm-gyms-data.liquid
A-Force BJJ Academy	Great Neck	NY	snippets/tjjm-gyms-data.liquid
Anderson's Martial Arts Academy	New York	NY	snippets/tjjm-gyms-data.liquid
Bellmore Kickboxing Academy	Bellmore	NY	snippets/tjjm-gyms-data.liquid
Binghamton Brazilian Jiu Jitsu	Binghamton	NY	snippets/tjjm-gyms-data.liquid
Brandon Abdullah's Martial Arts and Fitness	Albany	NY	snippets/tjjm-gyms-data.liquid
Brazilian Power Team Westchester	White Plains	NY	snippets/tjjm-gyms-data.liquid
Brian Beury Jiu Jitsu	Albany	NY	snippets/tjjm-gyms-data.liquid
Brooklyn Brazilian Jiu Jitsu	Brooklyn	NY	snippets/tjjm-gyms-data.liquid
Buffalo Brazilian Jiu Jitsu Academy	Buffalo	NY	snippets/tjjm-gyms-data.liquid
City Jiu Jitsu Academy	Long Island City	NY	snippets/tjjm-gyms-data.liquid
Clobber Jiu Jitsu Academy	Cohoes	NY	snippets/tjjm-gyms-data.liquid
Clockwork Brazilian Jiu-Jitsu	New York	NY	snippets/tjjm-gyms-data.liquid
CNY MMA	Baldwinsville	NY	snippets/tjjm-gyms-data.liquid
Elite Fitness & Martial Arts	Rochester	NY	snippets/tjjm-gyms-data.liquid
Fight-Sport Training Center	Niagara Falls	NY	snippets/tjjm-gyms-data.liquid
Gentle Art Studio Lotus Club	Astoria	NY	snippets/tjjm-gyms-data.liquid
Gregor Gracie Academy Brooklyn	Brooklyn	NY	snippets/tjjm-gyms-data.liquid
Haven Jiu Jitsu	Syracuse	NY	snippets/tjjm-gyms-data.liquid
Igor Gracie Jiu Jitsu Academy	New Rochelle	NY	snippets/tjjm-gyms-data.liquid
International Training Center of New York	Long Island City	NY	snippets/tjjm-gyms-data.liquid
Ithaca BJJ	Ithaca	NY	snippets/tjjm-gyms-data.liquid
Jiu Livre NYC	New York	NY	snippets/tjjm-gyms-data.liquid
Jon Calestine BJJ	New York	NY	snippets/tjjm-gyms-data.liquid
Jungle Gym Martial Arts	New Rochelle	NY	snippets/tjjm-gyms-data.liquid
Kings Combat	Brooklyn	NY	snippets/tjjm-gyms-data.liquid
Kioto Brazilian Jiu Jitsu	New York	NY	snippets/tjjm-gyms-data.liquid
Long Island MMA	Lake Grove	NY	snippets/tjjm-gyms-data.liquid
Marcelo Garcia Academy	New York	NY	snippets/tjjm-gyms-data.liquid
Marlon Colorado BJJ NYC	Sunnyside	NY	snippets/tjjm-gyms-data.liquid
Maxum BJJ Long Island	Huntington	NY	snippets/tjjm-gyms-data.liquid
Middletown BJJ NY	Middletown	NY	snippets/tjjm-gyms-data.liquid
Miori Martial Arts	Syracuse	NY	snippets/tjjm-gyms-data.liquid
Modern Martial Arts NYC	New York	NY	snippets/tjjm-gyms-data.liquid
Newburgh BJJ	Newburgh	NY	snippets/tjjm-gyms-data.liquid
Next Evolution Martial Arts	New York	NY	snippets/tjjm-gyms-data.liquid
Nova Jiu Jitsu Rochester	Rochester	NY	snippets/tjjm-gyms-data.liquid
Paxibellum	New York	NY	snippets/tjjm-gyms-data.liquid
Peak Performance MMA	Yonkers	NY	snippets/tjjm-gyms-data.liquid
Plattsburgh BJJ	Plattsburgh	NY	snippets/tjjm-gyms-data.liquid
Precision Brazilian Jiu Jitsu	Utica	NY	snippets/tjjm-gyms-data.liquid
Queens Jiu-Jitsu	Astoria	NY	snippets/tjjm-gyms-data.liquid
Range Brazilian Jiu-Jitsu	New York	NY	snippets/tjjm-gyms-data.liquid
Renzo Gracie Academy	New York	NY	snippets/tjjm-gyms-data.liquid
Renzo Gracie Bayside	Bayside	NY	snippets/tjjm-gyms-data.liquid
Renzo Gracie Brooklyn	Brooklyn	NY	snippets/tjjm-gyms-data.liquid
Renzo Gracie East Side	New York	NY	snippets/tjjm-gyms-data.liquid
Renzo Gracie Latham	Latham	NY	snippets/tjjm-gyms-data.liquid
Renzo Gracie Rockland	New City	NY	snippets/tjjm-gyms-data.liquid
Rochester Fitness Martial Arts	Rochester	NY	snippets/tjjm-gyms-data.liquid
Rochester Jiu Jitsu	Irondequoit	NY	snippets/tjjm-gyms-data.liquid
Ronin Athletics	New York	NY	snippets/tjjm-gyms-data.liquid
Savarese BJJ Academy	Lynbrook	NY	snippets/tjjm-gyms-data.liquid
Serra BJJ Academy	Levittown	NY	snippets/tjjm-gyms-data.liquid
Seven Tigers Martial Arts Academy	Cheektowaga	NY	snippets/tjjm-gyms-data.liquid
Studio X	New York	NY	snippets/tjjm-gyms-data.liquid
Sub Zero Brazilian Jiu Jitsu	Hamburg	NY	snippets/tjjm-gyms-data.liquid
Swan's Martial Arts Academy	Cheektowaga	NY	snippets/tjjm-gyms-data.liquid
Synthesis Brazilian Jiu-Jitsu	Rochester	NY	snippets/tjjm-gyms-data.liquid
The Dojo NYC	Brooklyn	NY	snippets/tjjm-gyms-data.liquid
The Jiu Jitsu Mill	Port Chester	NY	snippets/tjjm-gyms-data.liquid
Unity Jiu Jitsu	New York	NY	snippets/tjjm-gyms-data.liquid
Vitor Shaolin BJJ NYC	New York	NY	snippets/tjjm-gyms-data.liquid
Watertown BJJ NY	Watertown	NY	snippets/tjjm-gyms-data.liquid
Akron BJJ	Akron	OH	snippets/tjjm-gyms-data.liquid
Alliance Jiu Jitsu Columbus	Columbus	OH	snippets/tjjm-gyms-data.liquid
Alliance Jiu Jitsu Ohio	Cleveland	OH	snippets/tjjm-gyms-data.liquid
Canton BJJ	Canton	OH	snippets/tjjm-gyms-data.liquid
Chillicothe BJJ	Chillicothe	OH	snippets/tjjm-gyms-data.liquid
Cuyahoga Falls BJJ	Cuyahoga Falls	OH	snippets/tjjm-gyms-data.liquid
Dayton BJJ	Dayton	OH	snippets/tjjm-gyms-data.liquid
Findlay BJJ	Findlay	OH	snippets/tjjm-gyms-data.liquid
Kombat Arts Ohio	Cincinnati	OH	snippets/tjjm-gyms-data.liquid
Lima BJJ	Lima	OH	snippets/tjjm-gyms-data.liquid
Limitless BJJ Cincinnati	Cincinnati	OH	snippets/tjjm-gyms-data.liquid
Mansfield BJJ	Mansfield	OH	snippets/tjjm-gyms-data.liquid
Medina BJJ	Medina	OH	snippets/tjjm-gyms-data.liquid
Newark BJJ Ohio	Newark	OH	snippets/tjjm-gyms-data.liquid
Renzo Gracie Cleveland	Cleveland	OH	snippets/tjjm-gyms-data.liquid
Sandusky BJJ	Sandusky	OH	snippets/tjjm-gyms-data.liquid
Springfield BJJ Ohio	Springfield	OH	snippets/tjjm-gyms-data.liquid
Steubenville BJJ	Steubenville	OH	snippets/tjjm-gyms-data.liquid
Toledo BJJ	Toledo	OH	snippets/tjjm-gyms-data.liquid
U A Jiu Jitsu	Upper Arlington	OH	snippets/tjjm-gyms-data.liquid
Youngstown BJJ	Youngstown	OH	snippets/tjjm-gyms-data.liquid
Zanesville BJJ	Zanesville	OH	snippets/tjjm-gyms-data.liquid
Alexander Jiu-Jitsu	Seminole	OK	snippets/tjjm-gyms-data.liquid
Bartlesville BJJ	Bartlesville	OK	snippets/tjjm-gyms-data.liquid
Blackout Jiu Jitsu	Moore	OK	snippets/tjjm-gyms-data.liquid
Broken Arrow BJJ	Broken Arrow	OK	snippets/tjjm-gyms-data.liquid
Burdette BJJ	Glenpool	OK	snippets/tjjm-gyms-data.liquid
Carson Fight & Fitness	Tulsa	OK	snippets/tjjm-gyms-data.liquid
Edmond BJJ	Edmond	OK	snippets/tjjm-gyms-data.liquid
Enid BJJ	Enid	OK	snippets/tjjm-gyms-data.liquid
Lawton BJJ	Lawton	OK	snippets/tjjm-gyms-data.liquid
Midwest City BJJ	Midwest City	OK	snippets/tjjm-gyms-data.liquid
Muskogee BJJ	Muskogee	OK	snippets/tjjm-gyms-data.liquid
Norman BJJ	Norman	OK	snippets/tjjm-gyms-data.liquid
Owasso BJJ	Owasso	OK	snippets/tjjm-gyms-data.liquid
Shawnee BJJ	Shawnee	OK	snippets/tjjm-gyms-data.liquid
Stillwater BJJ	Stillwater	OK	snippets/tjjm-gyms-data.liquid
Tulsa BJJ	Tulsa	OK	snippets/tjjm-gyms-data.liquid
Ajax BJJ	Ajax	ON	snippets/tjjm-gyms-data.liquid
Alliance Jiu Jitsu London Ontario	London	ON	snippets/tjjm-gyms-data.liquid
Alliance Jiu Jitsu Ottawa	Ottawa	ON	snippets/tjjm-gyms-data.liquid
Barrie BJJ	Barrie	ON	snippets/tjjm-gyms-data.liquid
Belleville BJJ	Belleville	ON	snippets/tjjm-gyms-data.liquid
BJJ Battalion	Etobicoke	ON	snippets/tjjm-gyms-data.liquid
Brampton Brazilian Jiu Jitsu Academy	Brampton	ON	snippets/tjjm-gyms-data.liquid
Brantford BJJ	Brantford	ON	snippets/tjjm-gyms-data.liquid
Burlington BJJ	Burlington	ON	snippets/tjjm-gyms-data.liquid
Cambridge BJJ	Cambridge	ON	snippets/tjjm-gyms-data.liquid
Four-Eleven Brazilian Jiu Jitsu	Whitby	ON	snippets/tjjm-gyms-data.liquid
Greenwood Jiu-Jitsu	Toronto	ON	snippets/tjjm-gyms-data.liquid
Ground X Jiu Jitsu Ottawa	Ottawa	ON	snippets/tjjm-gyms-data.liquid
Guelph BJJ	Guelph	ON	snippets/tjjm-gyms-data.liquid
Hamilton Brazilian Jiu-Jitsu	Hamilton	ON	snippets/tjjm-gyms-data.liquid
Junction Academy	Toronto	ON	snippets/tjjm-gyms-data.liquid
Kingston BJJ	Kingston	ON	snippets/tjjm-gyms-data.liquid
Kombat Arts Training Academy	Mississauga	ON	snippets/tjjm-gyms-data.liquid
Mississauga Jiu Jitsu	Mississauga	ON	snippets/tjjm-gyms-data.liquid
Niagara BJJ	St. Catharines	ON	snippets/tjjm-gyms-data.liquid
North Bay BJJ	North Bay	ON	snippets/tjjm-gyms-data.liquid
Orillia BJJ	Orillia	ON	snippets/tjjm-gyms-data.liquid
Oshawa BJJ	Oshawa	ON	snippets/tjjm-gyms-data.liquid
Ottawa Jiu Jitsu	Ottawa	ON	snippets/tjjm-gyms-data.liquid
Peterborough BJJ	Peterborough	ON	snippets/tjjm-gyms-data.liquid
Pickering BJJ	Pickering	ON	snippets/tjjm-gyms-data.liquid
Salvosa Jiu-Jitsu Academy	Scarborough	ON	snippets/tjjm-gyms-data.liquid
Santos Brothers BJJ	Mississauga	ON	snippets/tjjm-gyms-data.liquid
Sault Ste. Marie BJJ	Sault Ste. Marie	ON	snippets/tjjm-gyms-data.liquid
South Mississauga Jiu Jitsu	Mississauga	ON	snippets/tjjm-gyms-data.liquid
St. Catharines BJJ	St. Catharines	ON	snippets/tjjm-gyms-data.liquid
Stratford BJJ Ontario	Stratford	ON	snippets/tjjm-gyms-data.liquid
Sudbury BJJ	Sudbury	ON	snippets/tjjm-gyms-data.liquid
Thunder Bay BJJ	Thunder Bay	ON	snippets/tjjm-gyms-data.liquid
Toronto BJJ	Toronto	ON	snippets/tjjm-gyms-data.liquid
Toronto Jiu Jitsu Club	Toronto	ON	snippets/tjjm-gyms-data.liquid
Valens Jiu Jitsu Academy	Hamilton	ON	snippets/tjjm-gyms-data.liquid
Windsor BJJ	Windsor	ON	snippets/tjjm-gyms-data.liquid
Woodstock BJJ Ontario	Woodstock	ON	snippets/tjjm-gyms-data.liquid
Yorkdale Martial Arts	Toronto	ON	snippets/tjjm-gyms-data.liquid
Albany BJJ Oregon	Albany	OR	snippets/tjjm-gyms-data.liquid
Alliance Jiu Jitsu Portland	Portland	OR	snippets/tjjm-gyms-data.liquid
Alliance Jiu Jitsu Salem	Salem	OR	snippets/tjjm-gyms-data.liquid
Ashland BJJ	Ashland	OR	snippets/tjjm-gyms-data.liquid
Bend BJJ	Bend	OR	snippets/tjjm-gyms-data.liquid
Coos Bay BJJ	Coos Bay	OR	snippets/tjjm-gyms-data.liquid
Corvallis BJJ	Corvallis	OR	snippets/tjjm-gyms-data.liquid
Grants Pass BJJ	Grants Pass	OR	snippets/tjjm-gyms-data.liquid
Klamath Falls BJJ	Klamath Falls	OR	snippets/tjjm-gyms-data.liquid
Medford BJJ	Medford	OR	snippets/tjjm-gyms-data.liquid
Newport BJJ Oregon	Newport	OR	snippets/tjjm-gyms-data.liquid
Oregon BJJ	Eugene	OR	snippets/tjjm-gyms-data.liquid
Pendleton BJJ	Pendleton	OR	snippets/tjjm-gyms-data.liquid
Portland BJJ	Portland	OR	snippets/tjjm-gyms-data.liquid
Roseburg BJJ	Roseburg	OR	snippets/tjjm-gyms-data.liquid
Alliance Jiu Jitsu Pittsburgh	Pittsburgh	PA	snippets/tjjm-gyms-data.liquid
Bethlehem BJJ	Bethlehem	PA	snippets/tjjm-gyms-data.liquid
Butler BJJ	Butler	PA	snippets/tjjm-gyms-data.liquid
Carlson Gracie Pennsylvania	Allentown	PA	snippets/tjjm-gyms-data.liquid
Chester PA BJJ	Chester	PA	snippets/tjjm-gyms-data.liquid
Easton PA BJJ	Easton	PA	snippets/tjjm-gyms-data.liquid
Erie BJJ	Erie	PA	snippets/tjjm-gyms-data.liquid
Harrisburg BJJ	Harrisburg	PA	snippets/tjjm-gyms-data.liquid
Indiana PA BJJ	Indiana	PA	snippets/tjjm-gyms-data.liquid
Johnstown BJJ	Johnstown	PA	snippets/tjjm-gyms-data.liquid
Lancaster BJJ	Lancaster	PA	snippets/tjjm-gyms-data.liquid
Norristown BJJ	Norristown	PA	snippets/tjjm-gyms-data.liquid
Pottsville BJJ	Pottsville	PA	snippets/tjjm-gyms-data.liquid
Reading BJJ	Reading	PA	snippets/tjjm-gyms-data.liquid
Renzo Gracie Philadelphia	Philadelphia	PA	snippets/tjjm-gyms-data.liquid
SBG Pennsylvania	Scranton	PA	snippets/tjjm-gyms-data.liquid
State College BJJ	State College	PA	snippets/tjjm-gyms-data.liquid
Wilkes-Barre BJJ	Wilkes-Barre	PA	snippets/tjjm-gyms-data.liquid
York BJJ	York	PA	snippets/tjjm-gyms-data.liquid
Charlottetown BJJ Academy	Charlottetown	PE	snippets/tjjm-gyms-data.liquid
Island Grappling Club	Summerside	PE	snippets/tjjm-gyms-data.liquid
Montague BJJ	Montague	PE	snippets/tjjm-gyms-data.liquid
PEI Brazilian Jiu Jitsu	Charlottetown	PE	snippets/tjjm-gyms-data.liquid
PEI Martial Arts Academy Summerside	Summerside	PE	snippets/tjjm-gyms-data.liquid
Souris Brazilian Jiu-Jitsu	Souris	PE	snippets/tjjm-gyms-data.liquid
Stratford BJJ PEI	Stratford	PE	snippets/tjjm-gyms-data.liquid
Summerside BJJ PEI	Summerside	PE	snippets/tjjm-gyms-data.liquid
West River Jiu Jitsu	Bonshaw	PE	snippets/tjjm-gyms-data.liquid
Wulfrun Martial Arts	York	PE	snippets/tjjm-gyms-data.liquid
Action & Reaction MMA	Laval	QC	snippets/tjjm-gyms-data.liquid
Alliance Jiu Jitsu Montreal	Montreal	QC	snippets/tjjm-gyms-data.liquid
Alliance Jiu Jitsu Quebec City	Quebec City	QC	snippets/tjjm-gyms-data.liquid
Alma BJJ	Alma	QC	snippets/tjjm-gyms-data.liquid
Carlson Gracie Montreal	Montreal	QC	snippets/tjjm-gyms-data.liquid
Drummondville BJJ	Drummondville	QC	snippets/tjjm-gyms-data.liquid
Fearless MMA	Laval	QC	snippets/tjjm-gyms-data.liquid
Levis BJJ	Lévis	QC	snippets/tjjm-gyms-data.liquid
Longueuil BJJ	Longueuil	QC	snippets/tjjm-gyms-data.liquid
Nordik Fight Club	Quebec City	QC	snippets/tjjm-gyms-data.liquid
NovaGym	Montreal	QC	snippets/tjjm-gyms-data.liquid
Patenaude Martial Arts Gatineau	Gatineau	QC	snippets/tjjm-gyms-data.liquid
Renzo Gracie Montreal	Montreal	QC	snippets/tjjm-gyms-data.liquid
Rimouski BJJ	Rimouski	QC	snippets/tjjm-gyms-data.liquid
Royal Jiu-Jitsu Quebec	Quebec City	QC	snippets/tjjm-gyms-data.liquid
Saguenay BJJ	Saguenay	QC	snippets/tjjm-gyms-data.liquid
Santos Brothers BJJ Montreal	Montreal	QC	snippets/tjjm-gyms-data.liquid
Sept-Iles BJJ	Sept-Îles	QC	snippets/tjjm-gyms-data.liquid
Sherbrooke BJJ	Sherbrooke	QC	snippets/tjjm-gyms-data.liquid
Tristar Gym Montreal	Montreal	QC	snippets/tjjm-gyms-data.liquid
Trois-Rivieres BJJ	Trois-Rivières	QC	snippets/tjjm-gyms-data.liquid
Bristol BJJ	Bristol	RI	snippets/tjjm-gyms-data.liquid
Cortes BJJ	Warwick	RI	snippets/tjjm-gyms-data.liquid
Coventry Brazilian Jiu Jitsu	Coventry	RI	snippets/tjjm-gyms-data.liquid
Cranston BJJ	Cranston	RI	snippets/tjjm-gyms-data.liquid
East Providence BJJ	East Providence	RI	snippets/tjjm-gyms-data.liquid
Middletown BJJ RI	Middletown	RI	snippets/tjjm-gyms-data.liquid
Mission First BJJ	Newport	RI	snippets/tjjm-gyms-data.liquid
Pawtucket BJJ	Pawtucket	RI	snippets/tjjm-gyms-data.liquid
Providence BJJ	Providence	RI	snippets/tjjm-gyms-data.liquid
Ricardo Cavalcanti BJJ RI	Providence	RI	snippets/tjjm-gyms-data.liquid
Woonsocket BJJ	Woonsocket	RI	snippets/tjjm-gyms-data.liquid
Aiken Jiu-Jitsu	Aiken	SC	snippets/tjjm-gyms-data.liquid
Alliance Jiu Jitsu Anderson	Anderson	SC	snippets/tjjm-gyms-data.liquid
Alliance Jiu Jitsu Easley	Easley	SC	snippets/tjjm-gyms-data.liquid
American Judo and Jiu-Jitsu	North Charleston	SC	snippets/tjjm-gyms-data.liquid
Beaufort BJJ	Beaufort	SC	snippets/tjjm-gyms-data.liquid
Charleston BJJ	Charleston	SC	snippets/tjjm-gyms-data.liquid
Columbia BJJ	Columbia	SC	snippets/tjjm-gyms-data.liquid
Florence BJJ SC	Florence	SC	snippets/tjjm-gyms-data.liquid
Hilton Head BJJ	Hilton Head Island	SC	snippets/tjjm-gyms-data.liquid
Myrtle Beach BJJ	Myrtle Beach	SC	snippets/tjjm-gyms-data.liquid
Orangeburg BJJ	Orangeburg	SC	snippets/tjjm-gyms-data.liquid
Rock Hill BJJ	Rock Hill	SC	snippets/tjjm-gyms-data.liquid
Spartanburg BJJ	Spartanburg	SC	snippets/tjjm-gyms-data.liquid
Summerville BJJ	Summerville	SC	snippets/tjjm-gyms-data.liquid
Aberdeen BJJ	Aberdeen	SD	snippets/tjjm-gyms-data.liquid
Black Hills BJJ	Rapid City	SD	snippets/tjjm-gyms-data.liquid
Brookings BJJ	Brookings	SD	snippets/tjjm-gyms-data.liquid
Huron BJJ	Huron	SD	snippets/tjjm-gyms-data.liquid
Joku Dojo	Sioux Falls	SD	snippets/tjjm-gyms-data.liquid
Mitchell BJJ	Mitchell	SD	snippets/tjjm-gyms-data.liquid
Sioux Falls BJJ	Sioux Falls	SD	snippets/tjjm-gyms-data.liquid
Vermillion BJJ	Vermillion	SD	snippets/tjjm-gyms-data.liquid
Watertown BJJ SD	Watertown	SD	snippets/tjjm-gyms-data.liquid
Estevan BJJ	Estevan	SK	snippets/tjjm-gyms-data.liquid
Lloydminster BJJ	Lloydminster	SK	snippets/tjjm-gyms-data.liquid
Melfort BJJ	Melfort	SK	snippets/tjjm-gyms-data.liquid
Moose Jaw BJJ	Moose Jaw	SK	snippets/tjjm-gyms-data.liquid
North Battleford BJJ	North Battleford	SK	snippets/tjjm-gyms-data.liquid
Prince Albert BJJ	Prince Albert	SK	snippets/tjjm-gyms-data.liquid
Regina BJJ	Regina	SK	snippets/tjjm-gyms-data.liquid
Saskatoon BJJ	Saskatoon	SK	snippets/tjjm-gyms-data.liquid
Swift Current BJJ	Swift Current	SK	snippets/tjjm-gyms-data.liquid
Weyburn BJJ	Weyburn	SK	snippets/tjjm-gyms-data.liquid
Yorkton BJJ	Yorkton	SK	snippets/tjjm-gyms-data.liquid
Absolute Jiu-Jitsu Academy Bristol	Bristol	TN	snippets/tjjm-gyms-data.liquid
ADG Jiu-Jitsu	Smyrna	TN	snippets/tjjm-gyms-data.liquid
Alliance Jiu Jitsu Tennessee	Nashville	TN	snippets/tjjm-gyms-data.liquid
Alpha Jiu-Jitsu Academy	Cookeville	TN	snippets/tjjm-gyms-data.liquid
Armory Jiu-Jitsu Academy Chattanooga	Chattanooga	TN	snippets/tjjm-gyms-data.liquid
Athens Brazilian Jiu-Jitsu	Athens	TN	snippets/tjjm-gyms-data.liquid
Chattanooga BJJ	Chattanooga	TN	snippets/tjjm-gyms-data.liquid
Clarksville BJJ	Clarksville	TN	snippets/tjjm-gyms-data.liquid
Columbia BJJ Tennessee	Columbia	TN	snippets/tjjm-gyms-data.liquid
Cookeville Jiu-Jitsu	Cookeville	TN	snippets/tjjm-gyms-data.liquid
Crossville MMA	Crossville	TN	snippets/tjjm-gyms-data.liquid
Gracie Barra Knoxville	Knoxville	TN	snippets/tjjm-gyms-data.liquid
Gracie Jiu-Jitsu Foothills	Seymour	TN	snippets/tjjm-gyms-data.liquid
Jackson BJJ Tennessee	Jackson	TN	snippets/tjjm-gyms-data.liquid
Kaze BJJ and Judo Institute	Clarksville	TN	snippets/tjjm-gyms-data.liquid
Kingsport BJJ	Kingsport	TN	snippets/tjjm-gyms-data.liquid
Kioto Brazilian Jiu-Jitsu Chattanooga	Chattanooga	TN	snippets/tjjm-gyms-data.liquid
Knoxville BJJ	Knoxville	TN	snippets/tjjm-gyms-data.liquid
Knoxville Martial Arts Academy	Knoxville	TN	snippets/tjjm-gyms-data.liquid
Lebanon BJJ Tennessee	Lebanon	TN	snippets/tjjm-gyms-data.liquid
Leviathan Academy Brazilian Jiu-Jitsu	Cleveland	TN	snippets/tjjm-gyms-data.liquid
Liberdade Brazilian Jiu-Jitsu	Nashville	TN	snippets/tjjm-gyms-data.liquid
Lucas Lepri Brazilian Jiu-Jitsu Knoxville	Knoxville	TN	snippets/tjjm-gyms-data.liquid
Maryville Jiu-Jitsu	Alcoa	TN	snippets/tjjm-gyms-data.liquid
Memphis Judo & Jiu-Jitsu	Memphis	TN	snippets/tjjm-gyms-data.liquid
Murfreesboro BJJ	Murfreesboro	TN	snippets/tjjm-gyms-data.liquid
Nashville Mixed Martial Arts	Nashville	TN	snippets/tjjm-gyms-data.liquid
Profectus Jiu-Jitsu Hendersonville	Hendersonville	TN	snippets/tjjm-gyms-data.liquid
Renzo Gracie Nashville	Brentwood	TN	snippets/tjjm-gyms-data.liquid
Shield Systems Academy	Knoxville	TN	snippets/tjjm-gyms-data.liquid
Team Oxendine Mixed Martial Arts	Johnson City	TN	snippets/tjjm-gyms-data.liquid
Tennessee Brazilian Jiu-Jitsu Academy	Spring Hill	TN	snippets/tjjm-gyms-data.liquid
Tri-Cities BJJ	Johnson City	TN	snippets/tjjm-gyms-data.liquid
Upper Cumberland MMA	Cookeville	TN	snippets/tjjm-gyms-data.liquid
360 Jiu Jitsu	Grand Prairie	TX	snippets/tjjm-gyms-data.liquid
Abdias Brazilian Jiu-Jitsu	Dallas	TX	snippets/tjjm-gyms-data.liquid
Abilene BJJ	Abilene	TX	snippets/tjjm-gyms-data.liquid
Aces Jiu Jitsu Club	Pflugerville	TX	snippets/tjjm-gyms-data.liquid
Advantage BJJ Martial Arts & Fitness	Houston	TX	snippets/tjjm-gyms-data.liquid
Al Garza's Premier Martial Arts	League City	TX	snippets/tjjm-gyms-data.liquid
Alex Martins Brazilian Jiu Jitsu	Dallas	TX	snippets/tjjm-gyms-data.liquid
Alliance BJJ Houston	Pearland	TX	snippets/tjjm-gyms-data.liquid
Alliance Jiu Jitsu Dallas	Dallas	TX	snippets/tjjm-gyms-data.liquid
Aloisio Silva Brazilian Jiu-Jitsu Academy	Arlington	TX	snippets/tjjm-gyms-data.liquid
Alvarez Brazilian Jiu-Jitsu Arlington	Arlington	TX	snippets/tjjm-gyms-data.liquid
Amarillo BJJ	Amarillo	TX	snippets/tjjm-gyms-data.liquid
Amazonas MMA & Fitness Academy	Edinburg	TX	snippets/tjjm-gyms-data.liquid
American Revolution Muay Thai & Submission Center	Corpus Christi	TX	snippets/tjjm-gyms-data.liquid
Applied MMA Austin	Pflugerville	TX	snippets/tjjm-gyms-data.liquid
Arlington MMA	Arlington	TX	snippets/tjjm-gyms-data.liquid
ASL JunSur Martial Arts	Richardson	TX	snippets/tjjm-gyms-data.liquid
Austin Fitness Martial Arts	Austin	TX	snippets/tjjm-gyms-data.liquid
Austin Mixed Martial Arts	Austin	TX	snippets/tjjm-gyms-data.liquid
Beaumont BJJ	Beaumont	TX	snippets/tjjm-gyms-data.liquid
Brazil 021 San Antonio	San Antonio	TX	snippets/tjjm-gyms-data.liquid
Brazilian Top Team North Dallas	Richardson	TX	snippets/tjjm-gyms-data.liquid
Brazilian Top Team Texas	San Antonio	TX	snippets/tjjm-gyms-data.liquid
Carlos Machado Jiu Jitsu Dallas	Dallas	TX	snippets/tjjm-gyms-data.liquid
Carlos Machado Jiu-Jitsu Carrollton	Carrollton	TX	snippets/tjjm-gyms-data.liquid
Caveirinha Jiu-Jitsu Family Texas	Prosper	TX	snippets/tjjm-gyms-data.liquid
Centex Combatives & Fitness	Pflugerville	TX	snippets/tjjm-gyms-data.liquid
Concept Brazilian Jiu Jitsu	Taylor	TX	snippets/tjjm-gyms-data.liquid
Denton BJJ	Denton	TX	snippets/tjjm-gyms-data.liquid
El Paso BJJ	El Paso	TX	snippets/tjjm-gyms-data.liquid
Evolve BJJ	Fort Worth	TX	snippets/tjjm-gyms-data.liquid
Fight Factory Austin	Austin	TX	snippets/tjjm-gyms-data.liquid
Flow Brazilian Jiu-Jitsu	Pantego	TX	snippets/tjjm-gyms-data.liquid
Genesis Jiu Jitsu	River Oaks	TX	snippets/tjjm-gyms-data.liquid
Gracie Barra Frisco	Frisco	TX	snippets/tjjm-gyms-data.liquid
Gracie Barra Texas	Webster	TX	snippets/tjjm-gyms-data.liquid
John's Gym Mixed Martial Arts & Fitness	Austin	TX	snippets/tjjm-gyms-data.liquid
Killeen BJJ	Killeen	TX	snippets/tjjm-gyms-data.liquid
Kingsway Jiu-Jitsu	Austin	TX	snippets/tjjm-gyms-data.liquid
Longview BJJ	Longview	TX	snippets/tjjm-gyms-data.liquid
Lubbock Jiu Jitsu Academy	Lubbock	TX	snippets/tjjm-gyms-data.liquid
Marcelo Garcia Jiu-Jitsu of Dallas	Dallas	TX	snippets/tjjm-gyms-data.liquid
Mcallen BJJ	McAllen	TX	snippets/tjjm-gyms-data.liquid
Midland BJJ Texas	Midland	TX	snippets/tjjm-gyms-data.liquid
New Braunfels BJJ	New Braunfels	TX	snippets/tjjm-gyms-data.liquid
Odessa BJJ	Odessa	TX	snippets/tjjm-gyms-data.liquid
Peak Performance	North Richland Hills	TX	snippets/tjjm-gyms-data.liquid
Reign Jiu Jitsu	Katy	TX	snippets/tjjm-gyms-data.liquid
Renzo Gracie Jiu Jitsu DFW	Hurst	TX	snippets/tjjm-gyms-data.liquid
Renzo Gracie Round Rock	Round Rock	TX	snippets/tjjm-gyms-data.liquid
Revolution Dojo	Houston	TX	snippets/tjjm-gyms-data.liquid
Roberto Kaelin BJJ	Keller	TX	snippets/tjjm-gyms-data.liquid
Rodrigo Pinheiro BJJ	San Antonio	TX	snippets/tjjm-gyms-data.liquid
San Marcos Jiu Jitsu	San Marcos	TX	snippets/tjjm-gyms-data.liquid
Sangue Novo FT / Gallos Prietos Jiu Jitsu	Laredo	TX	snippets/tjjm-gyms-data.liquid
Six Blades Austin	Austin	TX	snippets/tjjm-gyms-data.liquid
Six Blades Jiu-Jitsu Fort Worth	Fort Worth	TX	snippets/tjjm-gyms-data.liquid
Supreme Academy ATX	Austin	TX	snippets/tjjm-gyms-data.liquid
Travis Lutter MMA	Fort Worth	TX	snippets/tjjm-gyms-data.liquid
Tyler BJJ	Tyler	TX	snippets/tjjm-gyms-data.liquid
Waco BJJ	Waco	TX	snippets/tjjm-gyms-data.liquid
Alliance Jiu Jitsu St. George	St. George	UT	snippets/tjjm-gyms-data.liquid
Alliance Jiu Jitsu Utah	Salt Lake City	UT	snippets/tjjm-gyms-data.liquid
Cedar City BJJ	Cedar City	UT	snippets/tjjm-gyms-data.liquid
Gracie Barra Salt Lake City	Salt Lake City	UT	snippets/tjjm-gyms-data.liquid
Layton BJJ	Layton	UT	snippets/tjjm-gyms-data.liquid
Logan BJJ	Logan	UT	snippets/tjjm-gyms-data.liquid
Moab BJJ	Moab	UT	snippets/tjjm-gyms-data.liquid
Ogden BJJ	Ogden	UT	snippets/tjjm-gyms-data.liquid
Orem BJJ	Orem	UT	snippets/tjjm-gyms-data.liquid
Provo BJJ	Provo	UT	snippets/tjjm-gyms-data.liquid
Sandy BJJ	Sandy	UT	snippets/tjjm-gyms-data.liquid
SLC BJJ Academy	Salt Lake City	UT	snippets/tjjm-gyms-data.liquid
Vernal BJJ	Vernal	UT	snippets/tjjm-gyms-data.liquid
West Jordan BJJ	West Jordan	UT	snippets/tjjm-gyms-data.liquid
Alliance Jiu Jitsu Norfolk	Norfolk	VA	snippets/tjjm-gyms-data.liquid
Alliance Jiu Jitsu Virginia	Richmond	VA	snippets/tjjm-gyms-data.liquid
Blacksburg BJJ	Blacksburg	VA	snippets/tjjm-gyms-data.liquid
Charlottesville BJJ	Charlottesville	VA	snippets/tjjm-gyms-data.liquid
Chesapeake BJJ	Chesapeake	VA	snippets/tjjm-gyms-data.liquid
Crazy 88 BJJ Virginia	Alexandria	VA	snippets/tjjm-gyms-data.liquid
Danville BJJ Virginia	Danville	VA	snippets/tjjm-gyms-data.liquid
Harrisonburg BJJ	Harrisonburg	VA	snippets/tjjm-gyms-data.liquid
Lynchburg BJJ	Lynchburg	VA	snippets/tjjm-gyms-data.liquid
Newport News BJJ	Newport News	VA	snippets/tjjm-gyms-data.liquid
Richmond BJJ Academy	Richmond	VA	snippets/tjjm-gyms-data.liquid
Roanoke BJJ	Roanoke	VA	snippets/tjjm-gyms-data.liquid
Staunton BJJ	Staunton	VA	snippets/tjjm-gyms-data.liquid
Suffolk BJJ	Suffolk	VA	snippets/tjjm-gyms-data.liquid
Top Game Brazilian Jiu-Jitsu	Fairfax	VA	snippets/tjjm-gyms-data.liquid
Virginia Beach BJJ	Virginia Beach	VA	snippets/tjjm-gyms-data.liquid
Winchester BJJ	Winchester	VA	snippets/tjjm-gyms-data.liquid
Barre BJJ	Barre	VT	snippets/tjjm-gyms-data.liquid
Bennington BJJ	Bennington	VT	snippets/tjjm-gyms-data.liquid
Brattleboro BJJ	Brattleboro	VT	snippets/tjjm-gyms-data.liquid
Burlington Brazilian Jiu Jitsu	Burlington	VT	snippets/tjjm-gyms-data.liquid
Gracie Vermont	Montpelier	VT	snippets/tjjm-gyms-data.liquid
Green Mountain BJJ	Burlington	VT	snippets/tjjm-gyms-data.liquid
Montpelier BJJ	Montpelier	VT	snippets/tjjm-gyms-data.liquid
Northeast Kingdom BJJ	St. Johnsbury	VT	snippets/tjjm-gyms-data.liquid
Rutland BJJ	Rutland	VT	snippets/tjjm-gyms-data.liquid
Vermont BJJ	Burlington	VT	snippets/tjjm-gyms-data.liquid
White River BJJ	White River Junction	VT	snippets/tjjm-gyms-data.liquid
Alliance BJJ Lakewood	Lakewood	WA	snippets/tjjm-gyms-data.liquid
Alliance BJJ Spokane	Spokane	WA	snippets/tjjm-gyms-data.liquid
Auburn WA BJJ	Auburn	WA	snippets/tjjm-gyms-data.liquid
Bellingham BJJ	Bellingham	WA	snippets/tjjm-gyms-data.liquid
BJJ Olympia	Olympia	WA	snippets/tjjm-gyms-data.liquid
Bremerton BJJ	Bremerton	WA	snippets/tjjm-gyms-data.liquid
Breno Bittencourt BJJ	Yakima	WA	snippets/tjjm-gyms-data.liquid
Everett BJJ	Everett	WA	snippets/tjjm-gyms-data.liquid
Kirkland BJJ	Kirkland	WA	snippets/tjjm-gyms-data.liquid
Lynnwood BJJ	Lynnwood	WA	snippets/tjjm-gyms-data.liquid
Mount Vernon BJJ	Mount Vernon	WA	snippets/tjjm-gyms-data.liquid
Northwest Fighting Arts	Vancouver	WA	snippets/tjjm-gyms-data.liquid
Port Angeles BJJ	Port Angeles	WA	snippets/tjjm-gyms-data.liquid
Seattle BJJ	Seattle	WA	snippets/tjjm-gyms-data.liquid
Tacoma BJJ	Tacoma	WA	snippets/tjjm-gyms-data.liquid
Tri-Cities BJJ Washington	Kennewick	WA	snippets/tjjm-gyms-data.liquid
Warrior Camp Spokane	Spokane	WA	snippets/tjjm-gyms-data.liquid
Wenatchee BJJ	Wenatchee	WA	snippets/tjjm-gyms-data.liquid
Alliance BJJ Madison	Madison	WI	snippets/tjjm-gyms-data.liquid
Alliance Jiu Jitsu Wisconsin	Madison	WI	snippets/tjjm-gyms-data.liquid
Baraboo BJJ	Baraboo	WI	snippets/tjjm-gyms-data.liquid
Beaver Dam BJJ	Beaver Dam	WI	snippets/tjjm-gyms-data.liquid
Fluid Motion BJJ	Appleton	WI	snippets/tjjm-gyms-data.liquid
Fond du Lac BJJ	Fond du Lac	WI	snippets/tjjm-gyms-data.liquid
Fox Valley BJJ	Appleton	WI	snippets/tjjm-gyms-data.liquid
Janesville BJJ	Janesville	WI	snippets/tjjm-gyms-data.liquid
Kenosha BJJ	Kenosha	WI	snippets/tjjm-gyms-data.liquid
La Crosse BJJ	La Crosse	WI	snippets/tjjm-gyms-data.liquid
Madison BJJ	Madison	WI	snippets/tjjm-gyms-data.liquid
Manitowoc BJJ	Manitowoc	WI	snippets/tjjm-gyms-data.liquid
Marinette BJJ	Marinette	WI	snippets/tjjm-gyms-data.liquid
Milwaukee BJJ	Milwaukee	WI	snippets/tjjm-gyms-data.liquid
Neutral Ground Academy	Milwaukee	WI	snippets/tjjm-gyms-data.liquid
Oshkosh BJJ	Oshkosh	WI	snippets/tjjm-gyms-data.liquid
Rhinelander BJJ	Rhinelander	WI	snippets/tjjm-gyms-data.liquid
Sheboygan BJJ	Sheboygan	WI	snippets/tjjm-gyms-data.liquid
Superior BJJ	Superior	WI	snippets/tjjm-gyms-data.liquid
Waukesha BJJ	Waukesha	WI	snippets/tjjm-gyms-data.liquid
Wausau BJJ	Wausau	WI	snippets/tjjm-gyms-data.liquid
Wisconsin BJJ	Green Bay	WI	snippets/tjjm-gyms-data.liquid
Beckley BJJ	Beckley	WV	snippets/tjjm-gyms-data.liquid
Clarksburg BJJ	Clarksburg	WV	snippets/tjjm-gyms-data.liquid
Fairmont BJJ	Fairmont	WV	snippets/tjjm-gyms-data.liquid
Huntington BJJ	Huntington	WV	snippets/tjjm-gyms-data.liquid
Lewisburg BJJ	Lewisburg	WV	snippets/tjjm-gyms-data.liquid
Martinsburg BJJ	Martinsburg	WV	snippets/tjjm-gyms-data.liquid
Nitro BJJ	Nitro	WV	snippets/tjjm-gyms-data.liquid
Parkersburg BJJ	Parkersburg	WV	snippets/tjjm-gyms-data.liquid
West Virginia BJJ	Morgantown	WV	snippets/tjjm-gyms-data.liquid
Wheeling BJJ	Wheeling	WV	snippets/tjjm-gyms-data.liquid
Alliance Jiu Jitsu Wyoming	Laramie	WY	snippets/tjjm-gyms-data.liquid
Casper BJJ	Casper	WY	snippets/tjjm-gyms-data.liquid
Cheyenne BJJ	Cheyenne	WY	snippets/tjjm-gyms-data.liquid
Cody BJJ	Cody	WY	snippets/tjjm-gyms-data.liquid
Gillette BJJ	Gillette	WY	snippets/tjjm-gyms-data.liquid
Riverton BJJ	Riverton	WY	snippets/tjjm-gyms-data.liquid
Rock Springs BJJ	Rock Springs	WY	snippets/tjjm-gyms-data.liquid
Sheridan BJJ Wyoming	Sheridan	WY	snippets/tjjm-gyms-data.liquid
Wyoming Martial Arts	Jackson	WY	snippets/tjjm-gyms-data.liquid
East Coast Martial Arts	Annapolis	MD	snippets/tjjm-gyms-data-29.liquid
Kogen Dojo Self Defense Academy: Brazilian Jiu-Jitsu & Muay Thai	Annapolis	MD	snippets/tjjm-gyms-data-29.liquid
Team Randori Brazilian Jiu Jitsu Annapolis	Annapolis	MD	snippets/tjjm-gyms-data-29.liquid
Hero MMA Academy	Annapolis Junction	MD	snippets/tjjm-gyms-data-29.liquid
Kang's Mixed Martial Arts	Aspen Hill	MD	snippets/tjjm-gyms-data-29.liquid
Form Jiu Jitsu Academy	Baltimore	MD	snippets/tjjm-gyms-data-29.liquid
Foundation Jiu-Jitsu	Baltimore	MD	snippets/tjjm-gyms-data-29.liquid
Kanjizai Academy of Jiu-Jitsu	Baltimore	MD	snippets/tjjm-gyms-data-29.liquid
Prem1er Combat Academy	Baltimore	MD	snippets/tjjm-gyms-data-29.liquid
Rollstar Jiu Jitsu	Baltimore	MD	snippets/tjjm-gyms-data-29.liquid
Seigneury Dojo - Jujitsu, Judo & MMA Training	Baltimore	MD	snippets/tjjm-gyms-data-29.liquid
Zenyo Jiu Jitsu	Baltimore	MD	snippets/tjjm-gyms-data-29.liquid
Bel Air BJJ & MMA	Bel Air	MD	snippets/tjjm-gyms-data-29.liquid
Top Flight MMA Belcamp	Belcamp	MD	snippets/tjjm-gyms-data-29.liquid
College Park Mixed Martial Arts	Beltsville	MD	snippets/tjjm-gyms-data-29.liquid
Ascend Institute of Martial Arts	Bethesda	MD	snippets/tjjm-gyms-data-29.liquid
Danzan Ryu Jujitsu Academy	Bethesda	MD	snippets/tjjm-gyms-data-29.liquid
Southern Maryland Martial Arts & Fitness	Bryans Road	MD	snippets/tjjm-gyms-data-29.liquid
Lineage Brazilian Jiu Jitsu	California	MD	snippets/tjjm-gyms-data-29.liquid
Team Lloyd Irvin	Camp Springs	MD	snippets/tjjm-gyms-data-29.liquid
Baltimore Martial Arts Academy	Catonsville	MD	snippets/tjjm-gyms-data-29.liquid
Ronin Brazilian Jiu-Jitsu	Chester	MD	snippets/tjjm-gyms-data-29.liquid
Chevy Chase Jujitsu	Chevy Chase	MD	snippets/tjjm-gyms-data-29.liquid
FightCamp Thai Boxing	Cockeysville	MD	snippets/tjjm-gyms-data-29.liquid
Berwyn Heights Brazilian Jiu Jitsu	College Park	MD	snippets/tjjm-gyms-data-29.liquid
Inversion Martial Arts	Colora	MD	snippets/tjjm-gyms-data-29.liquid
Rising Tide Academy	Columbia	MD	snippets/tjjm-gyms-data-29.liquid
Bellicose Martial Arts	Crofton	MD	snippets/tjjm-gyms-data-29.liquid
Han Mi Martial Arts / Gracie Damascus	Damascus	MD	snippets/tjjm-gyms-data-29.liquid
MMA & Sport	Damascus	MD	snippets/tjjm-gyms-data-29.liquid
Royal Tiger Academy MMA Self Defense Martial arts	Damascus	MD	snippets/tjjm-gyms-data-29.liquid
Mid Shore Martial Arts	Easton	MD	snippets/tjjm-gyms-data-29.liquid
The Lab Martial Arts and Fitness Center	Easton	MD	snippets/tjjm-gyms-data-29.liquid
Practical MMA	Edgemere	MD	snippets/tjjm-gyms-data-29.liquid
Baltimore Mixed Martial Arts	Elkridge	MD	snippets/tjjm-gyms-data-29.liquid
Crazy 88 Mixed Martial Arts	Elkridge	MD	snippets/tjjm-gyms-data-29.liquid
Triple Threat BJJ	Elkton	MD	snippets/tjjm-gyms-data-29.liquid
Baltimore Brazilian Jiu Jitsu	Essex	MD	snippets/tjjm-gyms-data-29.liquid
Gracie Jiu-Jitsu Maryland (Finksburg)	Finksburg	MD	snippets/tjjm-gyms-data-29.liquid
Method Jiu-Jitsu	Forest Hill	MD	snippets/tjjm-gyms-data-29.liquid
Fort Washington United	Fort Washington	MD	snippets/tjjm-gyms-data-29.liquid
Bowerhouse Academy of Mixed Martial Arts	Frederick	MD	snippets/tjjm-gyms-data-29.liquid
Central Maryland Martial Arts	Frederick	MD	snippets/tjjm-gyms-data-29.liquid
Clinch Martial Arts Academy	Frederick	MD	snippets/tjjm-gyms-data-29.liquid
Groundswell MMA	Frederick	MD	snippets/tjjm-gyms-data-29.liquid
Ryoma Academy of Martial Arts	Frostburg	MD	snippets/tjjm-gyms-data-29.liquid
Alliance Jiu Jitsu Maryland	Gaithersburg	MD	snippets/tjjm-gyms-data-29.liquid
Culture of Jiu Jitsu	Gaithersburg	MD	snippets/tjjm-gyms-data-29.liquid
Infinite Fighting Concepts MMA	Gaithersburg	MD	snippets/tjjm-gyms-data-29.liquid
301 MMA & Fitness	Gambrills	MD	snippets/tjjm-gyms-data-29.liquid
Noel Smith Glen Burnie Brazilian Jiu-Jitsu	Glen Burnie	MD	snippets/tjjm-gyms-data-29.liquid
Shonen Jiu Jitsu	Glen Burnie	MD	snippets/tjjm-gyms-data-29.liquid
Hagerstown Brazilian Jiu Jitsu Academy	Hagerstown	MD	snippets/tjjm-gyms-data-29.liquid
Baltimore Gracie Jiu-Jitsu	Halethorpe	MD	snippets/tjjm-gyms-data-29.liquid
Global Martial Arts Academy	Hampstead	MD	snippets/tjjm-gyms-data-29.liquid
Cabrera Jiu Jitsu Academy	Hyattsville	MD	snippets/tjjm-gyms-data-29.liquid
Southern Maryland Martial Arts & Fitness	La Plata	MD	snippets/tjjm-gyms-data-29.liquid
2nd Gear BJJ	Laurel	MD	snippets/tjjm-gyms-data-29.liquid
Bams Martial Arts & Fitness	Laurel	MD	snippets/tjjm-gyms-data-29.liquid
Conquest Martial Arts & Fitness	Millersville	MD	snippets/tjjm-gyms-data-29.liquid
Underworld BJJ	Millersville	MD	snippets/tjjm-gyms-data-29.liquid
Mount Airy Jiu-Jitsu & MMA	Mt Airy	MD	snippets/tjjm-gyms-data-29.liquid
Grapple Academy Martial Arts	Nottingham	MD	snippets/tjjm-gyms-data-29.liquid
New Wave Martial Arts Perry Hall	Nottingham	MD	snippets/tjjm-gyms-data-29.liquid
Nomad Brazilian Jiu-Jitsu & MMA	Oakland	MD	snippets/tjjm-gyms-data-29.liquid
Gracie Ocean City	Ocean City	MD	snippets/tjjm-gyms-data-29.liquid
Synergy Martial Arts	Odenton	MD	snippets/tjjm-gyms-data-29.liquid
Ferocity Mixed Martial Arts	Owings Mills	MD	snippets/tjjm-gyms-data-29.liquid
Ground Control Owings Mills	Owings Mills	MD	snippets/tjjm-gyms-data-29.liquid
Stanley Combatives	Owings Mills	MD	snippets/tjjm-gyms-data-29.liquid
Potomac MMA	Potomac	MD	snippets/tjjm-gyms-data-29.liquid
Native Brazilian Jiu Jitsu	Rockville	MD	snippets/tjjm-gyms-data-29.liquid
Pure Performance Martial Arts Center	Rockville	MD	snippets/tjjm-gyms-data-29.liquid
Standard BJJ	Rockville	MD	snippets/tjjm-gyms-data-29.liquid
Ground Control Jiu-Jitsu Academy	Rosedale	MD	snippets/tjjm-gyms-data-29.liquid
Agoge Brazilian Jiu Jitsu	Severna Park	MD	snippets/tjjm-gyms-data-29.liquid
Kogen Dojo Self Defense Academy	Severna Park	MD	snippets/tjjm-gyms-data-29.liquid
Bartman MMA and Self-Defense	Silver Spring	MD	snippets/tjjm-gyms-data-29.liquid
Beltway Martial Arts	Silver Spring	MD	snippets/tjjm-gyms-data-29.liquid
Brazu Jiu Jitsu Academy	Silver Spring	MD	snippets/tjjm-gyms-data-29.liquid
Gracie Randallstown Jiu Jitsu in Hillandale	Silver Spring	MD	snippets/tjjm-gyms-data-29.liquid
Maguilla's BJJ Academy	Silver Spring	MD	snippets/tjjm-gyms-data-29.liquid
The Compound BJJ	Silver Spring	MD	snippets/tjjm-gyms-data-29.liquid
Calvert MMA Academy	Sunderland	MD	snippets/tjjm-gyms-data-29.liquid
Shaddock MMA Academy	Sykesville	MD	snippets/tjjm-gyms-data-29.liquid
Capital MMA & Elite Fitness	Takoma Park	MD	snippets/tjjm-gyms-data-29.liquid
Washington DC Brazilian Jiu Jitsu	Takoma Park	MD	snippets/tjjm-gyms-data-29.liquid
Infinity Jiu-jitsu Maryland	Timonium	MD	snippets/tjjm-gyms-data-29.liquid
Interactive Fitness Gym & MMA	Timonium	MD	snippets/tjjm-gyms-data-29.liquid
David Adams Jiujitsu	Towson	MD	snippets/tjjm-gyms-data-29.liquid
Team Maryland BJJ	Towson	MD	snippets/tjjm-gyms-data-29.liquid
American Martial Arts Gym	Waldorf	MD	snippets/tjjm-gyms-data-29.liquid
Royal Martial Arts	Waldorf	MD	snippets/tjjm-gyms-data-29.liquid
The Jiu-Jitsu Academy of Southern Maryland	White Plains	MD	snippets/tjjm-gyms-data-29.liquid
Vermilion Martial Arts Academy	Abbeville	LA	snippets/tjjm-gyms-data-13.liquid
Gracie Barra Amite	Amite City	LA	snippets/tjjm-gyms-data-13.liquid
Bayou Jiu Jitsu & Self Defense Baton Rouge	Baton Rouge	LA	snippets/tjjm-gyms-data-13.liquid
David Vincent's Martial Arts & Fitness	Baton Rouge	LA	snippets/tjjm-gyms-data-13.liquid
Gracie United Baton Rouge	Baton Rouge	LA	snippets/tjjm-gyms-data-13.liquid
Kimm's Institute of Self-Defense	Baton Rouge	LA	snippets/tjjm-gyms-data-13.liquid
UFC GYM Acadian, Baton Rouge	Baton Rouge	LA	snippets/tjjm-gyms-data-13.liquid
Belle Chasse Martial Arts	Belle Chasse	LA	snippets/tjjm-gyms-data-13.liquid
Bossier Jiu-Jitsu: Louisiana Black Belt Academy	Bossier City	LA	snippets/tjjm-gyms-data-13.liquid
Rogue 22 BJJ	Bossier City	LA	snippets/tjjm-gyms-data-13.liquid
SMAA/Soul Fighters SBC, Brazilian Jiu Jitsu	Bossier City	LA	snippets/tjjm-gyms-data-13.liquid
Stockwell Martial Arts Academy	Bossier City	LA	snippets/tjjm-gyms-data-13.liquid
Cyclone Brazilian Jiu Jitsu	Boutte	LA	snippets/tjjm-gyms-data-13.liquid
Gladiators Academy of Breaux Bridge	Breaux Bridge	LA	snippets/tjjm-gyms-data-13.liquid
Fight to Win Lafayette Jiu -Jitsu	Broussard	LA	snippets/tjjm-gyms-data-13.liquid
Louisiana Judo. Louisiana Muay Thai	Broussard	LA	snippets/tjjm-gyms-data-13.liquid
Hero Fitness Academy	Calhoun	LA	snippets/tjjm-gyms-data-13.liquid
Langston's Martial Arts	Central	LA	snippets/tjjm-gyms-data-13.liquid
Gracie United - Team Jucāo Chalmette	Chalmette	LA	snippets/tjjm-gyms-data-13.liquid
Gracie United Covington	Covington	LA	snippets/tjjm-gyms-data-13.liquid
Southern Karate Jiu-Jitsu	Covington	LA	snippets/tjjm-gyms-data-13.liquid
Gladiators Academy of Crowley	Crowley	LA	snippets/tjjm-gyms-data-13.liquid
Combat Athletics	Denham Springs	LA	snippets/tjjm-gyms-data-13.liquid
Excelsior Jiu-Jitsu Denham Springs	Denham Springs	LA	snippets/tjjm-gyms-data-13.liquid
Movement Fitness - Watson	Denham Springs	LA	snippets/tjjm-gyms-data-13.liquid
Wall To Wall Martial Arts	Denham Springs	LA	snippets/tjjm-gyms-data-13.liquid
Active Martial Arts	Gonzales	LA	snippets/tjjm-gyms-data-13.liquid
S.I.C.A. MMA and Krav Maga	Gonzales	LA	snippets/tjjm-gyms-data-13.liquid
DiBenedetto's Karate Jiu-Jitsu	Hammond	LA	snippets/tjjm-gyms-data-13.liquid
Gracie United Hammond	Hammond	LA	snippets/tjjm-gyms-data-13.liquid
Science of Jiu Jitsu Academy	Harvey	LA	snippets/tjjm-gyms-data-13.liquid
Blacklist Martial Arts	Houma	LA	snippets/tjjm-gyms-data-13.liquid
Body Elite Boxing & MMA	Houma	LA	snippets/tjjm-gyms-data-13.liquid
Evolution Training	Houma	LA	snippets/tjjm-gyms-data-13.liquid
Extreme Mix Martial Arts	Houma	LA	snippets/tjjm-gyms-data-13.liquid
Next Level Martial Arts of Houma	Houma	LA	snippets/tjjm-gyms-data-13.liquid
Reeds Elite Mixed Martial Arts	Jennings	LA	snippets/tjjm-gyms-data-13.liquid
Yonsei Martial Arts Academy	Kenner	LA	snippets/tjjm-gyms-data-13.liquid
GB Lake Charles	Lake Charles	LA	snippets/tjjm-gyms-data-13.liquid
Lake Area Brazilian Jiu-Jitsu	Lake Charles	LA	snippets/tjjm-gyms-data-13.liquid
PE Training Center	Lake Charles	LA	snippets/tjjm-gyms-data-13.liquid
Gracie United Team Jucao-Leesville	Leesville	LA	snippets/tjjm-gyms-data-13.liquid
Ground Zero Combat Sports Academy	Leesville	LA	snippets/tjjm-gyms-data-13.liquid
West Louisiana Jujutsu Training Academy	Leesville	LA	snippets/tjjm-gyms-data-13.liquid
Vida Jiu-Jitsu	Mandeville	LA	snippets/tjjm-gyms-data-13.liquid
Combat Jujitsu	Metairie	LA	snippets/tjjm-gyms-data-13.liquid
Legacy Fitness Factory	Metairie	LA	snippets/tjjm-gyms-data-13.liquid
Louisiana Martial Arts Academy	Metairie	LA	snippets/tjjm-gyms-data-13.liquid
Shogun	Metairie	LA	snippets/tjjm-gyms-data-13.liquid
Thanh Le's MMA at Moon College	Metairie	LA	snippets/tjjm-gyms-data-13.liquid
Pinnacle Martial Arts Academy	Monroe	LA	snippets/tjjm-gyms-data-13.liquid
Louisiana Black Belt Academy	Morgan City	LA	snippets/tjjm-gyms-data-13.liquid
GB Moss Bluff	Moss Bluff	LA	snippets/tjjm-gyms-data-13.liquid
Light City Martial Arts	Natchitoches	LA	snippets/tjjm-gyms-data-13.liquid
Progressive Martial Arts Training Center	New Iberia	LA	snippets/tjjm-gyms-data-13.liquid
Church's Karate & Kickboxing Academy	New Orleans	LA	snippets/tjjm-gyms-data-13.liquid
Forever Driven Martial Arts	New Orleans	LA	snippets/tjjm-gyms-data-13.liquid
Hayashi Judo School	New Orleans	LA	snippets/tjjm-gyms-data-13.liquid
NOLA BJJ Westbank	New Orleans	LA	snippets/tjjm-gyms-data-13.liquid
Temple Gym NOLA	New Orleans	LA	snippets/tjjm-gyms-data-13.liquid
Team Juggernaut Brazilian Jiu Jitsu & Fitness Academy	Opelousas	LA	snippets/tjjm-gyms-data-13.liquid
Gracie United Team Jucao Plaquemine	Plaquemine	LA	snippets/tjjm-gyms-data-13.liquid
Criterion Jiu Jitsu	Prairieville	LA	snippets/tjjm-gyms-data-13.liquid
Studio 334	Rayne	LA	snippets/tjjm-gyms-data-13.liquid
Ronin Martial Arts & Fitness	River Ridge	LA	snippets/tjjm-gyms-data-13.liquid
Triad Martial Arts Academy of Ruston	Ruston	LA	snippets/tjjm-gyms-data-13.liquid
Acadiana Jiu Jitsu	Scott	LA	snippets/tjjm-gyms-data-13.liquid
Carlos Machado Jiu Jitsu of Shreveport	Shreveport	LA	snippets/tjjm-gyms-data-13.liquid
Clementi's Gladiator Academy	Slidell	LA	snippets/tjjm-gyms-data-13.liquid
Premier Martial Arts Slidell	Slidell	LA	snippets/tjjm-gyms-data-13.liquid
Gracie Stonewall Jiu Jitsu Academy	Stonewall	LA	snippets/tjjm-gyms-data-13.liquid
Gracie United Jiu Jitsu - Lacombe	Sulphur	LA	snippets/tjjm-gyms-data-13.liquid
Indigo Brazilian Jiu Jitsu Sulphur	Sulphur	LA	snippets/tjjm-gyms-data-13.liquid
Olympic Brazilian Jiu Jitsu	Sulphur	LA	snippets/tjjm-gyms-data-13.liquid
Power Extreme Fitness Training Center	Terrytown	LA	snippets/tjjm-gyms-data-13.liquid
Guerrilla Jiu-Jitsu Thibodaux	Thibodaux	LA	snippets/tjjm-gyms-data-13.liquid
Inner Game Jiu-Jitsu	Ville Platte	LA	snippets/tjjm-gyms-data-13.liquid
Kron Gracie Jiu Jitsu West Monroe	West Monroe	LA	snippets/tjjm-gyms-data-13.liquid
Gladiators Academy of Youngsville	Youngsville	LA	snippets/tjjm-gyms-data-13.liquid
Gracie Jiu-Jitsu Youngsville	Youngsville	LA	snippets/tjjm-gyms-data-13.liquid
Zachary Martial Arts	Zachary	LA	snippets/tjjm-gyms-data-13.liquid
Flashback Martial Arts	Appleton	WI	snippets/tjjm-gyms-data-33.liquid
Gracie Jiu-Jitsu Appleton	Appleton	WI	snippets/tjjm-gyms-data-33.liquid
Metrics Martial Arts	Appleton	WI	snippets/tjjm-gyms-data-33.liquid
Resurgence MMA Appleton	Appleton	WI	snippets/tjjm-gyms-data-33.liquid
Team FVGC Brazilian Jiu-jitsu and Fitness	Appleton	WI	snippets/tjjm-gyms-data-33.liquid
Theory Jiu-Jitsu Studio	Appleton	WI	snippets/tjjm-gyms-data-33.liquid
BigWater BJJ	Ashland	WI	snippets/tjjm-gyms-data-33.liquid
Filipe Barbosa Brazilian Jiu-Jitsu	Baraboo	WI	snippets/tjjm-gyms-data-33.liquid
Third Heaven Martial Arts	Beaver Dam	WI	snippets/tjjm-gyms-data-33.liquid
Evolution Jiu Jitsu	Burlington	WI	snippets/tjjm-gyms-data-33.liquid
Strong Hold Athletics	DeForest	WI	snippets/tjjm-gyms-data-33.liquid
Veneration BJJ	Delavan	WI	snippets/tjjm-gyms-data-33.liquid
Valkyrie BJJ	Dousman	WI	snippets/tjjm-gyms-data-33.liquid
Combat Sports Academy - Eau Claire	Eau Claire	WI	snippets/tjjm-gyms-data-33.liquid
Ronin Fitness	Eau Claire	WI	snippets/tjjm-gyms-data-33.liquid
Fond du Lac Jiu-Jitsu Club	Fond du Lac	WI	snippets/tjjm-gyms-data-33.liquid
Defense Combatives DEFCOM Alpha Fort Atkinson	Fort Atkinson	WI	snippets/tjjm-gyms-data-33.liquid
44 Fitness & Martial Arts	Franklin	WI	snippets/tjjm-gyms-data-33.liquid
Pettis Martial Arts	Franklin	WI	snippets/tjjm-gyms-data-33.liquid
Neutral Ground Grafton Martial Arts	Grafton	WI	snippets/tjjm-gyms-data-33.liquid
Green Bay Jiu-Jitsu	Green Bay	WI	snippets/tjjm-gyms-data-33.liquid
Titletown MMA Academy	Green Bay	WI	snippets/tjjm-gyms-data-33.liquid
Fluid Jiu Jitsu	Greenfield	WI	snippets/tjjm-gyms-data-33.liquid
Lake Country Martial Arts	Hartland	WI	snippets/tjjm-gyms-data-33.liquid
Iron Works Training Center	Holmen	WI	snippets/tjjm-gyms-data-33.liquid
Midwest Center For Movement	Hudson	WI	snippets/tjjm-gyms-data-33.liquid
Olson's Martial Arts	Hudson	WI	snippets/tjjm-gyms-data-33.liquid
Atlas Martial Arts Club	Jackson	WI	snippets/tjjm-gyms-data-33.liquid
Fearless Mixed Martial Arts Academy	Janesville	WI	snippets/tjjm-gyms-data-33.liquid
New Element BJJ & Kickboxing	Janesville	WI	snippets/tjjm-gyms-data-33.liquid
Rothwell Mixed Martial Arts	Kenosha	WI	snippets/tjjm-gyms-data-33.liquid
Veritas Brazilian Jiu Jitsu	Kewaskum	WI	snippets/tjjm-gyms-data-33.liquid
Ironworks Driftless Academy	La Crosse	WI	snippets/tjjm-gyms-data-33.liquid
Devine Jiu-Jitsu Lake Geneva	Lake Geneva	WI	snippets/tjjm-gyms-data-33.liquid
Conquer Martial Arts	Little Chute	WI	snippets/tjjm-gyms-data-33.liquid
Damage Inc. Fight Club	Lodi	WI	snippets/tjjm-gyms-data-33.liquid
Alliance Jiu Jitsu of Madison	Madison	WI	snippets/tjjm-gyms-data-33.liquid
Fight Prime Training Center	Madison	WI	snippets/tjjm-gyms-data-33.liquid
Foundations BJJ Academy	Madison	WI	snippets/tjjm-gyms-data-33.liquid
Gracie Barra Madison	Madison	WI	snippets/tjjm-gyms-data-33.liquid
Journey Brazilian Jiu Jitsu Academy	Madison	WI	snippets/tjjm-gyms-data-33.liquid
MKG International Martial Arts Madison	Madison	WI	snippets/tjjm-gyms-data-33.liquid
Sanctuary Jiu-Jitsu	Madison	WI	snippets/tjjm-gyms-data-33.liquid
Team Curran Madison	Madison	WI	snippets/tjjm-gyms-data-33.liquid
Manitowoc Jiu Jitsu Academy	Manitowoc	WI	snippets/tjjm-gyms-data-33.liquid
Chosen Few Gym	McFarland	WI	snippets/tjjm-gyms-data-33.liquid
Pura Vida Menomonee Falls	Menomonee Falls	WI	snippets/tjjm-gyms-data-33.liquid
Elevation Jiu-Jitsu	Milwaukee	WI	snippets/tjjm-gyms-data-33.liquid
Free Form Jiu Jitsu	Milwaukee	WI	snippets/tjjm-gyms-data-33.liquid
Henry Matamoros Brazilian Jiu-Jitsu	Milwaukee	WI	snippets/tjjm-gyms-data-33.liquid
Neutral Ground - Milwaukee Bayview	Milwaukee	WI	snippets/tjjm-gyms-data-33.liquid
Neutral Ground - Milwaukee East Side	Milwaukee	WI	snippets/tjjm-gyms-data-33.liquid
Pura Vida BJJ & MMA	Milwaukee	WI	snippets/tjjm-gyms-data-33.liquid
Roufusport Mixed Martial Arts Academy	Milwaukee	WI	snippets/tjjm-gyms-data-33.liquid
Zero To 100 Fitness & MMA	Milwaukee	WI	snippets/tjjm-gyms-data-33.liquid
Fluid Motion Jiu Jitsu	Monroe	WI	snippets/tjjm-gyms-data-33.liquid
Academy Martial Arts	New London	WI	snippets/tjjm-gyms-data-33.liquid
Ascension Martial Arts	Oak Creek	WI	snippets/tjjm-gyms-data-33.liquid
Nova Gyms Martial Arts & Fitness	Oak Creek	WI	snippets/tjjm-gyms-data-33.liquid
Open Guard Brazilian Jiu Jitsu Gym	Oconomowoc	WI	snippets/tjjm-gyms-data-33.liquid
Impact Martial Arts	Oshkosh	WI	snippets/tjjm-gyms-data-33.liquid
Nova Gyms Martial Arts & Fitness - Pewaukee	Pewaukee	WI	snippets/tjjm-gyms-data-33.liquid
Ivy Jiu-Jitsu Academy	Platteville	WI	snippets/tjjm-gyms-data-33.liquid
Next Level Martial Arts	Portage	WI	snippets/tjjm-gyms-data-33.liquid
Groundwork Grappling	Rhinelander	WI	snippets/tjjm-gyms-data-33.liquid
Origin Brazilian Jiu Jitsu	Rice Lake	WI	snippets/tjjm-gyms-data-33.liquid
Seamless Progression Academy	Saukville	WI	snippets/tjjm-gyms-data-33.liquid
Premier Mixed Martial Arts	Schofield	WI	snippets/tjjm-gyms-data-33.liquid
Highland Fight Systems	Sheboygan	WI	snippets/tjjm-gyms-data-33.liquid
Neutral Ground Sheboygan BJJ	Sheboygan	WI	snippets/tjjm-gyms-data-33.liquid
Neutral Ground - South Milwaukee	South Milwaukee	WI	snippets/tjjm-gyms-data-33.liquid
CWB Fight Club	Stevens Point	WI	snippets/tjjm-gyms-data-33.liquid
Elite Team Wisconsin Jiu Jitsu	Stevens Point	WI	snippets/tjjm-gyms-data-33.liquid
Badgerland Jiu-Jitsu	Sun Prairie	WI	snippets/tjjm-gyms-data-33.liquid
Defense Combatives DEFCOM HQ	Watertown	WI	snippets/tjjm-gyms-data-33.liquid
Gracie Barra Waunakee	Waunakee	WI	snippets/tjjm-gyms-data-33.liquid
Rising Son MMA	Wausau	WI	snippets/tjjm-gyms-data-33.liquid
Sweeps Brazilian Jiu-Jitsu	Wautoma	WI	snippets/tjjm-gyms-data-33.liquid
360 Brazilian Jiu-Jitsu	Wauwatosa	WI	snippets/tjjm-gyms-data-33.liquid
Crossover Brazilian Jiu Jitsu Academy	Wauwatosa	WI	snippets/tjjm-gyms-data-33.liquid
Gracie Jiu-Jitsu Milwaukee	Wauwatosa	WI	snippets/tjjm-gyms-data-33.liquid
Wanderley Jiu Jitsu	Wauwatosa	WI	snippets/tjjm-gyms-data-33.liquid
Primal MKE MMA Gym & Fitness	West Allis	WI	snippets/tjjm-gyms-data-33.liquid
Neutral Ground West Bend	West Bend	WI	snippets/tjjm-gyms-data-33.liquid
Leadership Academy Martial Arts and Fitness	Woodruff	WI	snippets/tjjm-gyms-data-33.liquid
10th Planet Jiu Jitsu Decatur	Decatur	AL	snippets/tjjm-gyms-data-21.liquid
Parker Academy of Martial Arts	Parker	CO	snippets/tjjm-gyms-data-21.liquid
10th Planet Jiu Jitsu Denver	Wheat Ridge	CO	snippets/tjjm-gyms-data-21.liquid
Gracie Barra Fort Lauderdale	Fort Lauderdale	FL	snippets/tjjm-gyms-data-21.liquid
Renzo Gracie Ft. Lauderdale	Fort Lauderdale	FL	snippets/tjjm-gyms-data-21.liquid
Knuckle Up Martial Arts	Jacksonville	FL	snippets/tjjm-gyms-data-21.liquid
iQ Jiu-Jitsu	Benton	IL	snippets/tjjm-gyms-data-21.liquid
GB Bloomington	Bloomington	IL	snippets/tjjm-gyms-data-21.liquid
GB Twin Cities	Bloomington	IL	snippets/tjjm-gyms-data-21.liquid
GB Chicago West Loop	Chicago	IL	snippets/tjjm-gyms-data-21.liquid
Redzovic Jiu Jitsu Lincoln Square	Chicago	IL	snippets/tjjm-gyms-data-21.liquid
Renzo Gracie Chicago	Chicago	IL	snippets/tjjm-gyms-data-21.liquid
TDC MMA + Fitness	Chicago	IL	snippets/tjjm-gyms-data-21.liquid
Midwest Jiu Jitsu Academy	Quincy	IL	snippets/tjjm-gyms-data-21.liquid
GB Springfield	Springfield	IL	snippets/tjjm-gyms-data-21.liquid
Alliance Jiu Jitsu Henderson KY	Henderson	KY	snippets/tjjm-gyms-data-21.liquid
Team AFS MMA	Richmond	KY	snippets/tjjm-gyms-data-21.liquid
Aurora BJJ	Aurora	MO	snippets/tjjm-gyms-data-21.liquid
GB Columbia	Columbia	MO	snippets/tjjm-gyms-data-21.liquid
Gracie Humaita Kansas City	Kansas City	MO	snippets/tjjm-gyms-data-21.liquid
KiCK Martial Arts	Kansas City	MO	snippets/tjjm-gyms-data-21.liquid
10th Planet Kansas City	Kansas City	MO	snippets/tjjm-gyms-data-21.liquid
Gracie Barra Springfield Fight Club	Springfield	MO	snippets/tjjm-gyms-data-21.liquid
Art of Movement: MMA, BJJ & Fitness	Medford	NJ	snippets/tjjm-gyms-data-21.liquid
Martial Way MMA	Newton	NJ	snippets/tjjm-gyms-data-21.liquid
Brown Institute	Centerville	OH	snippets/tjjm-gyms-data-21.liquid
Leverage Brazilian Jiu-Jitsu	Cortland	OH	snippets/tjjm-gyms-data-21.liquid
Team Bundy Gracie Jiu-Jitsu	Warren	OH	snippets/tjjm-gyms-data-21.liquid
