region	source_code	name	city	stored_w	w_present	override_w	override_file	effective_w	link_state	stored_a	a_override	suppressed	src
AB	AB	Airdrie BJJ	Airdrie	https://airdriebjj.com	Y			https://airdriebjj.com	HAS_STORED			Y	snippets/tjjm-gyms-data.liquid
AB	AB	Airdrie Martial Arts Centre	Airdrie	https://airdriemartialartscentre.ca	Y			https://airdriemartialartscentre.ca	HAS_STORED	28 Gateway Drive, Airdrie, AB T4B 0J6			snippets/tjjm-gyms-data-42.liquid
AB	AB	Jiu-Jitsu For Life Airdrie	Airdrie	https://jiujitsuforlifeairdrie.com	Y			https://jiujitsuforlifeairdrie.com	HAS_STORED	46 Baysprings Way, Airdrie, AB T4B 4C4			snippets/tjjm-gyms-data-42.liquid
AB	AB	Ground Control Academy	Ardrossan	https://groundcontrolacademy.ca	Y			https://groundcontrolacademy.ca	HAS_STORED	60 First Ave, Ardrossan, AB T8E 2A2			snippets/tjjm-gyms-data-42.liquid
AB	AB	Banff BJJ	Banff	https://banffbjj.com	Y			https://banffbjj.com	HAS_STORED			Y	snippets/tjjm-gyms-data.liquid
AB	AB	Brooks BJJ	Brooks	https://brooksbjj.com	Y			https://brooksbjj.com	HAS_STORED			Y	snippets/tjjm-gyms-data.liquid
AB	AB	101 Academy	Calgary	https://101academy.ca/	Y			https://101academy.ca/	HAS_STORED	5192 80 Ave SE, Calgary, AB			snippets/tjjm-gyms-data-42.liquid
AB	AB	101 Academy Jiu Jitsu	Calgary	https://101academyjiujitsu.com	Y		websites-2		HAS_STORED+BLANKED|RENDERS_BLANK			Y	snippets/tjjm-gyms-data.liquid
AB	AB	Affinity Academy Nolan Hill	Calgary	https://affinityacademy.ca	Y			https://affinityacademy.ca	HAS_STORED	318 Nolanridge Cres NW Unit 320, Calgary, AB T3R 1W9			snippets/tjjm-gyms-data-42.liquid
AB	AB	Affinity Academy Varsity	Calgary	https://affinityacademy.ca	Y			https://affinityacademy.ca	HAS_STORED	5403 Crowchild Trail NW Unit 215, Calgary, AB T3B 4Z1			snippets/tjjm-gyms-data-42.liquid
AB	AB	Alavanca	Calgary	https://www.alavanca.ca	Y			https://www.alavanca.ca	HAS_STORED	209 16 Ave NE, Calgary, AB T2E 1J9			snippets/tjjm-gyms-data-42.liquid
AB	AB	Alliance BJJ Calgary	Calgary	https://www.alliancebjjcalgary.com/	Y			https://www.alliancebjjcalgary.com/	HAS_STORED	Deer Run Shopping Center, 1172 137 Avenue SE, Calgary, AB T2J 6N5			snippets/tjjm-gyms-data-42.liquid
AB	AB	Alliance Jiu Jitsu Calgary	Calgary	https://alliancejiujitsucalgary.com	Y		websites-2		HAS_STORED+BLANKED|RENDERS_BLANK			Y	snippets/tjjm-gyms-data.liquid
AB	AB	Angry Monkey MMA	Calgary	https://angrymonkeymma.com	Y			https://angrymonkeymma.com	HAS_STORED			Y	snippets/tjjm-gyms-data.liquid
AB	AB	Arashi-Do Martial Arts Calgary NE Deerfoot McCall Lake	Calgary	https://arashido.com/location/calgary-deerfoot-north/	Y			https://arashido.com/location/calgary-deerfoot-north/	HAS_STORED	1120 53 Ave NE Unit 101C, Calgary, AB T2E 6N9			snippets/tjjm-gyms-data-42.liquid
AB	AB	Arashi-Do Martial Arts Calgary SE Deerfoot Douglasdale	Calgary	https://arashido.com/location/calgary-deerfoot-south-douglasdale/	Y			https://arashido.com/location/calgary-deerfoot-south-douglasdale/	HAS_STORED	252-11488 24 Street SE, Calgary, AB T2Z 4C9			snippets/tjjm-gyms-data-42.liquid
AB	AB	Arashi-Do Martial Arts Calgary SW Rutland Park	Calgary	https://arashido.com/location/calgary-south-rutland-park/	Y			https://arashido.com/location/calgary-south-rutland-park/	HAS_STORED	3130 40 Avenue SW, Calgary, AB T3E 4T2			snippets/tjjm-gyms-data-42.liquid
AB	AB	Arashi-Do Martial Arts Calgary South Acadia	Calgary	https://arashido.com/location/calgary-south-acadia/	Y			https://arashido.com/location/calgary-south-acadia/	HAS_STORED	8318 Fairmount Drive SE, Calgary, AB T2H 0Y8			snippets/tjjm-gyms-data-42.liquid
AB	AB	Arashi-Do Martial Arts Calgary West Springbank	Calgary	https://arashido.com/location/calgary-west-springbank/	Y			https://arashido.com/location/calgary-west-springbank/	HAS_STORED	250021 Mountain View Trail Bay D, Calgary, AB T3Z 3S3			snippets/tjjm-gyms-data-42.liquid
AB	AB	Authentic Jiu Jitsu	Calgary	https://authenticjiujitsu.com	Y			https://authenticjiujitsu.com	HAS_STORED	3616 52 Ave NW, Calgary, AB T2L 1V9			snippets/tjjm-gyms-data-42.liquid
AB	AB	Carlson Gracie Calgary	Calgary	https://www.carlsongraciecalgary.com	Y			https://www.carlsongraciecalgary.com	HAS_STORED	7060 Farrell Road SE Bay D, Calgary, AB T2H 0T2			snippets/tjjm-gyms-data-42.liquid
AB	AB	Champion's Creed Martial Arts North	Calgary	https://championscreed.ca	Y			https://championscreed.ca	HAS_STORED	Unit 13, 5720 Silver Springs Blvd NW, Calgary, AB T3B 4N7			snippets/tjjm-gyms-data-42.liquid
AB	AB	Champion's Creed Martial Arts South	Calgary	https://championscreed.ca/	Y			https://championscreed.ca/	HAS_STORED	119 42 Ave SW, Calgary, AB T2G 1Y2			snippets/tjjm-gyms-data-42.liquid
AB	AB	Dynamic MMA Calgary	Calgary	https://www.dynamicmma.ca	Y			https://www.dynamicmma.ca	HAS_STORED	1237 45 Ave NE, Calgary, AB T2E 2P2			snippets/tjjm-gyms-data-42.liquid
AB	AB	Elite Martial Arts Calgary	Calgary	https://elitemartialarts.ca	Y	https://calgarymartialarts.com	websites-2	https://calgarymartialarts.com	HAS_STORED+REPOINTED		4750 106 Ave SE, Calgary, AB T2C 3G5		snippets/tjjm-gyms-data.liquid
AB	AB	Gracie Barra Calgary	Calgary	https://graciebarracalgary.ca	Y			https://graciebarracalgary.ca	HAS_STORED	10 - 8989 Macleod Trail SW, Calgary, AB T2H 0M2			snippets/tjjm-gyms-data-42.liquid
AB	AB	JR Academy	Calgary	https://www.jracademy.co	Y			https://www.jracademy.co	HAS_STORED	6031 3 St SE, Calgary, AB T2H 1K3			snippets/tjjm-gyms-data-42.liquid
AB	AB	Main Quest BJJ	Calgary	https://mainquestbjj.com	Y			https://mainquestbjj.com	HAS_STORED	5, 6020 1A Street SW, Calgary, AB T2H 0G3			snippets/tjjm-gyms-data-42.liquid
AB	AB	Rocky Mountain Brazilian Jiu Jitsu	Calgary	https://rockymountainbjj.com	Y			https://rockymountainbjj.com	HAS_STORED	6419 Bowness Road NW Second Level, Calgary, AB T3B 0E6			snippets/tjjm-gyms-data-42.liquid
AB	AB	Straight Blast Gym Calgary	Calgary	https://sbgcalgary.com	Y			https://sbgcalgary.com	HAS_STORED				snippets/tjjm-gyms-data.liquid
AB	AB	The Old Way Jiu-Jitsu	Calgary	https://www.theoldwayjiujitsu.com	Y			https://www.theoldwayjiujitsu.com	HAS_STORED	Unit 150, 10233 Elbow Drive SW, Calgary, AB T2W 1E8			snippets/tjjm-gyms-data-42.liquid
AB	AB	Tried & True Jiu Jitsu	Calgary	https://triedandtruejj.ca	Y			https://triedandtruejj.ca	HAS_STORED	7056 Philips Court, 7056 Farrell Rd SE, Calgary, AB T2H 0T2			snippets/tjjm-gyms-data-42.liquid
AB	AB	Upper Academy & Alliance Brazilian Jiu-Jitsu	Calgary	https://upperacademy.ca	Y			https://upperacademy.ca	HAS_STORED	2020 32 Avenue NE Bay I, Calgary, AB T2E 6T4			snippets/tjjm-gyms-data-42.liquid
AB	AB	YYC Brazilian Jiu Jitsu	Calgary	https://yycbjj.com	Y	https://www.yycbjj.ca	websites-2	https://www.yycbjj.ca	HAS_STORED+REPOINTED		205-3507 17 Ave SW, Calgary, AB T3E 0B6		snippets/tjjm-gyms-data.liquid
AB	AB	Camrose BJJ	Camrose	https://camrosebjj.com	Y			https://camrosebjj.com	HAS_STORED			Y	snippets/tjjm-gyms-data.liquid
AB	AB	Dark Horse Martial Arts	Canmore	https://darkhorsemartialarts.ca/	Y			https://darkhorsemartialarts.ca/	HAS_STORED	306 Bow Valley Trail, Canmore, AB T1W 0N2			snippets/tjjm-gyms-data-42.liquid
AB	AB	Arashi-Do Martial Arts Cochrane	Cochrane	https://arashido.com/location/cochrane/	Y			https://arashido.com/location/cochrane/	HAS_STORED	4105, 101 Sunset Dr, Cochrane, AB T4C 0B4			snippets/tjjm-gyms-data-42.liquid
AB	AB	Cochrane BJJ	Cochrane	https://cochranebjj.com	Y			https://cochranebjj.com	HAS_STORED			Y	snippets/tjjm-gyms-data.liquid
AB	AB	Arashi-Do Martial Arts Edmonton East	Edmonton	https://arashido.com/location/edmonton-east/	Y			https://arashido.com/location/edmonton-east/	HAS_STORED	12127 54th St., Edmonton, AB T5W 3N4			snippets/tjjm-gyms-data-42.liquid
AB	AB	Arashi-Do Martial Arts Edmonton North	Edmonton	https://arashido.com/location/edmonton-north/	Y			https://arashido.com/location/edmonton-north/	HAS_STORED	12730 St Albert Trail NW, Edmonton, AB T5L 4S5			snippets/tjjm-gyms-data-42.liquid
AB	AB	Arashi-Do Martial Arts Edmonton South	Edmonton	https://arashido.com/location/edmonton-south/	Y			https://arashido.com/location/edmonton-south/	HAS_STORED	1803 91 St SW Unit 116, Edmonton, AB T6X 0W8			snippets/tjjm-gyms-data-42.liquid
AB	AB	Arashi-Do Martial Arts Edmonton West Mayfield	Edmonton	https://arashido.com/location/edmonton-west-mayfield/	Y			https://arashido.com/location/edmonton-west-mayfield/	HAS_STORED	17885 106A Ave NW, Edmonton, AB T5S 1V8			snippets/tjjm-gyms-data-42.liquid
AB	AB	Bairro Brazilian Jiu-Jitsu Academy	Edmonton	https://bairro.ca	Y			https://bairro.ca	HAS_STORED	10542 106 St, Edmonton, AB T5H 2X6			snippets/tjjm-gyms-data-42.liquid
AB	AB	Bairro Martial Arts Academy South	Edmonton	https://bairro.ca	Y			https://bairro.ca	HAS_STORED	5222 86 St NW, Edmonton, AB T6E 5J6			snippets/tjjm-gyms-data-42.liquid
AB	AB	Black Sails Brazilian Jiu Jitsu	Edmonton	https://www.blacksailsbjj.com	Y			https://www.blacksailsbjj.com	HAS_STORED	9746 54 Ave NW, Edmonton, AB T6E 0A9			snippets/tjjm-gyms-data-42.liquid
AB	AB	Bravé MMA and Fitness	Edmonton	https://bravemmaandfitness.com	Y			https://bravemmaandfitness.com	HAS_STORED	10023 168 St NW, Edmonton, AB T5P 3W9			snippets/tjjm-gyms-data-42.liquid
AB	AB	Edmonton BJJ	Edmonton	https://edmontonbjj.com	Y			https://edmontonbjj.com	HAS_STORED				snippets/tjjm-gyms-data.liquid
AB	AB	Edmonton Gracie Jiu-Jitsu	Edmonton	https://edmontongraciejiujitsu.com/	Y			https://edmontongraciejiujitsu.com/	HAS_STORED	5637 Riverbend Road NW, Edmonton, AB T6H 5K4			snippets/tjjm-gyms-data-42.liquid
AB	AB	Elite Taekwondo and Brazilian Jiu Jitsu	Edmonton	https://eliteedmonton.ca	Y			https://eliteedmonton.ca	HAS_STORED	9831 45 Ave NW, Edmonton, AB T6E 5C8			snippets/tjjm-gyms-data-42.liquid
AB	AB	Gracie Barra Edmonton	Edmonton	https://graciebarra.com/edmonton-alberta-canada/	Y			https://graciebarra.com/edmonton-alberta-canada/	HAS_STORED	11500 170 St NW, Edmonton, AB T5S 1J7			snippets/tjjm-gyms-data-42.liquid
AB	AB	Kamikaze Punishment Foundation	Edmonton	https://www.kpfit.ca	Y			https://www.kpfit.ca	HAS_STORED	12034 Fort Rd NW, Edmonton, AB T5B 4H1			snippets/tjjm-gyms-data-42.liquid
AB	AB	Kazoku BJJ	Edmonton	https://kazokubjj.ca/	Y			https://kazokubjj.ca/	HAS_STORED	4359 68 Ave NW, Edmonton, AB T6B 2N2			snippets/tjjm-gyms-data-42.liquid
AB	AB	Munduruca North Edmonton BJJ	Edmonton	https://northedmontonbjj.com	Y			https://northedmontonbjj.com	HAS_STORED	14809 Yellowhead Trail, Edmonton, AB T5L 3C4			snippets/tjjm-gyms-data-42.liquid
AB	AB	SBG Edmonton	Edmonton	https://www.straightblastgymedmonton.com	Y			https://www.straightblastgymedmonton.com	HAS_STORED	11714 82 Street Northwest, Edmonton, AB T5B 2V9			snippets/tjjm-gyms-data-42.liquid
AB	AB	The Ludus Martial Arts Academy	Edmonton	https://www.ludusmartialarts.ca	Y			https://www.ludusmartialarts.ca	HAS_STORED	9547 42 Ave NW, Edmonton, AB T6E 5R2			snippets/tjjm-gyms-data-42.liquid
AB	AB	Wolfhouse MMA Edmonton	Edmonton	https://wolfhousemma.com	Y			https://wolfhousemma.com	HAS_STORED				snippets/tjjm-gyms-data.liquid
AB	AB	Arashi-Do Martial Arts Edson	Edson	https://arashido.com/location/edson/	Y			https://arashido.com/location/edson/	HAS_STORED	5023 4 Ave, Edson, AB T7E 1T3			snippets/tjjm-gyms-data-42.liquid
AB	AB	Fort McMurray BJJ	Fort McMurray	https://fortmcmurraybjj.com	Y			https://fortmcmurraybjj.com	HAS_STORED			Y	snippets/tjjm-gyms-data.liquid
AB	AB	Grande Prairie BJJ	Grande Prairie	https://grandeprairebjj.com	Y			https://grandeprairebjj.com	HAS_STORED			Y	snippets/tjjm-gyms-data.liquid
AB	AB	Heiho Dojo	Grande Prairie	https://www.heihodojo.ca	Y			https://www.heihodojo.ca	HAS_STORED	10015 100 Ave, Grande Prairie, AB T8V 0V2			snippets/tjjm-gyms-data-42.liquid
AB	AB	The Komodo Academy	Grande Prairie	https://www.thekomodoacademy.com/	Y			https://www.thekomodoacademy.com/	HAS_STORED	10016 110 Avenue, Grande Prairie, AB			snippets/tjjm-gyms-data-42.liquid
AB	AB	Arashi-Do Martial Arts Hinton	Hinton	https://arashido.com/location/hinton/	Y			https://arashido.com/location/hinton/	HAS_STORED	127 Athabasca Ave, Hinton, AB T7V 2A4			snippets/tjjm-gyms-data-42.liquid
AB	AB	Arashi-Do Martial Arts Leduc	Leduc	https://arashido.com/location/leduc/	Y			https://arashido.com/location/leduc/	HAS_STORED	207-6051B 47 St., Leduc, AB T9E 7A5			snippets/tjjm-gyms-data-42.liquid
AB	AB	Canadian Martial Arts Centre	Lethbridge	https://cmcmma.com	Y			https://cmcmma.com	HAS_STORED	3307 3 Ave S, Lethbridge, AB			snippets/tjjm-gyms-data-42.liquid
AB	AB	Gracie Barra Lethbridge	Lethbridge	https://gblethbridge.com	Y			https://gblethbridge.com	HAS_STORED	731 30 St N Unit 10, Lethbridge, AB			snippets/tjjm-gyms-data-42.liquid
AB	AB	Lethbridge BJJ	Lethbridge	https://lethbridgebjj.com	Y			https://lethbridgebjj.com	HAS_STORED			Y	snippets/tjjm-gyms-data.liquid
AB	AB	Progressive Fighting Academy	Lethbridge	https://pfakickboxing.com/	Y			https://pfakickboxing.com/	HAS_STORED	1720 2 Avenue South, Lethbridge, AB			snippets/tjjm-gyms-data-42.liquid
AB	AB	Medicine Hat BJJ	Medicine Hat	https://medicinehatbjj.com	Y			https://medicinehatbjj.com	HAS_STORED			Y	snippets/tjjm-gyms-data.liquid
AB	AB	Resilience Brazilian Jiu Jitsu	Medicine Hat	https://www.rbjj.ca	Y			https://www.rbjj.ca	HAS_STORED	640 Kingsway Ave SE, Medicine Hat, AB T1A 2W9			snippets/tjjm-gyms-data-42.liquid
AB	AB	Okotoks BJJ	Okotoks	https://okotoksbjj.com	Y			https://okotoksbjj.com	HAS_STORED				snippets/tjjm-gyms-data.liquid
AB	AB	Arashi-Do Martial Arts Olds	Olds	https://arashido.com/location/olds/	Y			https://arashido.com/location/olds/	HAS_STORED	4806 50 Ave., Olds, AB T4H 1P5			snippets/tjjm-gyms-data-42.liquid
AB	AB	Arashi-Do Martial Arts Penhold	Penhold	https://arashido.com/location/penhold/	Y			https://arashido.com/location/penhold/	HAS_STORED	108 - 9 Hawkridge Blvd, Penhold, AB T0M 1R0			snippets/tjjm-gyms-data-42.liquid
AB	AB	Arashi-Do Martial Arts Red Deer	Red Deer	https://arashido.com/location/red-deer/	Y			https://arashido.com/location/red-deer/	HAS_STORED	Unit 104, 179 Clearview Drive, Red Deer County, AB T4E 0A1			snippets/tjjm-gyms-data-42.liquid
AB	AB	KENSEI MMA	Red Deer	https://www.kensei.ca/	Y			https://www.kensei.ca/	HAS_STORED	4768 Riverside Dr Unit 2, Red Deer, AB T4P 1M6			snippets/tjjm-gyms-data-42.liquid
AB	AB	Red Deer BJJ	Red Deer	https://reddeerbjj.com	Y			https://reddeerbjj.com	HAS_STORED			Y	snippets/tjjm-gyms-data.liquid
AB	AB	Arashi-Do Martial Arts Sherwood Park	Sherwood Park	https://arashido.com/location/sherwood-park/	Y			https://arashido.com/location/sherwood-park/	HAS_STORED	38 Sioux Rd, Sherwood Park, AB T8A 4X1			snippets/tjjm-gyms-data-42.liquid
AB	AB	Frontline Academy Canada	Sherwood Park	https://frontlinebjj.com	Y			https://frontlinebjj.com	HAS_STORED	214 Sioux Road, Sherwood Park, AB T8A 3X5			snippets/tjjm-gyms-data-42.liquid
AB	AB	Sherwood Park BJJ	Sherwood Park	https://sherwoodparkbjj.com	Y			https://sherwoodparkbjj.com	HAS_STORED			Y	snippets/tjjm-gyms-data.liquid
AB	AB	Black Gold Jiu-Jitsu Academy	Spruce Grove	https://www.blackgoldbjj.com	Y			https://www.blackgoldbjj.com	HAS_STORED	123 - 20 Westwind Drive, Spruce Grove, AB T7X 2E3			snippets/tjjm-gyms-data-42.liquid
AB	AB	Complete Fitness and Martial Arts	St. Albert	https://www.stalbertmartialarts.com	Y			https://www.stalbertmartialarts.com	HAS_STORED	40 Chisholm Ave Unit 60, St. Albert, AB T8N 7K6			snippets/tjjm-gyms-data-42.liquid
AB	AB	Hayabusa Training Centre	St. Albert	https://hayabusatrainingcentre.com/	Y			https://hayabusatrainingcentre.com/	HAS_STORED	175 Carleton Drive Suite 150, St. Albert, AB T8N 4J9			snippets/tjjm-gyms-data-42.liquid
AB	AB	Ironside Martial Arts St. Albert	St. Albert	https://ironsidemartialarts.ca	Y			https://ironsidemartialarts.ca	HAS_STORED	135 - 44 Riel Drive, St. Albert, AB T8N 3Z8			snippets/tjjm-gyms-data-42.liquid
AB	AB	Limitless BJJ Edmonton	St. Albert	https://limitlessbjjedmonton.com	Y			https://limitlessbjjedmonton.com	HAS_STORED	215 Carnegie Dr #2, St. Albert, AB T8N 5B1			snippets/tjjm-gyms-data-42.liquid
AB	AB	Phoenix Martial Arts Club	St. Albert	https://phoenixmartialarts.ca	Y	https://phoenixmartialartsclub.ca	websites-2	https://phoenixmartialartsclub.ca	HAS_STORED+REPOINTED		215 Carnegie Drive Unit 7, St. Albert, AB T8N 5B1		snippets/tjjm-gyms-data.liquid
AB	AB	The Dojo MMA	St. Albert	https://thedojomma.com	Y			https://thedojomma.com	HAS_STORED	125 Carleton Drive Unit 204, St. Albert, AB T8N 3S6			snippets/tjjm-gyms-data-42.liquid
AB	AB	Arashi-Do Martial Arts Sylvan Lake	Sylvan Lake	https://arashido.com/location/sylvan-lake/	Y			https://arashido.com/location/sylvan-lake/	HAS_STORED	Unit 4, 14 Thevanaz Industrial Trail, Sylvan Lake, AB T4S 2J5			snippets/tjjm-gyms-data-42.liquid
AB	AB	Wetaskiwin BJJ	Wetaskiwin	https://wetaskiwinbjj.com	Y			https://wetaskiwinbjj.com	HAS_STORED			Y	snippets/tjjm-gyms-data.liquid
AK	AK	Anchorage Brazilian Jui-Jitsu	Anchorage	https://www.anchoragebjj.com/	Y			https://www.anchoragebjj.com/	HAS_STORED		113 W Northern Lights Blvd		snippets/tjjm-gyms-data.liquid
AK	AK	Anchorage Grappling Academy	Anchorage	https://www.anchoragegrapplingcoop.com/	Y			https://www.anchoragegrapplingcoop.com/	HAS_STORED		1300 E 68th Ave Unit 109		snippets/tjjm-gyms-data.liquid
AK	AK	Arctic Warrior Brazilian Jiu-Jitsu	Anchorage	https://www.facebook.com/jberbjj/	Y			https://www.facebook.com/jberbjj/	HAS_STORED		802 N Warehouse St Bay 12	Y	snippets/tjjm-gyms-data.liquid
AK	AK	Crazy Monkey Alaska	Anchorage	https://crazymonkeyalaska.com/	Y			https://crazymonkeyalaska.com/	HAS_STORED				snippets/tjjm-gyms-data.liquid
AK	AK	Eclipse Martial Arts	Anchorage	https://eclipsemartialartsak.com/	Y			https://eclipsemartialartsak.com/	HAS_STORED			Y	snippets/tjjm-gyms-data.liquid
AK	AK	Gracie Barra - Jiu Jitsu	Anchorage	https://graciebarra.com/	Y			https://graciebarra.com/	HAS_STORED			Y	snippets/tjjm-gyms-data.liquid
AK	AK	Greatland Martial Arts	Anchorage	https://www.facebook.com/GreatlandMartialArts/	Y			https://www.facebook.com/GreatlandMartialArts/	HAS_STORED			Y	snippets/tjjm-gyms-data.liquid
AK	AK	Krav Maga Anchorage	Anchorage	https://www.kravmagaanc.com/	Y			https://www.kravmagaanc.com/	HAS_STORED			Y	snippets/tjjm-gyms-data.liquid
AK	AK	Legacy Jiu Jitsu	Anchorage	https://www.legacyjiujitsuak.com/	Y			https://www.legacyjiujitsuak.com/	HAS_STORED				snippets/tjjm-gyms-data.liquid
AK	AK	Shoshin Ryu	Anchorage	https://www.shoshinryu.org/about	Y			https://www.shoshinryu.org/about	HAS_STORED			Y	snippets/tjjm-gyms-data.liquid
AK	AK	Tonbo Dojo - Alaska Samurai Arts	Big Lake	https://www.facebook.com/AlaskaSamuraiArts	Y			https://www.facebook.com/AlaskaSamuraiArts	HAS_STORED			Y	snippets/tjjm-gyms-data.liquid
AK	AK	The Sword BJJ	Eagle River	https://www.theswordbjj.com/	Y			https://www.theswordbjj.com/	HAS_STORED				snippets/tjjm-gyms-data.liquid
AK	AK	Alaska Krav Maga & Fitness (BJJ program)	Fairbanks	https://akkravmaga.com/programs/brazilian-jiu-jitsu	Y			https://akkravmaga.com/programs/brazilian-jiu-jitsu	HAS_STORED	3501 Lathrop Street Suite D, Fairbanks, AK 99701			snippets/tjjm-gyms-data-44.liquid
AK	AK	Frostbite Vale-tudo	Fairbanks	https://frostbitevaletudo.com/	Y			https://frostbitevaletudo.com/	HAS_STORED				snippets/tjjm-gyms-data.liquid
AK	AK	Revolution BJJ	Fairbanks	https://revolutionalaska.com/	Y			https://revolutionalaska.com/	HAS_STORED				snippets/tjjm-gyms-data.liquid
AK	AK	The International Karate Association & College of the Martial Arts	Fairbanks	https://www.ikaalaska.com/	Y			https://www.ikaalaska.com/	HAS_STORED			Y	snippets/tjjm-gyms-data.liquid
AK	AK	Tribe Jiujitsu Academy	Fairbanks	https://tribebjj.net/?utm_campaign=gmb	Y			https://tribebjj.net/?utm_campaign=gmb	HAS_STORED				snippets/tjjm-gyms-data.liquid
AK	AK	Evolution Jiu Jitsu	Juneau	https://evojj.com/	Y			https://evojj.com/	HAS_STORED				snippets/tjjm-gyms-data.liquid
AK	AK	Ketchikan Jiu-Jitsu	Ketchikan	http://www.ketchikanbjj.com/	Y			http://www.ketchikanbjj.com/	HAS_STORED				snippets/tjjm-gyms-data.liquid
AK	AK	Gracie Jiu-Jitsu North Pole	North Pole	https://www.gracieuniversity.com/Pages/Public/AffiliateDetail	Y			https://www.gracieuniversity.com/Pages/Public/AffiliateDetail	HAS_STORED				snippets/tjjm-gyms-data-44.liquid
AK	AK	Team Caique Jiu-Jitsu Alaska	Palmer	https://cjjusaalaska.com/	Y			https://cjjusaalaska.com/	HAS_STORED				snippets/tjjm-gyms-data.liquid
AK	AK	AK-49 Martial Arts	Soldotna	https://www.ak49martialarts.com/	Y			https://www.ak49martialarts.com/	HAS_STORED				snippets/tjjm-gyms-data.liquid
AK	AK	Alaska Center For The Martial Arts	Wasilla	https://akmartialarts.com/	Y			https://akmartialarts.com/	HAS_STORED			Y	snippets/tjjm-gyms-data.liquid
AK	AK	Shoshindo of Alaska	Wasilla	https://www.facebook.com/ShoshindoOfAK	Y			https://www.facebook.com/ShoshindoOfAK	HAS_STORED			Y	snippets/tjjm-gyms-data.liquid
AL	AL	Ultimate MMA	Albertville		N				NO_W_KEY|RENDERS_BLANK	7020 US-431			snippets/tjjm-gyms-data-18.liquid
AL	AL	Valhalla Jiu-Jitsu & MMA	Alexandria	https://www.valhallamartialarts.com/	Y			https://www.valhallamartialarts.com/	HAS_STORED				snippets/tjjm-gyms-data.liquid
AL	AL	Anniston BJJ	Anniston	https://annistonbjj.com	Y			https://annistonbjj.com	HAS_STORED			Y	snippets/tjjm-gyms-data.liquid
AL	AL	GB Anniston	Anniston	https://getevolutionfit.com	Y			https://getevolutionfit.com	HAS_STORED	905 Noble Street			snippets/tjjm-gyms-data-18.liquid
AL	AL	Athens Jiu Jitsu	Athens	https://www.athensjiujitsu.info/	Y		websites-2		HAS_STORED+BLANKED|RENDERS_BLANK				snippets/tjjm-gyms-data.liquid
AL	AL	WuDang Martial Arts Center	Athens	https://wudangcenter.com/	Y			https://wudangcenter.com/	HAS_STORED			Y	snippets/tjjm-gyms-data.liquid
AL	AL	Auburn Jiu Jitsu	Auburn	https://auburn-jiujitsu.com/	Y			https://auburn-jiujitsu.com/	HAS_STORED				snippets/tjjm-gyms-data.liquid
AL	AL	Auburn MMA	Auburn	http://www.auburnmma.com/	Y			http://www.auburnmma.com/	HAS_STORED	2515 East Glenn commerce Park # 204			snippets/tjjm-gyms-data-18.liquid
AL	AL	10th Planet Birmingham	Birmingham	https://mmabirmingham.com/	Y			https://mmabirmingham.com/	HAS_STORED				snippets/tjjm-gyms-data.liquid
AL	AL	Fight Club Fitness, LLC	Birmingham	https://mmabirmingham.com/Contact	Y			https://mmabirmingham.com/Contact	HAS_STORED				snippets/tjjm-gyms-data.liquid
AL	AL	GB Birmingham	Birmingham	https://gbbhamusa.com	Y			https://gbbhamusa.com	HAS_STORED	4401 4th Ave S			snippets/tjjm-gyms-data-18.liquid
AL	AL	Gracie Barra Greystone	Birmingham	http://www.graciebarragreystone.com	Y			http://www.graciebarragreystone.com	HAS_STORED	5510 Hwy 280 Ste 106			snippets/tjjm-gyms-data-18.liquid
AL	AL	HEROES MARTIAL ARTS ACADEMY	Birmingham	https://www.heroesmma.com/	Y			https://www.heroesmma.com/	HAS_STORED				snippets/tjjm-gyms-data.liquid
AL	AL	Samuel Puccio Brazilian Jiu-Jitsu	Birmingham	https://bhmbjj.com/	Y			https://bhmbjj.com/	HAS_STORED				snippets/tjjm-gyms-data.liquid
AL	AL	The Dojang Martial Arts & Fitness	Birmingham	http://www.thedojanggroup.com/	Y			http://www.thedojanggroup.com/	HAS_STORED	1800 Tin Valley Cir			snippets/tjjm-gyms-data-18.liquid
AL	AL	Brewton Olympic Wrestling and Gracie Jiu Jitsu	Brewton		N				NO_W_KEY|RENDERS_BLANK	110 Blacksher St			snippets/tjjm-gyms-data-18.liquid
AL	AL	Calera Fitness and MMA	Calera	https://www.calerafitness.com/Calera_Fitness_%26_MMA/Home.html	Y		websites-2		HAS_STORED+BLANKED|RENDERS_BLANK				snippets/tjjm-gyms-data.liquid
AL	AL	Gracie Jiu-Jitsu Centreville	Centreville		N				NO_W_KEY|RENDERS_BLANK	1114 Walnut St.			snippets/tjjm-gyms-data-18.liquid
AL	AL	Cobra BJJ Chelsea	Chelsea	https://cobrabjjchelsea.com/	Y			https://cobrabjjchelsea.com/	HAS_STORED				snippets/tjjm-gyms-data.liquid
AL	AL	Ground Strike Grappling	Columbiana	https://groundstrikegrappling.com/	Y			https://groundstrikegrappling.com/	HAS_STORED				snippets/tjjm-gyms-data.liquid
AL	AL	GB Cullman	Cullman	https://gbcullman.com/	Y			https://gbcullman.com/	HAS_STORED				snippets/tjjm-gyms-data-18.liquid
AL	AL	Triad Martial Arts Academy	Cullman	https://triadmartialarts.com/	Y			https://triadmartialarts.com/	HAS_STORED			Y	snippets/tjjm-gyms-data.liquid
AL	AL	CT ARENA FEITOSA (USA) Brazilian Jiu Jitsu	Daphne	https://ct-arena-feitosa-usa-brazilian-jiu-jitsu.business.site/	Y			https://ct-arena-feitosa-usa-brazilian-jiu-jitsu.business.site/	HAS_STORED	25478 Friendship Rd			snippets/tjjm-gyms-data-18.liquid
AL	AL	Checkmat Daphne	Daphne	https://rxsportfit.com/daphne-checkmat	Y			https://rxsportfit.com/daphne-checkmat	HAS_STORED	10758 Co Rd 64			snippets/tjjm-gyms-data-18.liquid
AL	AL	SCS Martial Arts & Fitness	Daphne	http://teamscsdaphne.com/	Y			http://teamscsdaphne.com/	HAS_STORED	7980 American Way			snippets/tjjm-gyms-data-18.liquid
AL	AL	Yamane Championship Mixed Martial Arts	Daphne	http://www.ycmma.com/	Y		websites-2		HAS_STORED+BLANKED|RENDERS_BLANK	1410 US-98 Ste D			snippets/tjjm-gyms-data-18.liquid
AL	AL	10th Planet Jiu Jitsu Decatur	Decatur	https://decaturbrazilianjiujitsu.com/	Y			https://decaturbrazilianjiujitsu.com/	HAS_STORED	108 Lenwood Rd SE			snippets/tjjm-gyms-data-21.liquid
AL	AL	Decatur BJJ Alabama	Decatur	https://decaturbjalab.com	Y			https://decaturbjalab.com	HAS_STORED			Y	snippets/tjjm-gyms-data.liquid
AL	AL	Dothan BJJ	Dothan	https://dothanbjj.com	Y			https://dothanbjj.com	HAS_STORED			Y	snippets/tjjm-gyms-data.liquid
AL	AL	Peak Martial Arts Dothan	Dothan	https://pmadothan.com/classes/Brazilian-Jiu-Jitsu	Y			https://pmadothan.com/classes/Brazilian-Jiu-Jitsu	HAS_STORED	3121 Ross Clark Cir #4			snippets/tjjm-gyms-data-18.liquid
AL	AL	Wolfpack Karate & MMA	Dothan	http://www.mmadothan.com/	Y			http://www.mmadothan.com/	HAS_STORED	1561 Westgate Pkwy			snippets/tjjm-gyms-data-18.liquid
AL	AL	I'mmortal Kombat	Enterprise	http://www.jiujitsuenterprise.com/	Y			http://www.jiujitsuenterprise.com/	HAS_STORED	1919 E Park Ave ste b			snippets/tjjm-gyms-data-18.liquid
AL	AL	Port City Combat Sports	Fairhope	https://www.pckickboxing.com/fairhope-schedule/	Y			https://www.pckickboxing.com/fairhope-schedule/	HAS_STORED	21611 AL-181 Suite B			snippets/tjjm-gyms-data-18.liquid
AL	AL	FLORENCE BRAZILIAN JIU-JITSU ACADEMY	Florence	https://www.florencebjj.com/	Y			https://www.florencebjj.com/	HAS_STORED				snippets/tjjm-gyms-data.liquid
AL	AL	Panacea Martial Arts	Foley	http://foleybjj.com/	Y			http://foleybjj.com/	HAS_STORED	806 S McKenzie St			snippets/tjjm-gyms-data-18.liquid
AL	AL	The Academy	Foley		N				NO_W_KEY|RENDERS_BLANK	8475 AL-59			snippets/tjjm-gyms-data-18.liquid
AL	AL	Russell County Training Center	Fort Mitchell	https://www.rctc980.com/	Y			https://www.rctc980.com/	HAS_STORED				snippets/tjjm-gyms-data.liquid
AL	AL	Gadsden BJJ	Gadsden	https://gadsdenbjj.com	Y			https://gadsdenbjj.com	HAS_STORED			Y	snippets/tjjm-gyms-data.liquid
AL	AL	Team Jucao Gardendale	Gardendale	https://www.championfactory.com/	Y			https://www.championfactory.com/	HAS_STORED	955 Main St			snippets/tjjm-gyms-data-18.liquid
AL	AL	10th Planet Jiu-Jitsu Gulf Shores	Gulf Shores	https://www.facebook.com/KuzushiClubBJJGulfShores/	Y			https://www.facebook.com/KuzushiClubBJJGulfShores/	HAS_STORED	2050 E 2nd Street			snippets/tjjm-gyms-data-18.liquid
AL	AL	Gulf Coast Jujutsu	Gulf Shores	https://www.facebook.com/Gulf-Coast-Jujutsu-184652755613880/	Y			https://www.facebook.com/Gulf-Coast-Jujutsu-184652755613880/	HAS_STORED	7369 Alamo Cir			snippets/tjjm-gyms-data-18.liquid
AL	AL	Kame House MMA	Hazel Green	https://www.facebook.com/KameHouseMMA/	Y			https://www.facebook.com/KameHouseMMA/	HAS_STORED	13669 US-231 431 N #2			snippets/tjjm-gyms-data-18.liquid
AL	AL	Birmingham Brazilian Jiu Jitsu Spartan Fitness	Homewood	https://spartanfitnessmma.com/classes/Brazilian-Jiu-Jitsu	Y			https://spartanfitnessmma.com/classes/Brazilian-Jiu-Jitsu	HAS_STORED				snippets/tjjm-gyms-data.liquid
AL	AL	Champions Freestyle MMA & Fitness	Hoover	http://www.championsfreestylemma.com/	Y		websites-2		HAS_STORED+BLANKED|RENDERS_BLANK	3447 Lorna Ln			snippets/tjjm-gyms-data-18.liquid
AL	AL	Lion Heart Jiu-Jitsu Academy	Hoover	https://trainbjj.passion.io/	Y			https://trainbjj.passion.io/	HAS_STORED				snippets/tjjm-gyms-data.liquid
AL	AL	10th Planet Jiu Jitsu Huntsville	Huntsville	http://10thplanethuntsville.com/	Y			http://10thplanethuntsville.com/	HAS_STORED	2615 N Memorial Pkwy UNIT C			snippets/tjjm-gyms-data-18.liquid
AL	AL	ALLIANCE JIU JITSU	Huntsville	https://alliancehuntsville.com/	Y			https://alliancehuntsville.com/	HAS_STORED				snippets/tjjm-gyms-data.liquid
AL	AL	Arsenal Combat Sports Club	Huntsville	https://www.arsenal-bjj.com/	Y			https://www.arsenal-bjj.com/	HAS_STORED				snippets/tjjm-gyms-data.liquid
AL	AL	Claymore Fighting & Fitness	Huntsville	http://www.claymoregym.com/	Y			http://www.claymoregym.com/	HAS_STORED	11547 Memorial Parkway			snippets/tjjm-gyms-data-18.liquid
AL	AL	GB Huntsville	Huntsville	https://www.graciebarrahuntsville.com	Y			https://www.graciebarrahuntsville.com	HAS_STORED	2101 West Ferry Way Southwest			snippets/tjjm-gyms-data-18.liquid
AL	AL	Maverick Training Center	Huntsville	https://mavericktraining.net/	Y			https://mavericktraining.net/	HAS_STORED				snippets/tjjm-gyms-data.liquid
AL	AL	New Legacy Martial Arts Academy Fight Gym	Huntsville	http://www.facebook.com/newlegacymartialartsacademyathletics	Y			http://www.facebook.com/newlegacymartialartsacademyathletics	HAS_STORED	3700 Blue Spring Rd NW			snippets/tjjm-gyms-data-18.liquid
AL	AL	Powell's MMA Systems	Huntsville	http://www.sbgofal.com/	Y			http://www.sbgofal.com/	HAS_STORED	2650 Jordan Ln NW			snippets/tjjm-gyms-data-18.liquid
AL	AL	Rocket City MMA	Huntsville	https://rocketcitymma.com/	Y			https://rocketcitymma.com/	HAS_STORED				snippets/tjjm-gyms-data.liquid
AL	AL	GB Jasper	Jasper	https://gbjasper.com/	Y			https://gbjasper.com/	HAS_STORED	764 Hwy 78 W			snippets/tjjm-gyms-data-18.liquid
AL	AL	GRACIE JIU-JITSU	Madison	https://www.graciejiujitsumadisonal.com/	Y			https://www.graciejiujitsumadisonal.com/	HAS_STORED				snippets/tjjm-gyms-data.liquid
AL	AL	Pirate BJJ	Madison	https://www.piratebjj.com/	Y			https://www.piratebjj.com/	HAS_STORED				snippets/tjjm-gyms-data.liquid
AL	AL	ROCKET CITY REVOLUTION BJJ	Madison	https://www.rcrbjj.com/	Y			https://www.rcrbjj.com/	HAS_STORED				snippets/tjjm-gyms-data.liquid
AL	AL	10th Planet Mobile	Mobile		N				NO_W_KEY|RENDERS_BLANK	755 Lakeside Dr			snippets/tjjm-gyms-data-18.liquid
AL	AL	Gulf Coast Jiu-jitsu	Mobile	https://gcjiujitsu.com/	Y			https://gcjiujitsu.com/	HAS_STORED				snippets/tjjm-gyms-data.liquid
AL	AL	Karate 4 Kids, Dutch Kickboxing, Jujitsu & MMA	Mobile		N				NO_W_KEY|RENDERS_BLANK	6363 Piccadilly Square Dr			snippets/tjjm-gyms-data-18.liquid
AL	AL	Mobile MMA Club	Mobile	https://www.mobilemmaclub.com/	Y			https://www.mobilemmaclub.com/	HAS_STORED	109 Furr St			snippets/tjjm-gyms-data-18.liquid
AL	AL	Port City MMA	Mobile	http://portcitymma.com/	Y			http://portcitymma.com/	HAS_STORED	2502 Schillinger Rd S			snippets/tjjm-gyms-data-18.liquid
AL	AL	Renzo Gracie Alabama	Mobile	https://www.renzograciealabama.com/	Y			https://www.renzograciealabama.com/	HAS_STORED	7 N Broad St			snippets/tjjm-gyms-data-18.liquid
AL	AL	Team Hopkins Jiu Jitsu Mobile	Mobile	https://www.facebook.com/GracieJiuJitsuOfAlabama/	Y			https://www.facebook.com/GracieJiuJitsuOfAlabama/	HAS_STORED	1704 Government St			snippets/tjjm-gyms-data-18.liquid
AL	AL	Guerrilla Fitness	Montgomery	https://www.guerrillafitnessonline.com/	Y			https://www.guerrillafitnessonline.com/	HAS_STORED			Y	snippets/tjjm-gyms-data.liquid
AL	AL	MONTGOMERY MARTIAL ARTS	Montgomery	https://montgomerymartialartsonline.com/	Y			https://montgomerymartialartsonline.com/	HAS_STORED				snippets/tjjm-gyms-data.liquid
AL	AL	NXG COMBAT SPORTS	Montgomery	https://nxgcombatsports.com/	Y			https://nxgcombatsports.com/	HAS_STORED				snippets/tjjm-gyms-data.liquid
AL	AL	10th Planet Jiu Jitsu Muscle Shoals	Muscle Shoals	http://10thplanetshoals.com/	Y			http://10thplanetshoals.com/	HAS_STORED	605 Tyler Ave			snippets/tjjm-gyms-data-18.liquid
AL	AL	Hooked Martial Arts + Fitness	Opelika	https://www.hookedmartialarts.com/	Y			https://www.hookedmartialarts.com/	HAS_STORED				snippets/tjjm-gyms-data.liquid
AL	AL	Kage Fit	Opelika	http://kagefit.me/	Y			http://kagefit.me/	HAS_STORED	3613 Pepperell Pkwy			snippets/tjjm-gyms-data-18.liquid
AL	AL	Gracie Barra Pelham Alabama	Pelham	http://www.graciebarraalabama.com	Y			http://www.graciebarraalabama.com	HAS_STORED	200 Bowling Ln			snippets/tjjm-gyms-data-18.liquid
AL	AL	NEXTGEN MARTIAL ARTS	Prattville	https://www.nextgenmartialarts.com/	Y			https://www.nextgenmartialarts.com/	HAS_STORED				snippets/tjjm-gyms-data.liquid
AL	AL	Prattville Fitness Kickboxing And MMA	Prattville	http://fitnesskickboxingandmmaprattville.com/	Y		websites-2		HAS_STORED+BLANKED|RENDERS_BLANK	2265 Cobbs Ford Rd			snippets/tjjm-gyms-data-18.liquid
AL	AL	Richardson Jiu Jitsu	Prattville	https://www.richardsonjj.com/	Y			https://www.richardsonjj.com/	HAS_STORED				snippets/tjjm-gyms-data.liquid
AL	AL	Combat Survival of Alabama	Rainbow City		N				NO_W_KEY|RENDERS_BLANK	209 Rescia Ave			snippets/tjjm-gyms-data-18.liquid
AL	AL	Koryu Martial arts	Scottsboro		Y				EMPTY_STORED|RENDERS_BLANK				snippets/tjjm-gyms-data.liquid
AL	AL	Selma Soul -Team	Selma	https://www.bjjselma.com/	Y			https://www.bjjselma.com/	HAS_STORED				snippets/tjjm-gyms-data.liquid
AL	AL	Lions Pride Jiu Jitsu	Trussville		N				NO_W_KEY|RENDERS_BLANK	139 Railroad St			snippets/tjjm-gyms-data-18.liquid
AL	AL	American Top Team Tuscaloosa - Kickboxing, MMA, Brazilian Jiu-Jitsu and Fitness Kickboxing	Tuscaloosa	https://www.summitfitnesskickboxing.com/	Y			https://www.summitfitnesskickboxing.com/	HAS_STORED				snippets/tjjm-gyms-data.liquid
AL	AL	Bailey's Tiger Rock Martial Arts	Tuscaloosa	https://baileystkd.com/	Y			https://baileystkd.com/	HAS_STORED			Y	snippets/tjjm-gyms-data.liquid
AL	AL	Blue Hawk MMA	Tuscaloosa		N				NO_W_KEY|RENDERS_BLANK	3102 Greensboro Ave			snippets/tjjm-gyms-data-18.liquid
AL	AL	Cobra BJJ	Tuscaloosa	https://www.cobrabjjtuscaloosa.com/	Y			https://www.cobrabjjtuscaloosa.com/	HAS_STORED				snippets/tjjm-gyms-data.liquid
AL	AL	Birmingham Wrestling Complex	Vestavia Hills	http://bwcomplex.com/	Y			http://bwcomplex.com/	HAS_STORED	100 Old Town Rd Suite 100			snippets/tjjm-gyms-data-18.liquid
AL	AL	The Cage MMA & Fitness	Vestavia Hills		Y				EMPTY_STORED|RENDERS_BLANK				snippets/tjjm-gyms-data.liquid
AL	AL	Coosa Jiu Jitsu & Wellness	Wetumpka	https://www.coosajiujitsuandwellness.com/	Y			https://www.coosajiujitsuandwellness.com/	HAS_STORED				snippets/tjjm-gyms-data.liquid
AR	AR	Without Limits MMA	Batesville	https://www.facebook.com/WithoutLimitsMMA/	Y			https://www.facebook.com/WithoutLimitsMMA/	HAS_STORED				snippets/tjjm-gyms-data.liquid
AR	AR	Inferno Martial Arts Bella Vista	Bella Vista	https://myinfernofitness.com	Y			https://myinfernofitness.com	HAS_STORED	408 NE Towncenter			snippets/tjjm-gyms-data-37.liquid
AR	AR	Revolution Combat & Fitness	Benton	https://revolutionmma.com	Y			https://revolutionmma.com	HAS_STORED	17724 I-30 Ste 1			snippets/tjjm-gyms-data-37.liquid
AR	AR	ATA Martial Arts - Bentonville	Bentonville	https://www.tryata.com/	Y			https://www.tryata.com/	HAS_STORED				snippets/tjjm-gyms-data.liquid
AR	AR	Eternal Warrior Brazilian Jiu-Jitsu	Bentonville	https://eternalwarriorbjj.com/	Y			https://eternalwarriorbjj.com/	HAS_STORED				snippets/tjjm-gyms-data.liquid
AR	AR	Inferno Martial Arts Bentonville	Bentonville	https://myinfernofitness.com	Y			https://myinfernofitness.com	HAS_STORED	1200 SE 14th St			snippets/tjjm-gyms-data-37.liquid
AR	AR	Overcome Brazilian jiu-jitsu school	Bentonville	https://overcomejiujitsu.com/	Y			https://overcomejiujitsu.com/	HAS_STORED				snippets/tjjm-gyms-data.liquid
AR	AR	T.O.S.S. Academy / Gracie Brazilian Jiu-Jitsu	Bentonville	https://www.tossbjj.com/	Y			https://www.tossbjj.com/	HAS_STORED				snippets/tjjm-gyms-data.liquid
AR	AR	Cabot Jiu Jitsu Academy and Fitness	Cabot	https://gjjcabot.com	Y			https://gjjcabot.com	HAS_STORED	2790 S 2nd St			snippets/tjjm-gyms-data-37.liquid
AR	AR	Tribe Gym & Tribe Martial Arts	Camden	https://www.tribegymandmartialarts.com/	Y			https://www.tribegymandmartialarts.com/	HAS_STORED				snippets/tjjm-gyms-data.liquid
AR	AR	Alliance Jiu Jitsu - Northwest Arkansas	Cave Springs	https://alliancejjnorthwestarkansas.com/	Y			https://alliancejjnorthwestarkansas.com/	HAS_STORED				snippets/tjjm-gyms-data.liquid
AR	AR	501 BJJ & Kickboxing	Conway	https://501bjj.com	Y			https://501bjj.com	HAS_STORED	2655 Donaghey Ave Ste 103			snippets/tjjm-gyms-data-37.liquid
AR	AR	Conway BJJ	Conway	https://conwaybjj.com	Y			https://conwaybjj.com	HAS_STORED			Y	snippets/tjjm-gyms-data.liquid
AR	AR	Eco Submission Grappling	Conway	https://ecosubmissiongrappling.com	Y			https://ecosubmissiongrappling.com	HAS_STORED				snippets/tjjm-gyms-data-37.liquid
AR	AR	Grandmaster Han's Martial Arts & Gracie Jiu-Jitsu	Conway	https://gmhgjj.com	Y			https://gmhgjj.com	HAS_STORED	812 N Creek Dr			snippets/tjjm-gyms-data-37.liquid
AR	AR	Gravitas Martial Arts	Conway	https://gravitasmartialarts.com	Y			https://gravitasmartialarts.com	HAS_STORED				snippets/tjjm-gyms-data-37.liquid
AR	AR	Gray Beard Forge	Conway	https://graybeardforge.org	Y			https://graybeardforge.org	HAS_STORED	3150 Vail Ave			snippets/tjjm-gyms-data-37.liquid
AR	AR	El Dorado Martial Arts	El Dorado	https://www.facebook.com/people/El-Dorado-Martial-Arts/100092167328803/	Y			https://www.facebook.com/people/El-Dorado-Martial-Arts/100092167328803/	HAS_STORED				snippets/tjjm-gyms-data.liquid
AR	AR	ONE HEART DOJO	El Dorado	https://www.eldoradomartialarts.com/	Y			https://www.eldoradomartialarts.com/	HAS_STORED				snippets/tjjm-gyms-data.liquid
AR	AR	Diamond State Martial Arts	Fayetteville	https://diamondstatemartialarts.com	Y			https://diamondstatemartialarts.com	HAS_STORED	14819 Elkhorn Springs Rd			snippets/tjjm-gyms-data-37.liquid
AR	AR	Fayetteville Brazilian Jiu-Jitsu	Fayetteville	https://fayetteville-jiujitsu.com/	Y			https://fayetteville-jiujitsu.com/	HAS_STORED				snippets/tjjm-gyms-data.liquid
AR	AR	Meta Martial Arts	Fayetteville	https://meta-ma.com/	Y			https://meta-ma.com/	HAS_STORED				snippets/tjjm-gyms-data.liquid
AR	AR	Fort Smith BJJ	Fort Smith	https://fortsmithbjj.com	Y			https://fortsmithbjj.com	HAS_STORED			Y	snippets/tjjm-gyms-data.liquid
AR	AR	Fort Smith Martial Arts Center	Fort Smith	https://fortsmithmartialartscenter.wordpress.com	Y			https://fortsmithmartialartscenter.wordpress.com	HAS_STORED	2118 Rogers Ave			snippets/tjjm-gyms-data-37.liquid
AR	AR	Gracie Jiu-Jitsu Fort Smith	Fort Smith	https://graciefortsmith.com	Y			https://graciefortsmith.com	HAS_STORED	5111 Rogers Ave #204			snippets/tjjm-gyms-data-37.liquid
AR	AR	Gracie Jiu-Jitsu Harrison	Harrison	https://www.gracieuniversity.com/Pages/Public/AffiliateDetail?enc=rl%2fmiDVLPwJnWoJzeXHm5w%3d%3d	Y			https://www.gracieuniversity.com/Pages/Public/AffiliateDetail?enc=rl%2fmiDVLPwJnWoJzeXHm5w%3d%3d	HAS_STORED				snippets/tjjm-gyms-data.liquid
AR	AR	Impact Martial Arts	Harrison	https://impactharrison.com/uncategorized/about/	Y			https://impactharrison.com/uncategorized/about/	HAS_STORED			Y	snippets/tjjm-gyms-data.liquid
AR	AR	Impact Martial Arts Harrison	Harrison	https://impactharrison.com/uncategorized/about/	Y			https://impactharrison.com/uncategorized/about/	HAS_STORED				snippets/tjjm-gyms-data-45.liquid
AR	AR	Troy Holton's Brazilian Jiu-Jitsu	Harrison	https://www.troyholtonbjj.com/	Y			https://www.troyholtonbjj.com/	HAS_STORED				snippets/tjjm-gyms-data.liquid
AR	AR	Real Deal Martial Arts	Hot Springs	https://realdealmartialarts.com	Y			https://realdealmartialarts.com	HAS_STORED	214 E Grand Ave			snippets/tjjm-gyms-data-37.liquid
AR	AR	Wolf's Hammer Martial Arts Academy	Hot Springs	https://hotspringsjiujitsu.com	Y			https://hotspringsjiujitsu.com	HAS_STORED	3907 Central Ave Ste E			snippets/tjjm-gyms-data-37.liquid
AR	AR	USA Jiu-Jitsu Arkansas	Jacksonville	https://usajjarkansas.com	Y			https://usajjarkansas.com	HAS_STORED	820 Stone St			snippets/tjjm-gyms-data-37.liquid
AR	AR	ATA Martial Arts Jonesboro	Jonesboro	https://www.jonesboroata.com/	Y			https://www.jonesboroata.com/	HAS_STORED				snippets/tjjm-gyms-data.liquid
AR	AR	Cerberus Brazilian Jiu-Jitsu	Jonesboro	https://cerberusbjj.weebly.com/	Y			https://cerberusbjj.weebly.com/	HAS_STORED				snippets/tjjm-gyms-data.liquid
AR	AR	Gracie Jiu-Jitsu Jonesboro	Jonesboro	https://graciejonesboro.com	Y			https://graciejonesboro.com	HAS_STORED	3211 Ben J Lamberth Dr Unit A			snippets/tjjm-gyms-data-37.liquid
AR	AR	Jonesboro Grappling Association	Jonesboro	https://jonesborograpplingassociation.com/	Y			https://jonesborograpplingassociation.com/	HAS_STORED				snippets/tjjm-gyms-data.liquid
AR	AR	Veneration Jiu Jitsu LLC	Jonesboro	https://www.jonesborojiujitsu.com/	Y			https://www.jonesborojiujitsu.com/	HAS_STORED				snippets/tjjm-gyms-data.liquid
AR	AR	Nemesis Jiu Jitsu	Little Rock	https://nemesisjiujitsu.com/	Y			https://nemesisjiujitsu.com/	HAS_STORED				snippets/tjjm-gyms-data.liquid
AR	AR	Rock City Mixed Martial Arts	Little Rock	https://rockcitymma.com	Y			https://rockcitymma.com	HAS_STORED	400 N Bowman Rd #5			snippets/tjjm-gyms-data-37.liquid
AR	AR	Westside BJJ	Little Rock	https://littlerockbjj.com/	Y			https://littlerockbjj.com/	HAS_STORED				snippets/tjjm-gyms-data.liquid
AR	AR	Westside MMA	Little Rock	https://westsidemma.com	Y			https://westsidemma.com	HAS_STORED	806 S Izard St			snippets/tjjm-gyms-data-37.liquid
AR	AR	Kore Brazilian Jiu-Jitsu NWA	Lowell	https://www.facebook.com/koreBJJNWA/	Y			https://www.facebook.com/koreBJJNWA/	HAS_STORED				snippets/tjjm-gyms-data.liquid
AR	AR	TK Martial Arts	Lowell	https://www.tkmartialarts.com/	Y			https://www.tkmartialarts.com/	HAS_STORED				snippets/tjjm-gyms-data.liquid
AR	AR	Arkansas Center for Sports Science Trainin	Malvern	https://www.facebook.com/ArkCenterForSportsScienceTraining	Y			https://www.facebook.com/ArkCenterForSportsScienceTraining	HAS_STORED				snippets/tjjm-gyms-data.liquid
AR	AR	Blue Collar Grappling Academy	Marion	https://www.facebook.com/bluecollargrapplingacademy870/	Y			https://www.facebook.com/bluecollargrapplingacademy870/	HAS_STORED				snippets/tjjm-gyms-data.liquid
AR	AR	Gendai Budo Jiu Jitsu-MMA-Fitness	Mountain Home	https://arkansastraveller.wixsite.com/gendaibudoacademy	Y			https://arkansastraveller.wixsite.com/gendaibudoacademy	HAS_STORED				snippets/tjjm-gyms-data.liquid
AR	AR	Phoenix Rising Martial Arts	Mountain Home	https://www.phoenixrisingma.com/	Y			https://www.phoenixrisingma.com/	HAS_STORED				snippets/tjjm-gyms-data.liquid
AR	AR	Rocha Brazilian Jiu Jitsu	North Little Rock	https://rocha-bjj.com	Y			https://rocha-bjj.com	HAS_STORED	4120 E McCain Blvd Ste 203			snippets/tjjm-gyms-data-37.liquid
AR	AR	DNC Defense	Paragould	https://dncdefense.com	Y			https://dncdefense.com	HAS_STORED	2407 Linwood Dr Ste 3			snippets/tjjm-gyms-data-37.liquid
AR	AR	Pine Bluff BJJ	Pine Bluff	https://pinebluffbjj.com	Y			https://pinebluffbjj.com	HAS_STORED			Y	snippets/tjjm-gyms-data.liquid
AR	AR	American Jiu Jitsu Academy	Rogers	https://jiujitsu4america.com/	Y			https://jiujitsu4america.com/	HAS_STORED				snippets/tjjm-gyms-data.liquid
AR	AR	Inferno Martial Arts Rogers	Rogers	https://myinfernofitness.com	Y			https://myinfernofitness.com	HAS_STORED	2603 W Pleasant Grove Rd #115			snippets/tjjm-gyms-data-37.liquid
AR	AR	Overcome Jiu Jitsu Pinnacle	Rogers	https://overcomepinnacle.com	Y			https://overcomepinnacle.com	HAS_STORED	4654 S 53rd St Bldg C Unit 116			snippets/tjjm-gyms-data-37.liquid
AR	AR	FORCA MMA	Russellville	https://forcamma.com	Y			https://forcamma.com	HAS_STORED	301 Reasoner Ln			snippets/tjjm-gyms-data-37.liquid
AR	AR	Martial Arts America Russellville	Russellville	https://russellvilletkd.com	Y			https://russellvilletkd.com	HAS_STORED	1704 E Parkway Dr			snippets/tjjm-gyms-data-37.liquid
AR	AR	Russellville BJJ	Russellville	https://russellvillebjj.com	Y			https://russellvillebjj.com	HAS_STORED			Y	snippets/tjjm-gyms-data.liquid
AR	AR	Combat Concepts Academy	Sherwood	https://combatconceptsacademy.com	Y			https://combatconceptsacademy.com	HAS_STORED	950 E Kiehl Ave			snippets/tjjm-gyms-data-37.liquid
AR	AR	Inferno Martial Arts Siloam Springs	Siloam Springs	https://myinfernofitness.com/	Y			https://myinfernofitness.com/	HAS_STORED				snippets/tjjm-gyms-data.liquid
AR	AR	Inferno Martial Arts Springdale	Springdale	https://myinfernofitness.com	Y			https://myinfernofitness.com	HAS_STORED	5320 W Sunset Ave			snippets/tjjm-gyms-data-37.liquid
AR	AR	Springdale BJJ	Springdale	https://springdalebjj.com	Y			https://springdalebjj.com	HAS_STORED			Y	snippets/tjjm-gyms-data.liquid
AR	AR	Texarkana Combat Sports	Texarkana	https://www.texarkanacombatsports.com/	Y			https://www.texarkanacombatsports.com/	HAS_STORED				snippets/tjjm-gyms-data.liquid
AR	AR	The House MMA Academy	Wynne	https://www.wynnegym.com/	Y			https://www.wynnegym.com/	HAS_STORED				snippets/tjjm-gyms-data.liquid
AZ	AZ	Cove Jiu Jitsu	Apache Junction	https://covejiujitsu.com/	Y			https://covejiujitsu.com/	HAS_STORED				snippets/tjjm-gyms-data.liquid
AZ	AZ	10th Planet Goodyear	Avondale	https://www.10thplanetgoodyear.com/	Y			https://www.10thplanetgoodyear.com/	HAS_STORED				snippets/tjjm-gyms-data.liquid
AZ	AZ	ABUNAI MMA	Avondale	https://abunaimma.com/	Y			https://abunaimma.com/	HAS_STORED				snippets/tjjm-gyms-data.liquid
AZ	AZ	Gracie Barra Avondale	Avondale	http://www.graciebarra.com/avondale-az	Y	https://graciebarra.com/avondale-az/	websites-1	https://graciebarra.com/avondale-az/	HAS_STORED+REPOINTED	3145 N Dysart Rd #C103			snippets/tjjm-gyms-data-11.liquid
AZ	AZ	No Surrender Athletics	Avondale	https://www.nosurrenderathletics.com/	Y			https://www.nosurrenderathletics.com/	HAS_STORED				snippets/tjjm-gyms-data.liquid
AZ	AZ	Sardinha Brazilian Jiu Jitsu	Avondale	https://sardinhabjj.com/	Y			https://sardinhabjj.com/	HAS_STORED				snippets/tjjm-gyms-data.liquid
AZ	AZ	Sentosa Martial Arts and Fitness	Avondale	https://sentosamartialartsandfitness.com/	Y			https://sentosamartialartsandfitness.com/	HAS_STORED				snippets/tjjm-gyms-data.liquid
AZ	AZ	Gracie Barra Buckeye	Buckeye	https://graciebarra.com/buckeye-az/	Y			https://graciebarra.com/buckeye-az/	HAS_STORED				snippets/tjjm-gyms-data.liquid
AZ	AZ	Zero Point Gracie Jiu Jitsu	Camp Verde	https://www.zeropointgjj.com/	Y			https://www.zeropointgjj.com/	HAS_STORED				snippets/tjjm-gyms-data.liquid
AZ	AZ	Warriors Guild Martial Arts	Casa Grande	http://www.warriorsguildmartialarts.com/	Y			http://www.warriorsguildmartialarts.com/	HAS_STORED	973 E Cottonwood Ln # 102			snippets/tjjm-gyms-data-11.liquid
AZ	AZ	CAVE CREEK MILLENNIA MMA	Cave Creek	https://cavecreekmillenniamma.com/	Y			https://cavecreekmillenniamma.com/	HAS_STORED				snippets/tjjm-gyms-data.liquid
AZ	AZ	(Muay Thai Gym) Sitan Gym Arizona LLC	Chandler	https://sitangymaz.com/	Y			https://sitangymaz.com/	HAS_STORED				snippets/tjjm-gyms-data.liquid
AZ	AZ	Courage Honor Strength Brazilian Jiu-Jitsu	Chandler	http://www.chsbjj.com/	Y			http://www.chsbjj.com/	HAS_STORED	3155 N Nevada St #1			snippets/tjjm-gyms-data-11.liquid
AZ	AZ	Gracie Barra Chandler	Chandler	http://gbchandler.com	Y			http://gbchandler.com	HAS_STORED	1070 E Ray Rd Ste 19			snippets/tjjm-gyms-data-11.liquid
AZ	AZ	Gracie Jiu-Jitsu Chandler	Chandler	http://www.graciejiujitsuchandler.com/	Y			http://www.graciejiujitsuchandler.com/	HAS_STORED	3016 N Dobson Rd #12			snippets/tjjm-gyms-data-12.liquid
AZ	AZ	Kioto BJJ Southwest	Chandler	https://kiotobjjsouthwest.com/	Y			https://kiotobjjsouthwest.com/	HAS_STORED				snippets/tjjm-gyms-data.liquid
AZ	AZ	Lopez Martial Arts	Chandler	https://lopezjiujitsu.com/	Y			https://lopezjiujitsu.com/	HAS_STORED		1965 S Alma School Rd Ste 5		snippets/tjjm-gyms-data.liquid
AZ	AZ	Ric Centron Brazilian Jiu Jitsu Academy	Chandler	https://riccentronbjj.com/	Y			https://riccentronbjj.com/	HAS_STORED		1940 S Alma School Rd Ste 7		snippets/tjjm-gyms-data.liquid
AZ	AZ	The Desert Dojo	Chandler	https://thedesertdojo.com/	Y			https://thedesertdojo.com/	HAS_STORED				snippets/tjjm-gyms-data.liquid
AZ	AZ	Van Buren Jiu Jitsu Chandler	Chandler	https://vanburenjiujitsu.com/	Y			https://vanburenjiujitsu.com/	HAS_STORED		1020 E Pecos Rd Ste 5		snippets/tjjm-gyms-data.liquid
AZ	AZ	Tri-City Ju-Jitsu	Chino Valley	https://tri-city-ju-jitsu.business.site/	Y			https://tri-city-ju-jitsu.business.site/	HAS_STORED	2947 AZ-89 Suite B			snippets/tjjm-gyms-data-11.liquid
AZ	AZ	Combat Club Cottonwood	Cottonwood	https://cottonwoodbjj.com/	Y			https://cottonwoodbjj.com/	HAS_STORED				snippets/tjjm-gyms-data.liquid
AZ	AZ	State 48 Brazilian Jiu Jitsu	Cottonwood		N				NO_W_KEY|RENDERS_BLANK	415 S Main St			snippets/tjjm-gyms-data-11.liquid
AZ	AZ	Verde Valley Brazilian Jiu Jitsu	Cottonwood	https://verdevalleybjj.com/	Y			https://verdevalleybjj.com/	HAS_STORED				snippets/tjjm-gyms-data.liquid
AZ	AZ	JVLO Jiu-Jitsu	Douglas	https://www.instagram.com/jvlojiujitsu/	Y			https://www.instagram.com/jvlojiujitsu/	HAS_STORED				snippets/tjjm-gyms-data.liquid
AZ	AZ	Empire Martial Arts	El Mirage		N				NO_W_KEY|RENDERS_BLANK	12550 W Thunderbird Rd Ste 102			snippets/tjjm-gyms-data-11.liquid
AZ	AZ	Team Monstro Brazilian Jiu Jitsu	El Mirage	http://www.teammonstrobjj.org/	Y			http://www.teammonstrobjj.org/	HAS_STORED	13011 W Greenway Rd Ste 107			snippets/tjjm-gyms-data-11.liquid
AZ	AZ	66 JIU-JITSU	Flagstaff	https://www.66jiu-jitsu.com/	Y			https://www.66jiu-jitsu.com/	HAS_STORED				snippets/tjjm-gyms-data.liquid
AZ	AZ	Averitt Jiu Jitsu	Flagstaff	https://averittjiujitsu.com/	Y			https://averittjiujitsu.com/	HAS_STORED				snippets/tjjm-gyms-data.liquid
AZ	AZ	Gracie Barra Flagstaff Jiu Jitsu and Self Defense	Flagstaff	https://graciebarra.com/flagstaff-az/	Y			https://graciebarra.com/flagstaff-az/	HAS_STORED				snippets/tjjm-gyms-data.liquid
AZ	AZ	Insurgent Fitness	Flagstaff	https://insurgent.fitness/	Y			https://insurgent.fitness/	HAS_STORED				snippets/tjjm-gyms-data.liquid
AZ	AZ	Southside Combat Academy	Flagstaff	https://www.facebook.com/wearesouthside/	Y			https://www.facebook.com/wearesouthside/	HAS_STORED				snippets/tjjm-gyms-data.liquid
AZ	AZ	Sunnyside Boxing MMA	Flagstaff		N				NO_W_KEY|RENDERS_BLANK	2009 E Cedar Ave # B			snippets/tjjm-gyms-data-11.liquid
AZ	AZ	Lucero Jiu-Jitsu Academy	Fort Mohave	https://www.lucerobjj.com/	Y			https://www.lucerobjj.com/	HAS_STORED				snippets/tjjm-gyms-data.liquid
AZ	AZ	Impact Jiu Jitsu Fountain Hills	Fountain Hills	http://impactfh.com	Y			http://impactfh.com	HAS_STORED	16872 E Ave of the Fountains Ste 201			snippets/tjjm-gyms-data-11.liquid
AZ	AZ	Carlson Gracie Team Gilbert AZ/Bjj & Family Fitness	Gilbert	https://www.carlsongracieteamaz.com/	Y			https://www.carlsongracieteamaz.com/	HAS_STORED	891 E Warner Rd A-103			snippets/tjjm-gyms-data-11.liquid
AZ	AZ	GRACIE BARRA OCOTILLO SOUTH GILBERT	Gilbert	https://gilbertjiujitsu.com/	Y			https://gilbertjiujitsu.com/	HAS_STORED				snippets/tjjm-gyms-data.liquid
AZ	AZ	Gracie Arizona Gilbert Jiu Jitsu Academy	Gilbert	https://graciearizonagilbert.com/	Y			https://graciearizonagilbert.com/	HAS_STORED				snippets/tjjm-gyms-data.liquid
AZ	AZ	M3 Karate	Gilbert	https://m3martialarts.com/what-m3-martial-arts-in-gilbert-offers/#jiujitsu	Y			https://m3martialarts.com/what-m3-martial-arts-in-gilbert-offers/#jiujitsu	HAS_STORED				snippets/tjjm-gyms-data.liquid
AZ	AZ	Murdoc’s Brazilian Jiu-Jitsu (MWBJJ) & Self Defense Academy (GD JJ Affiliate)	Gilbert	https://www.murdocsbjj.com/	Y			https://www.murdocsbjj.com/	HAS_STORED	3961 E. Guadalupe Rd. Suite 1			snippets/tjjm-gyms-data-11.liquid
AZ	AZ	Next Level Fitness & Martial Arts (Gracie Gilbert BJJ)	Gilbert	http://www.graciegilbertbjj.com/	Y			http://www.graciegilbertbjj.com/	HAS_STORED	2531 S Gilbert Rd, Ste. 111			snippets/tjjm-gyms-data-11.liquid
AZ	AZ	Next Level Krav Maga & Gracie Humaita BJJ	Gilbert	https://kravmagagilbert.com/	Y			https://kravmagagilbert.com/	HAS_STORED				snippets/tjjm-gyms-data.liquid
AZ	AZ	Roots Brazilian Jiu-Jitsu	Gilbert	https://rootsbjjaz.com/	Y			https://rootsbjjaz.com/	HAS_STORED				snippets/tjjm-gyms-data.liquid
AZ	AZ	Attitude First MMA	Glendale	http://www.attitudefirst.net/	Y			http://www.attitudefirst.net/	HAS_STORED	20633 N 39th Ave			snippets/tjjm-gyms-data-11.liquid
AZ	AZ	Black Flag Jiu-Jitsu Club	Glendale	http://www.blackflagjiujitsuclub.com/	Y			http://www.blackflagjiujitsuclub.com/	HAS_STORED	6960 N 57th Dr			snippets/tjjm-gyms-data-11.liquid
AZ	AZ	Black Flag Submission Co.	Glendale	https://www.blackflagsubco.com/	Y			https://www.blackflagsubco.com/	HAS_STORED				snippets/tjjm-gyms-data.liquid
AZ	AZ	Cannon Brazilian Jiu-Jitsu	Glendale	https://www.cannonbjj.net/	Y			https://www.cannonbjj.net/	HAS_STORED	3830 W Pinnacle Peak Rd Ste 107			snippets/tjjm-gyms-data-11.liquid
AZ	AZ	Gracie Jiu-Jitsu Glendale	Glendale	http://gjjglendale.com/	Y			http://gjjglendale.com/	HAS_STORED	4915 W Bell Rd Suite F-103			snippets/tjjm-gyms-data-11.liquid
AZ	AZ	Pinnacle Brazilian Jiu Jitsu	Glendale	https://pinnaclebjjaz.com/	Y			https://pinnaclebjjaz.com/	HAS_STORED	23425 N 39th Dr Unit 104			snippets/tjjm-gyms-data-11.liquid
AZ	AZ	The Lab	Glendale	http://www.mmalab.com/	Y			http://www.mmalab.com/	HAS_STORED	17235 N. 75th Ave Bldg H			snippets/tjjm-gyms-data-11.liquid
AZ	AZ	Ares BJJ Goodyear	Goodyear	http://aresbjjgoodyear.com	Y			http://aresbjjgoodyear.com	HAS_STORED	500 N Bullard Ave Ste 31			snippets/tjjm-gyms-data-11.liquid
AZ	AZ	Knockout Fitness	Goodyear	http://knockoutfitness.com	Y			http://knockoutfitness.com	HAS_STORED	13215 W Mcdowell Rd Ste D1/2			snippets/tjjm-gyms-data-11.liquid
AZ	AZ	Master Haydar's Black Belt Academy	Goodyear	https://masterhaydar.com/	Y			https://masterhaydar.com/	HAS_STORED				snippets/tjjm-gyms-data.liquid
AZ	AZ	Dominate Fitness and MMA	Green Valley	http://www.dominatefitnessmma.com/	Y		websites-2		HAS_STORED+BLANKED|RENDERS_BLANK	630 W Ward Ln			snippets/tjjm-gyms-data-11.liquid
AZ	AZ	Sahuarita Brazilian Jiu Jitsu	Green Valley	https://www.sahuaritabjj.com/	Y			https://www.sahuaritabjj.com/	HAS_STORED				snippets/tjjm-gyms-data.liquid
AZ	AZ	Undisputed South	Green Valley	https://undisputedsouth.com/	Y			https://undisputedsouth.com/	HAS_STORED	130 w duval Mine Road suite 100			snippets/tjjm-gyms-data-11.liquid
AZ	AZ	CARLSON GRACIE JIU JITSU AND KICKBOXING KINGMAN	Kingman	https://13007.prod.live.site.mystudio.io/	Y			https://13007.prod.live.site.mystudio.io/	HAS_STORED				snippets/tjjm-gyms-data.liquid
AZ	AZ	Deets Jiu Jitsu Academy	Kingman	http://www.gladiatorunderground.com/	Y		websites-2		HAS_STORED+BLANKED|RENDERS_BLANK	2364 E Northern Ave			snippets/tjjm-gyms-data-11.liquid
AZ	AZ	Kingman Riot MMA LLC	Kingman	https://kingmanriotmma.gymdesk.com/	Y			https://kingmanriotmma.gymdesk.com/	HAS_STORED				snippets/tjjm-gyms-data.liquid
AZ	AZ	Arevalo Academy	Lake Havasu City	https://arevaloacademy.com/	Y			https://arevaloacademy.com/	HAS_STORED				snippets/tjjm-gyms-data.liquid
AZ	AZ	Bridge City Combat	Lake Havasu City	http://aaeamerica.com/	Y			http://aaeamerica.com/	HAS_STORED	2143 McCulloch Blvd N Unit B			snippets/tjjm-gyms-data-11.liquid
AZ	AZ	10th Planet Jiu-Jitsu Phoenix	Mesa	http://10thplanetphx.com	Y			http://10thplanetphx.com	HAS_STORED	50 N Stapley			snippets/tjjm-gyms-data-11.liquid
AZ	AZ	Ares Arizona Brazilian Jiu Jitsu	Mesa	https://www.aresazbjj.com/	Y			https://www.aresazbjj.com/	HAS_STORED				snippets/tjjm-gyms-data.liquid
AZ	AZ	Ares East Mesa BJJ Academy	Mesa	https://areseastmesabjj.com/	Y			https://areseastmesabjj.com/	HAS_STORED				snippets/tjjm-gyms-data.liquid
AZ	AZ	Faction Combat Mixed Martial Arts Gym	Mesa	https://www.factioncombat.com/	Y			https://www.factioncombat.com/	HAS_STORED				snippets/tjjm-gyms-data.liquid
AZ	AZ	Gracie Barra East Mesa Brazilian Jiu-Jitsu & Self-Defense	Mesa	https://www.gbeastmesa.com/	Y			https://www.gbeastmesa.com/	HAS_STORED		10720 E Southern Ave Ste 110		snippets/tjjm-gyms-data.liquid
AZ	AZ	Gracie Jiu Jitsu West Mesa	Mesa	https://www.graciemesa.com/	Y			https://www.graciemesa.com/	HAS_STORED	1209 N Country Club Dr Suite 5 & 6			snippets/tjjm-gyms-data-11.liquid
AZ	AZ	Maracaba BJJ	Mesa	https://maracabajiujitsu.com/	Y			https://maracabajiujitsu.com/	HAS_STORED				snippets/tjjm-gyms-data.liquid
AZ	AZ	Nava Brazilian Jiu Jitsu	Mesa	http://navabjj.com	Y			http://navabjj.com	HAS_STORED	1660 S Alma School Rd Ste 116			snippets/tjjm-gyms-data-11.liquid
AZ	AZ	Revive Jiu Jitsu - Mesa BJJ	Mesa	https://bjjmesa.com/	Y			https://bjjmesa.com/	HAS_STORED		10735 E Main St Ste 104		snippets/tjjm-gyms-data.liquid
AZ	AZ	Ruffhouse Jiu-Jitsu	Mesa	http://www.ruffhousejiujitsumesa.com/	Y		websites-2		HAS_STORED+BLANKED|RENDERS_BLANK	1305 W. Guadalupe Rd			snippets/tjjm-gyms-data-11.liquid
AZ	AZ	Southwest Judo Academy	Mesa	http://www.southwestjudo.com	Y			http://www.southwestjudo.com	HAS_STORED	145 W Broadway Rd Ste 8			snippets/tjjm-gyms-data-11.liquid
AZ	AZ	Southwest MMA	Mesa	http://southwestmma.com/	Y			http://southwestmma.com/	HAS_STORED	1731 West Baseline Rd			snippets/tjjm-gyms-data-11.liquid
AZ	AZ	UNIVERSAL FITNESS AND MIXED MARTIAL ARTS	Mesa	https://ufitmma.com/	Y			https://ufitmma.com/	HAS_STORED				snippets/tjjm-gyms-data.liquid
AZ	AZ	Union Combat Academy	Mesa	http://www.unioncombat.com/	Y			http://www.unioncombat.com/	HAS_STORED	3820 E Main St			snippets/tjjm-gyms-data-11.liquid
AZ	AZ	White 2 Black Brazilian Jiu-Jitsu Academy	Mesa	https://white2blackacademy.com/	Y			https://white2blackacademy.com/	HAS_STORED		745 W Baseline Rd Ste 12		snippets/tjjm-gyms-data.liquid
AZ	AZ	Caza BJJ	Nogales		N				NO_W_KEY|RENDERS_BLANK	871 W mariposa road			snippets/tjjm-gyms-data-11.liquid
AZ	AZ	Fortress Fitness and MMA	Nogales	https://fortress-fitness-and-mma.business.site/	Y			https://fortress-fitness-and-mma.business.site/	HAS_STORED	3241 N Grand Ave #5			snippets/tjjm-gyms-data-11.liquid
AZ	AZ	GB Oro Valley	Oro Valley	https://graciebarra.com/oro-valley-az/	Y			https://graciebarra.com/oro-valley-az/	HAS_STORED	1930 E Tangerine Rd #190			snippets/tjjm-gyms-data-11.liquid
AZ	AZ	Lake Powell Jiu-Jitsu	Page	https://www.lpbjjaz.com/	Y			https://www.lpbjjaz.com/	HAS_STORED				snippets/tjjm-gyms-data.liquid
AZ	AZ	Vanquish MMA & Jiu Jitsu	Payson	https://vanquishselfdefense.com/	Y			https://vanquishselfdefense.com/	HAS_STORED				snippets/tjjm-gyms-data.liquid
AZ	AZ	Allied Jiu Jitsu	Peoria	http://alliedjiujitsu.com	Y		websites-2		HAS_STORED+BLANKED|RENDERS_BLANK	10100 W Lake Pleasant Pkwy Ste 1300			snippets/tjjm-gyms-data-11.liquid
AZ	AZ	Crypto Jiu Jitsu - Peoria, Arizona	Peoria	https://www.cryptojiujitsu.com/	Y			https://www.cryptojiujitsu.com/	HAS_STORED				snippets/tjjm-gyms-data.liquid
AZ	AZ	Gracie Barra Peoria	Peoria	http://graciebarra.com	Y	https://graciebarrapeoria.com/	websites-1	https://graciebarrapeoria.com/	HAS_STORED+REPOINTED	20799 N 83rd Ave Ste 202			snippets/tjjm-gyms-data-11.liquid
AZ	AZ	Gracie Peoria	Peoria	http://www.graciepeoria.com	Y		websites-2		HAS_STORED+BLANKED|RENDERS_BLANK	10250 N 91st Ave Ste A-101			snippets/tjjm-gyms-data-11.liquid
AZ	AZ	Lotus Club Fight & Fitness	Peoria	http://www.lotusclubfightandfitness.com	Y			http://www.lotusclubfightandfitness.com	HAS_STORED	19085 N 83rd Ave Ste C			snippets/tjjm-gyms-data-11.liquid
AZ	AZ	Oss MMA	Peoria		N				NO_W_KEY|RENDERS_BLANK	8466 W Peoria Ave #5			snippets/tjjm-gyms-data-11.liquid
AZ	AZ	Red Hawk Academy	Peoria	https://www.redhawkacademyaz.com/	Y			https://www.redhawkacademyaz.com/	HAS_STORED				snippets/tjjm-gyms-data.liquid
AZ	AZ	Siege Mixed Martial Arts & Fitness (MMA)	Peoria	https://www.siegemma.com/	Y			https://www.siegemma.com/	HAS_STORED				snippets/tjjm-gyms-data.liquid
AZ	AZ	12th Street Jiu-Jitsu	Phoenix	https://12stjiujitsu.com/	Y			https://12stjiujitsu.com/	HAS_STORED		1107 E Bell Rd		snippets/tjjm-gyms-data.liquid
AZ	AZ	Ares BJJ	Phoenix	https://www.aresbjj.com/	Y			https://www.aresbjj.com/	HAS_STORED				snippets/tjjm-gyms-data.liquid
AZ	AZ	Ares BJJ Academy Association	Phoenix	https://aresbjjphoenix.com/	Y			https://aresbjjphoenix.com/	HAS_STORED				snippets/tjjm-gyms-data.liquid
AZ	AZ	Ares BJJ Phoenix	Phoenix	https://aresbjjphoenix.com/	Y			https://aresbjjphoenix.com/	HAS_STORED		2737 W Thunderbird Rd Ste 111		snippets/tjjm-gyms-data.liquid
AZ	AZ	Checkmat Phoenix	Phoenix	https://mkbjj.com/	Y			https://mkbjj.com/	HAS_STORED		3133 E Greenway Rd Ste 503		snippets/tjjm-gyms-data.liquid
AZ	AZ	Exodus Jiu-Jitsu	Phoenix	https://exodusjjphx.com/	Y			https://exodusjjphx.com/	HAS_STORED	3607 E Bell Rd Suite 7			snippets/tjjm-gyms-data-12.liquid
AZ	AZ	Fury Brazilian Jiu Jitsu	Phoenix	https://www.furybjj.com/	Y		websites-2		HAS_STORED+BLANKED|RENDERS_BLANK		2948 E Bell Rd Ste 104		snippets/tjjm-gyms-data.liquid
AZ	AZ	Grace Fighting Systems Training Center	Phoenix	http://www.gfsbjj.com/	Y			http://www.gfsbjj.com/	HAS_STORED	2501 W Behrend Dr #33			snippets/tjjm-gyms-data-11.liquid
AZ	AZ	Gracie Jiu-Jitsu Phoenix	Phoenix	https://graciejiujitsuphoenix.com/	Y			https://graciejiujitsuphoenix.com/	HAS_STORED	13637 N Tatum Blvd Ste 18			snippets/tjjm-gyms-data-12.liquid
AZ	AZ	Greywolf Ares BJJ	Phoenix	http://greywolfjiujitsu.com	Y			http://greywolfjiujitsu.com	HAS_STORED	4030 E Thunderbird Rd			snippets/tjjm-gyms-data-12.liquid
AZ	AZ	Infinite Jiu-Jitsu	Phoenix	https://www.infinitearizona.com/	Y			https://www.infinitearizona.com/	HAS_STORED			Y	snippets/tjjm-gyms-data.liquid
AZ	AZ	Infinite Jiu-Jitsu Phoenix	Phoenix	https://www.infinitearizona.com/	Y			https://www.infinitearizona.com/	HAS_STORED	4220 W Opportunity Way Ste 103			snippets/tjjm-gyms-data-45.liquid
AZ	AZ	Marcio Andre Brazilian Jiu-Jitsu Academy	Phoenix	https://marcioandrejiujitsu.com/	Y			https://marcioandrejiujitsu.com/	HAS_STORED		14647 S 50th St Unit C-172		snippets/tjjm-gyms-data.liquid
AZ	AZ	Megaton Brazilian Jiu-Jitsu Academy	Phoenix	https://megatonjiujitsu.com/	Y			https://megatonjiujitsu.com/	HAS_STORED		10433 N 32nd St		snippets/tjjm-gyms-data.liquid
AZ	AZ	Mike Burlaka's Brazilian Jiu Jitsu @Hard Knocks Gym	Phoenix	https://www.facebook.com/MikeBurlakaBJJ/	Y			https://www.facebook.com/MikeBurlakaBJJ/	HAS_STORED				snippets/tjjm-gyms-data.liquid
AZ	AZ	One Love Grappling Arts	Phoenix	https://onelovegrapplingarts.com/	Y			https://onelovegrapplingarts.com/	HAS_STORED		3202 E Greenway Rd Ste 1319		snippets/tjjm-gyms-data.liquid
AZ	AZ	REFUGE BJJ	Phoenix	https://refugebjj.com/	Y			https://refugebjj.com/	HAS_STORED		711 E Carefree Hwy Ste 201		snippets/tjjm-gyms-data.liquid
AZ	AZ	Satori Brazilian Jiu Jitsu Academy LLC	Phoenix	https://satoribjjacademy.com/	Y			https://satoribjjacademy.com/	HAS_STORED				snippets/tjjm-gyms-data.liquid
AZ	AZ	Sol BJJ - Brazilian Jiu Jitsu Classes in Phoenix	Phoenix	https://solbjj.com/	Y			https://solbjj.com/	HAS_STORED		6228 N 7th St		snippets/tjjm-gyms-data.liquid
AZ	AZ	South Mountain Brazilian Jiu Jitsu & Self Defense	Phoenix	https://southmountainjiujitsu.com/	Y			https://southmountainjiujitsu.com/	HAS_STORED		3636 W Southern Ave Ste 150C		snippets/tjjm-gyms-data.liquid
AZ	AZ	Strong Heart Academy Brazilian jiu-jitsu & MMA	Phoenix	https://strongheartacademy.com/	Y			https://strongheartacademy.com/	HAS_STORED		3150 E Union Hills Dr Ste 115		snippets/tjjm-gyms-data.liquid
AZ	AZ	Ucelo Martial Arts Phoenix	Phoenix	https://ucelomartialartsphoenix.com/	Y			https://ucelomartialartsphoenix.com/	HAS_STORED		8021 N 43rd Ave Ste 1B		snippets/tjjm-gyms-data.liquid
AZ	AZ	Average Joe's MMA	Prescott	http://averagejoesmma.com/	Y			http://averagejoesmma.com/	HAS_STORED	546 6th St			snippets/tjjm-gyms-data-11.liquid
AZ	AZ	Excellence School of Jiu Jitsu	Prescott	https://www.esjjprescott.com/	Y			https://www.esjjprescott.com/	HAS_STORED				snippets/tjjm-gyms-data.liquid
AZ	AZ	Mountain Tribe Brazilian Jiu-Jitsu	Prescott	https://bjjprescott.com/	Y			https://bjjprescott.com/	HAS_STORED				snippets/tjjm-gyms-data.liquid
AZ	AZ	Ethos Martial Arts	Queen Creek	https://ethosmartialartsaz.com/about-us/	Y			https://ethosmartialartsaz.com/about-us/	HAS_STORED				snippets/tjjm-gyms-data.liquid
AZ	AZ	Gracie Barra Queen Creek Jiu-Jitsu & Self Defense	Queen Creek	http://gbqueencreek.com	Y			http://gbqueencreek.com	HAS_STORED	6028 W Hunt Hwy			snippets/tjjm-gyms-data-11.liquid
AZ	AZ	Patriot Martial Arts Academy	Queen Creek	https://www.queencreekmartialarts.com/	Y			https://www.queencreekmartialarts.com/	HAS_STORED				snippets/tjjm-gyms-data.liquid
AZ	AZ	Solid Ground Brazilian Jiu-Jitsu	Queen Creek	https://www.solidgroundbjj.com/	Y			https://www.solidgroundbjj.com/	HAS_STORED				snippets/tjjm-gyms-data.liquid
AZ	AZ	My Style Martial Arts	San Tan Valley	https://mystylemartialarts.com/	Y			https://mystylemartialarts.com/	HAS_STORED				snippets/tjjm-gyms-data.liquid
AZ	AZ	10th Planet Jiu Jitsu Scottsdale	Scottsdale	http://www.10thplanetscottsdale.com	Y			http://www.10thplanetscottsdale.com	HAS_STORED	14202 N Scottsdale Rd Ste 100			snippets/tjjm-gyms-data-11.liquid
AZ	AZ	Alliance Scottsdale (Ximenes BJJ)	Scottsdale	http://www.ximenesbjj.com	Y			http://www.ximenesbjj.com	HAS_STORED	2902 N 68th St Ste 105			snippets/tjjm-gyms-data-11.liquid
AZ	AZ	Axe Capoeira Arizona	Scottsdale	https://www.axecapoeira-az.com/brazilian-jiujitsu	Y			https://www.axecapoeira-az.com/brazilian-jiujitsu	HAS_STORED	8120 E McDowell Rd #6			snippets/tjjm-gyms-data-11.liquid
AZ	AZ	BJJ Social Club	Scottsdale	http://www.bjjsocialclubaz.com	Y			http://www.bjjsocialclubaz.com	HAS_STORED	7607 E McDowell Rd Ste 109			snippets/tjjm-gyms-data-11.liquid
AZ	AZ	Cactus Jiu Jitsu Academy	Scottsdale	http://www.cactusjj.com/	Y			http://www.cactusjj.com/	HAS_STORED	7302 E Helm Dr #2006			snippets/tjjm-gyms-data-11.liquid
AZ	AZ	Gracie Jiu-Jitsu Scottsdale	Scottsdale	http://graciescottsdale.com/	Y		websites-2		HAS_STORED+BLANKED|RENDERS_BLANK	7901 E Thomas Rd			snippets/tjjm-gyms-data-11.liquid
AZ	AZ	Kiko France BJJ	Scottsdale	http://kikofrancebjj.com	Y			http://kikofrancebjj.com	HAS_STORED	8029 E Roosevelt St			snippets/tjjm-gyms-data-11.liquid
AZ	AZ	One Ten Brazilian Jiu Jitsu Academy	Scottsdale	https://onetenbjj.com/	Y			https://onetenbjj.com/	HAS_STORED				snippets/tjjm-gyms-data.liquid
AZ	AZ	UltraFit Systems	Scottsdale	http://ultrafitsystems.com/	Y			http://ultrafitsystems.com/	HAS_STORED	7645 E Evans Rd ste 130-140			snippets/tjjm-gyms-data-11.liquid
AZ	AZ	Warrior Tribe	Sedona	http://www.sedonaselfdefense.com/	Y			http://www.sedonaselfdefense.com/	HAS_STORED	2035 Contractors Rd #5			snippets/tjjm-gyms-data-11.liquid
AZ	AZ	White Mountain BJJ	Show Low	http://www.wmbjj.com/	Y			http://www.wmbjj.com/	HAS_STORED	4800 S White Mountain Rd			snippets/tjjm-gyms-data-11.liquid
AZ	AZ	Blackout Mixed Martial Arts	Sierra Vista	https://www.blackoutmmaandfitness.com/	Y			https://www.blackoutmmaandfitness.com/	HAS_STORED				snippets/tjjm-gyms-data.liquid
AZ	AZ	Chute Boxe Academy	Sierra Vista	https://chuteboxeacademy.com/	Y			https://chuteboxeacademy.com/	HAS_STORED				snippets/tjjm-gyms-data.liquid
AZ	AZ	Flow Game Gym	Sierra Vista	http://www.flowgamegym.org/	Y		websites-2		HAS_STORED+BLANKED|RENDERS_BLANK	1299 East Fry Blvd; Suite A			snippets/tjjm-gyms-data-11.liquid
AZ	AZ	2 Knuckle Sports MMA Academy	Surprise	http://2knucklesports.com/	Y			http://2knucklesports.com/	HAS_STORED	16630 W Greenway Rd #314			snippets/tjjm-gyms-data-11.liquid
AZ	AZ	Baker's MMA & Fitness LLC	Surprise	http://bakersmmaandfitness.com/	Y			http://bakersmmaandfitness.com/	HAS_STORED	13200 W Foxfire Dr Ste 148			snippets/tjjm-gyms-data-11.liquid
AZ	AZ	Bluestarr Grappling	Surprise	http://www.bluestarrgrappling.com	Y			http://www.bluestarrgrappling.com	HAS_STORED	13059 W Grand Ave Ste 10			snippets/tjjm-gyms-data-11.liquid
AZ	AZ	Cyclone Muay Thai & Double Five BJJ Surprise	Surprise	http://www.cyclone-muaythai.com	Y			http://www.cyclone-muaythai.com	HAS_STORED	16572 W Greenway Rd Ste 307			snippets/tjjm-gyms-data-11.liquid
AZ	AZ	De Boa Jiu Jitsu Academy	Surprise	http://www.deboabjj.com	Y			http://www.deboabjj.com	HAS_STORED	14763 W Cactus Rd, # 104			snippets/tjjm-gyms-data-11.liquid
AZ	AZ	Kickers Mixed Martial Arts	Surprise		N				NO_W_KEY|RENDERS_BLANK	13415 W Westgate Dr Ste 102			snippets/tjjm-gyms-data-11.liquid
AZ	AZ	Proving Ground MMA	Surprise	http://www.provinggroundmma.com	Y			http://www.provinggroundmma.com	HAS_STORED	12851 W Bell Rd Ste 102			snippets/tjjm-gyms-data-11.liquid
AZ	AZ	Tough Survival Martial Arts Academy	Surprise		N				NO_W_KEY|RENDERS_BLANK	14815 W Dovestar Dr			snippets/tjjm-gyms-data-11.liquid
AZ	AZ	American Pankration Fighting MMA	Tempe	http://www.americanpankration.net/	Y		websites-2		HAS_STORED+BLANKED|RENDERS_BLANK	1310 E Broadway Rd #103			snippets/tjjm-gyms-data-11.liquid
AZ	AZ	Arizona Combat Sports	Tempe	http://azcombatsports.com/	Y			http://azcombatsports.com/	HAS_STORED	525 S McClintock Dr #103			snippets/tjjm-gyms-data-11.liquid
AZ	AZ	Dark Matter Jiu Jitsu/Ares BJJ Tempe	Tempe	http://darkmatterjj.com/	Y			http://darkmatterjj.com/	HAS_STORED	1332 E Apache Blvd			snippets/tjjm-gyms-data-11.liquid
AZ	AZ	Dragon-Snake MMA & Fitness	Tempe	http://dragonsnakemma.com/	Y		websites-2		HAS_STORED+BLANKED|RENDERS_BLANK	425 S McClintock Dr #3			snippets/tjjm-gyms-data-11.liquid
AZ	AZ	Fluid Martial Arts Academy	Tempe	http://www.fluidmartialarts.com/	Y			http://www.fluidmartialarts.com/	HAS_STORED	3136-13 S. McClintock Drive			snippets/tjjm-gyms-data-11.liquid
AZ	AZ	Gustavo Dantas Brazilian Jiu-Jitsu Academy	Tempe	https://gdjiujitsu.com/	Y			https://gdjiujitsu.com/	HAS_STORED				snippets/tjjm-gyms-data.liquid
AZ	AZ	Jay Pages Jiu-Jitsu & MMA	Tempe	https://jaypagesjjmma.com/	Y			https://jaypagesjjmma.com/	HAS_STORED				snippets/tjjm-gyms-data.liquid
AZ	AZ	Soul Fighters Headquarters	Tempe	https://www.soulfightershq.com/	Y			https://www.soulfightershq.com/	HAS_STORED				snippets/tjjm-gyms-data.liquid
AZ	AZ	Full Charge Brazilian Jiu-Jitsu	Thatcher	http://www.fullchargebjj.com/	Y			http://www.fullchargebjj.com/	HAS_STORED	1015 N 4th Ave			snippets/tjjm-gyms-data-11.liquid
AZ	AZ	10th Planet Jiu Jitsu Tucson	Tucson	http://10thplanettucson.com/	Y			http://10thplanettucson.com/	HAS_STORED	4765 E Speedway Blvd			snippets/tjjm-gyms-data-11.liquid
AZ	AZ	Alliance Jiu Jitsu - Tucson	Tucson	https://alliancejiujitsutucson.com/	Y			https://alliancejiujitsutucson.com/	HAS_STORED				snippets/tjjm-gyms-data.liquid
AZ	AZ	Alliance Jiu Jitsu - Vail	Tucson	https://alliancejiujitsuvail.com/	Y			https://alliancejiujitsuvail.com/	HAS_STORED				snippets/tjjm-gyms-data.liquid
AZ	AZ	Always Forward Jiu-Jitsu Academy	Tucson	http://www.alwaysforwardjiujitsu.com/	Y		websites-2		HAS_STORED+BLANKED|RENDERS_BLANK	2500 N Silverbell Rd Suite 140			snippets/tjjm-gyms-data-11.liquid
AZ	AZ	Boxer's Rebellion Martial Arts	Tucson	https://www.boxersrebellionmartialarts.com/	Y			https://www.boxersrebellionmartialarts.com/	HAS_STORED		5933 E 22nd St		snippets/tjjm-gyms-data.liquid
AZ	AZ	Daimyo Brazilian Jiujitsu	Tucson	https://daimyobjj.com	Y			https://daimyobjj.com	HAS_STORED	2840 W Ina #136			snippets/tjjm-gyms-data-11.liquid
AZ	AZ	DeBrazil Jiu-Jitsu Academy	Tucson	https://debraziljiujitsu.com/	Y			https://debraziljiujitsu.com/	HAS_STORED		560 W 22nd St		snippets/tjjm-gyms-data.liquid
AZ	AZ	Gracie Barra Tucson Jiu-Jitsu	Tucson	https://gbtucson.com/	Y			https://gbtucson.com/	HAS_STORED	5700 E Broadway Blvd			snippets/tjjm-gyms-data-11.liquid
AZ	AZ	Jiu Jitsu & Muay Thai - Carlson Gracie Tucson	Tucson	https://carlsongracietucson.com/	Y			https://carlsongracietucson.com/	HAS_STORED		8822 E Broadway Blvd		snippets/tjjm-gyms-data.liquid
AZ	AZ	Magnus Mixed Martial Arts	Tucson	https://magnusmma.com/	Y			https://magnusmma.com/	HAS_STORED				snippets/tjjm-gyms-data.liquid
AZ	AZ	Mako Brazilian Jiu-Jitsu Tucson	Tucson	https://www.makobjj.com/	Y			https://www.makobjj.com/	HAS_STORED		7787 E Broadway Blvd		snippets/tjjm-gyms-data.liquid
AZ	AZ	Northside BJJ	Tucson	https://www.nsbjj.com	Y			https://www.nsbjj.com	HAS_STORED	3912 N Oracle Rd			snippets/tjjm-gyms-data-12.liquid
AZ	AZ	Pallaton Brazilian Jiu Jitsu	Tucson	https://www.pallatonbjj.com	Y			https://www.pallatonbjj.com	HAS_STORED	4145 W Ina Rd Ste 121			snippets/tjjm-gyms-data-11.liquid
AZ	AZ	Primero Brazilian Jiu Jitsu Academy	Tucson	https://www.primerobjj.com	Y			https://www.primerobjj.com	HAS_STORED	908 W. Prince Road			snippets/tjjm-gyms-data-11.liquid
AZ	AZ	Sonoran Brazilian Jiu Jitsu	Tucson	https://www.sonoranbjj.com	Y			https://www.sonoranbjj.com	HAS_STORED	4410 E. Grant Rd			snippets/tjjm-gyms-data-11.liquid
AZ	AZ	Success Martial Arts	Tucson	https://smatucson.com/	Y			https://smatucson.com/	HAS_STORED				snippets/tjjm-gyms-data.liquid
AZ	AZ	TeckHit Boxing, Kickboxing, & MMA Gym	Tucson	https://teckhit.com/	Y			https://teckhit.com/	HAS_STORED	8049 E Lakeside Pkwy Unit 210			snippets/tjjm-gyms-data-11.liquid
AZ	AZ	The Arena Brazilian Jiu Jitsu Academy & Fitness	Tucson	https://thearenabjj.com/	Y			https://thearenabjj.com/	HAS_STORED		9013 E Old Vail Rd Unit 105		snippets/tjjm-gyms-data.liquid
AZ	AZ	The Eyrie Brazilian Jiu-Jitsu	Tucson	https://www.eyriebjj.com/	Y			https://www.eyriebjj.com/	HAS_STORED		918 W Irvington Rd Ste 100A		snippets/tjjm-gyms-data.liquid
AZ	AZ	Route 66 Jiu Jitsu	Williams	https://route66jiujitsu.com/	Y			https://route66jiujitsu.com/	HAS_STORED				snippets/tjjm-gyms-data.liquid
AZ	AZ	10th Planet Marine Corps Air Station Yuma	Yuma	https://www.10thplanetjj.com/locations/yuma-arizona/	Y			https://www.10thplanetjj.com/locations/yuma-arizona/	HAS_STORED	11825 South Fortuna Rd			snippets/tjjm-gyms-data-11.liquid
AZ	AZ	Carlson Gracie Jiu Jitsu	Yuma		N				NO_W_KEY|RENDERS_BLANK	1076 S 4th Ave			snippets/tjjm-gyms-data-11.liquid
AZ	AZ	Rogue Wave Brazilian Jiu Jitsu	Yuma		N				NO_W_KEY|RENDERS_BLANK	280 W 32nd St			snippets/tjjm-gyms-data-11.liquid
AZ	AZ	Yuma Top Team	Yuma	http://www.yumatopteam.com/	Y			http://www.yumatopteam.com/	HAS_STORED	11825 S Fortuna Rd			snippets/tjjm-gyms-data-11.liquid
BC	BC	Burridge Martial Arts and Fitness	Abbotsford	https://maxburridge.com	Y			https://maxburridge.com	HAS_STORED	2631 Gladys Avenue, Abbotsford, BC V2S 3X6			snippets/tjjm-gyms-data-43.liquid
BC	BC	Genesis Martial Arts	Abbotsford	https://www.genesismartialarts.ca	Y			https://www.genesismartialarts.ca	HAS_STORED	102 - 2313 West Railway Street, Abbotsford, BC V2S 2E3			snippets/tjjm-gyms-data-43.liquid
BC	BC	Pacific Top Team Abbotsford	Abbotsford	https://pttabbotsford.com	Y			https://pttabbotsford.com	HAS_STORED	2427 Pauline Street, Abbotsford, BC			snippets/tjjm-gyms-data-43.liquid
BC	BC	Poderoso Jiu Jitsu	Abbotsford	https://poderosojiujitsu.com	Y		websites-2		HAS_STORED+BLANKED|RENDERS_BLANK			Y	snippets/tjjm-gyms-data.liquid
BC	BC	BVJJ	Burnaby	https://bvjj.ca	Y			https://bvjj.ca	HAS_STORED	3710 Canada Way, Burnaby, BC V5G 1G4			snippets/tjjm-gyms-data-43.liquid
BC	BC	Budo Mixed Martial Arts Burnaby	Burnaby	https://budoburnaby.com	Y			https://budoburnaby.com	HAS_STORED	3972 Hastings St, Burnaby, BC V5C 6C1			snippets/tjjm-gyms-data-43.liquid
BC	BC	GFTeam Canada	Burnaby	https://www.gfteamcanada.ca	Y			https://www.gfteamcanada.ca	HAS_STORED	5528 Kingsway, Burnaby, BC V5H 2G2			snippets/tjjm-gyms-data-43.liquid
BC	BC	Gracie Barra Burnaby	Burnaby	https://gbburnaby.com	Y			https://gbburnaby.com	HAS_STORED	4277 Kingsway m24, Burnaby, BC V5H 3Z2			snippets/tjjm-gyms-data-43.liquid
BC	BC	Gracie Barra North Burnaby	Burnaby	https://www.gbnorthburnaby.com	Y			https://www.gbnorthburnaby.com	HAS_STORED	4029 Hastings Street, Burnaby, BC V5C 2J1			snippets/tjjm-gyms-data-43.liquid
BC	BC	InFighting Training Centres	Burnaby	https://www.infighting.ca	Y			https://www.infighting.ca	HAS_STORED	010-4664 Lougheed Hwy, Burnaby, BC V5C 3Y2			snippets/tjjm-gyms-data-43.liquid
BC	BC	Kajan Johnson MMA	Burnaby	https://kajanjohnsonmma.com	Y			https://kajanjohnsonmma.com	HAS_STORED	7759 Edmonds St, Burnaby, BC V3N 1B8			snippets/tjjm-gyms-data-43.liquid
BC	BC	North Burnaby Brazilian Jiu Jitsu	Burnaby	https://www.northburnabyjiujitsu.com	Y			https://www.northburnabyjiujitsu.com	HAS_STORED	4543 Hastings Street, Burnaby, BC V5C 2K3			snippets/tjjm-gyms-data-43.liquid
BC	BC	Power3 Academy	Burnaby	https://power3academy.com	Y			https://power3academy.com	HAS_STORED				snippets/tjjm-gyms-data.liquid
BC	BC	Campbell River BJJ	Campbell River	https://campbellriverbjj.com	Y			https://campbellriverbjj.com	HAS_STORED			Y	snippets/tjjm-gyms-data.liquid
BC	BC	Disciple BJJ	Campbell River	https://www.disciplebjj.ca	Y			https://www.disciplebjj.ca	HAS_STORED	220 Dogwood Street, Campbell River, BC V9W 2X9			snippets/tjjm-gyms-data-43.liquid
BC	BC	Pure Martial Arts and Fitness	Campbell River	https://puremartialarts.ca	Y			https://puremartialarts.ca	HAS_STORED	1426 Ironwood St, Campbell River, BC V9W 5T5			snippets/tjjm-gyms-data-43.liquid
BC	BC	Chilliwack BJJ	Chilliwack	https://chilliwackbjj.com	Y			https://chilliwackbjj.com	HAS_STORED			Y	snippets/tjjm-gyms-data.liquid
BC	BC	Chilliwack Jiu Jitsu	Chilliwack	https://www.chilliwackjiujitsu.ca	Y			https://www.chilliwackjiujitsu.ca	HAS_STORED	45844 Yale Rd Unit 1, Chilliwack, BC			snippets/tjjm-gyms-data-43.liquid
BC	BC	Gracie Barra Chilliwack	Chilliwack	https://gbchilliwack.com	Y			https://gbchilliwack.com	HAS_STORED	45945 Wellington Ave, Chilliwack, BC V2P 2C6			snippets/tjjm-gyms-data-43.liquid
BC	BC	Hiscoe Jiu-Jitsu	Chilliwack	https://www.hiscoejiujitsu.com	Y			https://www.hiscoejiujitsu.com	HAS_STORED	17-8635 Young Rd, Chilliwack, BC V2P 4P3			snippets/tjjm-gyms-data-43.liquid
BC	BC	Pacific Top Team Chilliwack	Chilliwack	https://pttchilliwack.ca	Y			https://pttchilliwack.ca	HAS_STORED	7-7355 Vedder Road, Chilliwack, BC			snippets/tjjm-gyms-data-43.liquid
BC	BC	Legacy Brazilian Jiu Jitsu Academy	Coquitlam	https://www.legacybjjacademy.com	Y			https://www.legacybjjacademy.com	HAS_STORED	3-2731 Barnet Highway, Coquitlam, BC			snippets/tjjm-gyms-data-43.liquid
BC	BC	Titan Training Centre	Coquitlam	https://titantrainingcentre.com	Y			https://titantrainingcentre.com	HAS_STORED	910 Sherwood Ave, Coquitlam, BC V3K 1A6			snippets/tjjm-gyms-data-43.liquid
BC	BC	Courtenay Brazilian Jiu-Jitsu	Courtenay	https://courtenaybjj.ca	Y			https://courtenaybjj.ca	HAS_STORED	2441 Cousins Avenue, Courtenay, BC			snippets/tjjm-gyms-data-43.liquid
BC	BC	Goblins Martial Arts	Courtenay	https://goblinsmartialarts.com	Y			https://goblinsmartialarts.com	HAS_STORED	204 Island Hwy North, Courtenay, BC V9N 3P1			snippets/tjjm-gyms-data-43.liquid
BC	BC	Cranbrook Brazilian Jiu-Jitsu	Cranbrook	https://cranbrookbjj.com	Y			https://cranbrookbjj.com	HAS_STORED	22 8th Ave S, Cranbrook, BC			snippets/tjjm-gyms-data-43.liquid
BC	BC	Delta BJJ British Columbia	Delta	https://deltabjj.ca	Y			https://deltabjj.ca	HAS_STORED	3-1835 56 Street, Delta, BC			snippets/tjjm-gyms-data-43.liquid
BC	BC	Gracie Barra Delta	Delta	https://www.gbdelta.com	Y			https://www.gbdelta.com	HAS_STORED	5000 Bridge St #101, Delta, BC V4K 2T8			snippets/tjjm-gyms-data-43.liquid
BC	BC	World Martial Arts	Delta	https://www.worldtkd.ca	Y			https://www.worldtkd.ca	HAS_STORED	11939 88 Ave, Delta, BC V4C 3C8			snippets/tjjm-gyms-data-43.liquid
BC	BC	South Island Brazilian Jiu-Jitsu	Duncan	https://www.sibjj.com	Y			https://www.sibjj.com	HAS_STORED	The HUB at Cowichan Station, 2375 Koksilah Rd, Duncan, BC			snippets/tjjm-gyms-data-43.liquid
BC	BC	Fort St. John BJJ	Fort St. John	https://fortstjohnbjj.com	Y			https://fortstjohnbjj.com	HAS_STORED			Y	snippets/tjjm-gyms-data.liquid
BC	BC	Iron Forge Fight and Fitness	Fort St. John	https://ironforge.ca	Y			https://ironforge.ca	HAS_STORED	Skyway Plaza, 8221 100 Ave, Fort St. John, BC V1J 1W7			snippets/tjjm-gyms-data-43.liquid
BC	BC	Tidal BJJ	Gibsons	https://tidalbjj.ca	Y			https://tidalbjj.ca	HAS_STORED	1066 Gibsons Way, Gibsons, BC			snippets/tjjm-gyms-data-43.liquid
BC	BC	Kamloops BJJ	Kamloops	https://kamloopsbjj.com	Y			https://kamloopsbjj.com	HAS_STORED			Y	snippets/tjjm-gyms-data.liquid
BC	BC	Valley Jiu-Jitsu	Kamloops	https://www.valleybjj.ca	Y			https://www.valleybjj.ca	HAS_STORED	#201 - 982 Camosun Crescent, Kamloops, BC			snippets/tjjm-gyms-data-43.liquid
BC	BC	Alliance Kelowna	Kelowna	https://www.alliancekelowna.com	Y			https://www.alliancekelowna.com	HAS_STORED	110-1854 Kirschner Rd, Kelowna, BC V1Y 4N7			snippets/tjjm-gyms-data-43.liquid
BC	BC	Gracie Barra Kelowna	Kelowna	https://gbkelowna.ca	Y			https://gbkelowna.ca	HAS_STORED	101 - 2333 Hunter Rd, Kelowna, BC V1X 7C5			snippets/tjjm-gyms-data-43.liquid
BC	BC	Kelowna BJJ	Kelowna	https://kelownabjj.com	Y			https://kelownabjj.com	HAS_STORED			Y	snippets/tjjm-gyms-data.liquid
BC	BC	Preta Jiu Jitsu Academy	Kelowna	https://www.pretaacademy.ca	Y			https://www.pretaacademy.ca	HAS_STORED	1044 Richter Street, Kelowna, BC			snippets/tjjm-gyms-data-43.liquid
BC	BC	Toshido MMA	Kelowna	https://toshido.ca	Y			https://toshido.ca	HAS_STORED	165 HWY 33E, Kelowna, BC			snippets/tjjm-gyms-data-43.liquid
BC	BC	Gracie Barra Lake Country	Lake Country	https://gblakecountry.com	Y			https://gblakecountry.com	HAS_STORED	723 - 11850 Oceola Rd, Lake Country, BC V4V 2T5			snippets/tjjm-gyms-data-43.liquid
BC	BC	Factory Fresh Jiu Jitsu	Langley	https://factoryfreshbjj.com	Y			https://factoryfreshbjj.com	HAS_STORED	Unit 5 - 6322 202 St, Langley, BC V2Y 1N2			snippets/tjjm-gyms-data-43.liquid
BC	BC	Gracie Barra Langley	Langley	https://gblangley.com	Y			https://gblangley.com	HAS_STORED	20241 Fraser Highway, Langley, BC V3A 4E7			snippets/tjjm-gyms-data-43.liquid
BC	BC	Marcus Soares Brazilian Jiu-Jitsu Langley	Langley	https://marcussoares.com/locations/langley	Y			https://marcussoares.com/locations/langley	HAS_STORED	Unit 103 - 20691 Langley Bypass, Langley, BC V3A 5E8			snippets/tjjm-gyms-data-43.liquid
BC	BC	Wise Warrior Gym	Langley	https://wisewarriorgym.com	Y			https://wisewarriorgym.com	HAS_STORED			Y	snippets/tjjm-gyms-data.liquid
BC	BC	Gracie Barra Maple Ridge	Maple Ridge	https://gbmapleridge.com	Y			https://gbmapleridge.com	HAS_STORED	22720 Dewdney Trunk Rd, Maple Ridge, BC V2X 8S5			snippets/tjjm-gyms-data-43.liquid
BC	BC	Maple Ridge BJJ	Maple Ridge	https://mapleridgebjj.com	Y			https://mapleridgebjj.com	HAS_STORED			Y	snippets/tjjm-gyms-data.liquid
BC	BC	Marcus Soares Brazilian Jiu-Jitsu Maple Ridge	Maple Ridge	https://marcussoares.com/locations/maple-ridge	Y			https://marcussoares.com/locations/maple-ridge	HAS_STORED	11924 207th Street, Maple Ridge, BC V2X 1X7			snippets/tjjm-gyms-data-43.liquid
BC	BC	Mission BC BJJ	Mission	https://missionbcbjj.com	Y		websites-2		HAS_STORED+BLANKED|RENDERS_BLANK			Y	snippets/tjjm-gyms-data.liquid
BC	BC	Mission Brazilian Jiu Jitsu	Mission	https://www.missionbjj.ca	Y			https://www.missionbjj.ca	HAS_STORED	Unit 301 - 31510 Gill Avenue, Mission, BC V4S 0A1			snippets/tjjm-gyms-data-43.liquid
BC	BC	CJ Martial Arts & Fitness	Nanaimo	https://www.cjmartialartsnanaimo.ca	Y			https://www.cjmartialartsnanaimo.ca	HAS_STORED	1722 Bowen Rd, Nanaimo, BC V9S 1G9			snippets/tjjm-gyms-data-43.liquid
BC	BC	Nanaimo BJJ	Nanaimo	https://nanaimobjj.com	Y			https://nanaimobjj.com	HAS_STORED			Y	snippets/tjjm-gyms-data.liquid
BC	BC	North Kootenay Martial Arts	Nelson	https://northkootenaymartialarts.com	Y			https://northkootenaymartialarts.com	HAS_STORED				snippets/tjjm-gyms-data-43.liquid
BC	BC	Transcendent Combat Sports	Nelson	https://www.transcendentcombatsports.com	Y			https://www.transcendentcombatsports.com	HAS_STORED	402 Anderson St, Nelson, BC V1L 3Y3			snippets/tjjm-gyms-data-43.liquid
BC	BC	Gracie Barra New Westminster	New Westminster	https://gbnewwest.com	Y			https://gbnewwest.com	HAS_STORED	482 E Columbia St, New Westminster, BC V3L 3X5			snippets/tjjm-gyms-data-43.liquid
BC	BC	Hero Academy	North Vancouver	https://hero-academy.ca	Y			https://hero-academy.ca	HAS_STORED	208 - 250 Esplanade E, North Vancouver, BC V7L 1B4			snippets/tjjm-gyms-data-43.liquid
BC	BC	North Vancouver BJJ	North Vancouver	https://northvancouverbjj.com	Y			https://northvancouverbjj.com	HAS_STORED			Y	snippets/tjjm-gyms-data.liquid
BC	BC	North Vancouver Brazilian Jiu Jitsu	North Vancouver	https://northvanbjj.com	Y			https://northvanbjj.com	HAS_STORED	Unit 206, 250 Esplanade E, North Vancouver, BC V7L 1A5			snippets/tjjm-gyms-data-43.liquid
BC	BC	Roll Jiu Jitsu Academy	North Vancouver	https://www.rjja.ca	Y			https://www.rjja.ca	HAS_STORED	286 Pemberton Ave, North Vancouver, BC			snippets/tjjm-gyms-data-43.liquid
BC	BC	Universal MMA	North Vancouver	https://www.universalmma.com	Y			https://www.universalmma.com	HAS_STORED	1326 Main Street, North Vancouver, BC V7J 1C3			snippets/tjjm-gyms-data-43.liquid
BC	BC	Penticton BJJ	Penticton	https://pentictonbjj.com	Y			https://pentictonbjj.com	HAS_STORED			Y	snippets/tjjm-gyms-data.liquid
BC	BC	Gracie Barra Port Coquitlam	Port Coquitlam	https://gbportcoquitlam.com	Y			https://gbportcoquitlam.com	HAS_STORED	3130-853 Seaborne Ave, Port Coquitlam, BC V3B 0N9			snippets/tjjm-gyms-data-43.liquid
BC	BC	Tri-Cities Gracie Jiu-Jitsu	Port Moody	https://www.tricitiesgjj.com	Y			https://www.tricitiesgjj.com	HAS_STORED	2813 Spring Street, Port Moody, BC V3H 4C6			snippets/tjjm-gyms-data-43.liquid
BC	BC	Galbraith Jiu Jitsu	Prince George	https://galbraithjiujitsu.ca	Y			https://galbraithjiujitsu.ca	HAS_STORED	1791 Nicholson Street, Prince George, BC V2N 1A9			snippets/tjjm-gyms-data-43.liquid
BC	BC	Kaiten Mixed Martial Arts Academy	Prince George	https://princegeorgemma.com	Y			https://princegeorgemma.com	HAS_STORED	185 Dominion Street, Prince George, BC			snippets/tjjm-gyms-data-43.liquid
BC	BC	Prince George BJJ	Prince George	https://princegeorgebjj.com	Y			https://princegeorgebjj.com	HAS_STORED			Y	snippets/tjjm-gyms-data.liquid
BC	BC	Muscle Panda MMA	Prince Rupert	https://www.musclepandamma.ca	Y			https://www.musclepandamma.ca	HAS_STORED	100 1st Avenue West, Prince Rupert, BC			snippets/tjjm-gyms-data-43.liquid
BC	BC	Summit Jiu Jitsu	Revelstoke	https://www.summitjjrevelstoke.com	Y			https://www.summitjjrevelstoke.com	HAS_STORED	1240 Powerhouse Road, Unit 3103, Revelstoke, BC			snippets/tjjm-gyms-data-43.liquid
BC	BC	10th Planet Richmond	Richmond	https://www.10thplanetrichmond.ca	Y			https://www.10thplanetrichmond.ca	HAS_STORED	11151 Horseshoe Way Unit 24, Richmond, BC V7A 4S5			snippets/tjjm-gyms-data-43.liquid
BC	BC	Advantage Jiu Jitsu	Richmond	https://www.advantagejiujitsu.ca	Y			https://www.advantagejiujitsu.ca	HAS_STORED	6231 London Rd #120, Richmond, BC V7E 3S3			snippets/tjjm-gyms-data-43.liquid
BC	BC	Apex Martial Arts	Richmond	http://www.apexma.ca	Y			http://www.apexma.ca	HAS_STORED	#140 - 13571 Verdun Place, Richmond, BC V6V 1W5			snippets/tjjm-gyms-data-43.liquid
BC	BC	Gracie Barra Central Richmond	Richmond	https://graciebarra.com/central-richmond-bc-canada	Y			https://graciebarra.com/central-richmond-bc-canada	HAS_STORED	12200 Vulcan Way, Richmond, BC V6V 1J8			snippets/tjjm-gyms-data-43.liquid
BC	BC	Gracie Barra Richmond Steveston	Richmond	https://gbrichmond.ca	Y			https://gbrichmond.ca	HAS_STORED	#340 - 12211 First Ave, Richmond, BC V7E 3M3			snippets/tjjm-gyms-data-43.liquid
BC	BC	Kaizen Martial Arts and Health Club	Richmond	https://kaizenjhc.ca	Y			https://kaizenjhc.ca	HAS_STORED	12800 Bathgate Way #9, Richmond, BC V6V 1Z4			snippets/tjjm-gyms-data-43.liquid
BC	BC	Pinnacle MMA	Richmond	https://pinncalemma.com	Y		websites-2		HAS_STORED+BLANKED|RENDERS_BLANK			Y	snippets/tjjm-gyms-data.liquid
BC	BC	Pinnacle Martial Arts Academy Richmond	Richmond	https://pinnaclemma.ca	Y			https://pinnaclemma.ca	HAS_STORED	12100 Vulcan Way, Richmond, BC V6V 1J8			snippets/tjjm-gyms-data-43.liquid
BC	BC	Way Of BJJ Training Studio	Richmond	https://wayofbjj.com	Y			https://wayofbjj.com	HAS_STORED	Crux Fitness upstairs, 3771 Jacombs Rd #420, Richmond, BC V6V 2L9			snippets/tjjm-gyms-data-43.liquid
BC	BC	Salmon Arm Jiu-Jitsu	Salmon Arm	https://salmonarmjiujitsu.ca	Y			https://salmonarmjiujitsu.ca	HAS_STORED	371 7th St SW, Salmon Arm, BC V1E 1S9			snippets/tjjm-gyms-data-43.liquid
BC	BC	Nomad Brazilian Jiu Jitsu Studio	Sechelt	https://thenomadstudio.ca	Y			https://thenomadstudio.ca	HAS_STORED	1780 Blower Road, Sechelt (Wilson Creek), BC			snippets/tjjm-gyms-data-43.liquid
BC	BC	Mountain Jiu Jitsu	Squamish	https://www.mtnjjsq.com	Y			https://www.mtnjjsq.com	HAS_STORED	#110, 39455 Discovery Way, Squamish, BC V8B 0R5			snippets/tjjm-gyms-data-43.liquid
BC	BC	The Sound Martial Arts	Squamish	https://www.thesoundmartialarts.com	Y			https://www.thesoundmartialarts.com	HAS_STORED	115 - 1111 Pioneer Way, Squamish, BC V8B 0M8			snippets/tjjm-gyms-data-43.liquid
BC	BC	Eternal BJJ	Surrey	https://eternalbjj.ca	Y			https://eternalbjj.ca	HAS_STORED	107-2255 King George Blvd, Surrey, BC V4A 5A4			snippets/tjjm-gyms-data-43.liquid
BC	BC	Golden Glory Fitness and Martial Arts Academy	Surrey	https://www.goldenglory.ca	Y			https://www.goldenglory.ca	HAS_STORED	2-2336 King George Blvd, Surrey, BC			snippets/tjjm-gyms-data-43.liquid
BC	BC	Gracie Barra Cloverdale	Surrey	https://gb-cloverdale.com	Y			https://gb-cloverdale.com	HAS_STORED	17720 65A Ave Unit 4, Surrey, BC V3S 4J7			snippets/tjjm-gyms-data-43.liquid
BC	BC	Gracie Barra Guildford	Surrey	https://gbguildford.com	Y			https://gbguildford.com	HAS_STORED	15310 103A Ave #205, Surrey, BC V3R 7A2			snippets/tjjm-gyms-data-43.liquid
BC	BC	Gravity Brazilian Jiu-Jitsu	Surrey	https://gravitybjj.ca	Y			https://gravitybjj.ca	HAS_STORED	#209-13308 76th Ave, Surrey, BC			snippets/tjjm-gyms-data-43.liquid
BC	BC	Isshindo Martial Arts	Surrey	https://isshindomartialarts.com	Y			https://isshindomartialarts.com	HAS_STORED	16793 60 Ave #202, Surrey, BC V3S 1S8			snippets/tjjm-gyms-data-43.liquid
BC	BC	Kaboom Brazilian Jiu-Jitsu	Surrey	https://kaboombjj.com	Y			https://kaboombjj.com	HAS_STORED	8556 120 St #111, Surrey, BC V3W 3N5			snippets/tjjm-gyms-data-43.liquid
BC	BC	Red Tiger Martial Arts	Surrey	https://www.redtigersurrey.com	Y			https://www.redtigersurrey.com	HAS_STORED	208 - 15290 103A Ave, Surrey, BC V3R 7A2			snippets/tjjm-gyms-data-43.liquid
BC	BC	Surrey BJJ	Surrey	https://surreybjj.com	Y			https://surreybjj.com	HAS_STORED			Y	snippets/tjjm-gyms-data.liquid
BC	BC	Surrey Combat Sports and Performance	Surrey	https://surreymma.ca	Y			https://surreymma.ca	HAS_STORED	13638 Grosvenor Road, Surrey, BC V3R 5C9			snippets/tjjm-gyms-data-43.liquid
BC	BC	Triunity Martial Arts Studio	Surrey	https://www.triunitymartialarts.com	Y			https://www.triunitymartialarts.com	HAS_STORED	4a - 15685 Fraser Hwy, Surrey, BC V4N 0Y6			snippets/tjjm-gyms-data-43.liquid
BC	BC	Trail BJJ	Trail	https://trailbjj.com	Y			https://trailbjj.com	HAS_STORED			Y	snippets/tjjm-gyms-data.liquid
BC	BC	Alliance BJJ Vancouver	Vancouver	https://www.alliancebjjteam.com	Y			https://www.alliancebjjteam.com	HAS_STORED	2625 Kingsway, Vancouver, BC V5R 5H4			snippets/tjjm-gyms-data-43.liquid
BC	BC	Alliance Jiu Jitsu Vancouver	Vancouver	https://alliancejiujitsuvancouver.com	Y		websites-2		HAS_STORED+BLANKED|RENDERS_BLANK			Y	snippets/tjjm-gyms-data.liquid
BC	BC	BUDo Vancouver	Vancouver	https://budovancouver.com	Y			https://budovancouver.com	HAS_STORED			Y	snippets/tjjm-gyms-data.liquid
BC	BC	BUDō Jiu-Jitsu Team Vancouver	Vancouver	https://budojiujitsuteam.com	Y			https://budojiujitsuteam.com	HAS_STORED	3163 Kingsway, Vancouver, BC			snippets/tjjm-gyms-data-43.liquid
BC	BC	Diaz Combat Sports	Vancouver	https://diazcombatsports.com	Y			https://diazcombatsports.com	HAS_STORED	276 E Pender St, Vancouver, BC V6A 1T7			snippets/tjjm-gyms-data-43.liquid
BC	BC	Flow Martial Arts	Vancouver	https://www.flowmartialarts.ca	Y			https://www.flowmartialarts.ca	HAS_STORED	1355 Kingsway, Vancouver, BC V5V 3E3			snippets/tjjm-gyms-data-43.liquid
BC	BC	Gracie Barra Kerrisdale	Vancouver	https://gbkerrisdale.com	Y			https://gbkerrisdale.com	HAS_STORED	2038 W 41st Ave, Vancouver, BC V6M 1Y8			snippets/tjjm-gyms-data-43.liquid
BC	BC	Gracie Barra Kitsilano	Vancouver	https://gbkitsilano.com	Y			https://gbkitsilano.com	HAS_STORED	3611 W Broadway, Vancouver, BC V6R 2B8			snippets/tjjm-gyms-data-43.liquid
BC	BC	Gracie Barra Vancouver	Vancouver	https://www.gbvancouver.com	Y			https://www.gbvancouver.com	HAS_STORED	2440 Main St, Vancouver, BC V5T 3E2			snippets/tjjm-gyms-data-43.liquid
BC	BC	Kuzushi Grappling	Vancouver	https://kuzushigrappling.com	Y			https://kuzushigrappling.com	HAS_STORED	150 West Hastings St, Floor 2, Vancouver, BC			snippets/tjjm-gyms-data-43.liquid
BC	BC	Lapel Arts	Vancouver	https://www.lapelarts.ca	Y			https://www.lapelarts.ca	HAS_STORED				snippets/tjjm-gyms-data-43.liquid
BC	BC	Lions MMA	Vancouver	https://lionsmma.com	Y	https://www.lionsmma.ca	websites-2	https://www.lionsmma.ca	HAS_STORED+REPOINTED		1256 Granville St, Vancouver, BC V6Z 1M4		snippets/tjjm-gyms-data.liquid
BC	BC	Marcus Soares Brazilian Jiu-Jitsu	Vancouver	https://marcussoares.com	Y			https://marcussoares.com	HAS_STORED	910 Richards St #201, Vancouver, BC V6B 3C1			snippets/tjjm-gyms-data-43.liquid
BC	BC	Nimbus Grappling Athletics Club	Vancouver	https://www.nimbusgrappling.com	Y			https://www.nimbusgrappling.com	HAS_STORED	4259 Fraser Street, Vancouver, BC V5V 4G1			snippets/tjjm-gyms-data-43.liquid
BC	BC	Pacific Top Team	Vancouver	https://pacifictopteam.com	Y			https://pacifictopteam.com	HAS_STORED			Y	snippets/tjjm-gyms-data.liquid
BC	BC	Pacific Top Team Vancity	Vancouver	https://www.pttvancity.com	Y			https://www.pttvancity.com	HAS_STORED	3470 East Hastings, Vancouver, BC V5K 2A6			snippets/tjjm-gyms-data-43.liquid
BC	BC	West Coast BJJ	Vancouver	https://westcoastbjj.ca	Y			https://westcoastbjj.ca	HAS_STORED				snippets/tjjm-gyms-data.liquid
BC	BC	NOS Brazilian Jiu-Jitsu & MMA	Vernon	https://www.shuswapbjj.com	Y			https://www.shuswapbjj.com	HAS_STORED	Unit 5, 740 Waddington Drive, Vernon, BC V1T 9E9			snippets/tjjm-gyms-data-43.liquid
BC	BC	Unity MMA & Kickboxing	Vernon	https://unitymma.ca	Y			https://unitymma.ca	HAS_STORED	4215 25 Ave, Vernon, BC V1T 7G8			snippets/tjjm-gyms-data-43.liquid
BC	BC	Vernon BJJ	Vernon	https://vernonbjj.com	Y			https://vernonbjj.com	HAS_STORED			Y	snippets/tjjm-gyms-data.liquid
BC	BC	Hood Rich Jiu Jitsu	Victoria	https://www.hoodrichjj.com	Y			https://www.hoodrichjj.com	HAS_STORED	1510 Fort St, Victoria, BC V8S 5J2			snippets/tjjm-gyms-data-43.liquid
BC	BC	Island MMA Training Centre	Victoria	https://islandmma.com	Y			https://islandmma.com	HAS_STORED	831 Fisgard Street, Victoria, BC			snippets/tjjm-gyms-data-43.liquid
BC	BC	Kaiser Jiu Jitsu	Victoria	https://www.kaiserjiujitsu.com	Y			https://www.kaiserjiujitsu.com	HAS_STORED	5-770 Bay Street, Victoria, BC V8T 5E4			snippets/tjjm-gyms-data-43.liquid
BC	BC	Peterec's Kombat Center	Victoria	https://peterecskickboxing.com	Y			https://peterecskickboxing.com	HAS_STORED	851 Johnson St, Victoria, BC V8W 1N4			snippets/tjjm-gyms-data-43.liquid
BC	BC	SBG Victoria	Victoria	https://sbgvictoria.com	Y		websites-2		HAS_STORED+BLANKED|RENDERS_BLANK			Y	snippets/tjjm-gyms-data.liquid
BC	BC	Van Isle BJJ	Victoria	https://vanislebjj.com	Y	https://www.vibjj.com	websites-2	https://www.vibjj.com	HAS_STORED+REPOINTED		941 Ellery Street, Esquimalt, Victoria, BC V9A 4R3		snippets/tjjm-gyms-data.liquid
BC	BC	West Coast Brazilian Jiu Jitsu Victoria	Victoria	https://westcoastbjjvic.ca	Y			https://westcoastbjjvic.ca	HAS_STORED	765 Broughton Street, Victoria, BC			snippets/tjjm-gyms-data-43.liquid
BC	BC	ZUMA Martial Arts	Victoria	https://zuma.tv	Y			https://zuma.tv	HAS_STORED	1855 Blanshard Street, Victoria, BC V8T 4H9			snippets/tjjm-gyms-data-43.liquid
BC	BC	Gracie Barra West Vancouver	West Vancouver	https://gbwestvancouver.com	Y			https://gbwestvancouver.com	HAS_STORED	1765 Bellevue Ave, West Vancouver, BC V7V 1A9			snippets/tjjm-gyms-data-43.liquid
BC	BC	Williams Lake BJJ	Williams Lake	https://williamslakebjj.com	Y			https://williamslakebjj.com	HAS_STORED			Y	snippets/tjjm-gyms-data.liquid
CA	CA	GB Agoura	Agoura Hills		N				NO_W_KEY|RENDERS_BLANK	5885 Kanan Road			snippets/tjjm-gyms-data-5.liquid
CA	CA	Gracie Jiu-Jitsu Alameda	Alameda		N				NO_W_KEY|RENDERS_BLANK	2424 Blanding Ave.			snippets/tjjm-gyms-data-5.liquid
CA	CA	Cosmic Training Center Brazilian Jiu Jitsu	Alhambra	https://www.cosmictrainingcenter.com/	Y			https://www.cosmictrainingcenter.com/	HAS_STORED	43 E Main St #201			snippets/tjjm-gyms-data-5.liquid
CA	CA	Alpine Jiu Jitsu	Alpine	https://alpinebjjacademy.com	Y			https://alpinebjjacademy.com	HAS_STORED	1347 Tavern Rd Suite D			snippets/tjjm-gyms-data-5.liquid
CA	CA	Carlson Gracie Jiu Jitsu Anaheim	Anaheim	https://www.carlsongraciebjj.club/	Y			https://www.carlsongraciebjj.club/	HAS_STORED	428 N Lakeview Ave			snippets/tjjm-gyms-data-5.liquid
CA	CA	GB West Anaheim	Anaheim	https://www.gbwestanaheim.com	Y			https://www.gbwestanaheim.com	HAS_STORED	910 South Euclid Street			snippets/tjjm-gyms-data-5.liquid
CA	CA	Javier Blanchard Brazilian Jiu Jitsu / BJJ Anaheim CA 92801	Anaheim	https://www.javierblanchard.com/	Y		websites-2		HAS_STORED+BLANKED|RENDERS_BLANK				snippets/tjjm-gyms-data-5.liquid
CA	CA	Kings MMA Anaheim	Anaheim	http://www.kingsanaheim.com/	Y			http://www.kingsanaheim.com/	HAS_STORED	4388 E La Palma Ave			snippets/tjjm-gyms-data-5.liquid
CA	CA	Sovereign Brazilian Jiu Jitsu (BJJ)	Antioch		N				NO_W_KEY|RENDERS_BLANK	Sunset Dr			snippets/tjjm-gyms-data-5.liquid
CA	CA	Gracie Jiu-Jitsu Apple Valley	Apple Valley	http://www.graciejjav.com/	Y			http://www.graciejjav.com/	HAS_STORED	13470 Manhasset Rd #9			snippets/tjjm-gyms-data-5.liquid
CA	CA	Logic Brazilian Jiu-Jitsu HQ	Arcadia	http://www.logicjj.com/	Y			http://www.logicjj.com/	HAS_STORED	113 E Huntington Dr			snippets/tjjm-gyms-data-5.liquid
CA	CA	SCHOOL Brazilian Jiu-Jitsu Arcadia	Arcadia	http://schoolbjjarcadia.com/	Y			http://schoolbjjarcadia.com/	HAS_STORED	310 S 1st Ave			snippets/tjjm-gyms-data-5.liquid
CA	CA	Humboldt Jiu Jitsu	Arcata	https://humboldtjiujitsu.com/	Y			https://humboldtjiujitsu.com/	HAS_STORED				snippets/tjjm-gyms-data.liquid
CA	CA	Institute of Combat	Arcata	https://www.instituteofcombat.com/	Y			https://www.instituteofcombat.com/	HAS_STORED				snippets/tjjm-gyms-data.liquid
CA	CA	Lost Boys Jiu-Jitsu & Muay Thai	Arcata	https://www.lostboysbjj.com/#!location/c2q4	Y			https://www.lostboysbjj.com/#!location/c2q4	HAS_STORED				snippets/tjjm-gyms-data.liquid
CA	CA	Paragon Brazilian Jiu-Jitsu & Muay Thai Atascadero	Atascadero	http://www.paragonbjjslo.com/	Y			http://www.paragonbjjslo.com/	HAS_STORED	8665 El Camino Real			snippets/tjjm-gyms-data-5.liquid
CA	CA	Auburn CA Jiu Jitsu Academy	Auburn	https://auburnjiujitsuacademy.com/	Y			https://auburnjiujitsuacademy.com/	HAS_STORED				snippets/tjjm-gyms-data.liquid
CA	CA	Gold Country Jiu Jitsu	Auburn	https://www.goldcountryjiujitsu.com/	Y			https://www.goldcountryjiujitsu.com/	HAS_STORED				snippets/tjjm-gyms-data.liquid
CA	CA	Bakersfield BJJ	Bakersfield	https://bakersfieldbjj.com	Y			https://bakersfieldbjj.com	HAS_STORED			Y	snippets/tjjm-gyms-data.liquid
CA	CA	Bakersfield Brazilian Jiu Jitsu / BJJ Bakersfield CA 93313	Bakersfield	https://www.mattbakerbjj.com/	Y			https://www.mattbakerbjj.com/	HAS_STORED	4308 Resnik Ct, Bakersfield, CA 93313			snippets/tjjm-gyms-data-5.liquid
CA	CA	Eric Nolan’s Xtreme Training Center	Bakersfield	http://www.ericnolan.com/	Y			http://www.ericnolan.com/	HAS_STORED	4510 Stine Road			snippets/tjjm-gyms-data-5.liquid
CA	CA	South Valley Brazilian Jiu Jitsu	Bakersfield	http://www.southvalleyjiujitsu.com/	Y			http://www.southvalleyjiujitsu.com/	HAS_STORED	6403 7 Seas Ave			snippets/tjjm-gyms-data-5.liquid
CA	CA	The Chute MMA, Jiu Jitsu and Wrestling	Bakersfield	http://www.chutetraining.com	Y		websites-2		HAS_STORED+BLANKED|RENDERS_BLANK	4621 District Ave			snippets/tjjm-gyms-data-5.liquid
CA	CA	Trujitsu Bakersfield Brazilian Jiu Jitsu/mattbakerbjj	Bakersfield	https://www.mattbakerbjj.com/	Y			https://www.mattbakerbjj.com/	HAS_STORED	3714 Coffee Rd			snippets/tjjm-gyms-data-5.liquid
CA	CA	Gracie Jiu-Jitsu Barstow	Barstow		N				NO_W_KEY|RENDERS_BLANK	304 East Main St.; Ste B			snippets/tjjm-gyms-data-5.liquid
CA	CA	Team Mata Brazilian Jiu Jitsu	Bell		N				NO_W_KEY|RENDERS_BLANK	5140 E Florence Ave			snippets/tjjm-gyms-data-5.liquid
CA	CA	Bay Area Boxing and BJJ	Belmont	https://www.bayareaboxing.net/	Y			https://www.bayareaboxing.net/	HAS_STORED	210 El Camino Real			snippets/tjjm-gyms-data-5.liquid
CA	CA	New Creation Wrestling and Jiu Jitsu Academy LLC	Benicia	https://newcreationwrestlingandjiujitsu.com/	Y			https://newcreationwrestlingandjiujitsu.com/	HAS_STORED	675 E H St			snippets/tjjm-gyms-data-5.liquid
CA	CA	Bay Jiu-Jitsu / BJJ Berkeley CA 94704	Berkeley	https://www.baycombat.com/	Y			https://www.baycombat.com/	HAS_STORED				snippets/tjjm-gyms-data-5.liquid
CA	CA	Berkeley BJJ	Berkeley	https://berkeleybjj.com	Y			https://berkeleybjj.com	HAS_STORED			Y	snippets/tjjm-gyms-data.liquid
CA	CA	Modern Combatives Mixed Martial Arts	Berkeley	http://www.moderncombatives.com/	Y			http://www.moderncombatives.com/	HAS_STORED	1450 San Pablo Avenue			snippets/tjjm-gyms-data-5.liquid
CA	CA	Ralph Gracie Berkeley Jiu Jitsu Academy	Berkeley	http://www.ralphgracieberkeley.com/	Y			http://www.ralphgracieberkeley.com/	HAS_STORED	1500 Ashby Ave			snippets/tjjm-gyms-data-5.liquid
CA	CA	Gracie Jiu-Jitsu Beverly Hills	Beverly Hills		N				NO_W_KEY|RENDERS_BLANK	324 S. Beverly Drive; 2nd Floor			snippets/tjjm-gyms-data-5.liquid
CA	CA	Carlson Gracie Brawley	Brawley	https://www.carlsongraciebrawley.com	Y			https://www.carlsongraciebrawley.com	HAS_STORED	224 A Street			snippets/tjjm-gyms-data-5.liquid
CA	CA	Brea Jiu-Jitsu	Brea	http://www.breajiujitsu.com/	Y			http://www.breajiujitsu.com/	HAS_STORED	379 W Central Ave			snippets/tjjm-gyms-data-5.liquid
CA	CA	Ares BJJ Brentwood	Brentwood	http://aresbrentwood.com/	Y		websites-2		HAS_STORED+BLANKED|RENDERS_BLANK	4530 Balfour Rd Suite I			snippets/tjjm-gyms-data-5.liquid
CA	CA	Checkmat Brentwood	Brentwood	http://www.checkmatbrentwood.com	Y			http://www.checkmatbrentwood.com	HAS_STORED	640 Harvest Park Dr Suite F & G			snippets/tjjm-gyms-data-5.liquid
CA	CA	Crosley Gracie Jiu-Jitsu	Brentwood	http://www.crosleygracie.com/	Y			http://www.crosleygracie.com/	HAS_STORED	3291 Walnut Blvd #140			snippets/tjjm-gyms-data-5.liquid
CA	CA	Ricardo Barros Brazilian Jiu-Jitsu	Brentwood	http://www.rbbjj.com/	Y			http://www.rbbjj.com/	HAS_STORED	6730 Lone Tree Wy Suite 8			snippets/tjjm-gyms-data-5.liquid
CA	CA	10th Planet Burbank	Burbank	http://www.10thplanetburbank.com/	Y			http://www.10thplanetburbank.com/	HAS_STORED	4130 W Burbank Blvd			snippets/tjjm-gyms-data-5.liquid
CA	CA	Defiant MMA & Fitness	Burbank	http://www.defiantmuaythai.com/	Y			http://www.defiantmuaythai.com/	HAS_STORED	146 Cypress Ave #103			snippets/tjjm-gyms-data-5.liquid
CA	CA	Legacy Burbank	Burbank	http://legacybjj.com/	Y			http://legacybjj.com/	HAS_STORED	330 N Victory Blvd			snippets/tjjm-gyms-data-5.liquid
CA	CA	LongShot MMA	Burney	https://longshotmma.weebly.com/	Y			https://longshotmma.weebly.com/	HAS_STORED				snippets/tjjm-gyms-data.liquid
CA	CA	Bond Squad MMA	Camarillo		N				NO_W_KEY|RENDERS_BLANK	1877 E Daily Dr			snippets/tjjm-gyms-data-5.liquid
CA	CA	The Los Angeles Jiu-Jitsu Club	Camarillo	https://lajjclub.com/	Y			https://lajjclub.com/	HAS_STORED	1151 Avenida Acaso			snippets/tjjm-gyms-data-5.liquid
CA	CA	Jean Jacques Machado Brazilian Jiu-Jitsu - Santa Clarita Valley	Canyon Country	http://jjmachadoscv.com/	Y			http://jjmachadoscv.com/	HAS_STORED	17750 Sierra Highway			snippets/tjjm-gyms-data-5.liquid
CA	CA	Alliance Jiu-Jitsu Carlsbad / BJJ Carlsbad CA 92008	Carlsbad	http://www.alliancecarlsbad.com/home-5/	Y			http://www.alliancecarlsbad.com/home-5/	HAS_STORED	2804 Roosevelt St Suite B, Carlsbad, CA 92008			snippets/tjjm-gyms-data-5.liquid
CA	CA	Gracie Jiu Jitsu Carlsbad and San Marcos	Carlsbad	https://www.graciecarlsbad.com	Y			https://www.graciecarlsbad.com	HAS_STORED	6108 Avenida Encinas # C			snippets/tjjm-gyms-data-5.liquid
CA	CA	Uprise MMA	Carmichael	https://www.uprisemma.com/	Y			https://www.uprisemma.com/	HAS_STORED	6432 Fair Oaks Blvd			snippets/tjjm-gyms-data-5.liquid
CA	CA	MCBJJ - Marcelo Cavalcanti Brazilian Jiu-JItsu	Carson	http://www.mcbjj.com/	Y			http://www.mcbjj.com/	HAS_STORED	441 E Carson St			snippets/tjjm-gyms-data-5.liquid
CA	CA	Lake Arrowhead Jiu-Jitsu	Cedar Glen	http://lakearrowheadjiujitsu.com/	Y			http://lakearrowheadjiujitsu.com/	HAS_STORED	28949 Hook Creek Rd.			snippets/tjjm-gyms-data-5.liquid
CA	CA	Academy of Brazilian Jiu Jitsu	Chatsworth	http://www.academyofbrazilianjiujitsu.com/	Y			http://www.academyofbrazilianjiujitsu.com/	HAS_STORED	9820 CA-27			snippets/tjjm-gyms-data-5.liquid
CA	CA	Kings Combat Sports	Chatsworth	http://www.kingscombatsports.com	Y			http://www.kingscombatsports.com	HAS_STORED	9400 Lurline Avenue Unit A1			snippets/tjjm-gyms-data-5.liquid
CA	CA	Americana Brazilian-Jiu Jitsu	Chico	https://americanabjj.com/	Y			https://americanabjj.com/	HAS_STORED				snippets/tjjm-gyms-data.liquid
CA	CA	Bruno Lima Brazilian Jiu Jitsu	Chico	http://www.brunolimabjj.com/	Y			http://www.brunolimabjj.com/	HAS_STORED				snippets/tjjm-gyms-data.liquid
CA	CA	Standalone MMA, Brazilian Jiu-Jitsu, Boxing, Muay Thai Kickboxing and Fitness	Chico	https://www.standalonemma.com/	Y			https://www.standalonemma.com/	HAS_STORED				snippets/tjjm-gyms-data.liquid
CA	CA	Gracie Barra Chino Jiu-Jitsu	Chino	http://gbchino.com/	Y			http://gbchino.com/	HAS_STORED	13751 Roswell Ave suite g			snippets/tjjm-gyms-data-5.liquid
CA	CA	Vital Force Muay Thai & MMA	Chino	http://www.vitalforcemma.com/	Y			http://www.vitalforcemma.com/	HAS_STORED	12632 Central Ave			snippets/tjjm-gyms-data-5.liquid
CA	CA	10th Planet Chino Hills	Chino Hills	https://www.10thplanetchinohills.com/	Y			https://www.10thplanetchinohills.com/	HAS_STORED	4070 Chino Hills Parkway			snippets/tjjm-gyms-data-5.liquid
CA	CA	10th Planet South Bay (Chula Vista CA)	Chula Vista	https://10thplanetsouthbay.com/	Y			https://10thplanetsouthbay.com/	HAS_STORED	241 Third Ave Suite E			snippets/tjjm-gyms-data-5.liquid
CA	CA	Alliance MMA Gym	Chula Vista		N				NO_W_KEY|RENDERS_BLANK	646 H St			snippets/tjjm-gyms-data-5.liquid
CA	CA	GB Chula Vista	Chula Vista		N				NO_W_KEY|RENDERS_BLANK	2015 Birch Roadsuite 1007			snippets/tjjm-gyms-data-5.liquid
CA	CA	Global Fighting Legion / Jiu-Jitsu Chula Vista CA 91914	Chula Vista	https://theinstituteofhealthandfitness.com/Home	Y			https://theinstituteofhealthandfitness.com/Home	HAS_STORED				snippets/tjjm-gyms-data-5.liquid
CA	CA	7th Generation Jiu Jitsu	Clovis	https://www.7thgenerationbjj.com/	Y			https://www.7thgenerationbjj.com/	HAS_STORED	50 W bullard ave suite 114			snippets/tjjm-gyms-data-5.liquid
CA	CA	Gracie Jiu-Jitsu Clovis	Clovis		N				NO_W_KEY|RENDERS_BLANK	1521 Tollhouse Road Suite F			snippets/tjjm-gyms-data-5.liquid
CA	CA	Pacific Martial Arts Clovis CA	Clovis	http://fresnopma.com	Y			http://fresnopma.com	HAS_STORED	275 N Clovis Ave Suite 147			snippets/tjjm-gyms-data-5.liquid
CA	CA	925 Jiu Jitsu Club / BJJ Concord CA 94520	Concord	https://www.925jiujitsu.com/	Y			https://www.925jiujitsu.com/	HAS_STORED	1776 Arnold Industrial Way, Suite M, Concord, CA 94520			snippets/tjjm-gyms-data-5.liquid
CA	CA	Sabre Jiu-Jitsu Academy	Concord	http://www.sabrebjj.com/	Y			http://www.sabrebjj.com/	HAS_STORED	930 Detroit Ave			snippets/tjjm-gyms-data-5.liquid
CA	CA	UFC GYM Concord	Concord	http://www.ufcgym.com/concord	Y			http://www.ufcgym.com/concord	HAS_STORED	1975 Diamond Blvd			snippets/tjjm-gyms-data-5.liquid
CA	CA	10th Planet Corona	Corona	https://10thplanetjjcor.com	Y			https://10thplanetjjcor.com	HAS_STORED	12391 Sampson St			snippets/tjjm-gyms-data-5.liquid
CA	CA	Edj School Of Jiu Jitsu	Corona	https://jiujitsucorona.com/	Y			https://jiujitsucorona.com/	HAS_STORED	210 Dupont St			snippets/tjjm-gyms-data-5.liquid
CA	CA	GB Corona	Corona	https://graciebarra.com/corona-ca/	Y			https://graciebarra.com/corona-ca/	HAS_STORED	280 Teller Street ste 100			snippets/tjjm-gyms-data-5.liquid
CA	CA	Pacific Top Team Brazilian Jiu Jitsu Corona / BJJ Corona CA 92879	Corona	https://www.jiujitsucorona.com/	Y			https://www.jiujitsucorona.com/	HAS_STORED	210 Dupont St			snippets/tjjm-gyms-data-5.liquid
CA	CA	UFC GYM Corona	Corona	https://www.ufcgym.com/locations/corona/	Y			https://www.ufcgym.com/locations/corona/	HAS_STORED	470 McKinley St			snippets/tjjm-gyms-data-5.liquid
CA	CA	Art of Jiu Jitsu Academy	Costa Mesa	http://www.artofjiujitsu.com/	Y			http://www.artofjiujitsu.com/	HAS_STORED	411 E 17th St			snippets/tjjm-gyms-data-5.liquid
CA	CA	GB Costa Mesa	Costa Mesa	https://www.gbcostamesa.com/	Y			https://www.gbcostamesa.com/	HAS_STORED	1304 Logan Ave. Suite J			snippets/tjjm-gyms-data-5.liquid
CA	CA	Triunfo Jiu Jitsu & MMA	Costa Mesa	http://www.triunfomma.com/	Y			http://www.triunfomma.com/	HAS_STORED	801 Baker St ste b			snippets/tjjm-gyms-data-5.liquid
CA	CA	UFC GYM Costa Mesa	Costa Mesa	https://www.ufcgym.com/locations/costa-mesa/	Y			https://www.ufcgym.com/locations/costa-mesa/	HAS_STORED	2860 Harbor Blvd			snippets/tjjm-gyms-data-5.liquid
CA	CA	10th Planet Covina Jiu Jitsu & Blitz Muay Thai	Covina	http://10thplanetcovina.com/	Y			http://10thplanetcovina.com/	HAS_STORED	1050 N Citrus Ave			snippets/tjjm-gyms-data-5.liquid
CA	CA	Teixeira/Garcia Brazilian jiu-jitsu training academy	Covina	http://gfteamcovina.com/	Y			http://gfteamcovina.com/	HAS_STORED	4706 Grand Ave			snippets/tjjm-gyms-data-5.liquid
CA	CA	Abrigo Martial Arts	Culver City	http://www.abrigomartialarts.com/index02.php	Y		websites-2		HAS_STORED+BLANKED|RENDERS_BLANK	6508 1/2 Sepulveda Blvd.			snippets/tjjm-gyms-data-5.liquid
CA	CA	Revolution Martial Arts & Jiu Jitsu	Culver City	http://www.revolutionculvercity.com/	Y			http://www.revolutionculvercity.com/	HAS_STORED	10814 Jefferson Blvd Suite K			snippets/tjjm-gyms-data-5.liquid
CA	CA	10th Planet Daly City	Daly City	http://www.10pdc.com/	Y			http://www.10pdc.com/	HAS_STORED	69 Washington St			snippets/tjjm-gyms-data-5.liquid
CA	CA	Charles Gracie Jiu-Jitsu Academy	Daly City	http://www.charlesgracie.com/	Y			http://www.charlesgracie.com/	HAS_STORED	7340 Mission St			snippets/tjjm-gyms-data-5.liquid
CA	CA	GB Dana Point	Dana Point	https://graciebarra.com/dana-point-ca/	Y			https://graciebarra.com/dana-point-ca/	HAS_STORED	34085 Pacific Coast Highway #106			snippets/tjjm-gyms-data-5.liquid
CA	CA	Nova Geração Davis	Davis	http://novageracaodavis.com	Y			http://novageracaodavis.com	HAS_STORED	215 Madson Pl.; Ste B; Ste B			snippets/tjjm-gyms-data-5.liquid
CA	CA	Del Mar Jiu Jitsu Club	Del Mar	https://www.delmarjiujitsuclub.com	Y			https://www.delmarjiujitsuclub.com	HAS_STORED	2120 Jimmy Durante Blvd Suite 121			snippets/tjjm-gyms-data-5.liquid
CA	CA	GB Diamond Bar	Diamond Bar	https://graciebarra.com/diamond-bar-ca/	Y			https://graciebarra.com/diamond-bar-ca/	HAS_STORED	1273 South			snippets/tjjm-gyms-data-5.liquid
CA	CA	Fabio Prado Brazilian Jiu-Jitsu Academy	Dixon		N				NO_W_KEY|RENDERS_BLANK	2600 Plaza Ct			snippets/tjjm-gyms-data-5.liquid
CA	CA	Academy Jiu-Jitsu & Kickboxing / Downtown Downey	Downey	http://academyjj.com/	Y			http://academyjj.com/	HAS_STORED	11012 Downey Ave			snippets/tjjm-gyms-data-5.liquid
CA	CA	Academy Jiu-Jitsu and Kickboxing / Headquarters	Downey	https://www.academyjj.com/	Y			https://www.academyjj.com/	HAS_STORED	9220 Lakewood Blvd			snippets/tjjm-gyms-data-5.liquid
CA	CA	GB Downey	Downey	https://graciebarra.com/downey-ca/	Y			https://graciebarra.com/downey-ca/	HAS_STORED	8043 2nd St Suite 101			snippets/tjjm-gyms-data-5.liquid
CA	CA	Scorpion MMA (Aloisio Silva Associated Academy)	East Los Angeles	http://scorpion-mma.us/index.html	Y			http://scorpion-mma.us/index.html	HAS_STORED	1014 S Atlantic Blvd			snippets/tjjm-gyms-data-5.liquid
CA	CA	Silva BJJ Cajon CA (Aloisio Silva Associated Academy)	El Cajon	https://silvabjjacademy.com/	Y			https://silvabjjacademy.com/	HAS_STORED	1043 Broadway			snippets/tjjm-gyms-data-5.liquid
CA	CA	Trilogy Martial Arts	El Cajon	https://www.trilogymmagym.com/	Y			https://www.trilogymmagym.com/	HAS_STORED	13727 Camino Canada A4			snippets/tjjm-gyms-data-5.liquid
CA	CA	Gracie Jiu-Jitsu El Sobrante	El Sobrante		N				NO_W_KEY|RENDERS_BLANK	435 Valley View Road; 3rd Floor			snippets/tjjm-gyms-data-5.liquid
CA	CA	Charles Gracie Jiu-Jitsu Academy Elk Grove	Elk Grove	https://gracieelkgrove.com/	Y			https://gracieelkgrove.com/	HAS_STORED	8835 Sheldon Rd. Suite 100			snippets/tjjm-gyms-data-5.liquid
CA	CA	Waza Brazilian Jiu Jitsu	Elk Grove	http://www.wazabjj.com/	Y			http://www.wazabjj.com/	HAS_STORED	9105 Laguna Main St #150			snippets/tjjm-gyms-data-5.liquid
CA	CA	GB Encinitas	Encinitas	https://graciebarra.com/encinitas-ca/	Y			https://graciebarra.com/encinitas-ca/	HAS_STORED	613 Westlake St.			snippets/tjjm-gyms-data-5.liquid
CA	CA	GB Escondido	Escondido	https://graciebarra.com/escondido-ca/	Y			https://graciebarra.com/escondido-ca/	HAS_STORED	135 E Grand Ave			snippets/tjjm-gyms-data-5.liquid
CA	CA	Jobu Shin Kan	Eureka	https://jobushinkan.weebly.com/instructor.html	Y			https://jobushinkan.weebly.com/instructor.html	HAS_STORED				snippets/tjjm-gyms-data.liquid
CA	CA	Raiz Brazilian Jiu-Jitsu	Eureka	https://www.raizbjj.net/	Y			https://www.raizbjj.net/	HAS_STORED				snippets/tjjm-gyms-data.liquid
CA	CA	CHECKMAT Folsom Brazilian Jiu Jitsu	Folsom	http://www.bedabjj.com/	Y			http://www.bedabjj.com/	HAS_STORED	316 Natoma St			snippets/tjjm-gyms-data-12.liquid
CA	CA	Aguirre's Fighting System	Fontana	http://aguirresfightingsystem.com/	Y			http://aguirresfightingsystem.com/	HAS_STORED	7898 Cherry Ave Suite B			snippets/tjjm-gyms-data-5.liquid
CA	CA	Fearless Fitness	Foster City	http://www.fearlessfitness.us	Y			http://www.fearlessfitness.us	HAS_STORED	1125 East Hillsdale Blvd. Suite 108			snippets/tjjm-gyms-data-5.liquid
CA	CA	Piranha Jiu Jitsu	Fountain Valley		N				NO_W_KEY|RENDERS_BLANK	8552 Warner Ave			snippets/tjjm-gyms-data-5.liquid
CA	CA	Williams Academy of MMA	Fountain Valley	http://www.williamsmma.com/	Y			http://www.williamsmma.com/	HAS_STORED	8552 Warner Ave			snippets/tjjm-gyms-data-5.liquid
CA	CA	Baem Jiu Jitsu - Fremont	Fremont	http://baemjiujitsu.com/	Y			http://baemjiujitsu.com/	HAS_STORED	47900 Warm Springs Blvd			snippets/tjjm-gyms-data-5.liquid
CA	CA	Gracie Brazilian Jiu Jitsu Fremont / Jiu-Jitsu Fremont CA 94538	Fremont	https://www.graciefremont.com/	Y			https://www.graciefremont.com/	HAS_STORED	43086 Christy St			snippets/tjjm-gyms-data-5.liquid
CA	CA	Checkmat Fresno-Roots Brazilian Jiu-Jitsu	Fresno	http://checkmatfresno.com	Y		websites-2		HAS_STORED+BLANKED|RENDERS_BLANK	1835 E Dakota Ave			snippets/tjjm-gyms-data-5.liquid
CA	CA	Dethrone Mixed Martial Arts	Fresno	http://www.dethronefresno.com	Y			http://www.dethronefresno.com	HAS_STORED	3069 W Bullard Ave			snippets/tjjm-gyms-data-5.liquid
CA	CA	Fresno BJJ	Fresno	https://fresnobjj.com	Y			https://fresnobjj.com	HAS_STORED			Y	snippets/tjjm-gyms-data.liquid
CA	CA	Fresno Ultimate Martial Arts	Fresno	http://www.ultmartialarts.com	Y			http://www.ultmartialarts.com	HAS_STORED	7731 N 1st St			snippets/tjjm-gyms-data-5.liquid
CA	CA	Halo Jiu-Jitsu Training Center	Fresno	http://www.halobjj.net/	Y			http://www.halobjj.net/	HAS_STORED	3980 N Chestnut Diagonal			snippets/tjjm-gyms-data-5.liquid
CA	CA	Jean Jacques Machado Fresno	Fresno	https://jjmachadofresno.com/	Y			https://jjmachadofresno.com/	HAS_STORED	6701 N Milburn Ste 160			snippets/tjjm-gyms-data-5.liquid
CA	CA	Pacific Martial Arts Fresno CA (inside Fit Republic Health Club)	Fresno	http://fresnopma.com	Y			http://fresnopma.com	HAS_STORED	6735 N First St			snippets/tjjm-gyms-data-5.liquid
CA	CA	Rivalry Jiu-Jitsu	Fresno	http://www.rivalryjiujitsu.com/	Y			http://www.rivalryjiujitsu.com/	HAS_STORED	379 W Shaw Ave			snippets/tjjm-gyms-data-5.liquid
CA	CA	Royce Gracie Jiu-Jitsu Of Fresno	Fresno	https://www.graciefresno.com/	Y			https://www.graciefresno.com/	HAS_STORED	2950 E. Nees Ave. #107			snippets/tjjm-gyms-data-5.liquid
CA	CA	10th Planet Jiu Jitsu Fullerton	Fullerton	http://www.10thplanetorangecounty.com/	Y			http://www.10thplanetorangecounty.com/	HAS_STORED	601 S Euclid St			snippets/tjjm-gyms-data-5.liquid
CA	CA	CSW Training Center	Fullerton	https://www.erikpaulson.com	Y			https://www.erikpaulson.com	HAS_STORED	4080 N. Palm St. Suite 801			snippets/tjjm-gyms-data-5.liquid
CA	CA	GB Fullerton	Fullerton	https://graciebarra.com/fullerton-ca/	Y			https://graciebarra.com/fullerton-ca/	HAS_STORED	231 E Imperial Hwy Ste 101			snippets/tjjm-gyms-data-5.liquid
CA	CA	Gracie Jiu-Jitsu Fullerton	Fullerton		N				NO_W_KEY|RENDERS_BLANK	721 N Placentia Ave			snippets/tjjm-gyms-data-5.liquid
CA	CA	Rounders MMA Fullerton	Fullerton	http://www.roundersmma.com/	Y			http://www.roundersmma.com/	HAS_STORED	353 S State College Blvd			snippets/tjjm-gyms-data-5.liquid
CA	CA	Carlson Gracie Academy of Garden Grove	Garden Grove	http://www.carlsongraciegardengrove.com/	Y			http://www.carlsongraciegardengrove.com/	HAS_STORED	13142 Garden Grove Blvd			snippets/tjjm-gyms-data-5.liquid
CA	CA	GB Garden Grove	Garden Grove	https://www.gbgardengrove.com/	Y			https://www.gbgardengrove.com/	HAS_STORED	12062 Valley View Street. Suite 101			snippets/tjjm-gyms-data-5.liquid
CA	CA	Nam Phan MMA Academy	Garden Grove	https://www.iamnam.com/	Y			https://www.iamnam.com/	HAS_STORED	10662 Stanford Ave			snippets/tjjm-gyms-data-5.liquid
CA	CA	Antdawgs MMA Training Center	Gilroy	http://antdawgsmma.com/	Y			http://antdawgsmma.com/	HAS_STORED	6901 Monterey Rd			snippets/tjjm-gyms-data-5.liquid
CA	CA	Gilroy Brazilian Jiu -Jitsu	Gilroy	http://www.gilroybjj.com/	Y			http://www.gilroybjj.com/	HAS_STORED	7560 Monterey Rd ste 206			snippets/tjjm-gyms-data-5.liquid
CA	CA	GB Glendale	Glendale	https://www.gbglendale.com/	Y			https://www.gbglendale.com/	HAS_STORED	325 N Brand Blvd			snippets/tjjm-gyms-data-12.liquid
CA	CA	Sampa Brazilian Jiu Jitsu / BJJ Fontana CA 92335	Glendora	http://sampabrazilianjiujitsu.com/	Y			http://sampabrazilianjiujitsu.com/	HAS_STORED	903 East Route 66			snippets/tjjm-gyms-data-5.liquid
CA	CA	Brazilian Jiu Jitsu Academy of Sacramento	Gold River	http://elementsofjiujitsu.com/	Y			http://elementsofjiujitsu.com/	HAS_STORED	11357B Pyrites Way #11			snippets/tjjm-gyms-data-5.liquid
CA	CA	Granada Hills Martial Arts & Fitness	Granada Hills		N				NO_W_KEY|RENDERS_BLANK	10355 Balboa Blvd			snippets/tjjm-gyms-data-5.liquid
CA	CA	Bruddas BJJ @ Granite Bay JJ	Granite Bay	http://bruddasbjj.com/	Y			http://bruddasbjj.com/	HAS_STORED	9705 Village Center Dr			snippets/tjjm-gyms-data-5.liquid
CA	CA	Royce Gracie Jiu Jitsu Academy SoCal	Harbor City	https://roycegraciesouthbay.com/	Y		websites-2		HAS_STORED+BLANKED|RENDERS_BLANK	1234 254th St unit b			snippets/tjjm-gyms-data-5.liquid
CA	CA	Pedigo Submission Fighting Los Angeles	Hawthorne		N				NO_W_KEY|RENDERS_BLANK	12958 Hawthorne Blvd			snippets/tjjm-gyms-data-5.liquid
CA	CA	Bay Area Fighter Academy (BAFA)	Hayward	http://bayareafighter.com/	Y			http://bayareafighter.com/	HAS_STORED	1625 Industrial Pkwy W			snippets/tjjm-gyms-data-5.liquid
CA	CA	EDGE Training Center	Hayward	http://edgebjj.com/	Y			http://edgebjj.com/	HAS_STORED	22136 Mission Blvd			snippets/tjjm-gyms-data-5.liquid
CA	CA	Hayward BJJ Darcio Lira	Hayward	https://www.haywardbjjdarciolira.com/	Y		websites-2		HAS_STORED+BLANKED|RENDERS_BLANK	21463 B Foothill Blvd			snippets/tjjm-gyms-data-5.liquid
CA	CA	Mindset Martial Arts & Fitness	Hayward	http://haywardmma.com/	Y			http://haywardmma.com/	HAS_STORED	24249 Hesperian Blvd			snippets/tjjm-gyms-data-5.liquid
CA	CA	Omnimovement	Hercules	http://www.omnimovement.com/	Y			http://www.omnimovement.com/	HAS_STORED	678 Alfred Nobel Dr			snippets/tjjm-gyms-data-5.liquid
CA	CA	Electric Jiu Jitsu	Huntington Beach	https://electricjiujitsu.com	Y			https://electricjiujitsu.com	HAS_STORED	4972 Warner Ave #103			snippets/tjjm-gyms-data-5.liquid
CA	CA	GB Huntington Beach	Huntington Beach	https://graciebarrahb.com/	Y			https://graciebarrahb.com/	HAS_STORED	16889 Beach Blvd			snippets/tjjm-gyms-data-5.liquid
CA	CA	Gracie Jiu-Jitsu Huntington Beach	Huntington Beach	https://graciejiujitsuhuntingtonbeach.com/	Y			https://graciejiujitsuhuntingtonbeach.com/	HAS_STORED	9887 Hamilton Avenue			snippets/tjjm-gyms-data-5.liquid
CA	CA	Hb Ultimate Training Center	Huntington Beach	http://www.hbutc.com/	Y			http://www.hbutc.com/	HAS_STORED	19240 Beach Blvd			snippets/tjjm-gyms-data-5.liquid
CA	CA	Kings MMA	Huntington Beach	http://kingsmma.com/	Y			http://kingsmma.com/	HAS_STORED	7391 Warner Ave Unit C			snippets/tjjm-gyms-data-5.liquid
CA	CA	Power of Leverage Brazilian Jiu-Jitsu	Huntington Beach	http://www.powerofleveragebjj.com/	Y			http://www.powerofleveragebjj.com/	HAS_STORED	19060 Brookhurst St			snippets/tjjm-gyms-data-5.liquid
CA	CA	UFC GYM Huntington Beach	Huntington Beach	https://www.ufcgym.com/locations/huntington-beach/	Y			https://www.ufcgym.com/locations/huntington-beach/	HAS_STORED	17091 Beach Blvd			snippets/tjjm-gyms-data-5.liquid
CA	CA	Flow Academy BJJ Indio	Indio		N				NO_W_KEY|RENDERS_BLANK	42425 Jackson St C#112			snippets/tjjm-gyms-data-5.liquid
CA	CA	Gracie Jiu-Jitsu Indio	Indio		N				NO_W_KEY|RENDERS_BLANK	80150 HWY 111; C-1			snippets/tjjm-gyms-data-5.liquid
CA	CA	wolfpac combat ju-jitsu	Inglewood	http://www.wolfpac.co.nr/	Y			http://www.wolfpac.co.nr/	HAS_STORED	316 W Beach Ave			snippets/tjjm-gyms-data-5.liquid
CA	CA	10th Planet Irvine	Irvine	http://www.10thplanetmonstersquad.com/	Y			http://www.10thplanetmonstersquad.com/	HAS_STORED	16632 Hale Ave			snippets/tjjm-gyms-data-5.liquid
CA	CA	Butokuden Martial Arts Training Center	Irvine	http://www.butokuden.com/	Y			http://www.butokuden.com/	HAS_STORED	1581 Browning			snippets/tjjm-gyms-data-5.liquid
CA	CA	GB HQ - Irvine	Irvine	https://graciebarra.com/irvine-ca/	Y			https://graciebarra.com/irvine-ca/	HAS_STORED	14988 Sand Canyon Ave Suite 1			snippets/tjjm-gyms-data-5.liquid
CA	CA	Phenom Brazilian Jiu Jitsu	Irvine	http://phenombjjoc.com/	Y			http://phenombjjoc.com/	HAS_STORED	Inside Next Level Fitness 17811 Sky Park Cir			snippets/tjjm-gyms-data-5.liquid
CA	CA	Team Oyama MMA & Fitness	Irvine	http://teamoyamamma.com/	Y		websites-2		HAS_STORED+BLANKED|RENDERS_BLANK	16632 Hale Avenue; Suite 100			snippets/tjjm-gyms-data-5.liquid
CA	CA	Valhalla Jiu Jitsu	Irvine	http://www.valhallabjj.com/	Y		websites-2		HAS_STORED+BLANKED|RENDERS_BLANK	4213 Campus Dr # 166C			snippets/tjjm-gyms-data-5.liquid
CA	CA	GB La Canada Flintridge	La Cañada Flintridge	https://graciebarra.com/la-canada-ca/	Y			https://graciebarra.com/la-canada-ca/	HAS_STORED	814 Foothill Blvd			snippets/tjjm-gyms-data-5.liquid
CA	CA	GB La Crescenta	La Crescenta		N				NO_W_KEY|RENDERS_BLANK	3115 Foothill Blvd; #E			snippets/tjjm-gyms-data-5.liquid
CA	CA	Lucas Leite Brazilian Jiu-Jitsu	La Habra	http://www.lucasleitebjj.net/	Y			http://www.lucasleitebjj.net/	HAS_STORED	819 E La Habra Blvd			snippets/tjjm-gyms-data-5.liquid
CA	CA	Gracie Jiu-Jitsu La Jolla	La Jolla	http://www.graciejiu-jitsulajolla.com/	Y			http://www.graciejiu-jitsulajolla.com/	HAS_STORED	7598 Eads Ave			snippets/tjjm-gyms-data-5.liquid
CA	CA	Gridlock Academy -Gracie Jiu Jitsu Self Defense	La Mirada	http://www.rgracie.com/	Y			http://www.rgracie.com/	HAS_STORED	12711 Valley View Ave			snippets/tjjm-gyms-data-5.liquid
CA	CA	United Mixed Martial Arts	La Mirada	http://www.unitedmixedmartialarts.com/	Y			http://www.unitedmixedmartialarts.com/	HAS_STORED	15843 East Imperial Hwy			snippets/tjjm-gyms-data-5.liquid
CA	CA	Gracie Jiu-Jitsu La Palma	La Palma	https://www.gracielapalma.com/	Y			https://www.gracielapalma.com/	HAS_STORED	7821 Valley View St			snippets/tjjm-gyms-data-5.liquid
CA	CA	Six Blades Jiu Jitsu La Quinta	La Quinta	https://laquintajiujitsu.com	Y			https://laquintajiujitsu.com	HAS_STORED	79485 Highway 111 Suite 6			snippets/tjjm-gyms-data-5.liquid
CA	CA	Gracie Jiu-Jitsu Laguna Hills	Laguna Hills		N				NO_W_KEY|RENDERS_BLANK	23601-E Moulton Pkwy.			snippets/tjjm-gyms-data-5.liquid
CA	CA	Joker's MMA	Laguna Hills	http://www.jokersmma.com/	Y		websites-2		HAS_STORED+BLANKED|RENDERS_BLANK	23211 Del Lago Dr. Unit B			snippets/tjjm-gyms-data-5.liquid
CA	CA	Royce Gracie Jiu-Jitsu Academy OC	Laguna Niguel	http://www.rgjjoc.com/	Y			http://www.rgjjoc.com/	HAS_STORED	30251 Golden Lantern suite i			snippets/tjjm-gyms-data-5.liquid
CA	CA	GB Lake Elsinore	Lake Elsinore	https://graciebarra.com/lake-elsinore-ca/	Y			https://graciebarra.com/lake-elsinore-ca/	HAS_STORED	109 S Main Street			snippets/tjjm-gyms-data-5.liquid
CA	CA	One Jiu Jitsu Lake Elsinore	Lake Elsinore	http://onejiujitsulakeelsinore.com	Y			http://onejiujitsulakeelsinore.com	HAS_STORED	31712 Casino Dr 2C			snippets/tjjm-gyms-data-5.liquid
CA	CA	Oc Jiu-Jitsu & Mixed Martial Arts	Lake Forest	http://www.ocjj.com/	Y			http://www.ocjj.com/	HAS_STORED	22661 Lambert Street #209			snippets/tjjm-gyms-data-5.liquid
CA	CA	Silva BJJ Lancaster CA (Aloisio Silva BJJ Associated Academy)	Lancaster	https://silvabjj.com/	Y			https://silvabjj.com/	HAS_STORED	44219 Sierra Hwy unit K			snippets/tjjm-gyms-data-5.liquid
CA	CA	Silva BJJ Lawndale CA (Aloisio Silva Affiliated Academy)	Lawndale	https://www.facebook.com/SilvaArmy/	Y			https://www.facebook.com/SilvaArmy/	HAS_STORED	4646 Manhattan Beach Blvd.			snippets/tjjm-gyms-data-5.liquid
CA	CA	Lincoln Jiu Jitsu Academy	Lincoln	https://lincolnjiujitsuacademy.com/	Y			https://lincolnjiujitsuacademy.com/	HAS_STORED				snippets/tjjm-gyms-data.liquid
CA	CA	Arena Training Center	Livermore	https://www.arenastrong.com	Y			https://www.arenastrong.com	HAS_STORED	4555 Las Positas Rd			snippets/tjjm-gyms-data-5.liquid
CA	CA	Charles Gracie Jiu-Jitsu Academy Livermore	Livermore	http://www.gracielivermore.com/	Y			http://www.gracielivermore.com/	HAS_STORED	1861 2nd St			snippets/tjjm-gyms-data-5.liquid
CA	CA	Darcio Lira Brazilian Jiu Jitsu and Martial Arts	Livermore	https://www.darciolirajiujitsu.com/	Y			https://www.darciolirajiujitsu.com/	HAS_STORED	1601 Railroad Ave			snippets/tjjm-gyms-data-5.liquid
CA	CA	Strive Jiu Jitsu & Fitness Academy	Lodi	http://www.striveacademylodi.com/	Y			http://www.striveacademylodi.com/	HAS_STORED	651 N Cherokee Ln E			snippets/tjjm-gyms-data-12.liquid
CA	CA	Caique - Gracie Brazilian Jiu Jitsu Academy	Lomita	https://cjjusa.com/	Y			https://cjjusa.com/	HAS_STORED	24831 Narbonne Ave			snippets/tjjm-gyms-data-5.liquid
CA	CA	10th Planet Long Beach CA	Long Beach	https://www.10thplanetjj.com/locations/long-beach-ca/	Y			https://www.10thplanetjj.com/locations/long-beach-ca/	HAS_STORED	1757 Pacific Ave.			snippets/tjjm-gyms-data-5.liquid
CA	CA	GB Long Beach	Long Beach	https://www.gblongbeach.com	Y			https://www.gblongbeach.com	HAS_STORED	5423 Village Rd Suite C&D			snippets/tjjm-gyms-data-5.liquid
CA	CA	Long Beach BJJ	Long Beach	https://longbeachbjj.com	Y			https://longbeachbjj.com	HAS_STORED			Y	snippets/tjjm-gyms-data.liquid
CA	CA	The Jiu-Jitsu League	Long Beach	http://www.thejiujitsuleague.com/	Y			http://www.thejiujitsuleague.com/	HAS_STORED	6376 Pacific Coast Hwy A			snippets/tjjm-gyms-data-5.liquid
CA	CA	Conde Koma Brazilian Jiu-Jitsu Academy	Los Alamitos	https://www.condekomabjj.com	Y			https://www.condekomabjj.com	HAS_STORED	4340 Katella Ave.			snippets/tjjm-gyms-data-5.liquid
CA	CA	Jg Academy	Los Altos	http://www.cscmhk.com	Y			http://www.cscmhk.com	HAS_STORED	4916 El Camino Real Suite 180			snippets/tjjm-gyms-data-5.liquid
CA	CA	Alliance Jiu Jitsu Los Angeles	Los Angeles	https://alliancejiujitsusla.com	Y		websites-2		HAS_STORED+BLANKED|RENDERS_BLANK				snippets/tjjm-gyms-data.liquid
CA	CA	Bang Bang Power Fit	Los Angeles	http://bangbangpowerfit.com/	Y		websites-2		HAS_STORED+BLANKED|RENDERS_BLANK	1861 S.Bundy Dr. #208			snippets/tjjm-gyms-data-5.liquid
CA	CA	Clube Jiu Jitsu	Los Angeles	http://www.clubejiujitsu.com/	Y			http://www.clubejiujitsu.com/	HAS_STORED	4472 W Adams Blvd			snippets/tjjm-gyms-data-5.liquid
CA	CA	Cobrinha Brazilian Jiu-Jitsu & Fitness	Los Angeles	http://www.cobrinhabjj.com/	Y			http://www.cobrinhabjj.com/	HAS_STORED	4929 Wilshire Blvd #104			snippets/tjjm-gyms-data-5.liquid
CA	CA	Eagle Rock Jiu-Jitsu	Los Angeles	http://eaglerockbjj.com/	Y			http://eaglerockbjj.com/	HAS_STORED	7105 N Figueroa St suite A			snippets/tjjm-gyms-data-5.liquid
CA	CA	GB Northridge	Los Angeles	https://www.gbnorthridge.com/	Y			https://www.gbnorthridge.com/	HAS_STORED	19520 Nordhoff StreetUnits 10 & 15			snippets/tjjm-gyms-data-5.liquid
CA	CA	GB Tarzana	Los Angeles	http://gbtarzana.com/	Y			http://gbtarzana.com/	HAS_STORED	18065 Ventura Blvd			snippets/tjjm-gyms-data-12.liquid
CA	CA	Gomez Jiu-jitsu	Los Angeles	http://www.gomezjiujitsu.com/	Y			http://www.gomezjiujitsu.com/	HAS_STORED	120 E 8th St #401			snippets/tjjm-gyms-data-5.liquid
CA	CA	Hollywood BJJ	Los Angeles		N				NO_W_KEY|RENDERS_BLANK	7131 1/2 Sunset Blvd			snippets/tjjm-gyms-data-5.liquid
CA	CA	Independent Jiu-Jitsu	Los Angeles	https://www.independentjiujitsu.co/calendar	Y		websites-2		HAS_STORED+BLANKED|RENDERS_BLANK	7901 Melrose Ave Suite 207-208			snippets/tjjm-gyms-data-5.liquid
CA	CA	Marcelo Garcia Academy LA	Los Angeles	https://marcelogarciaacademy.com/la	Y			https://marcelogarciaacademy.com/la	HAS_STORED				snippets/tjjm-gyms-data.liquid
CA	CA	Renzo Gracie Los Angeles	Los Angeles	https://renzogracielosangeles.com	Y			https://renzogracielosangeles.com	HAS_STORED				snippets/tjjm-gyms-data.liquid
CA	CA	Rey Diogo Brazilian Jiu Jitsu	Los Angeles	https://www.reydiogojiujitsu.com/	Y			https://www.reydiogojiujitsu.com/	HAS_STORED	8733 Venice Blvd			snippets/tjjm-gyms-data-5.liquid
CA	CA	Uactp	Los Angeles		N				NO_W_KEY|RENDERS_BLANK	2200 Beverly			snippets/tjjm-gyms-data-5.liquid
CA	CA	Xtreme Martial Arts and Fitness Center	Los Gatos	https://www.xmagym.com/	Y			https://www.xmagym.com/	HAS_STORED	15405 Los Gatos Blvd #103			snippets/tjjm-gyms-data-5.liquid
CA	CA	Madera Martial Arts	Madera	http://maderamma.com/	Y			http://maderamma.com/	HAS_STORED	1920 Modoc St			snippets/tjjm-gyms-data-5.liquid
CA	CA	Mammoth Lakes Jiu-Jitsu	Mammoth Lakes	http://www.mammothlakesjiujitsu.com	Y			http://www.mammothlakesjiujitsu.com	HAS_STORED	51 Club Dr			snippets/tjjm-gyms-data-5.liquid
CA	CA	Jg Academy Manteca	Manteca	https://www.jgacademy.net/manteca	Y			https://www.jgacademy.net/manteca	HAS_STORED	125 W Louise Ave			snippets/tjjm-gyms-data-5.liquid
CA	CA	Inosanto Academy of Martial Arts	Marina Del Rey	http://inosanto.com/	Y			http://inosanto.com/	HAS_STORED	13348-13352 Beach Ave.			snippets/tjjm-gyms-data-5.liquid
CA	CA	East Bay Academy Jiu Jitsu	Martinez	https://www.ebajiujitsu.com/	Y			https://www.ebajiujitsu.com/	HAS_STORED	835 Arnold Dr Ste 106			snippets/tjjm-gyms-data-5.liquid
CA	CA	Merced Academy of Jiu Jitsu	Merced		N				NO_W_KEY|RENDERS_BLANK	1725 G St B			snippets/tjjm-gyms-data-5.liquid
CA	CA	Merced Mixed Martial Arts Academy	Merced	http://www.mmamerced.com/	Y			http://www.mmamerced.com/	HAS_STORED	745 W Main St			snippets/tjjm-gyms-data-5.liquid
CA	CA	Unlimited MMA	Milpitas	http://unlimitedmma.com/	Y			http://unlimitedmma.com/	HAS_STORED	1000 Jacklin Road			snippets/tjjm-gyms-data-5.liquid
CA	CA	Phenom Brazilian Jiu-Jitsu & Mixed Martial Arts	Mission Hills	http://www.phenombjj.com/	Y			http://www.phenombjj.com/	HAS_STORED	15230 San Fernando Mission Blvd b104			snippets/tjjm-gyms-data-5.liquid
CA	CA	Ares BJJ Modesto	Modesto	http://www.bjjmodesto.com/	Y			http://www.bjjmodesto.com/	HAS_STORED	1713 Prescott Rd			snippets/tjjm-gyms-data-5.liquid
CA	CA	Charles Gracie Academy Brazilian Jiu Jitsu Modesto CA	Modesto	https://graciemodesto.com/	Y			https://graciemodesto.com/	HAS_STORED	1501 Coffee Rd			snippets/tjjm-gyms-data-5.liquid
CA	CA	Dynamic Mixed Martial Arts	Modesto	http://www.dynamicmmaonline.com/	Y			http://www.dynamicmmaonline.com/	HAS_STORED	518 Kiernan Ave			snippets/tjjm-gyms-data-5.liquid
CA	CA	Gracie Jiu Jitsu Downtown Modesto	Modesto	https://www.modestobjj.com/	Y			https://www.modestobjj.com/	HAS_STORED	142 N 9th St. #4			snippets/tjjm-gyms-data-5.liquid
CA	CA	MMA Cardio Fitness Center	Modesto		N				NO_W_KEY|RENDERS_BLANK	1314 10th St			snippets/tjjm-gyms-data-5.liquid
CA	CA	Modesto BJJ	Modesto	https://modestobjj.com	Y			https://modestobjj.com	HAS_STORED			Y	snippets/tjjm-gyms-data.liquid
CA	CA	Versus Fitness & Martial Arts	Montebello	http://www.versusfitnesscenter.com/	Y			http://www.versusfitnesscenter.com/	HAS_STORED	1431 N Montebello Blvd			snippets/tjjm-gyms-data-5.liquid
CA	CA	Gracie Jiu-Jitsu Monterey	Monterey		N				NO_W_KEY|RENDERS_BLANK	636 Lighthouse Avenue			snippets/tjjm-gyms-data-5.liquid
CA	CA	Tantō Jiujitsu	Montrose	https://www.tantojiujitsu.com/	Y			https://www.tantojiujitsu.com/	HAS_STORED	2335 Honolulu Ave, Suite B			snippets/tjjm-gyms-data-12.liquid
CA	CA	Marcellini’s Martial Arts Academy	Moreno Valley	http://www.mmaa.us/	Y			http://www.mmaa.us/	HAS_STORED	24471 Sunnymead Boulevard			snippets/tjjm-gyms-data-5.liquid
CA	CA	United Brazilian Jiu-Jitsu / BJJ Moreno Valley CA 92557	Moreno Valley	https://www.unitedbjj.com/#/	Y			https://www.unitedbjj.com/#/	HAS_STORED	12125 Day Street Suite T-103, Moreno Valley, CA 92557			snippets/tjjm-gyms-data-5.liquid
CA	CA	GB Morgan Hill	Morgan Hill	https://graciebarra.com/morgan-hill-ca/	Y			https://graciebarra.com/morgan-hill-ca/	HAS_STORED	16145 Monterey Rd			snippets/tjjm-gyms-data-5.liquid
CA	CA	Mtn House Jiu-Jitsu Academy	Mountain House	https://www.graciemh.com/	Y			https://www.graciemh.com/	HAS_STORED	266 W Adoncia Dr			snippets/tjjm-gyms-data-5.liquid
CA	CA	Serao Academy - Brazilian Jiu-Jitsu	Mountain View	http://www.seraoacademy.com/	Y			http://www.seraoacademy.com/	HAS_STORED	580 N Rengstorff Ave			snippets/tjjm-gyms-data-5.liquid
CA	CA	Base Camp Brazilian Jiu Jitsu	Mt Shasta	https://www.basecampbjj.com/	Y			https://www.basecampbjj.com/	HAS_STORED				snippets/tjjm-gyms-data.liquid
CA	CA	10th Planet Jiu JItsu Murrieta	Murrieta	https://www.10thplanetjjmurrieta.com	Y			https://www.10thplanetjjmurrieta.com	HAS_STORED	26305 Jefferson Ave. Ste. L			snippets/tjjm-gyms-data-5.liquid
CA	CA	Carlson Gracie Murrieta Temecula Team	Murrieta	https://www.carlsongracietemecula.com	Y			https://www.carlsongracietemecula.com	HAS_STORED	38397 Innovation Ct - 103			snippets/tjjm-gyms-data-5.liquid
CA	CA	Checkmat BJJ Murrieta	Murrieta	https://www.checkmatmurrieta.com/	Y			https://www.checkmatmurrieta.com/	HAS_STORED	24831 Jefferson Ave #101			snippets/tjjm-gyms-data-5.liquid
CA	CA	Fight Syndicate Mixed Martial Arts and Fitness	Murrieta	http://fightsyndicatemma.com/	Y			http://fightsyndicatemma.com/	HAS_STORED	33040 Antelope Rd STE 112			snippets/tjjm-gyms-data-5.liquid
CA	CA	Rise Jiu Jitsu Academy	Murrieta	https://risejiujitsumurrieta.com	Y		websites-2		HAS_STORED+BLANKED|RENDERS_BLANK	40165 Murrieta Hot Springs Rd Ste K			snippets/tjjm-gyms-data-5.liquid
CA	CA	Napa Brazilian Jiu Jitsu	Napa	http://napavalleybrazilianjiujitsu.com/	Y			http://napavalleybrazilianjiujitsu.com/	HAS_STORED	2000 W Pueblo Ave			snippets/tjjm-gyms-data-5.liquid
CA	CA	One Legacy Training Center - Jiu Jitsu, MMA, Muay Thai, Self Defense	National City	http://onelegacytc.com/	Y			http://onelegacytc.com/	HAS_STORED	820 Highland Ave			snippets/tjjm-gyms-data-5.liquid
CA	CA	One World Jiu Jitsu	Newark	http://oneworldjiujitsu.com/	Y			http://oneworldjiujitsu.com/	HAS_STORED	37300 Cedar Blvd a			snippets/tjjm-gyms-data-5.liquid
CA	CA	GB Newport Beach	Newport Beach	https://graciebarra.com/newport-beach-ca/	Y			https://graciebarra.com/newport-beach-ca/	HAS_STORED	3810 East Coast Highway			snippets/tjjm-gyms-data-5.liquid
CA	CA	Gracie Jiu-Jitsu Nipomo	Nipomo		N				NO_W_KEY|RENDERS_BLANK	670 S Frontage Rd; Unit D			snippets/tjjm-gyms-data-5.liquid
CA	CA	CQuence Jiu Jitsiu	Norco	https://www.facebook.com/CQuenceBJJ/	Y			https://www.facebook.com/CQuenceBJJ/	HAS_STORED	1880 Town and Country Dr STE 105			snippets/tjjm-gyms-data-5.liquid
CA	CA	Cassio Werneck Brazilian Jiu-Jitsu	North Highlands	http://www.cassiowerneck.com/	Y			http://www.cassiowerneck.com/	HAS_STORED	5800 Madison Ave			snippets/tjjm-gyms-data-5.liquid
CA	CA	Hayastan MMA	North Hollywood	http://www.gokor.com/	Y			http://www.gokor.com/	HAS_STORED	7229 Atoll Ave.			snippets/tjjm-gyms-data-5.liquid
CA	CA	NoHo MMA	North Hollywood	http://www.nohomma.com/	Y			http://www.nohomma.com/	HAS_STORED	5642 Lankershim Blvd #2515			snippets/tjjm-gyms-data-5.liquid
CA	CA	Checkmat Northridge Brazilian jiu jitsu	Northridge	http://www.checkmatnorthridge.com/	Y			http://www.checkmatnorthridge.com/	HAS_STORED	8415 Reseda Blvd			snippets/tjjm-gyms-data-5.liquid
CA	CA	North Bay Jiu Jitsu	Novato	https://www.northbayjiujitsu.com/	Y			https://www.northbayjiujitsu.com/	HAS_STORED	5420 Nave Dr.			snippets/tjjm-gyms-data-6.liquid
CA	CA	Kihon Traditional MMA	Oakhurst		N				NO_W_KEY|RENDERS_BLANK	40120 CA-41 suite f			snippets/tjjm-gyms-data-6.liquid
CA	CA	10th Planet Jiu Jitsu Oakland	Oakland	http://www.10thplanetoakland.com	Y			http://www.10thplanetoakland.com	HAS_STORED	301 8th St			snippets/tjjm-gyms-data-6.liquid
CA	CA	Catch MMA	Oakland	https://www.catchmma.com/	Y			https://www.catchmma.com/	HAS_STORED	1922 Webster St Suite C			snippets/tjjm-gyms-data-6.liquid
CA	CA	Pacific Ring Sports	Oakland	http://www.pacificringsports.com/	Y			http://www.pacificringsports.com/	HAS_STORED	493 40th St			snippets/tjjm-gyms-data-6.liquid
CA	CA	Six Blades Jiu Jitsu	Oakland	http://www.oaklandbjj.com/	Y			http://www.oaklandbjj.com/	HAS_STORED	1333 Grand Ave			snippets/tjjm-gyms-data-6.liquid
CA	CA	Big Break Jiu Jitsu	Oakley	http://www.bigbreakbjj.com/	Y			http://www.bigbreakbjj.com/	HAS_STORED	5351 Neroly Rd #c			snippets/tjjm-gyms-data-6.liquid
CA	CA	Growth Mindset Collective	Oakley	https://growthmindsetcollective.com	Y			https://growthmindsetcollective.com	HAS_STORED	2031 Main St.			snippets/tjjm-gyms-data-6.liquid
CA	CA	10th Planet Oceanside	Oceanside	https://10thplanetoceanside.com	Y			https://10thplanetoceanside.com	HAS_STORED	1006 Missions Ave Suite E			snippets/tjjm-gyms-data-6.liquid
CA	CA	760 Jiu-Jitsu / BJJ Oceanside CA 92057	Oceanside	https://760jiujitsu.com/	Y			https://760jiujitsu.com/	HAS_STORED	3320 Mission Ave Suite F, Oceanside, CA 92058			snippets/tjjm-gyms-data-6.liquid
CA	CA	CSG 360 Jiu Jitsu	Oceanside	https://www.csg360jiujitsu.com	Y			https://www.csg360jiujitsu.com	HAS_STORED	3365 Mission Ave C/D			snippets/tjjm-gyms-data-6.liquid
CA	CA	Compound MMA & Fitness	Oceanside	http://www.thecompoundmma.com/	Y			http://www.thecompoundmma.com/	HAS_STORED	1401 El Camino Real			snippets/tjjm-gyms-data-6.liquid
CA	CA	EXCEL Jiu Jitsu MMA & Fitness	Oceanside	http://www.exceljiujitsu.com/	Y			http://www.exceljiujitsu.com/	HAS_STORED	4093 Oceanside Blvd			snippets/tjjm-gyms-data-6.liquid
CA	CA	GB Oceanside	Oceanside	https://graciebarra.com/oceanside-ca/	Y			https://graciebarra.com/oceanside-ca/	HAS_STORED	3772 Mission Avenue			snippets/tjjm-gyms-data-6.liquid
CA	CA	Oceanside Jiu Jitsu	Oceanside	http://oceansidejiujitsu.com/	Y			http://oceansidejiujitsu.com/	HAS_STORED	1833 S Oceanside Blvd. building C			snippets/tjjm-gyms-data-6.liquid
CA	CA	UFC Gym Oceanside	Oceanside	https://www.ufcgym.com/locations/oceanside/	Y			https://www.ufcgym.com/locations/oceanside/	HAS_STORED	2216 S El Camino Real #101			snippets/tjjm-gyms-data-6.liquid
CA	CA	10th Planet Jiu Jitsu Orange	Orange	http://www.10thplanetorangecounty.com/	Y			http://www.10thplanetorangecounty.com/	HAS_STORED	1832 N Tustin St			snippets/tjjm-gyms-data-6.liquid
CA	CA	OC Carlson Gracie Jiu Jitsu	Orange	https://www.carlsongracieoc.com/	Y			https://www.carlsongracieoc.com/	HAS_STORED	3702 E Chapman Ave # E			snippets/tjjm-gyms-data-6.liquid
CA	CA	Point of Impact MMA	Orange	http://poimma.com/	Y			http://poimma.com/	HAS_STORED	542 W Katella Ave			snippets/tjjm-gyms-data-6.liquid
CA	CA	UFC GYM Orange	Orange	https://www.ufcgym.com/locations/orange/	Y			https://www.ufcgym.com/locations/orange/	HAS_STORED	1605 E Collins Ave			snippets/tjjm-gyms-data-6.liquid
CA	CA	Cultivate Power Fighting Arts	Oroville	https://cultivatepower.net/	Y			https://cultivatepower.net/	HAS_STORED				snippets/tjjm-gyms-data.liquid
CA	CA	Oroville Jiu Jitsu Academy	Oroville	https://orovillejiujitsu.com/	Y			https://orovillejiujitsu.com/	HAS_STORED				snippets/tjjm-gyms-data.liquid
CA	CA	West Coast Jiu Jitsu & Muay	Oxnard	http://www.westcoastjiujitsu.com/	Y			http://www.westcoastjiujitsu.com/	HAS_STORED	2945 Los Olivos #101			snippets/tjjm-gyms-data-6.liquid
CA	CA	Thrive Jiu Jitsu	Pacifica	http://www.thrivemartialarts.com	Y			http://www.thrivemartialarts.com	HAS_STORED	215 Rockaway Beach Blvd			snippets/tjjm-gyms-data-6.liquid
CA	CA	GB Palm Desert	Palm Desert	https://graciebarra.com/palm-desert-ca/	Y			https://graciebarra.com/palm-desert-ca/	HAS_STORED	39615 Washington StreetSuite F			snippets/tjjm-gyms-data-6.liquid
CA	CA	Palm Springs BJJ	Palm Springs	https://palmspringsbjj.com	Y			https://palmspringsbjj.com	HAS_STORED			Y	snippets/tjjm-gyms-data.liquid
CA	CA	10th Planet Palmdale	Palmdale	https://10thplanetpalmdale.com/	Y			https://10thplanetpalmdale.com/	HAS_STORED	40125 Tenth St. W.			snippets/tjjm-gyms-data-6.liquid
CA	CA	SoCal Fight Factory	Palmdale	http://socalfightfactory.com/	Y			http://socalfightfactory.com/	HAS_STORED	2027 E Palmdale Blvd			snippets/tjjm-gyms-data-6.liquid
CA	CA	Combat Base Shasta/ Mendes Brazilian Jiu-Jitsu	Palo Cedro	https://www.reddingselfdefense.com/	Y			https://www.reddingselfdefense.com/	HAS_STORED				snippets/tjjm-gyms-data.liquid
CA	CA	MZ Brazilian Jiu-Jitsu	Palo Cedro	https://reddingselfdefense.com	Y			https://reddingselfdefense.com	HAS_STORED	9481 Deschutes Road; ste. 7		Y	snippets/tjjm-gyms-data-6.liquid
CA	CA	Silva BJJ Parlier CA (Aloisio Silva Affiliated Academy)	Parlier	https://silvabjj.com/	Y			https://silvabjj.com/	HAS_STORED	885 Manning Ave Ste 301			snippets/tjjm-gyms-data-6.liquid
CA	CA	Gracie Barra Pasadena	Pasadena	https://graciebarra.com/pasadena-ca/	Y			https://graciebarra.com/pasadena-ca/	HAS_STORED	2560 E Colorado Blvd			snippets/tjjm-gyms-data-6.liquid
CA	CA	Pasadena BJJ	Pasadena	https://pasadenabjj.com	Y			https://pasadenabjj.com	HAS_STORED			Y	snippets/tjjm-gyms-data.liquid
CA	CA	Renzo Gracie Pasadena	Pasadena	https://www.renzograciepasadena.com/	Y			https://www.renzograciepasadena.com/	HAS_STORED	464 E Colorado Blvd			snippets/tjjm-gyms-data-12.liquid
CA	CA	GB Paso Robles	Paso Robles	https://gbpasorobles.com/	Y		websites-2		HAS_STORED+BLANKED|RENDERS_BLANK	2200 Golden Hill Road			snippets/tjjm-gyms-data-6.liquid
CA	CA	Crispim BJJ	Pleasanton	http://www.crispimbjj.com/	Y			http://www.crispimbjj.com/	HAS_STORED	7063 Commerce Cir.; Unit E			snippets/tjjm-gyms-data-6.liquid
CA	CA	Guerrilla Jiu-Jitsu	Pleasanton	http://www.guerrillajiujitsu.com/	Y			http://www.guerrillajiujitsu.com/	HAS_STORED	6654 Koll Center Pkwy Suite 185			snippets/tjjm-gyms-data-6.liquid
CA	CA	10th Planet Poway Jiu Jitsu	Poway	https://www.10thplanetpoway.com/	Y			https://www.10thplanetpoway.com/	HAS_STORED	14009 Midland Rd.			snippets/tjjm-gyms-data-6.liquid
CA	CA	Quincy Brazilian JiuJitsu	Quincy	https://www.facebook.com/p/Quincy-Brazilian-JiuJitsu-100057115883887/	Y			https://www.facebook.com/p/Quincy-Brazilian-JiuJitsu-100057115883887/	HAS_STORED				snippets/tjjm-gyms-data.liquid
CA	CA	10th Planet Rancho Cucamonga	Rancho Cucamonga	http://10thplanetjjroute66.com	Y			http://10thplanetjjroute66.com	HAS_STORED	11819 Foothill Blvd Suite D			snippets/tjjm-gyms-data-6.liquid
CA	CA	Javier Vazquez Jiu Jitsu Rancho / BJJ Rancho Cucamonga CA 91730	Rancho Cucamonga	https://www.jiujitsuranchocucamonga.com/	Y			https://www.jiujitsuranchocucamonga.com/	HAS_STORED	9816 Crescent Center Dr # 701			snippets/tjjm-gyms-data-6.liquid
CA	CA	Millennia MMA Gym HQ Rancho Cucamonga	Rancho Cucamonga	http://www.millenniamma.com/	Y			http://www.millenniamma.com/	HAS_STORED	8423 Rochester Ave #102			snippets/tjjm-gyms-data-6.liquid
CA	CA	Evolve Checkmat Jiu Jitsu / Muay Thai Academy	Rancho Mission Viejo	http://www.joinevolve.com/	Y			http://www.joinevolve.com/	HAS_STORED	28236 Airoso St			snippets/tjjm-gyms-data-6.liquid
CA	CA	Next Generation MMA	Rancho Santa Margarita	http://www.nextgenerationmma.com/	Y			http://www.nextgenerationmma.com/	HAS_STORED	22566 Avenida Empresa			snippets/tjjm-gyms-data-6.liquid
CA	CA	Redding Ju Jitsu Academy Inc	Redding	https://www.ajjf.org/	Y			https://www.ajjf.org/	HAS_STORED				snippets/tjjm-gyms-data.liquid
CA	CA	Rice brothers Brazilian Jiu Jitsu	Redding	https://ricebrosacademy.com/?fbPAAaank9WRQJ0f5XUCD7nDCT9_YZ7N0FpkVqn-3QxgLos6phsskIp9UrbXTyc_aem_AcxKEC-ea23ShVOKT-p_9ivUHO3QEvIy3wh3A7nmMpplQlDh7ddgoeBgtEJrB7mEiho	Y			https://ricebrosacademy.com/?fbPAAaank9WRQJ0f5XUCD7nDCT9_YZ7N0FpkVqn-3QxgLos6phsskIp9UrbXTyc_aem_AcxKEC-ea23ShVOKT-p_9ivUHO3QEvIy3wh3A7nmMpplQlDh7ddgoeBgtEJrB7mEiho	HAS_STORED				snippets/tjjm-gyms-data.liquid
CA	CA	10th Planet Redland	Redlands	http://www.10thplanetredlands.com	Y		websites-2		HAS_STORED+BLANKED|RENDERS_BLANK	821 West Colton Ave.			snippets/tjjm-gyms-data-6.liquid
CA	CA	Pinnacle Mixed Martial Arts, Inc.	Redlands		N				NO_W_KEY|RENDERS_BLANK	840 Tri City Center Dr			snippets/tjjm-gyms-data-6.liquid
CA	CA	Redlands Jiu Jitsu	Redlands	https://redlandsbjj.com	Y			https://redlandsbjj.com	HAS_STORED	310 Alabama st			snippets/tjjm-gyms-data-6.liquid
CA	CA	Black House MMA	Redondo Beach	http://www.blackhouseredondo.com/	Y			http://www.blackhouseredondo.com/	HAS_STORED	2416 Artesia Blvd			snippets/tjjm-gyms-data-6.liquid
CA	CA	148 Jiu-Jitsu Academy	Redwood City	http://www.the148collective.com/	Y			http://www.the148collective.com/	HAS_STORED	2766 Bay Road			snippets/tjjm-gyms-data-6.liquid
CA	CA	Carlos Alberto's MMA & Fitness Center	Rialto	https://www.carlosalbertosmma.com/	Y			https://www.carlosalbertosmma.com/	HAS_STORED	244 E Foothill Blvd			snippets/tjjm-gyms-data-6.liquid
CA	CA	Flawless Victory MMA	Ridgecrest	http://www.fvmma.com/	Y		websites-2		HAS_STORED+BLANKED|RENDERS_BLANK	737 W Ridgecrest Blvd			snippets/tjjm-gyms-data-6.liquid
CA	CA	Charles Gracie Jiu Jitsu Ripon	Ripon	https://www.gracieripon.com/	Y			https://www.gracieripon.com/	HAS_STORED	1201 W Main St #15			snippets/tjjm-gyms-data-6.liquid
CA	CA	10th Planet Jiu Jitsu Riverside CA	Riverside	https://www.10thplanetjjriverside.com/	Y			https://www.10thplanetjjriverside.com/	HAS_STORED	6065 Magnolia Ave			snippets/tjjm-gyms-data-6.liquid
CA	CA	Academy Of Striking & Grappling	Riverside	http://www.asgfacility.com/	Y		websites-2		HAS_STORED+BLANKED|RENDERS_BLANK	6592 Box Springs Blvd			snippets/tjjm-gyms-data-6.liquid
CA	CA	Gracie Barra Riverside Brazilian Jiu-Jitsu Martial Arts	Riverside	https://graciebarra.com/riverside-ca/	Y			https://graciebarra.com/riverside-ca/	HAS_STORED	2050 E La Cadena Dr Unit G			snippets/tjjm-gyms-data-6.liquid
CA	CA	Riverside BJJ	Riverside	https://riversidebjj.com	Y			https://riversidebjj.com	HAS_STORED			Y	snippets/tjjm-gyms-data.liquid
CA	CA	Riverside MMA	Riverside	http://mmariverside.com/	Y			http://mmariverside.com/	HAS_STORED	6250 Brockton Ave			snippets/tjjm-gyms-data-6.liquid
CA	CA	Infinite Jiu-Jitsu	Rocklin	http://www.infinitejiujitsu.net/	Y			http://www.infinitejiujitsu.net/	HAS_STORED	6508 Lonetree Blvd #107			snippets/tjjm-gyms-data-6.liquid
CA	CA	SLL Grappling Academy - Brazilian Jiu-Jitsu (BJJ)	Rocklin	http://sllgrapplingacademy.com/	Y			http://sllgrapplingacademy.com/	HAS_STORED	6160 Stanford Ranch Rd STE 800			snippets/tjjm-gyms-data-6.liquid
CA	CA	Synergy Jiu-Jitsu Academy	Rocklin	http://www.bjj-rocklin.com/	Y			http://www.bjj-rocklin.com/	HAS_STORED	4157 Rocklin Rd			snippets/tjjm-gyms-data-6.liquid
CA	CA	UFC GYM Rocklin	Rocklin	https://www.ufcgym.com/locations/rocklin/	Y			https://www.ufcgym.com/locations/rocklin/	HAS_STORED	6684 Lonetree Blvd			snippets/tjjm-gyms-data-6.liquid
CA	CA	GB Rohnert Park	Rohnert Park	https://graciebarra.com/rohnert-park-ca/	Y			https://graciebarra.com/rohnert-park-ca/	HAS_STORED	7271 Snyder Lane			snippets/tjjm-gyms-data-6.liquid
CA	CA	10th Planet Sacramento	Sacramento	https://www.10psac.com	Y			https://www.10psac.com	HAS_STORED	8345 Folsom Blvd Suite 105			snippets/tjjm-gyms-data-6.liquid
CA	CA	Capitol Jiu Jitsu	Sacramento	https://www.capitoljiujitsu.com/	Y			https://www.capitoljiujitsu.com/	HAS_STORED	1734 34th St			snippets/tjjm-gyms-data-6.liquid
CA	CA	Logic Jiu Jitsu	Sacramento	https://logicbjj.com	Y			https://logicbjj.com	HAS_STORED	4415 Freeport Blvd			snippets/tjjm-gyms-data-6.liquid
CA	CA	Next Generation MMA & Fitness	Sacramento		N				NO_W_KEY|RENDERS_BLANK				snippets/tjjm-gyms-data-6.liquid
CA	CA	Sacramento BJJ	Sacramento	https://sacramentobjj.com	Y			https://sacramentobjj.com	HAS_STORED			Y	snippets/tjjm-gyms-data.liquid
CA	CA	Sacramento Brazilian Jiu Jitsu Academy - Yemaso BJJ	Sacramento	http://www.yemasobjj.com/	Y			http://www.yemasobjj.com/	HAS_STORED	3021 65th St			snippets/tjjm-gyms-data-6.liquid
CA	CA	Sacramento Jiu Jitsu / Jiu-Jitsu Sacramento CA 95822	Sacramento	http://sacbjj.com/	Y			http://sacbjj.com/	HAS_STORED	2300 Sutterville Rd, Sacramento, CA 95822			snippets/tjjm-gyms-data-6.liquid
CA	CA	UFC GYM Sacramento	Sacramento	https://www.ufcgym.com/locations/sacramento/	Y			https://www.ufcgym.com/locations/sacramento/	HAS_STORED	8241 Bruceville Rd #140			snippets/tjjm-gyms-data-6.liquid
CA	CA	Urijah Faber's Ultimate Fitness	Sacramento	https://ufultimatefitness.com/	Y			https://ufultimatefitness.com/	HAS_STORED	6700 Folsom Blvd			snippets/tjjm-gyms-data-6.liquid
CA	CA	Salinas Jiu Jitsu & Personal Training	Salinas	http://www.salinasbjj.com/	Y			http://www.salinasbjj.com/	HAS_STORED	1860 N Main St Unit J			snippets/tjjm-gyms-data-6.liquid
CA	CA	Adrenaline MMA Gym	San Bernardino	http://www.adrenalinefc.com/	Y			http://www.adrenalinefc.com/	HAS_STORED	1930 S E St			snippets/tjjm-gyms-data-6.liquid
CA	CA	Cobrinha Brazillian Jiu-Jitsu Academy (San Bernardino, California)	San Bernardino	http://www.cobrinhabjjsanbernardino.com/	Y			http://www.cobrinhabjjsanbernardino.com/	HAS_STORED	955 S E St F			snippets/tjjm-gyms-data-6.liquid
CA	CA	San Bernardino BJJ	San Bernardino	https://sanbernardbjj.com	Y			https://sanbernardbjj.com	HAS_STORED			Y	snippets/tjjm-gyms-data.liquid
CA	CA	Fight Strong MMA	San Clemente	http://www.scfightstrong.com/	Y			http://www.scfightstrong.com/	HAS_STORED	140 Calle de Los Molinos			snippets/tjjm-gyms-data-6.liquid
CA	CA	GB San Clemente	San Clemente	https://graciebarra.com/san-clemente-ca/	Y			https://graciebarra.com/san-clemente-ca/	HAS_STORED	225 Calle Pintoresco			snippets/tjjm-gyms-data-6.liquid
CA	CA	Guillobel BJJ	San Clemente	http://www.guillobelbjj.com/	Y			http://www.guillobelbjj.com/	HAS_STORED	146 Calle de Los Molinos			snippets/tjjm-gyms-data-6.liquid
CA	CA	10th Planet San Diego	San Diego	https://10thplanetsandiego.com	Y			https://10thplanetsandiego.com	HAS_STORED	6008 Mission Gorge Rd			snippets/tjjm-gyms-data-12.liquid
CA	CA	4S Brazilian Jiu Jitsu / Jiu-Jitsu San Diego CA 92127	San Diego	http://www.4sbjj.com/	Y			http://www.4sbjj.com/	HAS_STORED	9926 Carmel Mountain Rd B, San Diego Ca 92129			snippets/tjjm-gyms-data-6.liquid
CA	CA	Alliance Jiu Jitsu San Diego	San Diego	https://alliancejiujitsusandiego.com	Y		websites-2		HAS_STORED+BLANKED|RENDERS_BLANK				snippets/tjjm-gyms-data.liquid
CA	CA	Alliance San Diego	San Diego	https://alliancesandiego.com	Y			https://alliancesandiego.com	HAS_STORED	8990 Miramar Rd #225			snippets/tjjm-gyms-data-6.liquid
CA	CA	Atos	San Diego	https://atosjiujitsuhq.com	Y			https://atosjiujitsuhq.com	HAS_STORED	4810 Mercury St.			snippets/tjjm-gyms-data-6.liquid
CA	CA	Atos BJJ San Diego	San Diego	https://atosjiujitsu.com	Y			https://atosjiujitsu.com	HAS_STORED				snippets/tjjm-gyms-data.liquid
CA	CA	Boxing Club	San Diego	http://theboxingclub.net/	Y			http://theboxingclub.net/	HAS_STORED	8650 Genesee Ave # 206			snippets/tjjm-gyms-data-6.liquid
CA	CA	Clark Gracie Jiu Jitsu Academy	San Diego	http://clarkgracie.com/	Y			http://clarkgracie.com/	HAS_STORED	1162 Morena Blvd			snippets/tjjm-gyms-data-6.liquid
CA	CA	Fabio Santos BJJ	San Diego	http://www.fabiojiujitsu.com/	Y			http://www.fabiojiujitsu.com/	HAS_STORED	4616 Mission Gorge Place			snippets/tjjm-gyms-data-6.liquid
CA	CA	GB San Diego	San Diego	https://www.graciebarrasandiego.com/	Y			https://www.graciebarrasandiego.com/	HAS_STORED	3952 Clairemont Mesa Blvd			snippets/tjjm-gyms-data-6.liquid
CA	CA	GB Sorrento Valley	San Diego	https://gbsorrentovalleybjj.com/	Y			https://gbsorrentovalleybjj.com/	HAS_STORED	9823 Pacific Heights Blvd Suite K			snippets/tjjm-gyms-data-12.liquid
CA	CA	Legion AJJ	San Diego	https://legionsandiego.com	Y			https://legionsandiego.com	HAS_STORED	7550 Miramar Road; Suite 330			snippets/tjjm-gyms-data-6.liquid
CA	CA	Rodrigo Medeiros BJJ	San Diego	http://rodrigomedeirosbjj.com/	Y			http://rodrigomedeirosbjj.com/	HAS_STORED	4878 Cass St - Pacific Beach			snippets/tjjm-gyms-data-6.liquid
CA	CA	The Stronghold JJ	San Diego	http://thestrongholdsd.com/	Y			http://thestrongholdsd.com/	HAS_STORED	2176 Chatsworth Blvd			snippets/tjjm-gyms-data-6.liquid
CA	CA	Gracie Jiu-Jitsu San Dimas	San Dimas	http://www.graciejiujitsusandimas.com/	Y			http://www.graciejiujitsusandimas.com/	HAS_STORED	744 W. Arrow Highway			snippets/tjjm-gyms-data-6.liquid
CA	CA	10th Planet Jiu Jitsu San Francisco	San Francisco	http://10thplanetjiujitsusf.com/	Y			http://10thplanetjiujitsusf.com/	HAS_STORED	261 S Van Ness Ave			snippets/tjjm-gyms-data-12.liquid
CA	CA	BJJ at 11th Street Dojo by Nayo Fauntes (Clois Silva)	San Francisco	https://www.11thstreetdojo.com/aikido-1	Y			https://www.11thstreetdojo.com/aikido-1	HAS_STORED	141 11th St			snippets/tjjm-gyms-data-6.liquid
CA	CA	Bay Jiu-Jitsu	San Francisco	http://bayjiujitsu.com/	Y			http://bayjiujitsu.com/	HAS_STORED	1628 Post St			snippets/tjjm-gyms-data-6.liquid
CA	CA	CS Jiu Jitsu Self Defense	San Francisco	http://www.csjiujitsu.com/	Y			http://www.csjiujitsu.com/	HAS_STORED	710 La Playa St			snippets/tjjm-gyms-data-6.liquid
CA	CA	Cesar Gracie Jiu Jitsu	San Francisco	http://graciefighter.com/locations/gracie-fighter-san-francisco/	Y			http://graciefighter.com/locations/gracie-fighter-san-francisco/	HAS_STORED	175 De Haro St			snippets/tjjm-gyms-data-6.liquid
CA	CA	El Niño Training Center	San Francisco	http://www.elninomma.com	Y			http://www.elninomma.com	HAS_STORED	1 S Linden Ave Ste 7			snippets/tjjm-gyms-data-6.liquid
CA	CA	Evolve Training Center	San Francisco	http://www.evolvetrainingcenter.com	Y			http://www.evolvetrainingcenter.com	HAS_STORED	647 El Camino Real			snippets/tjjm-gyms-data-6.liquid
CA	CA	Ralston Gracie Jiu Jitsu	San Francisco	http://www.ralstongracie.com	Y		websites-2		HAS_STORED+BLANKED|RENDERS_BLANK	1475 Polk St Fl 2			snippets/tjjm-gyms-data-6.liquid
CA	CA	Romulo Melo Brazilian Jiu-Jitsu	San Francisco	https://romulomelobjj.com/	Y			https://romulomelobjj.com/	HAS_STORED	1313 Mason St			snippets/tjjm-gyms-data-6.liquid
CA	CA	Studio86 Jiu Jitsu	San Francisco	http://www.studio86bjj.com	Y			http://www.studio86bjj.com	HAS_STORED	1204 Pacific Ave			snippets/tjjm-gyms-data-6.liquid
CA	CA	American Kickboxing Academy	San Jose	https://www.americankickboxingacademy.com/	Y			https://www.americankickboxingacademy.com/	HAS_STORED	7012 Realm Dr			snippets/tjjm-gyms-data-6.liquid
CA	CA	Caio Terra Academy	San Jose	http://www.bjjsanjose.com/	Y			http://www.bjjsanjose.com/	HAS_STORED	855 Park Ave			snippets/tjjm-gyms-data-6.liquid
CA	CA	Claudio Franca Brazilian Jiu-Jitsu	San Jose	http://www.claudiofrancabjj.com/	Y			http://www.claudiofrancabjj.com/	HAS_STORED	14396 Union Ave			snippets/tjjm-gyms-data-6.liquid
CA	CA	Gloglo Brazilian Jiu-jitsu, Kickboxing & Fitness Academy	San Jose	http://www.gloglobjj.com/	Y			http://www.gloglobjj.com/	HAS_STORED	95 Phelan Ave Suite 3			snippets/tjjm-gyms-data-6.liquid
CA	CA	Guerrilla Jiu-Jitsu Martial Arts Academy	San Jose	https://www.guerrillajiujitsu.com/	Y			https://www.guerrillajiujitsu.com/	HAS_STORED	478 W San Carlos St			snippets/tjjm-gyms-data-6.liquid
CA	CA	I M C Survival Center	San Jose	http://www.imcsurvivalcenter.com/	Y		websites-2		HAS_STORED+BLANKED|RENDERS_BLANK	916 S Bascom Ave			snippets/tjjm-gyms-data-6.liquid
CA	CA	Knoxx Martial Arts and Fitness	San Jose	https://knoxxgym.com	Y		websites-2		HAS_STORED+BLANKED|RENDERS_BLANK	4424 Pearl Avenue			snippets/tjjm-gyms-data-6.liquid
CA	CA	Ralph Gracie Jiu Jitsu - San Jose	San Jose	http://www.ralphgraciesj.com/	Y			http://www.ralphgraciesj.com/	HAS_STORED	4607 Cherry Ave			snippets/tjjm-gyms-data-6.liquid
CA	CA	San Jose BJJ	San Jose	https://sanjosebjj.com	Y			https://sanjosebjj.com	HAS_STORED			Y	snippets/tjjm-gyms-data.liquid
CA	CA	Tribull MMA Center	San Jose	http://tribullmma.typepad.com/my_weblog/	Y			http://tribullmma.typepad.com/my_weblog/	HAS_STORED	1043 Garland Avenue (at Race St.); Suite 1			snippets/tjjm-gyms-data-6.liquid
CA	CA	San Lorenzo Brazilian Jiu Jitsu	San Lorenzo	http://www.sanlorenzobjj.com/	Y			http://www.sanlorenzobjj.com/	HAS_STORED	15911 Hesperian Blvd			snippets/tjjm-gyms-data-6.liquid
CA	CA	Paragon Brazilian Jiu Jitsu	San Luis Obispo	http://paragonbjjslo.com	Y			http://paragonbjjslo.com	HAS_STORED	235 Tank Farm Road			snippets/tjjm-gyms-data-6.liquid
CA	CA	San Diego Brazilian Jiu-Jitsu & Mixed Martial Arts	San Marcos	http://sdbjj.com/	Y			http://sdbjj.com/	HAS_STORED	684 Rancheros Dr			snippets/tjjm-gyms-data-6.liquid
CA	CA	10th Planet San Mateo	San Mateo	http://www.10thplanetsm.com	Y			http://www.10thplanetsm.com	HAS_STORED	910 S Amphlett Blvd			snippets/tjjm-gyms-data-6.liquid
CA	CA	Charles Gracie San Mateo Academy	San Mateo	https://www.graciesm.com/	Y			https://www.graciesm.com/	HAS_STORED	174 W 25th Ave			snippets/tjjm-gyms-data-6.liquid
CA	CA	San Pedro Fight Club/ Ribeiro Jiu-Jitsu San Pedro	San Pedro	https://www.facebook.com/ribeirojjsanpedro/	Y			https://www.facebook.com/ribeirojjsanpedro/	HAS_STORED	505 S. Pacific Ave Suite 101			snippets/tjjm-gyms-data-6.liquid
CA	CA	Warrior Brazilian Jiu Jitsu Academy	San Ramon	http://www.warrior-bjj.com/	Y			http://www.warrior-bjj.com/	HAS_STORED	2001 Omega Rd #200			snippets/tjjm-gyms-data-6.liquid
CA	CA	GB San Ysidro	San Ysidro	https://graciebarra.com/san-ysidro-ca/	Y			https://graciebarra.com/san-ysidro-ca/	HAS_STORED	1685 Precision Park Lane; Suite N			snippets/tjjm-gyms-data-6.liquid
CA	CA	10th Planet Jiu Jitsu Costa Mesa	Santa Ana	http://10thplanetorangecounty.com/	Y			http://10thplanetorangecounty.com/	HAS_STORED	3771 S Plaza Dr			snippets/tjjm-gyms-data-6.liquid
CA	CA	GB Santa Ana	Santa Ana	https://graciebarra.com/santa-ana-ca	Y			https://graciebarra.com/santa-ana-ca	HAS_STORED	1717 Old Tustin Ave.			snippets/tjjm-gyms-data-6.liquid
CA	CA	Orange County BJJ	Santa Ana	https://ocbjj.com	Y			https://ocbjj.com	HAS_STORED			Y	snippets/tjjm-gyms-data.liquid
CA	CA	Rocknroll Brazilian Jiu Jitsu & Fitness	Santa Ana	http://www.rocknrollbjj.com	Y			http://www.rocknrollbjj.com	HAS_STORED	10862 Coronel Rd			snippets/tjjm-gyms-data-6.liquid
CA	CA	Tomacelli Academy: Brazilian Jiu-Jitsu & Mixed Martial Arts	Santa Ana	http://www.tomacelliacademy.com/	Y			http://www.tomacelliacademy.com/	HAS_STORED	2537 S Main St			snippets/tjjm-gyms-data-6.liquid
CA	CA	10th Planet Santa Barbara	Santa Barbara	https://www.10thplanetsantabarbara.com/	Y			https://www.10thplanetsantabarbara.com/	HAS_STORED	1113 State St			snippets/tjjm-gyms-data-6.liquid
CA	CA	Gracie Barra BJJ	Santa Barbara	http://www.gbsantabarbara.com/	Y			http://www.gbsantabarbara.com/	HAS_STORED	1014 State St.			snippets/tjjm-gyms-data-6.liquid
CA	CA	Paragon Academy Jiu Jitsu-Boxing-Kickboxing Gym	Santa Barbara	https://www.paragonbjj.com/	Y			https://www.paragonbjj.com/	HAS_STORED	617 N Salsipuedes St			snippets/tjjm-gyms-data-6.liquid
CA	CA	Santa Barbara BJJ	Santa Barbara	https://santabarbarabjj.com	Y			https://santabarbarabjj.com	HAS_STORED			Y	snippets/tjjm-gyms-data.liquid
CA	CA	Ralph Gracie Jiu Jitsu - Santa Clara	Santa Clara	http://www.ralphgraciesc.com/	Y			http://www.ralphgraciesc.com/	HAS_STORED	2801 El Camino Real			snippets/tjjm-gyms-data-6.liquid
CA	CA	GB Santa Clarita	Santa Clarita	https://gbvalencia.com/	Y			https://gbvalencia.com/	HAS_STORED	22961 Soledad Canyon Road			snippets/tjjm-gyms-data-6.liquid
CA	CA	Gracie Jiu-Jitsu Santa Clarita	Santa Clarita		N				NO_W_KEY|RENDERS_BLANK	27737 Bouquet Canyon Rd.			snippets/tjjm-gyms-data-6.liquid
CA	CA	Honor Roll Brazilian Jiu-Jitsu / BJJ Santa Clarita CA 91350	Santa Clarita	https://www.honorrollbjj.com/	Y			https://www.honorrollbjj.com/	HAS_STORED	26541 Golden Valley Road Santa Clarita, CA 91350			snippets/tjjm-gyms-data-6.liquid
CA	CA	Ultra Brazilian Jiu-Jitsu & Mixed Martial Arts Santa Clarita	Santa Clarita	https://ultrabrazilianjiujitsusantaclarita.business.site/	Y			https://ultrabrazilianjiujitsusantaclarita.business.site/	HAS_STORED	26069 Bouquet Canyon Rd			snippets/tjjm-gyms-data-6.liquid
CA	CA	Gracie Jiu-Jitsu Santa Cruz	Santa Cruz		N				NO_W_KEY|RENDERS_BLANK	1345 Capitola Road			snippets/tjjm-gyms-data-6.liquid
CA	CA	Kaijin MMA / West Cliff Jiu-Jitsu	Santa Cruz	http://kaijinmma.com/	Y			http://kaijinmma.com/	HAS_STORED	2100-E Delaware Avenue			snippets/tjjm-gyms-data-6.liquid
CA	CA	New Breed Mixed Martial Arts & Fitness	Santa Fe Springs	https://newbreedacademy.com/	Y			https://newbreedacademy.com/	HAS_STORED	9848 Jersey Ave			snippets/tjjm-gyms-data-6.liquid
CA	CA	Santa Maria Brazilian Jiu JITSU	Santa Maria	https://www.smbjj.com	Y			https://www.smbjj.com	HAS_STORED	2337 A St			snippets/tjjm-gyms-data-6.liquid
CA	CA	MC Brazilian Jiu Jitsu Club	Santa Monica	http://www.mcbrazilianjiujitsuclub.com/	Y			http://www.mcbrazilianjiujitsuclub.com/	HAS_STORED	320 Wilshire Blvd #101			snippets/tjjm-gyms-data-6.liquid
CA	CA	West Coast Jiu-Jitsu	Santa Paula	http://www.westcoastjiujitsu.com/martins.html	Y			http://www.westcoastjiujitsu.com/martins.html	HAS_STORED	217 N. 10th St			snippets/tjjm-gyms-data-6.liquid
CA	CA	GB Santa Rosa	Santa Rosa	https://graciebarra.com/santa-rosa-ca/	Y			https://graciebarra.com/santa-rosa-ca/	HAS_STORED	3501 Industrial DriveSuite D			snippets/tjjm-gyms-data-6.liquid
CA	CA	NorCal Fighting Alliance	Santa Rosa	https://www.norcalfighting.com	Y			https://www.norcalfighting.com	HAS_STORED	917 Piner rd suite E/F			snippets/tjjm-gyms-data-6.liquid
CA	CA	Ringtime Fitness	Santa Rosa	https://ringtimefitness.com/	Y			https://ringtimefitness.com/	HAS_STORED	808 Donahue Street, #3, Santa Rosa, California 97401			snippets/tjjm-gyms-data-6.liquid
CA	CA	Infinity Brazilian Jiu Jitsu	Santee	http://www.infinitybjj.com/	Y			http://www.infinitybjj.com/	HAS_STORED	9225 2425 Carlton Hills Blvd UNIT 23			snippets/tjjm-gyms-data-6.liquid
CA	CA	Chris Lisciandro’s Street Sports BJJ Club	Sherman Oaks	http://www.brazilianjiujitsuclub.com/Welcome.html	Y			http://www.brazilianjiujitsuclub.com/Welcome.html	HAS_STORED	14454 Ventura Blvd			snippets/tjjm-gyms-data-6.liquid
CA	CA	Valley Martial Arts Center	Sherman Oaks	https://www.valleymac.com/	Y			https://www.valleymac.com/	HAS_STORED	4635 Van Nuys Blvd.			snippets/tjjm-gyms-data-6.liquid
CA	CA	Brazilian Top Team Long Beach	Signal Hill	https://www.bttlongbeach.com/	Y			https://www.bttlongbeach.com/	HAS_STORED	2680 Dawson Ave			snippets/tjjm-gyms-data-6.liquid
CA	CA	Checkmat	Signal Hill	https://checkmatjiujitsusignalhill.com/	Y			https://checkmatjiujitsusignalhill.com/	HAS_STORED	3290 E 19th St			snippets/tjjm-gyms-data-6.liquid
CA	CA	GB Simi Valley	Simi Valley	https://graciebarra.com/simi-valley-ca/	Y			https://graciebarra.com/simi-valley-ca/	HAS_STORED	2964 Cochran Street			snippets/tjjm-gyms-data-6.liquid
CA	CA	Watts Brazilian Jiu-Jitsu & Muay Thai Academy	Simi Valley	http://www.wattsbjj.com/	Y		websites-2		HAS_STORED+BLANKED|RENDERS_BLANK	4210 E Los Angeles Ave			snippets/tjjm-gyms-data-6.liquid
CA	CA	GB Santa Ynez Valley	Solvang		N				NO_W_KEY|RENDERS_BLANK	320 Alisal Road			snippets/tjjm-gyms-data-6.liquid
CA	CA	Sonora MMA Academy	Sonora	http://oakdalemma.com/	Y			http://oakdalemma.com/	HAS_STORED	13760 Mono Way Suite D			snippets/tjjm-gyms-data-6.liquid
CA	CA	Connect Brazilian Jiu Jitsu	South Gate	https://www.connectbjj.com/	Y			https://www.connectbjj.com/	HAS_STORED	13228 Paramount Blvd A			snippets/tjjm-gyms-data-6.liquid
CA	CA	Stanford BJJ	Stanford		N				NO_W_KEY|RENDERS_BLANK	341 Galvez St			snippets/tjjm-gyms-data-6.liquid
CA	CA	DE LA O Jiu-Jitsu	Stanton	http://delaojiujitsu.com/	Y		websites-2		HAS_STORED+BLANKED|RENDERS_BLANK	8381 Katella Ave. #F			snippets/tjjm-gyms-data-6.liquid
CA	CA	Andre de Freitas Brazilian Jiu-Jitsu / BJJ Stockton CA 95210	Stockton	http://andredefreitasbjj.com/index.html	Y		websites-2		HAS_STORED+BLANKED|RENDERS_BLANK	654 W. Grider Way, Unit B, Stockton, Ca 95210			snippets/tjjm-gyms-data-6.liquid
CA	CA	Ares BJJ Stockton	Stockton	http://www.aresbjjstockton.com	Y		websites-2		HAS_STORED+BLANKED|RENDERS_BLANK	7475 Murray Dr, Suite 6			snippets/tjjm-gyms-data-6.liquid
CA	CA	Shingu Fighter	Stockton	http://www.shingufighter.com/	Y		websites-2		HAS_STORED+BLANKED|RENDERS_BLANK	6852 Pacific Avenue; Suite K			snippets/tjjm-gyms-data-6.liquid
CA	CA	Stockton BJJ	Stockton	https://stocktonbjj.com	Y			https://stocktonbjj.com	HAS_STORED			Y	snippets/tjjm-gyms-data.liquid
CA	CA	Stockton Jiu-Jitsu Academy	Stockton	https://stocktonjiujitsuvalleyfit.com/	Y			https://stocktonjiujitsuvalleyfit.com/	HAS_STORED	1620 Stanton Way			snippets/tjjm-gyms-data-6.liquid
CA	CA	Gracie Barra Studio City	Studio City	https://gbstudiocity.com	Y			https://gbstudiocity.com	HAS_STORED	12323 Ventura Blvd			snippets/tjjm-gyms-data-6.liquid
CA	CA	Train 4 Life	Suisun	https://www.train4life.info	Y			https://www.train4life.info	HAS_STORED	254 Sunset Ave suite D.			snippets/tjjm-gyms-data-6.liquid
CA	CA	UFC GYM Sunnyvale	Sunnyvale	http://www.ufcgym.com/sunnyvale	Y			http://www.ufcgym.com/sunnyvale	HAS_STORED	733 S Wolfe Rd			snippets/tjjm-gyms-data-6.liquid
CA	CA	Underground MMA and Amador gym and fitness	Sutter Creek		N				NO_W_KEY|RENDERS_BLANK	130 Lincoln Ave			snippets/tjjm-gyms-data-6.liquid
CA	CA	Kaiju MMA & Fitness	Tarzana	http://kaiju-mma.com/	Y			http://kaiju-mma.com/	HAS_STORED	18851 Ventura Blvd			snippets/tjjm-gyms-data-6.liquid
CA	CA	Carlson Gracie Wine Country Jiu Jitsu	Temecula	http://www.temeculajiujitsu.com	Y			http://www.temeculajiujitsu.com	HAS_STORED	32828 Wolf Store Road			snippets/tjjm-gyms-data-6.liquid
CA	CA	Dan Henderson's Athletic Fitness Center - Formerly Team Quest	Temecula	http://dhfitnesscenter.com/	Y			http://dhfitnesscenter.com/	HAS_STORED	27901 Jefferson Ave			snippets/tjjm-gyms-data-6.liquid
CA	CA	Lohaki Jiu Jitsu	Temecula	https://www.lokahijiujitsu.com/	Y			https://www.lokahijiujitsu.com/	HAS_STORED	27580 Ynez Road; Suite B			snippets/tjjm-gyms-data-6.liquid
CA	CA	10th Planet Thousand Oaks	Thousand Oaks	https://www.10thplanetthousandoaks.com/	Y			https://www.10thplanetthousandoaks.com/	HAS_STORED	1125 Lindero Canyon Road			snippets/tjjm-gyms-data-6.liquid
CA	CA	GB Thousand Oaks	Thousand Oaks	https://graciebarra.com/newbury-park-ca/	Y			https://graciebarra.com/newbury-park-ca/	HAS_STORED	1011 Rancho Conejo Blvd			snippets/tjjm-gyms-data-6.liquid
CA	CA	10th Planet Torrance	Torrance	https://www.darkartsacademy.net	Y		websites-2		HAS_STORED+BLANKED|RENDERS_BLANK	3817 Pacific Coast Hwy			snippets/tjjm-gyms-data-6.liquid
CA	CA	Excellence School of Jiu-Jitsu South Bay	Torrance	http://www.esjjsouthbay.com/	Y			http://www.esjjsouthbay.com/	HAS_STORED	22223 Palos Verdes Blvd			snippets/tjjm-gyms-data-6.liquid
CA	CA	GB Redondo Beach	Torrance		N				NO_W_KEY|RENDERS_BLANK	5147 Calle Mayor			snippets/tjjm-gyms-data-6.liquid
CA	CA	Golden State BJJ	Torrance	https://www.goldenstatebjj.com	Y			https://www.goldenstatebjj.com	HAS_STORED	19019 Hawthorne Blvd. Ste. 200A			snippets/tjjm-gyms-data-6.liquid
CA	CA	Gracie Jiu-Jitsu Academy	Torrance	http://www.gracieacademy.com/	Y			http://www.gracieacademy.com/	HAS_STORED	3515 Artesia Blvd			snippets/tjjm-gyms-data-6.liquid
CA	CA	Gracie University Headquarters	Torrance	http://www.gracie-torrance.com/	Y			http://www.gracie-torrance.com/	HAS_STORED				snippets/tjjm-gyms-data-6.liquid
CA	CA	UFC GYM Torrance	Torrance	https://www.ufcgym.com/locations/torrance/	Y			https://www.ufcgym.com/locations/torrance/	HAS_STORED	19800 Hawthorne Blvd			snippets/tjjm-gyms-data-6.liquid
CA	CA	Charles Gracie Jiu-Jitsu Academy Tracy	Tracy	http://www.gracietracy.com/	Y			http://www.gracietracy.com/	HAS_STORED	1005 E Pescadero Ave #149			snippets/tjjm-gyms-data-6.liquid
CA	CA	JG Academy - Jiu Jitsu & Fitness	Tracy	https://www.jgacademy.net/tracy	Y			https://www.jgacademy.net/tracy	HAS_STORED	404 W Grant Line Rd			snippets/tjjm-gyms-data-6.liquid
CA	CA	Open Mat Academy	Tracy	http://openmatacademy.com/	Y			http://openmatacademy.com/	HAS_STORED	3200 Naglee Rd Ste 106			snippets/tjjm-gyms-data-6.liquid
CA	CA	Elevated Academy of Martial Arts	Truckee	https://www.elevatedbjj.com/	Y			https://www.elevatedbjj.com/	HAS_STORED				snippets/tjjm-gyms-data.liquid
CA	CA	Turlock Academy Of Jiu-Jitsu	Turlock	http://www.turlockjiujitsu.com/	Y			http://www.turlockjiujitsu.com/	HAS_STORED	1608 Fulkerth Rd			snippets/tjjm-gyms-data-6.liquid
CA	CA	One Jiu Jitsu	Tustin	http://www.onebjjfitness.com/	Y			http://www.onebjjfitness.com/	HAS_STORED	544 E 1st St			snippets/tjjm-gyms-data-6.liquid
CA	CA	Total MMA Studios	Tustin	https://www.totalmmastudios.com/	Y			https://www.totalmmastudios.com/	HAS_STORED	632 El Camino Real Suite A			snippets/tjjm-gyms-data-6.liquid
CA	CA	The Agoge	Twentynine Palms		N				NO_W_KEY|RENDERS_BLANK	1502 5th St			snippets/tjjm-gyms-data-6.liquid
CA	CA	Mendo Training Center	Ukiah	https://www.mendomma.com/mendommacom	Y			https://www.mendomma.com/mendommacom	HAS_STORED				snippets/tjjm-gyms-data.liquid
CA	CA	Dragon's Den Kajukenbo Club	Union City	http://www.dragonsdenmma.com/	Y			http://www.dragonsdenmma.com/	HAS_STORED	2801 Whipple Rd			snippets/tjjm-gyms-data-6.liquid
CA	CA	Braga Jiu-Jitsu	Upland	https://braga-jiu-jitsu.business.site/	Y			https://braga-jiu-jitsu.business.site/	HAS_STORED	1848 W 11th St suite g			snippets/tjjm-gyms-data-6.liquid
CA	CA	GB Upland	Upland	https://www.gbupland.com	Y			https://www.gbupland.com	HAS_STORED	1131 West 9th Street			snippets/tjjm-gyms-data-6.liquid
CA	CA	Ralph Gracie Vacaville	Vacaville	http://ralphgracievacaville.com/	Y			http://ralphgracievacaville.com/	HAS_STORED	1969 Peabody Rd #1			snippets/tjjm-gyms-data-6.liquid
CA	CA	Rodrigo Cardoso Brazilian Jiu-Jitsu Academy	Vacaville	https://rodrigocardosoacademy.com/	Y		websites-2		HAS_STORED+BLANKED|RENDERS_BLANK	134 Browns Valley Pkwy			snippets/tjjm-gyms-data-6.liquid
CA	CA	Big John Mccarthy's Ultimate Training Gym	Valencia	http://www.bjmuta.com/	Y			http://www.bjmuta.com/	HAS_STORED	25385 Rye Canyon Rd			snippets/tjjm-gyms-data-6.liquid
CA	CA	Julio Juarez Brazilian Jiu-Jitsu	Valencia	https://www.jjbjjsc.com/	Y			https://www.jjbjjsc.com/	HAS_STORED	27734 Avenue Scott # 100			snippets/tjjm-gyms-data-6.liquid
CA	CA	Combat Fitness	Vallejo	http://combatfitness-rma.com/	Y			http://combatfitness-rma.com/	HAS_STORED	4380 Sonoma Blvd #200			snippets/tjjm-gyms-data-6.liquid
CA	CA	Gracie Jiu-Jitsu Vallejo	Vallejo		N				NO_W_KEY|RENDERS_BLANK	4300 Sonoma Blvd unit 516			snippets/tjjm-gyms-data-6.liquid
CA	CA	Fight Factory MMA	Valley Village	http://www.fightfactory.com/	Y			http://www.fightfactory.com/	HAS_STORED	4405 Laurel Canyon Blvd			snippets/tjjm-gyms-data-6.liquid
CA	CA	10th Planet Jiu Jitsu Ventura / BJJ Ventura CA 93001	Ventura	https://10thplanetventura.com/	Y			https://10thplanetventura.com/	HAS_STORED	1540 E Main St, Ventura, California 93001			snippets/tjjm-gyms-data-6.liquid
CA	CA	GB Ventura	Ventura		N				NO_W_KEY|RENDERS_BLANK	2498 East Main Street			snippets/tjjm-gyms-data-6.liquid
CA	CA	Morumbi Jiu Jitsu & Fitness Academy - Ventura	Ventura	https://www.morumbijiujitsuacademy.com/	Y			https://www.morumbijiujitsuacademy.com/	HAS_STORED	3171 E Main St			snippets/tjjm-gyms-data-6.liquid
CA	CA	Paragon BJJ	Ventura	https://www.paragonbjjventura.com	Y			https://www.paragonbjjventura.com	HAS_STORED	3000 Bunsen Ave Suite E			snippets/tjjm-gyms-data-6.liquid
CA	CA	Rock And Roll Fight Company	Ventura	https://rocknrollfightcompany.com/	Y		websites-2		HAS_STORED+BLANKED|RENDERS_BLANK	2646 Palma Dr #250			snippets/tjjm-gyms-data-6.liquid
CA	CA	Ventura BJJ	Ventura	https://venturabjj.com	Y			https://venturabjj.com	HAS_STORED			Y	snippets/tjjm-gyms-data.liquid
CA	CA	Elite Team Visalia Bjj	Visalia	http://www.facebook.com/EliteTeamVisaliaBJJ/	Y			http://www.facebook.com/EliteTeamVisaliaBJJ/	HAS_STORED	760 E Center Ave			snippets/tjjm-gyms-data-6.liquid
CA	CA	Kajupit MMA & Fitness	Visalia	http://www.freewebs.com/kajupit/	Y			http://www.freewebs.com/kajupit/	HAS_STORED	101 N. Chinowth			snippets/tjjm-gyms-data-6.liquid
CA	CA	Outlaw MMA & Fitness	Visalia	http://outlaw559gym.com/	Y		websites-2		HAS_STORED+BLANKED|RENDERS_BLANK	6420 S Mooney Blvd			snippets/tjjm-gyms-data-6.liquid
CA	CA	Resilience Brazilian Jiu-Jitsu Academy	Visalia	https://www.facebook.com/resiliencebrazilianjiujitsu/	Y			https://www.facebook.com/resiliencebrazilianjiujitsu/	HAS_STORED	6624 W Pershing Ave #A			snippets/tjjm-gyms-data-6.liquid
CA	CA	Trifecta MMA/BJJ	Visalia	https://trifecta-mmabjj.maonrails.com/	Y			https://trifecta-mmabjj.maonrails.com/	HAS_STORED	1933 E Main St			snippets/tjjm-gyms-data-6.liquid
CA	CA	Visalia BJJ	Visalia	https://visaliabjj.com	Y			https://visaliabjj.com	HAS_STORED			Y	snippets/tjjm-gyms-data.liquid
CA	CA	Gracie Jiu-Jitsu Vista	Vista		N				NO_W_KEY|RENDERS_BLANK	602 E Vista Way			snippets/tjjm-gyms-data-6.liquid
CA	CA	North Coast Jiu Jitsu / Jiu Jitsu Vista CA 92084	Vista	https://northcoastjj.com/	Y			https://northcoastjj.com/	HAS_STORED	131 Main St., Vista, CA 92084			snippets/tjjm-gyms-data-6.liquid
CA	CA	Caique Jiu Jitsu Walnut Academy	Walnut	http://www.cjjwalnut.com/	Y			http://www.cjjwalnut.com/	HAS_STORED	4000 Valley Blvd #106			snippets/tjjm-gyms-data-6.liquid
CA	CA	Sampa Brazilian Jiu Jitsu Walnut	Walnut	http://sampabjj.com/	Y			http://sampabjj.com/	HAS_STORED	355 S Lemon Ave unit l			snippets/tjjm-gyms-data-6.liquid
CA	CA	10th Planet Walnut Creek	Walnut Creek	http://www.10thplanetwalnutcreek.com	Y			http://www.10thplanetwalnutcreek.com	HAS_STORED	325 N Wiget Ln Suite 150			snippets/tjjm-gyms-data-6.liquid
CA	CA	Champions Fitness Brazilian Jiu-JItsu Muay-Thai & Boxing	West Covina	http://championsbjj.com/	Y			http://championsbjj.com/	HAS_STORED	539 N Azusa Ave			snippets/tjjm-gyms-data-6.liquid
CA	CA	GB West Covina	West Covina	https://graciebarra.com/west-covina-ca/	Y			https://graciebarra.com/west-covina-ca/	HAS_STORED	141 North Azusa Avenue			snippets/tjjm-gyms-data-6.liquid
CA	CA	Untamed Jiu-Jitsu	West Covina	https://www.untamedbjj.com/	Y			https://www.untamedbjj.com/	HAS_STORED	2550 E. Amar Road #A-3B			snippets/tjjm-gyms-data-6.liquid
CA	CA	GB West Lancaster	West Lancaster	https://graciebarra.com/lancaster-ca/	Y			https://graciebarra.com/lancaster-ca/	HAS_STORED	42458 60th Street			snippets/tjjm-gyms-data-6.liquid
CA	CA	Buena Vida Jiu Jitsu Academy	West Sacramento		N				NO_W_KEY|RENDERS_BLANK	2551 Del Monte St			snippets/tjjm-gyms-data-6.liquid
CA	CA	Bas Rutten's Elite MMA	Westlake Village	http://www.elitemmagym.com/	Y			http://www.elitemmagym.com/	HAS_STORED	880 Hampshire Rd X			snippets/tjjm-gyms-data-6.liquid
CA	CA	Osvaldvo Alves Jiu-Jitsu Academy	Westlake Village	https://www.osvaldoalvesbjjsocal.com/	Y			https://www.osvaldoalvesbjjsocal.com/	HAS_STORED	31840 Village Center Rd			snippets/tjjm-gyms-data-6.liquid
CA	CA	10th Planet Whittier	Whittier	https://www.join10pwhittier.com/	Y			https://www.join10pwhittier.com/	HAS_STORED	9150 Painter Ave Unit D			snippets/tjjm-gyms-data-6.liquid
CA	CA	GB Whittier	Whittier	https://www.gbwhittier.com	Y			https://www.gbwhittier.com	HAS_STORED	14153			snippets/tjjm-gyms-data-6.liquid
CA	CA	GIT Right Sports Performance & MMA (Ralph Gracie Whittier)	Whittier	https://gitrightspf.com/wcs3_class/mma/	Y			https://gitrightspf.com/wcs3_class/mma/	HAS_STORED	11510 Whittier Blvd			snippets/tjjm-gyms-data-6.liquid
CA	CA	Gracie Jiu-Jitsu Whittier	Whittier		N				NO_W_KEY|RENDERS_BLANK	6723 Comstock Ave.			snippets/tjjm-gyms-data-6.liquid
CA	CA	Tillis Brazilian Jiu Jitsu	Whittier	http://www.tillisbjj.com/	Y			http://www.tillisbjj.com/	HAS_STORED	10707 La Mirada Blvd			snippets/tjjm-gyms-data-6.liquid
CA	CA	Carlson Gracie Inland Valley	Wildomar	https://jiujitsuwildomar.com/	Y			https://jiujitsuwildomar.com/	HAS_STORED	32326 Clinton Keith Rd Unit 102			snippets/tjjm-gyms-data-6.liquid
CA	CA	Willows Jiu Jitsu & MMA	Willows	https://www.willowsjiujitsumma.com/	Y			https://www.willowsjiujitsumma.com/	HAS_STORED				snippets/tjjm-gyms-data.liquid
CA	CA	Gracie Jiu-Jitsu Woodland Hills	Woodland Hills		N				NO_W_KEY|RENDERS_BLANK	5340 Topanga Canyon Blvd.			snippets/tjjm-gyms-data-6.liquid
CA	CA	Jean Jacques Machado Brazilian Jiu Jitsu Academy	Woodland Hills	https://www.jeanjacquesmachado.com	Y			https://www.jeanjacquesmachado.com	HAS_STORED	20935 Warner Center Lane; Suite B			snippets/tjjm-gyms-data-6.liquid
CA	CA	ZR Brazilian Jiu-jitsu Thousand Oaks / BJJ Thousand Oaks CA 91362	Woodland Hills	http://zrwoodlandhills.com/index.html	Y		websites-2		HAS_STORED+BLANKED|RENDERS_BLANK	22100 Ventura Blvd			snippets/tjjm-gyms-data-6.liquid
CA	CA	GB Yorba Linda	Yorba Linda	https://gbyorbalinda.com/	Y			https://gbyorbalinda.com/	HAS_STORED	18551			snippets/tjjm-gyms-data-6.liquid
CA	CA	GB Yuba City	Yuba City	https://graciebarra.com/yuba-city-ca/	Y			https://graciebarra.com/yuba-city-ca/	HAS_STORED	990 Klamath Lane Building D; Suite 27 & 2			snippets/tjjm-gyms-data-6.liquid
CA	CA	Ground-Up Brazilian Jiu-Jitsu Academy, LLC	Yuba City	https://www.gubjja.com/	Y			https://www.gubjja.com/	HAS_STORED				snippets/tjjm-gyms-data.liquid
CA	CA	NorCal Fitness Co-op	Yuba City	https://norcalfitness.net/	Y			https://norcalfitness.net/	HAS_STORED				snippets/tjjm-gyms-data.liquid
CA	CA	BloodSpillerBJJ & Caveirinha Jiu Jitsu Academy	Yucaipa	http://www.cjjfsocal.com/	Y		websites-2		HAS_STORED+BLANKED|RENDERS_BLANK	32355 Yucaipa Blvd #4			snippets/tjjm-gyms-data-6.liquid
CA	CA	Eagle Brazilian Jiu Jitsu	Yucaipa	http://www.eaglebjj.com/	Y			http://www.eaglebjj.com/	HAS_STORED	12202 California St			snippets/tjjm-gyms-data-6.liquid
CO	CO	Grizzly MMA	Alamosa	http://www.grizzlymma.com	Y			http://www.grizzlymma.com	HAS_STORED	510 Bell Ct			snippets/tjjm-gyms-data-3.liquid
CO	CO	Genesis Training Academy	Arvada	http://www.fightgta.com	Y		websites-2		HAS_STORED+BLANKED|RENDERS_BLANK	5255 Xenon St			snippets/tjjm-gyms-data-3.liquid
CO	CO	The Academy of Brazilian Jiujitsu	Arvada	http://www.arvadajiujitsu.com	Y			http://www.arvadajiujitsu.com	HAS_STORED	9860 W 59th Pl			snippets/tjjm-gyms-data-3.liquid
CO	CO	Aspen BJJ	Aspen	https://aspenbjj.com	Y			https://aspenbjj.com	HAS_STORED			Y	snippets/tjjm-gyms-data.liquid
CO	CO	Alliance Jiu Jitsu Colorado	Aurora	https://alliancejiujitsucolorado.com	Y		websites-2		HAS_STORED+BLANKED|RENDERS_BLANK				snippets/tjjm-gyms-data.liquid
CO	CO	Gracie Barra Saddle Rock Jiu-Jitsu	Aurora	http://www.gbsaddlerock.com	Y			http://www.gbsaddlerock.com	HAS_STORED	6770 S Liverpool St Unit B			snippets/tjjm-gyms-data-3.liquid
CO	CO	Gracie Jiu-Jitsu Aurora	Aurora	http://www.graciejiujitsuaurora.com	Y		websites-2		HAS_STORED+BLANKED|RENDERS_BLANK	3054 S Laredo St			snippets/tjjm-gyms-data-3.liquid
CO	CO	High Altitude Martial Arts	Aurora	http://www.highaltitudema.com	Y			http://www.highaltitudema.com	HAS_STORED	2832 S Havana St Unit ZZ			snippets/tjjm-gyms-data-3.liquid
CO	CO	Onyx Jiu Jitsu	Aurora	http://www.onyxjiujitsu21.com	Y			http://www.onyxjiujitsu21.com	HAS_STORED	15200 E Girard Ave Unit 1600			snippets/tjjm-gyms-data-3.liquid
CO	CO	Portela Brazilian Jiu-Jitsu	Aurora	https://www.portelabjjaurora.com	Y			https://www.portelabjjaurora.com	HAS_STORED	22906 E Smoky Hill Rd			snippets/tjjm-gyms-data-3.liquid
CO	CO	Way of Jiu Jitsu - Aurora	Aurora	http://www.wayofjiujitsu.com	Y			http://www.wayofjiujitsu.com	HAS_STORED	9565 Montview blvd			snippets/tjjm-gyms-data-3.liquid
CO	CO	Hybrid Nation Martial Arts	Avon	http://www.avonmartialarts.com	Y			http://www.avonmartialarts.com	HAS_STORED	150 E Beaver Creek Blvd A105			snippets/tjjm-gyms-data-3.liquid
CO	CO	Inyodo Martial Arts	Avon	http://inyodomartialarts.com	Y			http://inyodomartialarts.com	HAS_STORED	0101 Fawcett Road #140			snippets/tjjm-gyms-data-3.liquid
CO	CO	Alliance Jiu Jitsu Boulder	Boulder	https://alliancejiujitsububoulder.com	Y		websites-2		HAS_STORED+BLANKED|RENDERS_BLANK				snippets/tjjm-gyms-data.liquid
CO	CO	Boulder BJJ	Boulder	https://boulderbjj.com	Y			https://boulderbjj.com	HAS_STORED			Y	snippets/tjjm-gyms-data.liquid
CO	CO	Easton Training Center - Boulder	Boulder	http://eastonbjj.com/boulder	Y	https://eastonbjj.com/boulder/	websites-1	https://eastonbjj.com/boulder/	HAS_STORED+REPOINTED	2005 32nd St			snippets/tjjm-gyms-data-3.liquid
CO	CO	Wolchek Academy of Martial Arts	Boulder	http://mywama.com	Y			http://mywama.com	HAS_STORED	5603 Arapahoe Ave #6			snippets/tjjm-gyms-data-3.liquid
CO	CO	Frontline Wrestling and Jiu-Jitsu Academy	Brighton	http://www.graciebrighton.com	Y		websites-2		HAS_STORED+BLANKED|RENDERS_BLANK	244 E Bridge St			snippets/tjjm-gyms-data-3.liquid
CO	CO	Vibrant Jiu Jitsu	Brighton	https://vibrantjj.com	Y			https://vibrantjj.com	HAS_STORED	244 E Bridge St			snippets/tjjm-gyms-data-3.liquid
CO	CO	Broomfield BJJ	Broomfield	https://broomfieldbjj.com	Y			https://broomfieldbjj.com	HAS_STORED			Y	snippets/tjjm-gyms-data.liquid
CO	CO	Elemental Brazilian Jiu Jitsu	Broomfield	http://www.elementalbjj.com	Y			http://www.elementalbjj.com	HAS_STORED	2420 E Midway Blvd Unit G			snippets/tjjm-gyms-data-3.liquid
CO	CO	Full Circle Martial Arts	Broomfield	http://www.fullcirclemartialarts-colorado.com	Y			http://www.fullcirclemartialarts-colorado.com	HAS_STORED	555 Burbank St Unit N			snippets/tjjm-gyms-data-3.liquid
CO	CO	Limitless Martial Arts	Broomfield	http://www.limitlessmartialarts.co	Y			http://www.limitlessmartialarts.co	HAS_STORED	585 Burbank St unit c			snippets/tjjm-gyms-data-3.liquid
CO	CO	Stars Training Center	Broomfield	http://www.pancrase.us	Y			http://www.pancrase.us	HAS_STORED	8 Garden Center			snippets/tjjm-gyms-data-3.liquid
CO	CO	Zingano Brazilian Jiu Jitsu	Broomfield	http://www.zinganobjj.com	Y			http://www.zinganobjj.com	HAS_STORED	2790 Industrial Ln			snippets/tjjm-gyms-data-3.liquid
CO	CO	Gracie Jiu-Jitsu Canon City	Canon City	https://graciejiujitsu-canon.com	Y		websites-2		HAS_STORED+BLANKED|RENDERS_BLANK	309 Main St.			snippets/tjjm-gyms-data-3.liquid
CO	CO	Carbondale Training Center (Rising Crane)	Carbondale	http://www.risingcrane.net	Y		websites-2		HAS_STORED+BLANKED|RENDERS_BLANK	768 CO-133			snippets/tjjm-gyms-data-3.liquid
CO	CO	Tribal Society BJJ	Carbondale	http://www.facebook.com/TribalSocietyBJJ	Y			http://www.facebook.com/TribalSocietyBJJ	HAS_STORED	6334 CO-133			snippets/tjjm-gyms-data-3.liquid
CO	CO	Bom Jitsu Brazilian Jiu Jitsu	Castle Rock	https://bomjitsu.com	Y			https://bomjitsu.com	HAS_STORED	680 Atchison Way Suite 500			snippets/tjjm-gyms-data-3.liquid
CO	CO	Carlson Gracie Jiujitsu Team Castle Rock	Castle Rock	http://carlsongracieteamcastlerock.com	Y		websites-2		HAS_STORED+BLANKED|RENDERS_BLANK	2280 Manatt Ct Unit D5			snippets/tjjm-gyms-data-3.liquid
CO	CO	Fulcrum Jiu Jitsu Academy	Castle Rock	http://fulcrumjiujitsuacademy.com	Y			http://fulcrumjiujitsuacademy.com	HAS_STORED	703 Wilcox St Unit A and B			snippets/tjjm-gyms-data-3.liquid
CO	CO	GB Castle Rock	Castle Rock	https://www.gbcastlerock.com	Y			https://www.gbcastlerock.com	HAS_STORED	658 Genoa Way Suite C			snippets/tjjm-gyms-data-3.liquid
CO	CO	Matrix Martial Arts	Castle Rock	https://www.matrixcastlerock.com	Y			https://www.matrixcastlerock.com	HAS_STORED	4807 Industrial Way Units 102 & 103			snippets/tjjm-gyms-data-3.liquid
CO	CO	Black Tie Brazilian Jiu Jitsu - Colorado	Centennial	http://blacktiebjjcolorado.com	Y			http://blacktiebjjcolorado.com	HAS_STORED	12201 E Arapahoe Rd Suite B3			snippets/tjjm-gyms-data-3.liquid
CO	CO	Busy Brazilian Jiu-Jitsu & Fitness	Centennial	https://www.busybjj.com	Y			https://www.busybjj.com	HAS_STORED	8200 South Quebec St Unit A10			snippets/tjjm-gyms-data-3.liquid
CO	CO	Easton Training Center Centennial	Centennial	https://eastonbjj.com/centennial	Y			https://eastonbjj.com/centennial	HAS_STORED	5170 E. Arapahoe Rd.			snippets/tjjm-gyms-data-3.liquid
CO	CO	GB Centennial	Centennial	https://gbcentennial.com	Y			https://gbcentennial.com	HAS_STORED	4181 E. County Line Road Suite F2			snippets/tjjm-gyms-data-3.liquid
CO	CO	Valor BJJ & Fitness	Centennial	http://valorbjjfit.com	Y		websites-2		HAS_STORED+BLANKED|RENDERS_BLANK	7500 S University Blvd Ste 105			snippets/tjjm-gyms-data-3.liquid
CO	CO	10th Planet Colorado Springs	Colorado Springs	http://10thplanetcoloradosprings.com	Y			http://10thplanetcoloradosprings.com	HAS_STORED	4715 N Carefree Cir			snippets/tjjm-gyms-data-3.liquid
CO	CO	719 Fight Team MMA	Colorado Springs		N				NO_W_KEY|RENDERS_BLANK	2551 Airport Rd suite 110			snippets/tjjm-gyms-data-3.liquid
CO	CO	Altitude MMA	Colorado Springs	http://www.altitudemma.com	Y		websites-2		HAS_STORED+BLANKED|RENDERS_BLANK	529 Arrawanna St.			snippets/tjjm-gyms-data-3.liquid
CO	CO	Cheyenne Mountain BJJ	Colorado Springs	https://cheyennemountainbjj.com	Y		websites-2		HAS_STORED+BLANKED|RENDERS_BLANK				snippets/tjjm-gyms-data.liquid
CO	CO	Cies MMA	Colorado Springs	http://ciesmma.com	Y			http://ciesmma.com	HAS_STORED	2360 Montebello Square Dr Suite C			snippets/tjjm-gyms-data-3.liquid
CO	CO	Colorado Springs Brazilian Jiu Jitsu	Colorado Springs	https://csbjj.com	Y			https://csbjj.com	HAS_STORED				snippets/tjjm-gyms-data.liquid
CO	CO	DC Fighters USA	Colorado Springs	http://www.dcfightersusa.com	Y			http://www.dcfightersusa.com	HAS_STORED	1710 Briargate Blvd Suite 100			snippets/tjjm-gyms-data-3.liquid
CO	CO	DICTATE Tactical Training Center	Colorado Springs	http://streetmma.net	Y			http://streetmma.net	HAS_STORED	3817 N Academy Blvd			snippets/tjjm-gyms-data-3.liquid
CO	CO	GB Colorado Springs	Colorado Springs	https://gbcoloradosprings.com	Y		websites-2		HAS_STORED+BLANKED|RENDERS_BLANK	1358 North Academy Blvd			snippets/tjjm-gyms-data-3.liquid
CO	CO	Gracie Jiu-Jitsu Colorado Springs	Colorado Springs	http://www.gjj-cs.com	Y			http://www.gjj-cs.com	HAS_STORED	Worktime Athletic Performance 1710 Briargate Blvd Suite 100			snippets/tjjm-gyms-data-3.liquid
CO	CO	Iron Forged Martial Arts	Colorado Springs	http://www.ironforgedmartialarts.com	Y			http://www.ironforgedmartialarts.com	HAS_STORED	4859 Barnes Rd			snippets/tjjm-gyms-data-3.liquid
CO	CO	Iron Roots Brazilian Jiu Jitsu	Colorado Springs	https://ironrootsbjj.com	Y			https://ironrootsbjj.com	HAS_STORED				snippets/tjjm-gyms-data.liquid
CO	CO	Kraken Brazilian Jiu-Jitsu & Fitness	Colorado Springs	https://bjjkraken.com	Y			https://bjjkraken.com	HAS_STORED	3920 N Academy Blvd			snippets/tjjm-gyms-data-3.liquid
CO	CO	Mercs Jiu-jitsu MMA Fitness	Colorado Springs	http://www.mercsjiujitsu.com	Y			http://www.mercsjiujitsu.com	HAS_STORED	4432 Austin Bluffs Pkwy			snippets/tjjm-gyms-data-3.liquid
CO	CO	Pariah MMA and Fitness	Colorado Springs	http://www.pariahmma.com	Y			http://www.pariahmma.com	HAS_STORED	712 Clark Pl suite 160			snippets/tjjm-gyms-data-3.liquid
CO	CO	Peak Mixed Martial Arts Academy	Colorado Springs		N				NO_W_KEY|RENDERS_BLANK	2660 Vickers Dr			snippets/tjjm-gyms-data-3.liquid
CO	CO	Prime Brazilian Jiu-Jitsu	Colorado Springs	http://www.primebjj.com	Y			http://www.primebjj.com	HAS_STORED	1424 Kelly Johnson Blvd			snippets/tjjm-gyms-data-3.liquid
CO	CO	Renzo Gracie Colorado	Colorado Springs	http://www.renzograciecolorado.com	Y			http://www.renzograciecolorado.com	HAS_STORED	3639 Star Ranch Rd			snippets/tjjm-gyms-data-3.liquid
CO	CO	Team Chaotic Combat Sports and Fitness	Colorado Springs	https://m.facebook.com/TeamChaoticCombatSports	Y			https://m.facebook.com/TeamChaoticCombatSports	HAS_STORED	153 Fontaine Blvd			snippets/tjjm-gyms-data-3.liquid
CO	CO	The HQ - Jiu Jitsu Headquarters	Colorado Springs	https://www.jiujitsucoloradosprings.com	Y		websites-2		HAS_STORED+BLANKED|RENDERS_BLANK	310 S 8th St H			snippets/tjjm-gyms-data-3.liquid
CO	CO	True Martial Arts Center	Colorado Springs	http://truemartialartscenter.com	Y			http://truemartialartscenter.com	HAS_STORED	3590 Hartsel Dr Suite H			snippets/tjjm-gyms-data-3.liquid
CO	CO	Victory MMA	Colorado Springs	http://www.coloradovictorymma.com	Y			http://www.coloradovictorymma.com	HAS_STORED	254 S Academy Blvd			snippets/tjjm-gyms-data-3.liquid
CO	CO	Warrior Fitness Center	Colorado Springs	https://www.cowarrior.com	Y			https://www.cowarrior.com	HAS_STORED	3612 Drennan Road			snippets/tjjm-gyms-data-3.liquid
CO	CO	Wilson Bros. Grappling	Colorado Springs	https://www.wilsonbrosgrappling.com	Y			https://www.wilsonbrosgrappling.com	HAS_STORED	5739 Observation Ct #120			snippets/tjjm-gyms-data-3.liquid
CO	CO	Conifer Jiu Jitsu & Fitness	Conifer		N				NO_W_KEY|RENDERS_BLANK	25797 Conifer Rd Ste B219			snippets/tjjm-gyms-data-3.liquid
CO	CO	10th Planet Denver	Denver	https://10thplanetjiujitsu.com/denver	Y			https://10thplanetjiujitsu.com/denver	HAS_STORED				snippets/tjjm-gyms-data.liquid
CO	CO	Avenge Jiu Jitsu	Denver	http://avengejiujitsu.com	Y			http://avengejiujitsu.com	HAS_STORED	2595 W 8th Ave			snippets/tjjm-gyms-data-3.liquid
CO	CO	Colorado Brazilian Jiu Jitsu Satori	Denver	http://www.jiujitsucolorado.com	Y			http://www.jiujitsucolorado.com	HAS_STORED	4605 Quebec St Unit B5			snippets/tjjm-gyms-data-3.liquid
CO	CO	Dark Horse Combat Club	Denver	http://www.darkhorsecombatclub.com	Y			http://www.darkhorsecombatclub.com	HAS_STORED	950 Santa Fe Dr			snippets/tjjm-gyms-data-3.liquid
CO	CO	Denver Jiu Jitsu - Rodrigo Salazar Team	Denver	https://www.denverjiujitsu.com	Y			https://www.denverjiujitsu.com	HAS_STORED	10200 E Girard Ave			snippets/tjjm-gyms-data-3.liquid
CO	CO	Denver Judo	Denver	http://www.denverjudo.com	Y			http://www.denverjudo.com	HAS_STORED	719 Mariposa St			snippets/tjjm-gyms-data-3.liquid
CO	CO	Easton BJJ Lowry	Denver	https://eastonbjj.com/lowry	Y			https://eastonbjj.com/lowry	HAS_STORED	9660 E Alameda Ave #106			snippets/tjjm-gyms-data-3.liquid
CO	CO	Easton Training Center	Denver	https://www.eastonbjj.com	Y	https://eastonbjj.com/denver/	websites-1	https://eastonbjj.com/denver/	HAS_STORED+REPOINTED				snippets/tjjm-gyms-data.liquid
CO	CO	Edge MMA and Fitness	Denver	https://www.facebook.com/teamedgemma	Y			https://www.facebook.com/teamedgemma	HAS_STORED	5305 E Colfax Ave			snippets/tjjm-gyms-data-3.liquid
CO	CO	Fusion Combat Training Center	Denver	https://www.selfdefensedenver.com	Y			https://www.selfdefensedenver.com	HAS_STORED	5058 S Syracuse St			snippets/tjjm-gyms-data-3.liquid
CO	CO	Gracie Barra Denver Jiu-Jitsu	Denver	https://gbdenver.com	Y			https://gbdenver.com	HAS_STORED	4495 Washington St			snippets/tjjm-gyms-data-3.liquid
CO	CO	Logos Jiu Jitsu	Denver	http://logosjiujitsu.com	Y			http://logosjiujitsu.com	HAS_STORED	3440a Brighton Blvd			snippets/tjjm-gyms-data-3.liquid
CO	CO	Low Summit Jiu Jitsu	Denver	http://www.lowsummitjiujitsu.com	Y		websites-2		HAS_STORED+BLANKED|RENDERS_BLANK	6271 Beach St			snippets/tjjm-gyms-data-3.liquid
CO	CO	Morning Star Jiu Jitsu	Denver	http://www.MorningStarJJ.com	Y			http://www.MorningStarJJ.com	HAS_STORED	4362 E Evans Ave			snippets/tjjm-gyms-data-3.liquid
CO	CO	Red Dragon Jujitsu Club	Denver	http://jujitsudenver.com	Y			http://jujitsudenver.com	HAS_STORED	3325 W Oxford Ave			snippets/tjjm-gyms-data-3.liquid
CO	CO	The Kompound Training Center	Denver	http://www.kompoundtrainingcenter.com	Y			http://www.kompoundtrainingcenter.com	HAS_STORED	4434 Cherokee St			snippets/tjjm-gyms-data-3.liquid
CO	CO	Train. Fight. Win. MMA & Fitness	Denver	http://www.tfwmma.com	Y			http://www.tfwmma.com	HAS_STORED	220 Santa Fe Dr			snippets/tjjm-gyms-data-3.liquid
CO	CO	Tri-Town Brazilian Jiu Jitsu	Denver	http://www.tritownbjjacademy.com	Y			http://www.tritownbjjacademy.com	HAS_STORED	4926 E Colfax Ave			snippets/tjjm-gyms-data-3.liquid
CO	CO	Way of Jiu Jitsu Academy	Denver	http://www.wayofjiujitsu.com	Y			http://www.wayofjiujitsu.com	HAS_STORED	7808 Cherry Creek S Dr Ste 205			snippets/tjjm-gyms-data-3.liquid
CO	CO	Durango BJJ	Durango	https://durangobjj.com	Y		websites-2		HAS_STORED+BLANKED|RENDERS_BLANK				snippets/tjjm-gyms-data.liquid
CO	CO	Element Brazilian Jiu Jitsu	Eaton	http://www.coelementbjj.com	Y			http://www.coelementbjj.com	HAS_STORED	206 Oak Ave			snippets/tjjm-gyms-data-3.liquid
CO	CO	Factory X Muay Thai / MMA / BJJ	Englewood	http://www.factoryxmuaythai.com	Y			http://www.factoryxmuaythai.com	HAS_STORED	4731 S Sante Fe Cir Unit 1A			snippets/tjjm-gyms-data-3.liquid
CO	CO	Guetho BJJ Denver	Englewood	https://guethobjjdenver.com	Y		websites-2		HAS_STORED+BLANKED|RENDERS_BLANK	2809 South Broadway			snippets/tjjm-gyms-data-3.liquid
CO	CO	Nova Mente Jiu Jitsu Academy	Englewood	http://www.novamenteacademy.com	Y		websites-2		HAS_STORED+BLANKED|RENDERS_BLANK	2761 West Oxford Ave Unit 7			snippets/tjjm-gyms-data-3.liquid
CO	CO	Motive Jiu-Jitsu Academy	Erie	http://www.motivejiujitsu.com	Y			http://www.motivejiujitsu.com	HAS_STORED	3540 State Hwy 52 Unit H4			snippets/tjjm-gyms-data-3.liquid
CO	CO	Brazilian Top Team Evergreen	Evergreen	http://www.bttevergreen.com	Y			http://www.bttevergreen.com	HAS_STORED	3865 Evergreen Pkwy			snippets/tjjm-gyms-data-3.liquid
CO	CO	Gracie Jiu-Jitsu Fort Collins	Fort Collins	http://graciefortcollins.com	Y		websites-2		HAS_STORED+BLANKED|RENDERS_BLANK	5800 S College Ave			snippets/tjjm-gyms-data-3.liquid
CO	CO	Groundwork BJJ	Fort Collins	https://groundworkbjj.com	Y			https://groundworkbjj.com	HAS_STORED				snippets/tjjm-gyms-data.liquid
CO	CO	Inspire Brazilian Jiu Jitsu Academy	Fort Collins	https://www.inspirebjj.com	Y			https://www.inspirebjj.com	HAS_STORED	4103 S Mason St Unit 201			snippets/tjjm-gyms-data-3.liquid
CO	CO	McMahon Brazilian Jiu-Jitsu Academy	Fort Collins	http://www.mcmahonbjj.com	Y			http://www.mcmahonbjj.com	HAS_STORED	1725 S College Ave			snippets/tjjm-gyms-data-3.liquid
CO	CO	Northern Colorado BJJ	Fort Collins	https://northerncoloradobjj.com	Y			https://northerncoloradobjj.com	HAS_STORED			Y	snippets/tjjm-gyms-data.liquid
CO	CO	Shugyo Training Center	Fort Collins	http://www.shugyodojo.com	Y		websites-2		HAS_STORED+BLANKED|RENDERS_BLANK	2721 S College Ave unit 3			snippets/tjjm-gyms-data-3.liquid
CO	CO	The Dojo LLC	Fort Collins	http://www.thedojofc.com	Y			http://www.thedojofc.com	HAS_STORED	2600 Canton Ct			snippets/tjjm-gyms-data-3.liquid
CO	CO	Total Ryu Martial Arts	Fort Collins	http://www.ftcollinsmartialarts.com	Y			http://www.ftcollinsmartialarts.com	HAS_STORED	1420 Riverside Ave			snippets/tjjm-gyms-data-3.liquid
CO	CO	Trials Martial Arts & Fitness	Fort Collins	http://trialsmma.com	Y			http://trialsmma.com	HAS_STORED	2649 E. Mulberry St.			snippets/tjjm-gyms-data-3.liquid
CO	CO	Summit County Jiu Jitsu	Frisco	http://summitcobjj.com	Y			http://summitcobjj.com	HAS_STORED	842 N Summit Blvd # 29			snippets/tjjm-gyms-data-3.liquid
CO	CO	Denver Grappling Club	Golden	http://grapplingzonekj.com	Y			http://grapplingzonekj.com	HAS_STORED	17981 W Colfax Ave Ste B			snippets/tjjm-gyms-data-3.liquid
CO	CO	Mountain Beast MMA & Fitness	Granby	http://www.mountainbeast.com	Y			http://www.mountainbeast.com	HAS_STORED	62713 US-40			snippets/tjjm-gyms-data-3.liquid
CO	CO	Golden Fights MMA Gym	Grand Junction	https://cagewarsnow.com	Y			https://cagewarsnow.com	HAS_STORED	2497 Power Rd UNIT 6			snippets/tjjm-gyms-data-3.liquid
CO	CO	Gracie Jiu-Jitsu Grand Junction	Grand Junction		N				NO_W_KEY|RENDERS_BLANK	2482 Patterson Rd Ste 100			snippets/tjjm-gyms-data-3.liquid
CO	CO	Grand Junction BJJ	Grand Junction	https://grandjunctionbjj.com	Y			https://grandjunctionbjj.com	HAS_STORED			Y	snippets/tjjm-gyms-data.liquid
CO	CO	Grand Valley Brazilian Jiu Jitsu	Grand Junction	https://grandvalleybjj.com	Y			https://grandvalleybjj.com	HAS_STORED	573 S. Commercial Dr. #2			snippets/tjjm-gyms-data-3.liquid
CO	CO	Renegade BJJ and MMA	Greeley	https://www.facebook.com/Rbjjmma	Y			https://www.facebook.com/Rbjjmma	HAS_STORED	2423 Apple Ave			snippets/tjjm-gyms-data-3.liquid
CO	CO	The Farm BJJ	Greeley	https://thefarmbjj.com	Y			https://thefarmbjj.com	HAS_STORED				snippets/tjjm-gyms-data.liquid
CO	CO	Gunnison Jiu-Jitsu	Gunnison	http://www.gunnisonjiujitsu.com	Y		websites-2		HAS_STORED+BLANKED|RENDERS_BLANK	315 1/2 N Main St			snippets/tjjm-gyms-data-3.liquid
CO	CO	Competitive Edge Mixed Martial Arts of Highlands Ranch	Highlands Ranch	http://www.ce-mma.com	Y			http://www.ce-mma.com	HAS_STORED	2030 E County Line Rd unit c			snippets/tjjm-gyms-data-3.liquid
CO	CO	10th Planet Jiu Jitsu Boulder - Lafayette	Lafayette	http://www.10thplanetboulder.com	Y			http://www.10thplanetboulder.com	HAS_STORED	1318 Centaur Village Dr.			snippets/tjjm-gyms-data-3.liquid
CO	CO	Chroma Jiu-Jitsu	Lafayette	https://chromajiujitsu.com	Y			https://chromajiujitsu.com	HAS_STORED	1455 Coal Creek Dr Unit C			snippets/tjjm-gyms-data-3.liquid
CO	CO	Atos BJJ Lakewood	Lakewood	http://www.atosbjjlakewood.com	Y		websites-2		HAS_STORED+BLANKED|RENDERS_BLANK	12860 Lakewood #212			snippets/tjjm-gyms-data-3.liquid
CO	CO	Flo Life BJJ + Colorado Holistic Martial Arts	Lakewood	https://www.flolifebjj.com	Y		websites-2		HAS_STORED+BLANKED|RENDERS_BLANK	9191 W Jewell Ave			snippets/tjjm-gyms-data-3.liquid
CO	CO	Imperial Jiu Jitsu / Kickboxing	Lakewood	http://imperialjiujitsu.com	Y			http://imperialjiujitsu.com	HAS_STORED	9629 W Colfax Ave #200			snippets/tjjm-gyms-data-3.liquid
CO	CO	Lakewood Martial Arts	Lakewood	http://www.campmartialarts.com	Y		websites-2		HAS_STORED+BLANKED|RENDERS_BLANK	12860 W Cedar Dr			snippets/tjjm-gyms-data-3.liquid
CO	CO	Mile High Gracie Jiu-Jitsu	Lakewood	https://www.milehighgraciejiujitsu.com	Y			https://www.milehighgraciejiujitsu.com	HAS_STORED				snippets/tjjm-gyms-data.liquid
CO	CO	Peak Kickboxing & Jiu-Jitsu	Lakewood	http://peakmartialartsdenver.com	Y			http://peakmartialartsdenver.com	HAS_STORED	9100 W 6th Ave			snippets/tjjm-gyms-data-3.liquid
CO	CO	Seo's Martial Arts	Lakewood	http://www.seosmartialartsacademy.com	Y			http://www.seosmartialartsacademy.com	HAS_STORED	3255 S Wadsworth Blvd			snippets/tjjm-gyms-data-3.liquid
CO	CO	The Sanctuary Brazilian JiuJitsu and Fitness	Lakewood	http://www.thesanctuarybjjandfitness.com	Y			http://www.thesanctuarybjjandfitness.com	HAS_STORED	3355 S Wadsworth Blvd Unit F109			snippets/tjjm-gyms-data-3.liquid
CO	CO	Easton Training Center Littleton	Littleton	https://eastonbjj.com/Littleton	Y	https://eastonbjj.com/littleton/	websites-1	https://eastonbjj.com/littleton/	HAS_STORED+REPOINTED	5005 S Kipling Pkwy Ste A2			snippets/tjjm-gyms-data-3.liquid
CO	CO	Gracie Judo Club	Littleton	http://www.graciejudoclub.com	Y			http://www.graciejudoclub.com	HAS_STORED	8250 W Coal Mine Ave			snippets/tjjm-gyms-data-3.liquid
CO	CO	Katharo Training Center - Jiu-Jitsu and Fitness	Littleton	https://katharotrainingcenter.com	Y			https://katharotrainingcenter.com	HAS_STORED	10146 W San Juan Way #100			snippets/tjjm-gyms-data-3.liquid
CO	CO	Kompound Training Center	Littleton	http://kompoundtrainingcenter.com	Y			http://kompoundtrainingcenter.com	HAS_STORED	8000 S Lincoln St Ste 3			snippets/tjjm-gyms-data-3.liquid
CO	CO	UFC GYM Lone Tree	Lone Tree	http://ufcgym.com	Y			http://ufcgym.com	HAS_STORED	7824 Park Meadows Dr			snippets/tjjm-gyms-data-3.liquid
CO	CO	Dark Horse Brazilian Jiu Jitsu	Longmont	http://bjjdarkhorse.com	Y			http://bjjdarkhorse.com	HAS_STORED	950 Elgin Ave a			snippets/tjjm-gyms-data-3.liquid
CO	CO	Easton BJJ Longmont	Longmont	https://eastonbjj.com/longmont	Y			https://eastonbjj.com/longmont	HAS_STORED	2415 Wedgewood Ave			snippets/tjjm-gyms-data-3.liquid
CO	CO	Longmont BJJ	Longmont	https://longmontbjj.com	Y			https://longmontbjj.com	HAS_STORED			Y	snippets/tjjm-gyms-data.liquid
CO	CO	Leverage Jiu Jitsu Colorado	Louisville	https://leveragejiujitsuco.com	Y			https://leveragejiujitsuco.com	HAS_STORED				snippets/tjjm-gyms-data.liquid
CO	CO	Catalyst BJJ	Loveland	https://catalystbjj.com	Y			https://catalystbjj.com	HAS_STORED				snippets/tjjm-gyms-data.liquid
CO	CO	Infinite Jiu-Jitsu Academy	Loveland	http://www.infinitejiujitsuloveland.com	Y			http://www.infinitejiujitsuloveland.com	HAS_STORED	329 E 3rd St #305			snippets/tjjm-gyms-data-3.liquid
CO	CO	Infinite MMA Academy	Loveland	http://www.infinitemixedmartialarts.com	Y		websites-2		HAS_STORED+BLANKED|RENDERS_BLANK	154 E 15th St			snippets/tjjm-gyms-data-3.liquid
CO	CO	Kingsnake Jiu-Jitsu	Loveland	http://www.kingsnakebjj.com	Y		websites-2		HAS_STORED+BLANKED|RENDERS_BLANK	1343 S Garfield Ave			snippets/tjjm-gyms-data-3.liquid
CO	CO	Northern Colorado Jiu Jitsu	Loveland	http://www.nocojiujitsu.com	Y			http://www.nocojiujitsu.com	HAS_STORED	1542 Taurus Ct Suite 100			snippets/tjjm-gyms-data-3.liquid
CO	CO	Agoge Jiu Jitsu	Montrose	http://agogejiujitsu.com	Y			http://agogejiujitsu.com	HAS_STORED	475 Water Ave			snippets/tjjm-gyms-data-3.liquid
CO	CO	Montrose Brazilian Jiu-Jitsu	Montrose	http://www.montrosebjj.com	Y			http://www.montrosebjj.com	HAS_STORED	427 E Main St			snippets/tjjm-gyms-data-3.liquid
CO	CO	The Academy of Martial Arts - Monument Jiu-Jitsu	Monument	http://monumentjiujitsu.com	Y			http://monumentjiujitsu.com	HAS_STORED	740 Synthes Ave			snippets/tjjm-gyms-data-3.liquid
CO	CO	Ground Zero Roaring Fork Valley BJJ	New Castle	http://gzglenwoodsprings.com	Y		websites-2		HAS_STORED+BLANKED|RENDERS_BLANK	420 W Main St #2			snippets/tjjm-gyms-data-3.liquid
CO	CO	Rocky Mountain Jiu Jitsu	Northglenn		N				NO_W_KEY|RENDERS_BLANK	435 W 115th Ave Ste 4			snippets/tjjm-gyms-data-3.liquid
CO	CO	10th Planet DSU Parker	Parker	http://www.10thplanetparker.com	Y			http://www.10thplanetparker.com	HAS_STORED	10471 S Parker Rd Ste B3			snippets/tjjm-gyms-data-3.liquid
CO	CO	5280 Martial Arts	Parker	http://www.5280ma.com	Y			http://www.5280ma.com	HAS_STORED	10510 Dransfeldt Rd # 100			snippets/tjjm-gyms-data-3.liquid
CO	CO	GB Parker	Parker	https://www.parkergb.com	Y			https://www.parkergb.com	HAS_STORED	18425 Pony Express Drive Unit 107			snippets/tjjm-gyms-data-3.liquid
CO	CO	Jit Pit Academy	Parker	http://www.jitpit.com	Y			http://www.jitpit.com	HAS_STORED	17858 Cottonwood Dr			snippets/tjjm-gyms-data-3.liquid
CO	CO	Kurusan Jiu-Jitsu & Kickboxing	Parker	http://www.kurusan.com	Y			http://www.kurusan.com	HAS_STORED	18632 Pony Express Dr			snippets/tjjm-gyms-data-3.liquid
CO	CO	Otomi Martial Arts	Parker	http://www.otomimartialarts.com	Y			http://www.otomimartialarts.com	HAS_STORED	10350 S Progress Way Ste 101			snippets/tjjm-gyms-data-3.liquid
CO	CO	Parker Academy of Martial Arts	Parker	https://kicksrus.com/pama-home/	Y			https://kicksrus.com/pama-home/	HAS_STORED	18632 Pony Express Dr Building 103			snippets/tjjm-gyms-data-21.liquid
CO	CO	Parker BJJ	Parker	https://parkerbjj.com	Y			https://parkerbjj.com	HAS_STORED			Y	snippets/tjjm-gyms-data.liquid
CO	CO	Zenith Authentic Brazilian Jiu-Jitsu	Parker	http://www.authenticbjj.com	Y			http://www.authenticbjj.com	HAS_STORED	18366 Lincoln Ave Unit 108			snippets/tjjm-gyms-data-3.liquid
CO	CO	Combative Fighting Systems Brazilian Jiu Jitsu	Peyton	https://cfsfalcon.com	Y			https://cfsfalcon.com	HAS_STORED	10634 Maltese Point Suite 130			snippets/tjjm-gyms-data-3.liquid
CO	CO	Childress Brazilian Jiu-Jitsu	Pueblo	https://www.childressbjj.com	Y			https://www.childressbjj.com	HAS_STORED	1216 S Prairie Ave			snippets/tjjm-gyms-data-3.liquid
CO	CO	Gracie Barra Pueblo	Pueblo	https://graciebarra.com/co-pueblo	Y			https://graciebarra.com/co-pueblo	HAS_STORED	1306 North Main Suit B			snippets/tjjm-gyms-data-3.liquid
CO	CO	Pacific Warrior MMA - BJJ with Coach Kyle Hagen	Pueblo	https://coachkylehagen.wordpress.com	Y			https://coachkylehagen.wordpress.com	HAS_STORED	627 E 4th St			snippets/tjjm-gyms-data-3.liquid
CO	CO	Pueblo BJJ	Pueblo	https://pueblobjj.com	Y			https://pueblobjj.com	HAS_STORED			Y	snippets/tjjm-gyms-data.liquid
CO	CO	14ers Jiu Jitsu	Salida		N				NO_W_KEY|RENDERS_BLANK	222 F St			snippets/tjjm-gyms-data-3.liquid
CO	CO	Steamboat Springs BJJ	Steamboat Springs	https://steamboatbjj.com	Y			https://steamboatbjj.com	HAS_STORED				snippets/tjjm-gyms-data.liquid
CO	CO	Easton Brazilian Jiu Jitsu Thornton	Thornton	http://eastonbjj.com	Y	https://eastonbjj.com/thornton/	websites-1	https://eastonbjj.com/thornton/	HAS_STORED+REPOINTED	13762 Colorado Blvd Unit 112			snippets/tjjm-gyms-data-3.liquid
CO	CO	Vail BJJ	Vail	https://vailbjj.com	Y			https://vailbjj.com	HAS_STORED			Y	snippets/tjjm-gyms-data.liquid
CO	CO	303 Training Center	Westminster	https://www.303trainingcenter.com	Y			https://www.303trainingcenter.com	HAS_STORED				snippets/tjjm-gyms-data.liquid
CO	CO	DCO MMA & Fitness	Westminster	http://dcommafitness.com	Y			http://dcommafitness.com	HAS_STORED	7239 Bradburn Blvd #100			snippets/tjjm-gyms-data-3.liquid
CO	CO	Flatirons Mixed Martial Arts Academy	Westminster	http://www.flatironsmma.com	Y		websites-2		HAS_STORED+BLANKED|RENDERS_BLANK	12910 Zuni St Unit #200			snippets/tjjm-gyms-data-3.liquid
CO	CO	FusBoxe Sambo 1 Martial Arts	Westminster	https://fusboxesambo1.business.site	Y			https://fusboxesambo1.business.site	HAS_STORED	9975 Wadsworth Pkwy #1900			snippets/tjjm-gyms-data-3.liquid
CO	CO	Rebellion Self Defense & GJJ	Westminster	http://rebellionselfdefensegjj.com	Y			http://rebellionselfdefensegjj.com	HAS_STORED	3047 W 74th Ave			snippets/tjjm-gyms-data-3.liquid
CO	CO	10th Planet Jiu Jitsu Denver	Wheat Ridge	http://www.10thplanetdenver.com/	Y			http://www.10thplanetdenver.com/	HAS_STORED	6161 W 44th Ave Suite 150			snippets/tjjm-gyms-data-21.liquid
CO	CO	ETHOS Colorado	Wheat Ridge	http://ethoscolorado.com	Y			http://ethoscolorado.com	HAS_STORED	11465 W I-70 Frontage Rd N			snippets/tjjm-gyms-data-3.liquid
CO	CO	Easton BJJ Arvada	Wheat Ridge	https://eastonbjj.com/arvada	Y			https://eastonbjj.com/arvada	HAS_STORED	12421 W. 49th Ave #3			snippets/tjjm-gyms-data-3.liquid
CO	CO	Discipleship Jiu-Jitsu	Woodland Park	https://discipleshipjiujitsu.com	Y		websites-2		HAS_STORED+BLANKED|RENDERS_BLANK	403 S. Baldwin St			snippets/tjjm-gyms-data-3.liquid
CT	CT	Casa of Jiu Jitsu	Ansonia	http://www.casabjj.com/	Y			http://www.casabjj.com/	HAS_STORED	240 Main St			snippets/tjjm-gyms-data-28.liquid
CT	CT	Shetucket Valley Judo and Sambo	Baltic	http://www.judoct.com/	Y			http://www.judoct.com/	HAS_STORED	118 W Main St			snippets/tjjm-gyms-data-28.liquid
CT	CT	Relson Gracie Jiu-Jitsu Academy	Berlin	http://www.relsongraciejjct.com/	Y			http://www.relsongraciejjct.com/	HAS_STORED	100 Webster Square Rd			snippets/tjjm-gyms-data-28.liquid
CT	CT	Caio Magalhaes Brazilian Jiu-Jitsu & Self Defense	Bethel	https://caiomagalhaes-brazilian-jiu-jitsu-self-defense.negocio.site/	Y			https://caiomagalhaes-brazilian-jiu-jitsu-self-defense.negocio.site/	HAS_STORED	32 Stony Hill Rd			snippets/tjjm-gyms-data-28.liquid
CT	CT	Teixeira MMA & Fitness	Bethel	https://www.teixeirammaandfitness.com/	Y			https://www.teixeirammaandfitness.com/	HAS_STORED	32 Stony Hill Road			snippets/tjjm-gyms-data-28.liquid
CT	CT	Bridgeport BJJ	Bridgeport	https://bridgeportbjj.com	Y			https://bridgeportbjj.com	HAS_STORED			Y	snippets/tjjm-gyms-data.liquid
CT	CT	Cruvinel Brothers Mixed Martial Arts Academy	Bridgeport	http://cruvinelbros.com/	Y			http://cruvinelbros.com/	HAS_STORED	2710 North Ave			snippets/tjjm-gyms-data-28.liquid
CT	CT	Joao Luz BJJ	Bridgeport		N				NO_W_KEY|RENDERS_BLANK	775 Wood Ave			snippets/tjjm-gyms-data-28.liquid
CT	CT	Marcelo Garcia Jiu-Jitsu Association Connecticut	Bridgeport	http://www.mgctbjj.com/	Y			http://www.mgctbjj.com/	HAS_STORED	775 Wood Ave			snippets/tjjm-gyms-data-28.liquid
CT	CT	ZR Association CT	Bridgeport	https://zrbridgeportbjj.com/	Y		websites-2		HAS_STORED+BLANKED|RENDERS_BLANK	1313 Connecticut Ave			snippets/tjjm-gyms-data-28.liquid
CT	CT	Ascension Athletics - Mixed Martial Arts & BJJ	Bristol	http://www.ascensionathleticsct.com/	Y			http://www.ascensionathleticsct.com/	HAS_STORED	99 Farmington Ave			snippets/tjjm-gyms-data-28.liquid
CT	CT	Bristol BJJ CT	Bristol	https://bristolbjjct.com	Y			https://bristolbjjct.com	HAS_STORED			Y	snippets/tjjm-gyms-data.liquid
CT	CT	RiSu Martial Arts Academy	Bristol		N				NO_W_KEY|RENDERS_BLANK	508 Birch St			snippets/tjjm-gyms-data-28.liquid
CT	CT	360 Defense Martial Arts Colchester CT	Colchester	https://www.facebook.com/ABDColchesterCT/	Y			https://www.facebook.com/ABDColchesterCT/	HAS_STORED	52 Mill St			snippets/tjjm-gyms-data-28.liquid
CT	CT	Greenwich Jiu Jitsu	Cos Cob	http://greenwichjiujitsu.com/	Y			http://greenwichjiujitsu.com/	HAS_STORED	219 E Putnam Ave			snippets/tjjm-gyms-data-28.liquid
CT	CT	Jiu-Jitsu And Strength Academy	Cromwell	http://www.jiujitsuct.com/	Y			http://www.jiujitsuct.com/	HAS_STORED	229 Shunpike Road			snippets/tjjm-gyms-data-28.liquid
CT	CT	American Top Team Connecticut BJJ, MMA, Muay Thai Danbury, CT	Danbury	http://www.americantopteamdanbury.com/	Y			http://www.americantopteamdanbury.com/	HAS_STORED	16 Beaver Brook Rd #3			snippets/tjjm-gyms-data-28.liquid
CT	CT	BJJ For Christ Jiu Jitsu	Danbury	http://www.bjjforchrist.org/	Y		websites-2		HAS_STORED+BLANKED|RENDERS_BLANK	346 Main St Unit B			snippets/tjjm-gyms-data-28.liquid
CT	CT	Danbury Academy Mixed Martial Arts	Danbury	https://www.da-mma.com/	Y		websites-2		HAS_STORED+BLANKED|RENDERS_BLANK	35 Hayestown Rd			snippets/tjjm-gyms-data-28.liquid
CT	CT	Team Delima Brazilian Jiu-Jitsu Association	Danbury	http://delimajiujitsu.com/	Y		websites-2		HAS_STORED+BLANKED|RENDERS_BLANK	1 Memorial Drive			snippets/tjjm-gyms-data-28.liquid
CT	CT	Twisted Kimura	Danbury	https://twistedkimura.com	Y			https://twistedkimura.com	HAS_STORED			Y	snippets/tjjm-gyms-data.liquid
CT	CT	Squared Brazilian Jiu-Jitsu Danielson, CT	Danielson	https://www.facebook.com/Squaredbjjdanielsonct/	Y			https://www.facebook.com/Squaredbjjdanielsonct/	HAS_STORED	521 Davis Rd			snippets/tjjm-gyms-data-28.liquid
CT	CT	Northeast Elite Wrestling Center	Enfield	http://northeastelitewrestling.com/	Y			http://northeastelitewrestling.com/	HAS_STORED	72 Shaker Road			snippets/tjjm-gyms-data-28.liquid
CT	CT	Royce Gracie Jiu Jitsu	Enfield	https://www.gracieenfield.com/	Y			https://www.gracieenfield.com/	HAS_STORED	3648 E Enfield St			snippets/tjjm-gyms-data-28.liquid
CT	CT	Connecticut Martial Arts Training Center	Fairfield	http://ctmma.com/	Y			http://ctmma.com/	HAS_STORED	530 Kings Hwy Cutoff			snippets/tjjm-gyms-data-28.liquid
CT	CT	Fit Club BJJ	Fairfield	http://www.fitclubct.com/	Y			http://www.fitclubct.com/	HAS_STORED	1496 Post Rd			snippets/tjjm-gyms-data-28.liquid
CT	CT	Gracie Sports Brazilian Jiu-Jitsu Fairfield	Fairfield	https://graciesportsusa.com/	Y			https://graciesportsusa.com/	HAS_STORED	220 Carter Henry Dr			snippets/tjjm-gyms-data-28.liquid
CT	CT	Hammer Jiu Jitsu	Fairfield	http://hammerbjj.com/	Y			http://hammerbjj.com/	HAS_STORED	1499 Post Rd #17			snippets/tjjm-gyms-data-28.liquid
CT	CT	Alliance Jiu Jitsu Glastonbury	Glastonbury	https://alliancejiujitsu.com/glastonbury	Y			https://alliancejiujitsu.com/glastonbury	HAS_STORED			Y	snippets/tjjm-gyms-data.liquid
CT	CT	Fortitude Jiu Jitsu	Glastonbury	http://fortitudejj.com/	Y		websites-2		HAS_STORED+BLANKED|RENDERS_BLANK	180 Oakwood Dr			snippets/tjjm-gyms-data-28.liquid
CT	CT	Giroux BJJ	Glastonbury		N				NO_W_KEY|RENDERS_BLANK	2217 New London Turnpike			snippets/tjjm-gyms-data-28.liquid
CT	CT	Team Link Glastonbury	Glastonbury	http://www.teamlinkbjjglastonbury.com/	Y			http://www.teamlinkbjjglastonbury.com/	HAS_STORED	60 Village Pl			snippets/tjjm-gyms-data-28.liquid
CT	CT	Greenwich BJJ	Greenwich	https://greenwichbjj.com	Y			https://greenwichbjj.com	HAS_STORED			Y	snippets/tjjm-gyms-data.liquid
CT	CT	Mackavi Martial Arts	Griswold	http://mackavimartialarts.com/	Y			http://mackavimartialarts.com/	HAS_STORED	5 Preston Rd			snippets/tjjm-gyms-data-28.liquid
CT	CT	Gabrieles Martial Arts - Groton, CT	Groton	https://gabrielesmartialarts.com/	Y			https://gabrielesmartialarts.com/	HAS_STORED	1028 Poquonnock Rd			snippets/tjjm-gyms-data-28.liquid
CT	CT	Team Dexter Vale Tudo	Groton		N				NO_W_KEY|RENDERS_BLANK	1083 Buddington Rd			snippets/tjjm-gyms-data-28.liquid
CT	CT	Xtreme Martial Arts Training	Guilford		N				NO_W_KEY|RENDERS_BLANK	725 Boston Post Rd			snippets/tjjm-gyms-data-28.liquid
CT	CT	Bashta's Martial Arts	Hamden	http://www.bashtasmartialarts.com/	Y			http://www.bashtasmartialarts.com/	HAS_STORED	60 Connolly Pkwy Bldg 7B			snippets/tjjm-gyms-data-28.liquid
CT	CT	New England BJJ	Hamden	https://newenglandbjj.com	Y			https://newenglandbjj.com	HAS_STORED			Y	snippets/tjjm-gyms-data.liquid
CT	CT	Soulcraft Brazilian Jiu-Jitsu	Hamden	http://www.soulcraftbjj.com/	Y			http://www.soulcraftbjj.com/	HAS_STORED	1125 Dixwell Avenue			snippets/tjjm-gyms-data-28.liquid
CT	CT	Underdog Brazilian Jiu-Jitsu	Hartford	http://www.underdogbjj.com/	Y			http://www.underdogbjj.com/	HAS_STORED	20 New Park Ave			snippets/tjjm-gyms-data-28.liquid
CT	CT	Bushido Hebron Brazilian Jiu Jitsu	Hebron	http://bushidobjj.com/	Y			http://bushidobjj.com/	HAS_STORED	111 Main St			snippets/tjjm-gyms-data-28.liquid
CT	CT	Meriden BJJ	Meriden	https://meridenbjj.com	Y			https://meridenbjj.com	HAS_STORED			Y	snippets/tjjm-gyms-data.liquid
CT	CT	Modern Self Defense Center	Meriden	http://www.modernselfdefense.com/	Y			http://www.modernselfdefense.com/	HAS_STORED	1263 E Main St			snippets/tjjm-gyms-data-28.liquid
CT	CT	Middletown BJJ CT	Middletown	https://middletownbjjct.com	Y			https://middletownbjjct.com	HAS_STORED			Y	snippets/tjjm-gyms-data.liquid
CT	CT	Bagwell Academy of Martial Arts	Milford	https://bagwellacademy.com/	Y			https://bagwellacademy.com/	HAS_STORED	487 Bridgeport Ave			snippets/tjjm-gyms-data-28.liquid
CT	CT	Connecticut Brazilian Jiu-Jitsu	Milford	https://ctbjj.com	Y			https://ctbjj.com	HAS_STORED			Y	snippets/tjjm-gyms-data.liquid
CT	CT	Fifth Dimension Brazilian Jiu-Jitsu MMA	Milford		N				NO_W_KEY|RENDERS_BLANK	130 Old Gate Ln			snippets/tjjm-gyms-data-28.liquid
CT	CT	Fighting Arts Academy CT	Milford	http://www.fightingartsct.com/	Y			http://www.fightingartsct.com/	HAS_STORED	333 Quarry Rd			snippets/tjjm-gyms-data-28.liquid
CT	CT	Renzo Gracie Milford	Milford	http://www.renzograciemilford.com/	Y			http://www.renzograciemilford.com/	HAS_STORED	354 Woodmont Rd			snippets/tjjm-gyms-data-28.liquid
CT	CT	Vincent Brightman's Carlson Gracie MMA & BJJ	Naugatuck	http://vbrightmantraining.com/	Y			http://vbrightmantraining.com/	HAS_STORED	26 Hotchkiss Street			snippets/tjjm-gyms-data-28.liquid
CT	CT	New Britain BJJ	New Britain	https://newbritainbjj.com	Y			https://newbritainbjj.com	HAS_STORED			Y	snippets/tjjm-gyms-data.liquid
CT	CT	New Britain Judo and Dynamic Arts	New Britain	http://www.newbritainjudo.org/	Y			http://www.newbritainjudo.org/	HAS_STORED	83 W Main St			snippets/tjjm-gyms-data-28.liquid
CT	CT	New Haven BJJ	New Haven	https://newhavenbjj.com	Y			https://newhavenbjj.com	HAS_STORED			Y	snippets/tjjm-gyms-data.liquid
CT	CT	Strikezone MMA	New London	http://www.strikezonemma.com/	Y			http://www.strikezonemma.com/	HAS_STORED	367 Bank St			snippets/tjjm-gyms-data-28.liquid
CT	CT	Whaling City Athletic Club	New London	https://www.whalingcityathletics.com/	Y			https://www.whalingcityathletics.com/	HAS_STORED	436 Broad St			snippets/tjjm-gyms-data-28.liquid
CT	CT	ZenDo Ju-Jitsu	New Milford	http://zendojujitsu.com/	Y			http://zendojujitsu.com/	HAS_STORED	80 Park Lane Rd			snippets/tjjm-gyms-data-28.liquid
CT	CT	CT Krav Maga & MMA	North Branford	https://www.ctkravmagamma.com/	Y			https://www.ctkravmagamma.com/	HAS_STORED	5 Foxon Rd #6			snippets/tjjm-gyms-data-28.liquid
CT	CT	Ultimate MMA Training Center	North Haven	http://www.ultimatemmact.com/	Y			http://www.ultimatemmact.com/	HAS_STORED	79 State Street			snippets/tjjm-gyms-data-28.liquid
CT	CT	Tom Smith's Forge Martial Arts Academy	Northford	https://www.forgeacademyct.com/	Y			https://www.forgeacademyct.com/	HAS_STORED	1060 Middletown Ave			snippets/tjjm-gyms-data-28.liquid
CT	CT	Gracie Sports USA Brazilian Jiu Jitsu and Self-Defense	Norwalk	http://www.graciesportsusa.com/	Y			http://www.graciesportsusa.com/	HAS_STORED	770 Connecticut Ave			snippets/tjjm-gyms-data-28.liquid
CT	CT	Jonesly MMA Academy Norwalk: Muay Thai, Kickboxing, Jiu Jitsu	Norwalk	http://www.joneslymma.com/	Y			http://www.joneslymma.com/	HAS_STORED	61 Main St			snippets/tjjm-gyms-data-28.liquid
CT	CT	Renzo Gracie Connecticut	Norwalk	https://renzogracieconnecticut.com	Y			https://renzogracieconnecticut.com	HAS_STORED			Y	snippets/tjjm-gyms-data.liquid
CT	CT	Ronin Martial Arts - Westport	Norwalk	https://www.westportmma.com/	Y			https://www.westportmma.com/	HAS_STORED	508 Westport Ave			snippets/tjjm-gyms-data-28.liquid
CT	CT	Sono Dojo & Martial Arts Fitness	Norwalk	http://sonomartialartsfitness.com/	Y			http://sonomartialartsfitness.com/	HAS_STORED	21 Hanford Pl			snippets/tjjm-gyms-data-28.liquid
CT	CT	Submit! Brazilian Jiu-Jitsu Academy	Norwalk	http://www.submitbjj.com/	Y			http://www.submitbjj.com/	HAS_STORED	261 Main Ave			snippets/tjjm-gyms-data-28.liquid
CT	CT	360 Defense Martial Arts (Macarra BJJ Affiliated Academy)	Norwich	https://www.360defensemartialarts.com/	Y			https://www.360defensemartialarts.com/	HAS_STORED	15 Wawecus St			snippets/tjjm-gyms-data-28.liquid
CT	CT	CT Combat Training Center	Oakville	http://www.ctcombat.com/	Y			http://www.ctcombat.com/	HAS_STORED	27 Main St			snippets/tjjm-gyms-data-28.liquid
CT	CT	Viana Brothers Martial Fight Club in Steel Beach Gym	Oakville	http://www.facebook.com/vianabrosbjjmma	Y			http://www.facebook.com/vianabrosbjjmma	HAS_STORED	900 Main St			snippets/tjjm-gyms-data-28.liquid
CT	CT	RISE Martial Arts Academy	Old Lyme	http://www.risemartialartsacademy.com/	Y			http://www.risemartialartsacademy.com/	HAS_STORED	19 Halls Rd #103			snippets/tjjm-gyms-data-28.liquid
CT	CT	Renzo Gracie Shoreline Academy	Old Saybrook	http://shorelinebjj.com/	Y			http://shorelinebjj.com/	HAS_STORED	139 Mill Rock Rd E			snippets/tjjm-gyms-data-28.liquid
CT	CT	Plainville Martial Arts	Plainville	http://plainvillemartialarts.com/	Y			http://plainvillemartialarts.com/	HAS_STORED	32 Whiting St			snippets/tjjm-gyms-data-28.liquid
CT	CT	Endure Brazilian Jiu-Jitsu Academy	Shelton	http://www.endurejj.com/	Y			http://www.endurejj.com/	HAS_STORED	215 Bridgeport Ave			snippets/tjjm-gyms-data-28.liquid
CT	CT	Shelton BJJ	Shelton	https://sheltonbjj.com	Y			https://sheltonbjj.com	HAS_STORED			Y	snippets/tjjm-gyms-data.liquid
CT	CT	Prime BJJ	Simsbury	https://primebjj.com	Y			https://primebjj.com	HAS_STORED			Y	snippets/tjjm-gyms-data.liquid
CT	CT	Kobukai Jujitsu - South Windsor	South Windsor	https://www.ctjujitsu.com/	Y			https://www.ctjujitsu.com/	HAS_STORED	405 Sullivan Ave			snippets/tjjm-gyms-data-28.liquid
CT	CT	Solid Base BJJ	Southington	http://www.solidbasebjj.com/	Y			http://www.solidbasebjj.com/	HAS_STORED	1079 Queen St			snippets/tjjm-gyms-data-28.liquid
CT	CT	UFC GYM Southington	Southington	https://www.ufcgym.com/locations/southington/	Y			https://www.ufcgym.com/locations/southington/	HAS_STORED	235 Queen St			snippets/tjjm-gyms-data-28.liquid
CT	CT	Carlson Gracie Team - CT/Cesar Pereira BJJ	Stamford	http://www.bjjstamfordct.com/	Y			http://www.bjjstamfordct.com/	HAS_STORED	76 Progress Dr Ste 238			snippets/tjjm-gyms-data-28.liquid
CT	CT	Elevate Personal Training + MMA	Stamford		N				NO_W_KEY|RENDERS_BLANK	1 Barry Pl Bldg#5			snippets/tjjm-gyms-data-28.liquid
CT	CT	Ronin Jiu Jitsu	Stamford		N				NO_W_KEY|RENDERS_BLANK	81 Summer St			snippets/tjjm-gyms-data-28.liquid
CT	CT	Stamford BJJ	Stamford	https://stamfordbjj.com	Y			https://stamfordbjj.com	HAS_STORED			Y	snippets/tjjm-gyms-data.liquid
CT	CT	Stamford Judo	Stamford	http://www.stamfordjudo.us/	Y			http://www.stamfordjudo.us/	HAS_STORED	100 Research Dr			snippets/tjjm-gyms-data-28.liquid
CT	CT	Tiger Schulmann's Martial Arts Stamford CT	Stamford	https://tsk.com/locations/ct/stamford/	Y			https://tsk.com/locations/ct/stamford/	HAS_STORED	2770 Summer St 2nd floor			snippets/tjjm-gyms-data-28.liquid
CT	CT	Cruvinel Brothers Brazilian Jiujitsu / GFTeam	Stratford	http://www.cruvinelbrothers.com/	Y			http://www.cruvinelbrothers.com/	HAS_STORED	60 Access Road			snippets/tjjm-gyms-data-28.liquid
CT	CT	Iceman's Martial Arts Academy	Stratford	http://www.icemansmartialarts.com/	Y			http://www.icemansmartialarts.com/	HAS_STORED	588 Success Ave			snippets/tjjm-gyms-data-28.liquid
CT	CT	IPD Jiujitsu and Fitness	Tolland	http://www.ipdct.com/	Y			http://www.ipdct.com/	HAS_STORED	30 Industrial Park Rd E			snippets/tjjm-gyms-data-28.liquid
CT	CT	Secret Pages Brazilian Jiu-Jitsu	Tolland	http://secretpagesbjj.com/	Y			http://secretpagesbjj.com/	HAS_STORED	45 Industrial Park Rd W			snippets/tjjm-gyms-data-28.liquid
CT	CT	Torrington BJJ	Torrington	https://torringtonbjj.com	Y			https://torringtonbjj.com	HAS_STORED			Y	snippets/tjjm-gyms-data.liquid
CT	CT	Jitsu Academy	Wallingford	http://www.jitsuacademy.com/	Y			http://www.jitsuacademy.com/	HAS_STORED	600 N Colony Rd			snippets/tjjm-gyms-data-28.liquid
CT	CT	Jiu Jitsu Life SCA	Wallingford	http://jitslifesca.com/	Y			http://jitslifesca.com/	HAS_STORED	342 Quinnipiac St			snippets/tjjm-gyms-data-28.liquid
CT	CT	Performance Combat MMA	Wallingford	http://www.performancecombatmma.com/	Y			http://www.performancecombatmma.com/	HAS_STORED	220 N Colony Rd			snippets/tjjm-gyms-data-28.liquid
CT	CT	IMB Academy CT	Waterbury	https://jessymiele.wixsite.com/imbct/	Y			https://jessymiele.wixsite.com/imbct/	HAS_STORED	1669 Thomaston Ave # 4			snippets/tjjm-gyms-data-28.liquid
CT	CT	Practical Self Defense Training Center	Waterbury	http://psdtc.com/	Y			http://psdtc.com/	HAS_STORED	847 Hamilton Ave			snippets/tjjm-gyms-data-28.liquid
CT	CT	Waterbury BJJ	Waterbury	https://waterburybjj.com	Y			https://waterburybjj.com	HAS_STORED			Y	snippets/tjjm-gyms-data.liquid
CT	CT	Thunder Martial Arts Academy	Watertown	http://teamthundermma.net/	Y			http://teamthundermma.net/	HAS_STORED	30 Echo Lake Rd Third Floor			snippets/tjjm-gyms-data-28.liquid
CT	CT	House of Jujitsu	West Hartford	http://houseofjujitsu.com/	Y			http://houseofjujitsu.com/	HAS_STORED	625 New Park Ave			snippets/tjjm-gyms-data-28.liquid
CT	CT	Plus One Defense Systems	West Hartford	http://www.teamplusone.com/	Y			http://www.teamplusone.com/	HAS_STORED	20 Jefferson Ave			snippets/tjjm-gyms-data-28.liquid
CT	CT	Royce Gracie Brazilian Jiu Jitsu	West Hartford	http://gracie-jiu-jitsu.com/	Y			http://gracie-jiu-jitsu.com/	HAS_STORED	276 Park Rd			snippets/tjjm-gyms-data-28.liquid
CT	CT	Assembly of the Martial Arts Academy	West Haven	http://www.westhavenmartialartsschools.com/	Y			http://www.westhavenmartialartsschools.com/	HAS_STORED	841 Jones Hill Rd			snippets/tjjm-gyms-data-28.liquid
CT	CT	Renzo Gracie Training Facility	West Haven	http://www.renzograciect.com/	Y			http://www.renzograciect.com/	HAS_STORED	680 Campbell Ave			snippets/tjjm-gyms-data-28.liquid
CT	CT	Hartford Dojo	Wethersfield	http://gracieacademy.com/	Y			http://gracieacademy.com/	HAS_STORED	48 Silas Deane Hwy			snippets/tjjm-gyms-data-28.liquid
DC	DC	BETA Academy	Washington	betaacademy.com	Y			betaacademy.com	HAS_STORED				snippets/tjjm-gyms-data-44.liquid
DC	DC	Capital City BJJ	Washington	https://capitalcitybjj.com	Y		websites-2		HAS_STORED+BLANKED|RENDERS_BLANK			Y	snippets/tjjm-gyms-data.liquid
DC	DC	Capitol Hill BJJ	Washington	https://capitolhillbjj.com	Y		websites-2		HAS_STORED+BLANKED|RENDERS_BLANK			Y	snippets/tjjm-gyms-data.liquid
DC	DC	Combat Athletics DC	Washington	https://combatathletics.com	Y			https://combatathletics.com	HAS_STORED			Y	snippets/tjjm-gyms-data.liquid
DC	DC	DC BJJ Academy	Washington	https://dcbjjacademy.com	Y		websites-2		HAS_STORED+BLANKED|RENDERS_BLANK			Y	snippets/tjjm-gyms-data.liquid
DC	DC	Estilo Jiu Jitsu	Washington	estilojiujitsu.com	Y			estilojiujitsu.com	HAS_STORED	770 Park Rd NW #T01, Washington, DC 20010			snippets/tjjm-gyms-data-44.liquid
DC	DC	Highstyle Jiu-Jitsu	Washington	https://highstylejiujitsu.com	Y			https://highstylejiujitsu.com	HAS_STORED		907 N St NW Ste C-2		snippets/tjjm-gyms-data.liquid
DC	DC	N-Flux	Washington	https://n-flux.com	Y	https://staynflux.com	websites-3	https://staynflux.com	HAS_STORED+REPOINTED				snippets/tjjm-gyms-data.liquid
DC	DC	Underworld BJJ DC	Washington	underworlddc.com	Y			underworlddc.com	HAS_STORED				snippets/tjjm-gyms-data-44.liquid
DC	DC	Vortex Jiu-Jitsu	Washington	https://vortexjiujitsu.com	Y			https://vortexjiujitsu.com	HAS_STORED		1529 16th St NW		snippets/tjjm-gyms-data.liquid
DE	DE	Dover AFB BJJ	Dover	https://doverafbbjj.com	Y		websites-2		HAS_STORED+BLANKED|RENDERS_BLANK			Y	snippets/tjjm-gyms-data.liquid
DE	DE	First State Martial Arts Academy	Dover		N				NO_W_KEY|RENDERS_BLANK				snippets/tjjm-gyms-data-44.liquid
DE	DE	Kaizen Jiu-Jitsu Academy	Dover	kaizen-jiu-jitsu.com	Y			kaizen-jiu-jitsu.com	HAS_STORED				snippets/tjjm-gyms-data-44.liquid
DE	DE	Meia Guarda Gracie Brazilian Jiu-Jitsu	Dover	delawareselfdefenseacademy.com	Y			delawareselfdefenseacademy.com	HAS_STORED				snippets/tjjm-gyms-data-44.liquid
DE	DE	Tribal BJJ	Dover	https://tribalbjj.com	Y			https://tribalbjj.com	HAS_STORED			Y	snippets/tjjm-gyms-data.liquid
DE	DE	Rip Tide Brazilian Jiu Jitsu	Lewes	brazilianjiujitsudelaware.com	Y			brazilianjiujitsudelaware.com	HAS_STORED	17314 N Village Main Blvd #51, Lewes, DE 19958			snippets/tjjm-gyms-data-44.liquid
DE	DE	302 BJJ Middletown	Middletown	302bjj.com	Y			302bjj.com	HAS_STORED				snippets/tjjm-gyms-data-44.liquid
DE	DE	First State BJJ	Middletown	https://firststatebjj.com	Y		websites-2		HAS_STORED+BLANKED|RENDERS_BLANK			Y	snippets/tjjm-gyms-data.liquid
DE	DE	Bayside Athletics	Milford	baysideathleticsde.com	Y			baysideathleticsde.com	HAS_STORED				snippets/tjjm-gyms-data-44.liquid
DE	DE	Milford BJJ Delaware	Milford	https://milfordbjjde.com	Y		websites-2		HAS_STORED+BLANKED|RENDERS_BLANK			Y	snippets/tjjm-gyms-data.liquid
DE	DE	Dauntless BJJ & MMA	Newark	fightdrive.com	Y			fightdrive.com	HAS_STORED	13 Prestbury Square, Newark, DE			snippets/tjjm-gyms-data-44.liquid
DE	DE	Rehoboth Beach BJJ	Rehoboth Beach	https://rehobothbeachbjj.com	Y			https://rehobothbeachbjj.com	HAS_STORED			Y	snippets/tjjm-gyms-data.liquid
DE	DE	302 BJJ Wilmington	Wilmington	302bjj.com	Y			302bjj.com	HAS_STORED				snippets/tjjm-gyms-data-44.liquid
DE	DE	Delaware BJJ	Wilmington	https://delawarebjj.com	Y			https://delawarebjj.com	HAS_STORED			Y	snippets/tjjm-gyms-data.liquid
DE	DE	Synergy MMA	Wilmington	https://synergymma.com	Y			https://synergymma.com	HAS_STORED			Y	snippets/tjjm-gyms-data.liquid
FL	FL	Fabin Rosa BJJ Altamonte Springs	Altamonte Springs	https://bjjorlando.com	Y	https://bjjorlando.com/altamonte	websites-1	https://bjjorlando.com/altamonte	HAS_STORED+REPOINTED				snippets/tjjm-gyms-data.liquid
FL	FL	Gracie Jiu-Jitsu Altamonte Springs	Altamonte Springs	http://www.graciejjcfl.com/	Y			http://www.graciejjcfl.com/	HAS_STORED	249 W State Rd 436 Suite 1085			snippets/tjjm-gyms-data-9.liquid
FL	FL	United Legion Brazilian Jiu-Jitsu	Altamonte Springs	https://unitedlegionbjj.com/	Y			https://unitedlegionbjj.com/	HAS_STORED				snippets/tjjm-gyms-data.liquid
FL	FL	6 Levels Apopka Jiu-Jitsu	Apopka	http://www.6levelsapopka.com/	Y			http://www.6levelsapopka.com/	HAS_STORED	111 S Bradshaw Rd			snippets/tjjm-gyms-data-9.liquid
FL	FL	Marcus Aurelio Jiu Jitsu Academy	Aventura	http://www.maximusmartialarts.com/	Y		websites-2		HAS_STORED+BLANKED|RENDERS_BLANK	2626 NE 188th St			snippets/tjjm-gyms-data-9.liquid
FL	FL	10th Planet Boca Raton	Boca Raton	https://10thplanetboca.com/	Y			https://10thplanetboca.com/	HAS_STORED	170 Yamato Rd			snippets/tjjm-gyms-data-9.liquid
FL	FL	Boca Raton BJJ	Boca Raton	https://bocaratonbjj.com	Y			https://bocaratonbjj.com	HAS_STORED			Y	snippets/tjjm-gyms-data.liquid
FL	FL	GB Boca Raton	Boca Raton	http://braziliantopteamflorida.com/	Y		websites-2		HAS_STORED+BLANKED|RENDERS_BLANK	450 NE 20th St #109-110			snippets/tjjm-gyms-data-9.liquid
FL	FL	Gracie Barra Brazilian Jiu-Jitsu Boca Raton	Boca Raton	https://gbbocaraton.com/	Y			https://gbbocaraton.com/	HAS_STORED	1141 S Rogers Cir Suite 1			snippets/tjjm-gyms-data-9.liquid
FL	FL	Gracie Jiu-Jitsu Boca Raton	Boca Raton		N				NO_W_KEY|RENDERS_BLANK	11401 B West Palmetto Park Road			snippets/tjjm-gyms-data-9.liquid
FL	FL	Kimura Brazilian Jiu-Jitsu Boca Raton	Boca Raton	http://www.kimurabjj.com/	Y			http://www.kimurabjj.com/	HAS_STORED	23269 FL-7 #117			snippets/tjjm-gyms-data-9.liquid
FL	FL	R2F Boxing & MMA Fitness Studio	Boca Raton		N				NO_W_KEY|RENDERS_BLANK	1050 NW 1st Ave #1			snippets/tjjm-gyms-data-9.liquid
FL	FL	Renzo Gracie Jiu Jitsu Academy of Boca Raton	Boca Raton	http://renzograciejiujitsubocaraton.com/	Y			http://renzograciejiujitsubocaraton.com/	HAS_STORED	9045 La Fontana Blvd #116			snippets/tjjm-gyms-data-9.liquid
FL	FL	GB Boynton Beach	Boynton Beach	https://sbgboyntonbeach.com/	Y			https://sbgboyntonbeach.com/	HAS_STORED	7410 Boynton Beach Boulevard			snippets/tjjm-gyms-data-9.liquid
FL	FL	Xcell Jiu Jitsu	Boynton Beach	https://www.xcelljiujitsu.com/	Y		websites-2		HAS_STORED+BLANKED|RENDERS_BLANK				snippets/tjjm-gyms-data.liquid
FL	FL	Bradenton BJJ	Bradenton	https://bradentonbjj.com	Y			https://bradentonbjj.com	HAS_STORED				snippets/tjjm-gyms-data.liquid
FL	FL	Champion Mma of Bradenton	Bradenton		N				NO_W_KEY|RENDERS_BLANK	1980 1st St			snippets/tjjm-gyms-data-9.liquid
FL	FL	Olivera Jiu Jitsu And Fitness Academy	Bradenton	http://www.oliverabjj.com/	Y			http://www.oliverabjj.com/	HAS_STORED	501 Village Green Pkwy			snippets/tjjm-gyms-data-9.liquid
FL	FL	Fabio Novaes Brazilian Jiu-Jitsu	Brandon	http://www.fabionovaesbjj.com/	Y			http://www.fabionovaesbjj.com/	HAS_STORED	529 W Brandon Blvd			snippets/tjjm-gyms-data-9.liquid
FL	FL	GB Brandon	Brandon	https://www.graciebarrabrandon.com/	Y			https://www.graciebarrabrandon.com/	HAS_STORED	1076 E Brandon Blvd			snippets/tjjm-gyms-data-12.liquid
FL	FL	Black Tie Brazilian Jiu Jitsu	Cape Coral	https://blacktiebrazilianjiu-jitsu.com/	Y			https://blacktiebrazilianjiu-jitsu.com/	HAS_STORED	Nicholas Pkwy NW			snippets/tjjm-gyms-data-9.liquid
FL	FL	Black Trunk Martial Arts	Cape Coral	http://blacktrunk.net/	Y			http://blacktrunk.net/	HAS_STORED	4814 Cape Coral St.			snippets/tjjm-gyms-data-9.liquid
FL	FL	Brazilian Jiu Jitsu Academy Cape Coral	Cape Coral		N				NO_W_KEY|RENDERS_BLANK	1423 SE 10th Street Units 2&3			snippets/tjjm-gyms-data-9.liquid
FL	FL	Cali Style MMA	Cape Coral	http://calistylemma.com/	Y		websites-2		HAS_STORED+BLANKED|RENDERS_BLANK	1404 Del Prado Blvd S			snippets/tjjm-gyms-data-9.liquid
FL	FL	Mata Leao BJJ/MMA Academy	Casselberry		N				NO_W_KEY|RENDERS_BLANK	873 FL-436			snippets/tjjm-gyms-data-9.liquid
FL	FL	GB Celebration	Celebration	https://www.gbcelebration.com	Y			https://www.gbcelebration.com	HAS_STORED				snippets/tjjm-gyms-data-12.liquid
FL	FL	Clearwater BJJ	Clearwater	https://clearwaterbjj.com	Y			https://clearwaterbjj.com	HAS_STORED			Y	snippets/tjjm-gyms-data.liquid
FL	FL	Gracie Barra Clearwater	Clearwater	https://gbclearwater.com/	Y			https://gbclearwater.com/	HAS_STORED	1490 N Belcher Rd. Suite I			snippets/tjjm-gyms-data-9.liquid
FL	FL	Grady's Family Mixed Martial Arts	Clearwater	http://www.gradysmma.com	Y		websites-2		HAS_STORED+BLANKED|RENDERS_BLANK	16803 US Highway 19 N			snippets/tjjm-gyms-data-9.liquid
FL	FL	Omega MMA Training Center	Clearwater	http://omegamma.com/cms/	Y			http://omegamma.com/cms/	HAS_STORED	26246 US 19 N			snippets/tjjm-gyms-data-9.liquid
FL	FL	GB Clermont	Clermont	https://graciebarra.com/clermont-fl/	Y			https://graciebarra.com/clermont-fl/	HAS_STORED	16215 SR 50 Suite 301			snippets/tjjm-gyms-data-9.liquid
FL	FL	Cocoa Beach Fight Club BJJ & Fitness	Cocoa Beach	https://cocoa-beach-fight-club-bjj-fitness.business.site/	Y			https://cocoa-beach-fight-club-bjj-fitness.business.site/	HAS_STORED	195 N Brevard Ave			snippets/tjjm-gyms-data-9.liquid
FL	FL	Off The Grid BJJ	Cocoa Beach	http://www.offthegridjiujitsu.com/	Y			http://www.offthegridjiujitsu.com/	HAS_STORED	2370 S Atlantic Ave			snippets/tjjm-gyms-data-9.liquid
FL	FL	American Top Team	Coconut Creek	http://www.americantopteam.com/	Y			http://www.americantopteam.com/	HAS_STORED	5750 FL-7			snippets/tjjm-gyms-data-9.liquid
FL	FL	Everyone Jiu-Jitsu	Cooper City	http://www.everyonebjj.com	Y			http://www.everyonebjj.com	HAS_STORED	2585 N Hiatus Rd			snippets/tjjm-gyms-data-9.liquid
FL	FL	Refit Academy - Coral Gables	Coral Gables	http://www.refitacademycoralgables.com	Y		websites-2		HAS_STORED+BLANKED|RENDERS_BLANK	4940 S Le Jeune Rd			snippets/tjjm-gyms-data-9.liquid
FL	FL	Valente Brothers Jiu-Jitsu Coral Gables	Coral Gables	http://www.valentebrothers.com/	Y			http://www.valentebrothers.com/	HAS_STORED	275 University Dr			snippets/tjjm-gyms-data-9.liquid
FL	FL	Alliance Coral Springs	Coral Springs	https://alliancecoralsprings.com	Y			https://alliancecoralsprings.com	HAS_STORED	4674 Coral Ridge Dr.			snippets/tjjm-gyms-data-9.liquid
FL	FL	Real World M.M.A. Training Center	Coral Springs		N				NO_W_KEY|RENDERS_BLANK	11322 Wiles Rd			snippets/tjjm-gyms-data-9.liquid
FL	FL	Rmbjj Coral Springs / BJJ Coral Springs FL 33065	Coral Springs	https://coralspringsbjj.com/	Y			https://coralspringsbjj.com/	HAS_STORED	9645 W Sample Rd, Coral Springs, FL 33065			snippets/tjjm-gyms-data-9.liquid
FL	FL	GB Crestview	Crestview		N				NO_W_KEY|RENDERS_BLANK	751 North Ferdon BoulevardUnit 763-775D			snippets/tjjm-gyms-data-9.liquid
FL	FL	ATP Brazilian Jiu Jitsu	Dania Beach	http://www.atpbjj.com/	Y			http://www.atpbjj.com/	HAS_STORED	714 S Federal Hwy			snippets/tjjm-gyms-data-9.liquid
FL	FL	Marcelo Meleiro BJJ – Nova Uniao South Florida	Dania Beach	http://www.novauniaosouthflorida.com/	Y		websites-2		HAS_STORED+BLANKED|RENDERS_BLANK	714 South Federal Hwy.			snippets/tjjm-gyms-data-9.liquid
FL	FL	GB Davenport	Davenport	https://gbdavenport.com/	Y			https://gbdavenport.com/	HAS_STORED	6250 Grandview Pkwy			snippets/tjjm-gyms-data-12.liquid
FL	FL	American TKA Martial Arts	Davie	https://www.americantka.com/	Y			https://www.americantka.com/	HAS_STORED				snippets/tjjm-gyms-data.liquid
FL	FL	American Top Team Davie	Davie	https://www.americantopteam.com/davie/	Y			https://www.americantopteam.com/davie/	HAS_STORED				snippets/tjjm-gyms-data.liquid
FL	FL	Dynamic Martial Arts & Fitness Studios	Davie	http://www.nitroacademy.com/	Y			http://www.nitroacademy.com/	HAS_STORED	12940 State Road 84			snippets/tjjm-gyms-data-9.liquid
FL	FL	GB Davie	Davie		N				NO_W_KEY|RENDERS_BLANK	5167 South University Drive			snippets/tjjm-gyms-data-9.liquid
FL	FL	Mattix Gracie Jiu Jitsu Academy	Davie	http://www.mattixacademy.com	Y			http://www.mattixacademy.com	HAS_STORED	4301 S Flamingo Rd Ste 103			snippets/tjjm-gyms-data-9.liquid
FL	FL	RAIVA Brazilian Jiu Jitsu	Davie	http://www.raivabjj.com	Y			http://www.raivabjj.com	HAS_STORED	8234 West State Road 84			snippets/tjjm-gyms-data-9.liquid
FL	FL	Rock MMA	Davie	http://www.fightingchancebjj.com/	Y			http://www.fightingchancebjj.com/	HAS_STORED	12930 W State Rd 84			snippets/tjjm-gyms-data-9.liquid
FL	FL	Daytona Beach BJJ	Daytona Beach	https://daytonabeachbjj.com	Y			https://daytonabeachbjj.com	HAS_STORED			Y	snippets/tjjm-gyms-data.liquid
FL	FL	Complete MMA Fitness	DeBary		N				NO_W_KEY|RENDERS_BLANK	961 Diplomat Dr			snippets/tjjm-gyms-data-9.liquid
FL	FL	DeLand Brazilian Jiu-Jitsu	DeLand	http://www.delandjiujitsu.com/	Y			http://www.delandjiujitsu.com/	HAS_STORED	235 N Amelia Ave			snippets/tjjm-gyms-data-9.liquid
FL	FL	Gator Family Brazilian Jiu Jitsu	DeLand	https://gatorfamilybjj.com	Y			https://gatorfamilybjj.com	HAS_STORED	127 East New York Avenue			snippets/tjjm-gyms-data-9.liquid
FL	FL	Warrior Defense Brazilian Jiu Jitsu	DeLand	https://warriordefense.com/classes-by-reservation	Y			https://warriordefense.com/classes-by-reservation	HAS_STORED	815 New York Ave W			snippets/tjjm-gyms-data-9.liquid
FL	FL	West Volusia Academy Of Mixed Martial Arts	DeLand	http://theacademyofmma.com/	Y		websites-2		HAS_STORED+BLANKED|RENDERS_BLANK	1324 E. Intl Spdwy Blvd; Suite 1			snippets/tjjm-gyms-data-9.liquid
FL	FL	American Combat Gym	Deerfield Beach	http://americancombatgym.com/	Y			http://americancombatgym.com/	HAS_STORED	252 SW 12th Ave			snippets/tjjm-gyms-data-9.liquid
FL	FL	Burns Bros Jiu Jitsu	Deerfield Beach	https://burnsbrosjiujitsu.com/	Y		websites-2		HAS_STORED+BLANKED|RENDERS_BLANK				snippets/tjjm-gyms-data.liquid
FL	FL	GB Deerfield Beach	Deerfield Beach	https://rogergraciedeerfieldbeach.com/	Y			https://rogergraciedeerfieldbeach.com/	HAS_STORED				snippets/tjjm-gyms-data-9.liquid
FL	FL	Carlson Gracie Manny Soares	Delray Beach	https://mannysoaresbjj.com	Y		websites-2		HAS_STORED+BLANKED|RENDERS_BLANK	105 Avenue L			snippets/tjjm-gyms-data-9.liquid
FL	FL	RM BJJ Academy	Delray Beach	http://rmbjjacademy.com	Y			http://rmbjjacademy.com	HAS_STORED				snippets/tjjm-gyms-data.liquid
FL	FL	Destin Academy of Mixed Martial Arts	Destin		N				NO_W_KEY|RENDERS_BLANK	12273 US-98 #103			snippets/tjjm-gyms-data-9.liquid
FL	FL	Destin BJJ	Destin	https://destinbjj.com	Y			https://destinbjj.com	HAS_STORED			Y	snippets/tjjm-gyms-data.liquid
FL	FL	Gracie Jiu-Jitsu Destin	Destin	http://www.graciejiujitsudestin.com/	Y			http://www.graciejiujitsudestin.com/	HAS_STORED	12273 Emerald Coast Pkwy #103			snippets/tjjm-gyms-data-9.liquid
FL	FL	Anta's Fitness & Self Defense	Doral	https://www.mindbodyonline.com/explore/locations/anta-s-fitness-and-self-defense	Y			https://www.mindbodyonline.com/explore/locations/anta-s-fitness-and-self-defense	HAS_STORED	10721 NW 58th St			snippets/tjjm-gyms-data-9.liquid
FL	FL	Rilion Gracie Jiu-Jitsu Doral	Doral	http://www.riliongraciedoral.com	Y			http://www.riliongraciedoral.com	HAS_STORED	7902 NW 36th St STE 213			snippets/tjjm-gyms-data-9.liquid
FL	FL	Team Carvalho Academy	Dunnellon	http://www.teamcarvalho.com/home.html	Y			http://www.teamcarvalho.com/home.html	HAS_STORED	20077 SW 110th St			snippets/tjjm-gyms-data-9.liquid
FL	FL	The Grounds MMA	Estero	http://www.traininggroundsma.com/	Y			http://www.traininggroundsma.com/	HAS_STORED	20451 S Tamiami Trail #8			snippets/tjjm-gyms-data-9.liquid
FL	FL	Mount Dora BJJ Academy	Eustis	http://www.mountdorabjjacademy.com/	Y			http://www.mountdorabjjacademy.com/	HAS_STORED	2750 Dillard Rd STE 1-4			snippets/tjjm-gyms-data-9.liquid
FL	FL	GB Fleming Island	Fleming Island	https://graciebarra.com/fleming-island-fl/	Y			https://graciebarra.com/fleming-island-fl/	HAS_STORED	3555 U.S. 17#04			snippets/tjjm-gyms-data-9.liquid
FL	FL	Extraordinary Martial Arts	Florida City	http://www.extraordinaryma.com	Y			http://www.extraordinaryma.com	HAS_STORED	35202 South Dixie Hwy Ste 140			snippets/tjjm-gyms-data-9.liquid
FL	FL	A & M Jiu-Jitsu	Fort Lauderdale	https://aandmbjj.com	Y			https://aandmbjj.com	HAS_STORED	5300 Powerline Rd Suite #210			snippets/tjjm-gyms-data-9.liquid
FL	FL	American Top Team Fort Lauderdale	Fort Lauderdale	http://attftl.com/	Y			http://attftl.com/	HAS_STORED	582 SW Flagler Ave			snippets/tjjm-gyms-data-9.liquid
FL	FL	Carbon SG	Fort Lauderdale	https://carbonsg.com/	Y			https://carbonsg.com/	HAS_STORED	331 E Commercial Blvd.			snippets/tjjm-gyms-data-9.liquid
FL	FL	Gracie Barra Fort Lauderdale	Fort Lauderdale	https://graciebarra.com/fort-lauderdale-fl/	Y			https://graciebarra.com/fort-lauderdale-fl/	HAS_STORED	5439 North Federal Highway			snippets/tjjm-gyms-data-21.liquid
FL	FL	Gracie Barra Fort Lauderdale / BJJ Fort Lauderdale FL 33306	Fort Lauderdale	https://graciebarra.com/fort-lauderdale-fl/	Y			https://graciebarra.com/fort-lauderdale-fl/	HAS_STORED	5439 North Federal Highway		Y	snippets/tjjm-gyms-data-9.liquid
FL	FL	Moncaio Brothers Brazilian Jiu Jitsu	Fort Lauderdale	http://www.bjjbrothers.com/	Y			http://www.bjjbrothers.com/	HAS_STORED	1594 E Commercial Blvd			snippets/tjjm-gyms-data-9.liquid
FL	FL	Renzo Gracie Fort Lauderdale	Fort Lauderdale	https://www.renzogracieftlauderdale.com/	Y		websites-2		HAS_STORED+BLANKED|RENDERS_BLANK				snippets/tjjm-gyms-data.liquid
FL	FL	Renzo Gracie Ft. Lauderdale	Fort Lauderdale	http://renzogracieftl.com/	Y			http://renzogracieftl.com/	HAS_STORED	535 NE 13th St #1			snippets/tjjm-gyms-data-21.liquid
FL	FL	Fight Zone MMA	Fort Myers	http://www.fightzonefl.com/	Y		websites-2		HAS_STORED+BLANKED|RENDERS_BLANK	10180 Metro Pkwy			snippets/tjjm-gyms-data-9.liquid
FL	FL	GB Fort Myers	Fort Myers	http://www.gbfortmyers.com/	Y			http://www.gbfortmyers.com/	HAS_STORED	9961 Interstate Commerce Drive			snippets/tjjm-gyms-data-9.liquid
FL	FL	Vickery Jiu-Jitsu & MMA	Fort Myers	http://www.vickerybjj.com/	Y			http://www.vickerybjj.com/	HAS_STORED	1469 Colonial Blvd #130			snippets/tjjm-gyms-data-9.liquid
FL	FL	Team Carvalho Treasure Coast	Fort Pierce	http://www.teamcarvalho.com/	Y			http://www.teamcarvalho.com/	HAS_STORED	113 Orange Avenue			snippets/tjjm-gyms-data-9.liquid
FL	FL	Capitao Jiu Jitsu and Mixed Martial Arts	Fort Walton Beach	http://capitaomma.com/	Y			http://capitaomma.com/	HAS_STORED	105 Hughes St NE			snippets/tjjm-gyms-data-9.liquid
FL	FL	Carlson Gracie Gainesville	Gainesville	www.carlsongraciegainesville.com	Y			www.carlsongraciegainesville.com	HAS_STORED				snippets/tjjm-gyms-data.liquid
FL	FL	Carlson Gracie Jiu Jitsu	Gainesville	https://www.carlsongraciegainesville.com/	Y			https://www.carlsongraciegainesville.com/	HAS_STORED			Y	snippets/tjjm-gyms-data.liquid
FL	FL	Carlson Gracie Jiu Jitsu Gainesville	Gainesville	https://www.carlsongraciegainesville.com/	Y			https://www.carlsongraciegainesville.com/	HAS_STORED				snippets/tjjm-gyms-data-45.liquid
FL	FL	Gainesville BJJ Florida	Gainesville	https://gainesvillebjjfl.com	Y		websites-2		HAS_STORED+BLANKED|RENDERS_BLANK				snippets/tjjm-gyms-data.liquid
FL	FL	School of Combat Arts	Gainesville	https://schoolofcombatarts.com/	Y			https://schoolofcombatarts.com/	HAS_STORED				snippets/tjjm-gyms-data.liquid
FL	FL	GB Green Cove Springs	Green Cove Springs	http://solidbasemma.com/	Y			http://solidbasemma.com/	HAS_STORED	4002 J Louis Street			snippets/tjjm-gyms-data-9.liquid
FL	FL	Christian Carvalho BJJ-MMA	Greenacres	http://www.carvalhobjjmma.com/	Y			http://www.carvalhobjjmma.com/	HAS_STORED	2234 Jog Rd			snippets/tjjm-gyms-data-9.liquid
FL	FL	K2 MMA & BJJ	Greenacres	http://www.k2life.com/greenacres/	Y			http://www.k2life.com/greenacres/	HAS_STORED	6615 Forest Hill Blvd			snippets/tjjm-gyms-data-9.liquid
FL	FL	Gulf Breeze Jiu Jitsu	Gulf Breeze	https://gulfbreezejiujitsu.com/	Y		websites-2		HAS_STORED+BLANKED|RENDERS_BLANK				snippets/tjjm-gyms-data.liquid
FL	FL	Gracie Barra Hallandale Beach	Hallandale Beach	http://gbhallandale.com	Y		websites-2		HAS_STORED+BLANKED|RENDERS_BLANK	648 W Hallandale Beach Blvd			snippets/tjjm-gyms-data-9.liquid
FL	FL	GB Hialeah	Hialeah		N				NO_W_KEY|RENDERS_BLANK	1001 West 49th StreetSuite 6			snippets/tjjm-gyms-data-9.liquid
FL	FL	Gladiator Sports Fitness MMA	Hialeah		N				NO_W_KEY|RENDERS_BLANK	224 W 29th St			snippets/tjjm-gyms-data-9.liquid
FL	FL	MMA Masters	Hialeah	http://www.mmamasters.com/	Y			http://www.mmamasters.com/	HAS_STORED	6440 W 20th Ave			snippets/tjjm-gyms-data-9.liquid
FL	FL	Paladin MMA Academy	Hialeah		N				NO_W_KEY|RENDERS_BLANK	2760 W 84th St Ste 1			snippets/tjjm-gyms-data-9.liquid
FL	FL	Round 5 MMA and Jiu-Jitsu	Hialeah		N				NO_W_KEY|RENDERS_BLANK	13460 NW 107th Ave			snippets/tjjm-gyms-data-9.liquid
FL	FL	Alliance South Florida Team Rollyson	Hollywood	https://alliancesouthflorida.com/	Y			https://alliancesouthflorida.com/	HAS_STORED				snippets/tjjm-gyms-data.liquid
FL	FL	Team Rollyson Brazilian Jiu-Jitsu	Hollywood	http://www.rollysonbjj.com/	Y			http://www.rollysonbjj.com/	HAS_STORED	4443 Hollywood Boulevard			snippets/tjjm-gyms-data-9.liquid
FL	FL	The Academy of Martial Arts	Hollywood	http://www.aomacoopercity.com/	Y			http://www.aomacoopercity.com/	HAS_STORED	9259 Sheridan St			snippets/tjjm-gyms-data-9.liquid
FL	FL	Gracie Barra Homestead	Homestead	http://graciebarra.com	Y			http://graciebarra.com	HAS_STORED	13400 SW 288th St			snippets/tjjm-gyms-data-9.liquid
FL	FL	BLTeam Brazilian Jiu-Jitsu and Muay Thai Academy	Indian Harbour Beach	https://blteam1.com/	Y		websites-2		HAS_STORED+BLANKED|RENDERS_BLANK	1090 E Eau Gallie Blvd			snippets/tjjm-gyms-data-9.liquid
FL	FL	Framework BJJ (Indian Harbour Beach FL)	Indian Harbour Beach	http://www.frameworkbjj.com/	Y			http://www.frameworkbjj.com/	HAS_STORED	1897 South Patrick Drive			snippets/tjjm-gyms-data-9.liquid
FL	FL	Agogi Academy of Combatives	Inverness	http://agogiac.com/	Y		websites-2		HAS_STORED+BLANKED|RENDERS_BLANK	136 Heights Ave			snippets/tjjm-gyms-data-9.liquid
FL	FL	10th Planet Jiu Jitsu Jacksonville	Jacksonville	https://www.10pjax.com/	Y			https://www.10pjax.com/	HAS_STORED	4849 Dawin Rd #2			snippets/tjjm-gyms-data-9.liquid
FL	FL	Alpha Dogs Martial Arts	Jacksonville	https://alphadogsmartialarts.com/	Y		websites-2		HAS_STORED+BLANKED|RENDERS_BLANK				snippets/tjjm-gyms-data.liquid
FL	FL	Bill Brazilian Jiu Jitsu Association Inc	Jacksonville	http://billjiujitsu.com/	Y			http://billjiujitsu.com/	HAS_STORED	11701 San Jose Blvd Suite 24			snippets/tjjm-gyms-data-9.liquid
FL	FL	Gracie Barra – Jacksonville	Jacksonville	http://gbjacksonville.com/	Y			http://gbjacksonville.com/	HAS_STORED	8570 Philips Hwy			snippets/tjjm-gyms-data-9.liquid
FL	FL	Jacksonville Gracie Jiu-Jitsu	Jacksonville	https://jacksonville-gracie-jiu-jitsu.business.site/	Y			https://jacksonville-gracie-jiu-jitsu.business.site/	HAS_STORED	9759 San Jose Blvd Suite # 3			snippets/tjjm-gyms-data-9.liquid
FL	FL	Knuckle Up Martial Arts	Jacksonville	https://martialartsjacksonvillefl.com/	Y			https://martialartsjacksonvillefl.com/	HAS_STORED	11570-8 San Jose Blvd			snippets/tjjm-gyms-data-21.liquid
FL	FL	Studio 8 BJJ - JJM Mandarin	Jacksonville	http://www.studio8bjj.com/	Y			http://www.studio8bjj.com/	HAS_STORED	11570 San Jose Blvd, Suite 8			snippets/tjjm-gyms-data-9.liquid
FL	FL	Ludus Martial Arts LLC	Jacksonville Beach	http://ludusmartialarts.com/	Y			http://ludusmartialarts.com/	HAS_STORED	730 Beach Blvd #105			snippets/tjjm-gyms-data-9.liquid
FL	FL	Armory Training Center	Jupiter		N				NO_W_KEY|RENDERS_BLANK	1695 W Indiantown Rd #22-23			snippets/tjjm-gyms-data-9.liquid
FL	FL	GB Jupiter	Jupiter	https://graciebarra.com/jupiter-fl/	Y			https://graciebarra.com/jupiter-fl/	HAS_STORED	400 Tony Penna Drive; Suite B			snippets/tjjm-gyms-data-9.liquid
FL	FL	Harmony Martial Arts Center	Jupiter	https://harmonymartialarts.com/	Y			https://harmonymartialarts.com/	HAS_STORED	1928 Commerce Lane Ste 8			snippets/tjjm-gyms-data-9.liquid
FL	FL	Team Nogueira Bloise Academy	Jupiter	http://www.teamnog.com/	Y			http://www.teamnog.com/	HAS_STORED	1601 Commerce Ln Unit 104			snippets/tjjm-gyms-data-9.liquid
FL	FL	The Jupiter Jiu Jitsu Academy in Jupiter Fl	Jupiter	http://www.jupiterjiujitsu.com/	Y			http://www.jupiterjiujitsu.com/	HAS_STORED	1312 Commerce Ln #4b			snippets/tjjm-gyms-data-9.liquid
FL	FL	The Hidden Lotus	Kendale Lakes		N				NO_W_KEY|RENDERS_BLANK	8530 SW 124th Ave Ste 201			snippets/tjjm-gyms-data-9.liquid
FL	FL	Academy of Martial Arts	Key Biscayne	http://rdcamma.com	Y			http://rdcamma.com	HAS_STORED	328 Crandon Blvd Ste 206			snippets/tjjm-gyms-data-9.liquid
FL	FL	Alliance Jiu Jitsu	Key Biscayne	http://www.alliancekb.com	Y		websites-2		HAS_STORED+BLANKED|RENDERS_BLANK	929 Crandon Blvd			snippets/tjjm-gyms-data-9.liquid
FL	FL	Miloki Flow / Jiu-Jitsu and Movement	Key Biscayne	http://www.milokiflow.com	Y			http://www.milokiflow.com	HAS_STORED	200 Crandon Blvd Ste 103			snippets/tjjm-gyms-data-9.liquid
FL	FL	Key West PAL Gym (Jiu-jitsu/Wrestling/Kickboxing/MMA)	Key West	http://floridakeysjiujitsu.com/	Y			http://floridakeysjiujitsu.com/	HAS_STORED	1030 United St			snippets/tjjm-gyms-data-9.liquid
FL	FL	American Top Team Kissimmee - Black Boxx	Kissimmee	https://attkissimmee.com/kids-martial-arts-in-person-classes-american-top-team-black-boxx-kissimmee/	Y			https://attkissimmee.com/kids-martial-arts-in-person-classes-american-top-team-black-boxx-kissimmee/	HAS_STORED	2254 E Irlo Bronson Memorial Hwy			snippets/tjjm-gyms-data-9.liquid
FL	FL	GB Kissimmee	Kissimmee	http://marciosimas.com/	Y			http://marciosimas.com/	HAS_STORED	2800 W Vine St			snippets/tjjm-gyms-data-9.liquid
FL	FL	Knights BJJ	Kissimmee	http://knightsbjj.com/	Y			http://knightsbjj.com/	HAS_STORED	2556 Simpson Rd			snippets/tjjm-gyms-data-9.liquid
FL	FL	Hardkore MMA & Jiu-Jitsu	Lake City		N				NO_W_KEY|RENDERS_BLANK	2128 SW Main Blvd			snippets/tjjm-gyms-data-9.liquid
FL	FL	Cardona's Brazilian Jiu Jitsu	Lake Worth	https://www.cardonasbjj.com/	Y			https://www.cardonasbjj.com/	HAS_STORED	1930 7th Ave N			snippets/tjjm-gyms-data-9.liquid
FL	FL	Combat Club Lake Worth	Lake Worth	https://combatclublakeworth.com/	Y		websites-2		HAS_STORED+BLANKED|RENDERS_BLANK				snippets/tjjm-gyms-data.liquid
FL	FL	Renzo Gracie of Lake Worth	Lake Worth	https://renzogracielakeworth.com/	Y			https://renzogracielakeworth.com/	HAS_STORED	6752A Lantana rd			snippets/tjjm-gyms-data-9.liquid
FL	FL	Champions Mixed Martial Arts	Lakeland	http://www.championsmma.tv/	Y			http://www.championsmma.tv/	HAS_STORED	8220 US Hwy 98 N			snippets/tjjm-gyms-data-9.liquid
FL	FL	Fabio Novaes Brazilian Jiu-jitsu Lakeland	Lakeland	https://fabionovaesbjj.com/	Y			https://fabionovaesbjj.com/	HAS_STORED	845 Creative Dr #1			snippets/tjjm-gyms-data-9.liquid
FL	FL	Lakeland BJJ	Lakeland	https://lakelandbjj.com	Y			https://lakelandbjj.com	HAS_STORED			Y	snippets/tjjm-gyms-data.liquid
FL	FL	Combat Club	Lantana	http://www.combatclub.com/	Y			http://www.combatclub.com/	HAS_STORED	6240 S Congress Ave Suite G1			snippets/tjjm-gyms-data-9.liquid
FL	FL	Gracie Jiu-Jitsu Largo	Largo		N				NO_W_KEY|RENDERS_BLANK	5047 Ulmerton Road			snippets/tjjm-gyms-data-9.liquid
FL	FL	Supremacy Brazilian Jiu Jitsu	Largo	http://www.supremacybjj.com/	Y			http://www.supremacybjj.com/	HAS_STORED	8888 Ulmerton Rd			snippets/tjjm-gyms-data-9.liquid
FL	FL	Inside Control Academy	Lauderhill	http://insidecontrolacademy.com/	Y			http://insidecontrolacademy.com/	HAS_STORED	5770 W Oakland Park Blvd			snippets/tjjm-gyms-data-9.liquid
FL	FL	South Florida Fight Club	Lauderhill	http://www.sffc.tv/	Y		websites-2		HAS_STORED+BLANKED|RENDERS_BLANK	5400 N University Dr			snippets/tjjm-gyms-data-9.liquid
FL	FL	UFC GYM Lauderhill	Lauderhill	https://www.ufcgym.com/locations/lauderhill/	Y			https://www.ufcgym.com/locations/lauderhill/	HAS_STORED	5770 W Oakland Park Blvd			snippets/tjjm-gyms-data-9.liquid
FL	FL	American Top Team Longwood	Longwood	http://www.attlongwood.com/	Y			http://www.attlongwood.com/	HAS_STORED	104 Commerce St			snippets/tjjm-gyms-data-9.liquid
FL	FL	GB Seminole	Longwood	https://graciebarra.com/longwood-fl/	Y			https://graciebarra.com/longwood-fl/	HAS_STORED	1060 W Street Rd 434 #100			snippets/tjjm-gyms-data-9.liquid
FL	FL	Kokopelli's Gym	Longwood	http://www.kokogym.com/	Y			http://www.kokogym.com/	HAS_STORED	390 Sansu Court			snippets/tjjm-gyms-data-9.liquid
FL	FL	Relic Jiu Jitsu	Longwood	https://cp.mystudio.io/t/	Y			https://cp.mystudio.io/t/	HAS_STORED	225 N Ronald Reagan Blvd Suite 103			snippets/tjjm-gyms-data-9.liquid
FL	FL	GB Lutz	Lutz	https://gblutz.com/	Y			https://gblutz.com/	HAS_STORED	1908 Oak Grove Boulevard			snippets/tjjm-gyms-data-9.liquid
FL	FL	Gracie Wesley Chapel	Lutz	https://www.graciewesleychapel.com	Y			https://www.graciewesleychapel.com	HAS_STORED	24720 State Rd 54			snippets/tjjm-gyms-data-9.liquid
FL	FL	Olympus Jiu Jitsu Academy	Lutz	https://bjjolympus.com/	Y			https://bjjolympus.com/	HAS_STORED	19004 1st St SW			snippets/tjjm-gyms-data-9.liquid
FL	FL	GB Coral Springs	Margate	https://www.graciebarra.com	Y			https://www.graciebarra.com	HAS_STORED	3270 Northwest 62nd Avenue			snippets/tjjm-gyms-data-9.liquid
FL	FL	Souther Soul Jiu-Jitsu Academy – Renzo Gracie Emerald Coast	Mary Esther	http://www.southernsoulacademy.com/	Y			http://www.southernsoulacademy.com/	HAS_STORED	1654 US-98 Mary Esther FL 32569			snippets/tjjm-gyms-data-9.liquid
FL	FL	American Killer Bees Fitness	Melbourne	http://www.americankillerbeesfitness.com/	Y			http://www.americankillerbeesfitness.com/	HAS_STORED	249 Babcock St			snippets/tjjm-gyms-data-9.liquid
FL	FL	Carlson Gracie JiuJitsu Melbourne FL- Hot Box MMA	Melbourne	http://bjjmelbournefl.com/	Y			http://bjjmelbournefl.com/	HAS_STORED	880 Mc Clendon St			snippets/tjjm-gyms-data-9.liquid
FL	FL	Control Jiu-Jitsu	Melbourne	https://controljiujitsu.com/	Y			https://controljiujitsu.com/	HAS_STORED	2447 N Wickham Rd Suite #126			snippets/tjjm-gyms-data-9.liquid
FL	FL	Master Lowell's MMA Academy	Melbourne	https://jlmma.com/	Y		websites-2		HAS_STORED+BLANKED|RENDERS_BLANK	4865 N.Wickham Rd. Suite 106			snippets/tjjm-gyms-data-9.liquid
FL	FL	10th Planet Miami	Miami	https://10thplanetmiami.com/	Y			https://10thplanetmiami.com/	HAS_STORED				snippets/tjjm-gyms-data.liquid
FL	FL	Arise Martial Arts (BJJ)	Miami	http://www.arisebjj.com	Y			http://www.arisebjj.com	HAS_STORED	4563 SW 71st Ave			snippets/tjjm-gyms-data-9.liquid
FL	FL	Atos Miami Brazilian Jiu-Jitsu	Miami	http://www.atosmiami.com/	Y			http://www.atosmiami.com/	HAS_STORED	567 NE 81st St			snippets/tjjm-gyms-data-12.liquid
FL	FL	Boca De La Riva	Miami	http://www.bocajiujitsumiami.com	Y			http://www.bocajiujitsumiami.com	HAS_STORED	2656 SW 87th Ave Fl 2			snippets/tjjm-gyms-data-9.liquid
FL	FL	Cardoso Jiu Jitsu	Miami	https://cardosojiujitsu.com/	Y			https://cardosojiujitsu.com/	HAS_STORED	12812 SW 122nd Ave			snippets/tjjm-gyms-data-9.liquid
FL	FL	Champion Martial Arts	Miami	http://www.judochampion.com/	Y		websites-2		HAS_STORED+BLANKED|RENDERS_BLANK	13810 SW 56 St.			snippets/tjjm-gyms-data-9.liquid
FL	FL	Fight Sports Miami	Miami	https://fightsportsmiami.com/	Y			https://fightsportsmiami.com/	HAS_STORED				snippets/tjjm-gyms-data.liquid
FL	FL	Fight Sports The Falls	Miami	http://www.fightsportsthefalls.com	Y			http://www.fightsportsthefalls.com	HAS_STORED	8846 SW 129th St			snippets/tjjm-gyms-data-12.liquid
FL	FL	First Order of JiuJitsu	Miami	https://firstorderjiujitsu.com	Y			https://firstorderjiujitsu.com	HAS_STORED	12039 SW 132nd ct; unit 26			snippets/tjjm-gyms-data-9.liquid
FL	FL	Hybrid Martial Arts	Miami	http://hybridmartialart.com	Y			http://hybridmartialart.com	HAS_STORED	14180 SW 143rd Ct Ste 408			snippets/tjjm-gyms-data-9.liquid
FL	FL	Miami Jiu Jitsu	Miami		N				NO_W_KEY|RENDERS_BLANK	10471 SW 88th St Ste 201			snippets/tjjm-gyms-data-9.liquid
FL	FL	Refit Academy - Wynwood	Miami	http://www.refit-academy.com	Y			http://www.refit-academy.com	HAS_STORED	1657 N Miami Ave			snippets/tjjm-gyms-data-9.liquid
FL	FL	Rilion Gracie Jiu-Jitsu Academy	Miami	http://riliongracie.com	Y			http://riliongracie.com	HAS_STORED	2100 Coral Way			snippets/tjjm-gyms-data-12.liquid
FL	FL	Team Alpha Miami	Miami		N				NO_W_KEY|RENDERS_BLANK	8150 SW 8th St Ste 209			snippets/tjjm-gyms-data-9.liquid
FL	FL	Teknica MMA	Miami	https://www.teknicamartialarts.com/	Y		websites-2		HAS_STORED+BLANKED|RENDERS_BLANK				snippets/tjjm-gyms-data.liquid
FL	FL	Vagner Rocha Martial Arts	Miami	https://www.vagnerrochamartialarts.com/	Y			https://www.vagnerrochamartialarts.com/	HAS_STORED				snippets/tjjm-gyms-data.liquid
FL	FL	5th St. Gym	Miami Beach	https://www.5thstreetgym.com/	Y			https://www.5thstreetgym.com/	HAS_STORED				snippets/tjjm-gyms-data.liquid
FL	FL	American Top Team Aventura	Miami Beach	http://www.attaventura.com	Y	https://www.attaventuranmb.com/	websites-1	https://www.attaventuranmb.com/	HAS_STORED+REPOINTED	16215 Biscayne Blvd			snippets/tjjm-gyms-data-9.liquid
FL	FL	Beach Martial Arts	Miami Beach		N				NO_W_KEY|RENDERS_BLANK	1510 Alton Road			snippets/tjjm-gyms-data-9.liquid
FL	FL	Black House Miami Beach	Miami Beach	http://www.blackhousemiamibeach.com	Y			http://www.blackhousemiamibeach.com	HAS_STORED	7140 Abbott Ave Fl 2			snippets/tjjm-gyms-data-9.liquid
FL	FL	Capital Jiu Jitsu	Miami Beach		N				NO_W_KEY|RENDERS_BLANK	2275 NE 164th St			snippets/tjjm-gyms-data-9.liquid
FL	FL	Miami Beach Brazilian Jiu-Jitsu	Miami Beach	http://www.rioheroes-jorgepereira.com	Y			http://www.rioheroes-jorgepereira.com	HAS_STORED	1510 Alton Rd			snippets/tjjm-gyms-data-10.liquid
FL	FL	Trillo Jiujitsu Academy	Miami Gardens	http://trillojiujitsu.com	Y			http://trillojiujitsu.com	HAS_STORED	18400 NW 75th Pl Ste 122			snippets/tjjm-gyms-data-10.liquid
FL	FL	Rilion Gracie Jiu-Jitsu of Miami Lakes	Miami Lakes	http://www.riliongraciemiamilakes.com/	Y			http://www.riliongraciemiamilakes.com/	HAS_STORED	7337 Miami Lakes Dr			snippets/tjjm-gyms-data-10.liquid
FL	FL	Xtreme Gracie Jiu Jitsu	Minneola	http://xtremegraciejiujitsu.com/	Y			http://xtremegraciejiujitsu.com/	HAS_STORED	544 S Hwy 27			snippets/tjjm-gyms-data-10.liquid
FL	FL	American Top Team Miramar Jiu Jitsu & MMA	Miramar	http://www.attmiramar.com/	Y			http://www.attmiramar.com/	HAS_STORED	11601 Red Rd			snippets/tjjm-gyms-data-10.liquid
FL	FL	START Jiu Jitsu Academy	Miramar	https://startjiujitsu.com/facilities-pembroke-pines/	Y			https://startjiujitsu.com/facilities-pembroke-pines/	HAS_STORED	12335 Pembroke Rd			snippets/tjjm-gyms-data-10.liquid
FL	FL	Grappling Mastery	Mount Dora	http://www.grapplingmastery.com/	Y			http://www.grapplingmastery.com/	HAS_STORED	18838 US-441			snippets/tjjm-gyms-data-10.liquid
FL	FL	Evolution MMA Naples	Naples	http://evolutionmmanaples.com/	Y			http://evolutionmmanaples.com/	HAS_STORED	3573 Mercantile Ave			snippets/tjjm-gyms-data-10.liquid
FL	FL	Global Brazilian Jiu-Jitsu Naples	Naples	https://global1bjj.com	Y			https://global1bjj.com	HAS_STORED				snippets/tjjm-gyms-data.liquid
FL	FL	Gracie Barra – Naples	Naples	http://www.graciebarranaples.com/	Y		websites-2		HAS_STORED+BLANKED|RENDERS_BLANK	771 Airport Road North			snippets/tjjm-gyms-data-10.liquid
FL	FL	Inferno MMA	Naples	https://www.mindbodyonline.com/explore/locations/inferno-mixed-martial-arts	Y			https://www.mindbodyonline.com/explore/locations/inferno-mixed-martial-arts	HAS_STORED	5556 Yahl St c			snippets/tjjm-gyms-data-10.liquid
FL	FL	Marcelo Pereira BJJ & MMA	Naples	http://brazilianjiujitsunaples.com/	Y			http://brazilianjiujitsunaples.com/	HAS_STORED	3275 Pine Ridge Road			snippets/tjjm-gyms-data-10.liquid
FL	FL	Paulo Ribeiro Brazilian Jiu Jitsu	Naples	http://prbjjnaples.com/	Y			http://prbjjnaples.com/	HAS_STORED	1252 Airport-Pulling Rd North			snippets/tjjm-gyms-data-10.liquid
FL	FL	Renzo Gracie Naples	Naples	https://renzogracienaples.com	Y			https://renzogracienaples.com	HAS_STORED				snippets/tjjm-gyms-data.liquid
FL	FL	Team Third Law BJJ Naples	Naples	https://www.teamthirdlaw.com	Y			https://www.teamthirdlaw.com	HAS_STORED				snippets/tjjm-gyms-data.liquid
FL	FL	Jacksonville BJJ & MMA	Neptune Beach	http://www.jaxbjj.com/	Y			http://www.jaxbjj.com/	HAS_STORED	1475 Atlantic Blvd.			snippets/tjjm-gyms-data-10.liquid
FL	FL	Gracie Barra Trinity - Brazilian Jiu-Jitsu & Self Defense	New Port Richey	https://www.tampabaymma.com/	Y			https://www.tampabaymma.com/	HAS_STORED	8515 Old County Rd 54			snippets/tjjm-gyms-data-10.liquid
FL	FL	Futures MMA	North Fort Myers	http://futuresmma.com/	Y			http://futuresmma.com/	HAS_STORED	931 Pondella Rd			snippets/tjjm-gyms-data-10.liquid
FL	FL	Vital Brothers Brazilian Jiu Jitsu	North Miami	http://vitalbrothersbjj.com	Y			http://vitalbrothersbjj.com	HAS_STORED	809 NE 125th Street			snippets/tjjm-gyms-data-10.liquid
FL	FL	Gracie Jiu-Jitsu North Miami Beach	North Miami Beach		N				NO_W_KEY|RENDERS_BLANK	16360 NE 26th Avenue			snippets/tjjm-gyms-data-10.liquid
FL	FL	Gracie Jiu-Jitsu North Palm Beach	North Palm Beach		N				NO_W_KEY|RENDERS_BLANK	1201 US Highway 1; Suite 10			snippets/tjjm-gyms-data-10.liquid
FL	FL	Nokido Ju-Jitsu, Judo & BJJ	North Port	http://www.nokido.net/	Y			http://www.nokido.net/	HAS_STORED	1050 Innovation Ave #109			snippets/tjjm-gyms-data-10.liquid
FL	FL	Creed BJJ	Ocala	https://www.creedbjj.com	Y			https://www.creedbjj.com	HAS_STORED	1005 SW 10th St #101			snippets/tjjm-gyms-data-10.liquid
FL	FL	GTK Academy of Martial Arts	Ocala	https://gtkacademy.com/	Y		websites-2		HAS_STORED+BLANKED|RENDERS_BLANK				snippets/tjjm-gyms-data.liquid
FL	FL	Nogi MMA	Ocala	https://nogishootbox.com/	Y			https://nogishootbox.com/	HAS_STORED	2801 SW 20th St #202			snippets/tjjm-gyms-data-10.liquid
FL	FL	Ocala Brazilian Jiu Jitsu Academy	Ocala		N				NO_W_KEY|RENDERS_BLANK	7365 SW 38th St			snippets/tjjm-gyms-data-10.liquid
FL	FL	Gracie Jiu-Jitsu Ocoee	Ocoee		N				NO_W_KEY|RENDERS_BLANK	9440 W. Colonial Dr.			snippets/tjjm-gyms-data-10.liquid
FL	FL	Jacaré Brazilian Jiu-Jitsu	Ocoee	https://jacaremartialarts.com/	Y			https://jacaremartialarts.com/	HAS_STORED	1681 Amazing Way, Suite 108			snippets/tjjm-gyms-data-10.liquid
FL	FL	Darkwolf MMA	Orange City	http://www.darkwolfmma.com/	Y			http://www.darkwolfmma.com/	HAS_STORED	221 Strawberry Oaks Dr			snippets/tjjm-gyms-data-10.liquid
FL	FL	Orange City Academy Of Mixed Martial Arts	Orange City	http://theacademyofmma.com/	Y		websites-2		HAS_STORED+BLANKED|RENDERS_BLANK	2452 S. Volusia Ave.			snippets/tjjm-gyms-data-10.liquid
FL	FL	USD & MMA Fitness	Orange City	http://www.mmagetfit.com/	Y		websites-2		HAS_STORED+BLANKED|RENDERS_BLANK	2751 Enterprise Rd #214			snippets/tjjm-gyms-data-10.liquid
FL	FL	Art of War Jiu Jitsu	Orange Park	https://aowjj.com	Y			https://aowjj.com	HAS_STORED	1105 Park Ave			snippets/tjjm-gyms-data-10.liquid
FL	FL	Combat Athletix	Orange Park	http://www.combatathletix.com/	Y			http://www.combatathletix.com/	HAS_STORED	3600 Peoria RD #203			snippets/tjjm-gyms-data-10.liquid
FL	FL	Alliance Jiu Jitsu Orlando	Orlando	https://alliancejiujitsuorlando.com	Y		websites-2		HAS_STORED+BLANKED|RENDERS_BLANK				snippets/tjjm-gyms-data.liquid
FL	FL	American Combat Club	Orlando	http://www.americancombatclub.com/	Y			http://www.americancombatclub.com/	HAS_STORED	1016 W Church St			snippets/tjjm-gyms-data-10.liquid
FL	FL	Atos Orlando - Brazilian Jiu-Jitsu (BJJ) and Self-Defense School	Orlando	http://www.atosorlando.com/	Y			http://www.atosorlando.com/	HAS_STORED	12445 S Orange Blossom Trl			snippets/tjjm-gyms-data-10.liquid
FL	FL	Central Florida BJJ	Orlando	https://offers.avbjj.com/free-2-week-pass	Y			https://offers.avbjj.com/free-2-week-pass	HAS_STORED	1420 Gemini Blvd			snippets/tjjm-gyms-data-10.liquid
FL	FL	Championship Martial Arts/ Spartan Brazilian Jiu Jitsu	Orlando	https://www.cmaconway.com/	Y			https://www.cmaconway.com/	HAS_STORED	4511 Hoffner Ave			snippets/tjjm-gyms-data-10.liquid
FL	FL	FRBJJ Lake Nona	Orlando	http://frbjjlakenona.com/	Y			http://frbjjlakenona.com/	HAS_STORED	7466 Narcoossee Rd #200F			snippets/tjjm-gyms-data-10.liquid
FL	FL	Fabin Rosa Brazilian Jiu Jitsu Academy	Orlando	http://www.bjjorlando.com/	Y	https://bjjorlando.com/orlando	websites-1	https://bjjorlando.com/orlando	HAS_STORED+REPOINTED	4085 L B McLeod Rd Suite F			snippets/tjjm-gyms-data-10.liquid
FL	FL	GB Hunters Creek	Orlando	http://www.graciebarrahunterscreek.com/	Y			http://www.graciebarrahunterscreek.com/	HAS_STORED	13502 Village Park Drive			snippets/tjjm-gyms-data-10.liquid
FL	FL	GB Palm Coast	Orlando		N				NO_W_KEY|RENDERS_BLANK	160 Cypress Point Pkwy, Unit A210-A211			snippets/tjjm-gyms-data-10.liquid
FL	FL	GB Windermere	Orlando	https://graciebarra.com/windermere-fl/	Y			https://graciebarra.com/windermere-fl/	HAS_STORED	9001 Taborfield Ave			snippets/tjjm-gyms-data-12.liquid
FL	FL	Gracie Barra North Orlando	Orlando	https://www.northorlandobjj.com/	Y			https://www.northorlandobjj.com/	HAS_STORED		923 N Mills Ave		snippets/tjjm-gyms-data.liquid
FL	FL	Gracie Barra – Orlando-Sandlake	Orlando	http://marciosimas.com/	Y			http://marciosimas.com/	HAS_STORED	6236 Kingspointe Pkwy			snippets/tjjm-gyms-data-10.liquid
FL	FL	Gracie Jiu-Jitsu Orlando	Orlando		N				NO_W_KEY|RENDERS_BLANK	3873 Avalon Park East Blvd			snippets/tjjm-gyms-data-10.liquid
FL	FL	Guto Campos BJJ	Orlando	https://gutocamposbjj.com	Y			https://gutocamposbjj.com	HAS_STORED		1064 Lee Rd		snippets/tjjm-gyms-data.liquid
FL	FL	Martial Arts Nation Lake Nona BJJ	Orlando	https://manationlakenona.com	Y			https://manationlakenona.com	HAS_STORED	6424 Alexandra Louise Dr Suite 160			snippets/tjjm-gyms-data-10.liquid
FL	FL	Orlando Brazilian Jiu Jitsu	Orlando	https://www.orlandobjj.com	Y			https://www.orlandobjj.com	HAS_STORED		28 W Michigan St		snippets/tjjm-gyms-data.liquid
FL	FL	Renzo Gracie Orlando	Orlando	https://orlandojiujitsu.com/	Y			https://orlandojiujitsu.com/	HAS_STORED	3837 East Colonial Drive Orlando, FL 32803			snippets/tjjm-gyms-data-10.liquid
FL	FL	Ronin Training Center Orlando	Orlando	https://www.roninorlandofl.com/	Y		websites-2		HAS_STORED+BLANKED|RENDERS_BLANK				snippets/tjjm-gyms-data.liquid
FL	FL	Gracie Florida Jiu-Jitsu	Ormond Beach	http://www.gracieflorida.com/	Y			http://www.gracieflorida.com/	HAS_STORED	175 N Yonge St D			snippets/tjjm-gyms-data-10.liquid
FL	FL	Trident Jiu Jitsu	Ormond Beach		N				NO_W_KEY|RENDERS_BLANK	615 S Yonge St			snippets/tjjm-gyms-data-10.liquid
FL	FL	GB Oviedo	Oviedo	http://marciosimas.com/	Y			http://marciosimas.com/	HAS_STORED	3050 Alafaya Trail			snippets/tjjm-gyms-data-10.liquid
FL	FL	Nelumbo Brazilian Jiu-Jitsu	Oviedo	http://bjjoviedo.com/	Y			http://bjjoviedo.com/	HAS_STORED	119 Geneva Dr			snippets/tjjm-gyms-data-10.liquid
FL	FL	Robson Moura Jiu-Jitsu	Oxford	http://www.usajujitsu.net/	Y		websites-1		HAS_STORED+BLANKED|RENDERS_BLANK	P.O. Box 40			snippets/tjjm-gyms-data-10.liquid
FL	FL	Pace Gracie Jiu Jitsu Academy	Pace	https://pacegjj.com	Y			https://pacegjj.com	HAS_STORED	5430 Hwy 90			snippets/tjjm-gyms-data-10.liquid
FL	FL	Fastidious Jiu Jitsu	Palm Bay	http://fastidiousjiujitsu.com/	Y			http://fastidiousjiujitsu.com/	HAS_STORED	5070 Minton Rd Unit 6			snippets/tjjm-gyms-data-10.liquid
FL	FL	Vortex Jiu Jitsu Academy	Palm Bay	https://vortexbjj.com/	Y			https://vortexbjj.com/	HAS_STORED	5132 Minton Rd #3			snippets/tjjm-gyms-data-10.liquid
FL	FL	American Top Team Palm Beach Gardens	Palm Beach Gardens	http://www.attpbg.com/schedule	Y			http://www.attpbg.com/schedule	HAS_STORED	4092 PGA Boulevard			snippets/tjjm-gyms-data-10.liquid
FL	FL	Gamblers Jiu-Jitsu & Kickboxing Club	Palm Beach Gardens	http://gamblersjiujitsuclub.com/sign-up-for-free-trial/	Y			http://gamblersjiujitsuclub.com/sign-up-for-free-trial/	HAS_STORED	10415 Riverside Dr Suite 105			snippets/tjjm-gyms-data-10.liquid
FL	FL	Rilion Gracie Jiu-Jitsu Palm Beach Gardens	Palm Beach Gardens	http://www.jiujitsupbg.com/	Y			http://www.jiujitsupbg.com/	HAS_STORED	4386 Northlake Blvd			snippets/tjjm-gyms-data-10.liquid
FL	FL	East Coast Combat Club	Palm City	http://eccombatclub.com/	Y			http://eccombatclub.com/	HAS_STORED	1272 SW 34th St			snippets/tjjm-gyms-data-10.liquid
FL	FL	Spartan Academy Palm Coast / Brazilian Jiu Jitsu & more	Palm Coast	http://www.spartanpalmcoast.com/	Y			http://www.spartanpalmcoast.com/	HAS_STORED	160 Cypress Point Pkwy STE A211			snippets/tjjm-gyms-data-10.liquid
FL	FL	Elemental Jiu Jitsu and Fitness	Palmetto Bay	http://www.elementaljiujitsuandfitness.com	Y			http://www.elementaljiujitsuandfitness.com	HAS_STORED	13855 S Dixie Hwy			snippets/tjjm-gyms-data-10.liquid
FL	FL	GB Palmetto Bay	Palmetto Bay	https://graciebarra.com/palmetto-bay-fl/	Y			https://graciebarra.com/palmetto-bay-fl/	HAS_STORED	17377 S. Dixie Hwy			snippets/tjjm-gyms-data-10.liquid
FL	FL	Panama City BJJ	Panama City	https://panamacitybjj.com	Y			https://panamacitybjj.com	HAS_STORED			Y	snippets/tjjm-gyms-data.liquid
FL	FL	Rilion Gracie Jiu-Jitsu Panama City	Panama City	http://jiujitsulynnhaven.com/	Y			http://jiujitsulynnhaven.com/	HAS_STORED	2521 Jenks Ave			snippets/tjjm-gyms-data-10.liquid
FL	FL	Emerald Coast Jiu Jitsu (Beach Jiu Jitsu)	Panama City Beach	https://emeraldcoastjiujitsullc.sites.zenplanner.com/calendar.cfm	Y			https://emeraldcoastjiujitsullc.sites.zenplanner.com/calendar.cfm	HAS_STORED	7131 US-98			snippets/tjjm-gyms-data-10.liquid
FL	FL	Alers Martial Arts	Pembroke Pines	http://www.alersmartialarts.com	Y			http://www.alersmartialarts.com	HAS_STORED	911 NW 209th Ave Ste 108			snippets/tjjm-gyms-data-10.liquid
FL	FL	American Top Team West Pines	Pembroke Pines	http://americantopteamwestpines.com/	Y			http://americantopteamwestpines.com/	HAS_STORED	111 Grand Palms Dr #201			snippets/tjjm-gyms-data-10.liquid
FL	FL	Gracie Barra Pembroke Pines	Pembroke Pines	http://www.gbpembroke.com	Y			http://www.gbpembroke.com	HAS_STORED	12592 Pines Blvd Ste 103			snippets/tjjm-gyms-data-10.liquid
FL	FL	Valente Brothers Jiu-Jitsu Pembroke Pines	Pembroke Pines	http://www.graciemiami.com	Y			http://www.graciemiami.com	HAS_STORED	12191 Taft St			snippets/tjjm-gyms-data-10.liquid
FL	FL	Team Remedy	Pensacola	https://teamremedymma.com/	Y		websites-2		HAS_STORED+BLANKED|RENDERS_BLANK				snippets/tjjm-gyms-data.liquid
FL	FL	The Academy of Pensacola	Pensacola	https://www.theacademyofpensacola.com/	Y			https://www.theacademyofpensacola.com/	HAS_STORED				snippets/tjjm-gyms-data.liquid
FL	FL	Team Gladiator MMA & Fitness	Pine Hills		N				NO_W_KEY|RENDERS_BLANK	4823 Silver Star Rd			snippets/tjjm-gyms-data-10.liquid
FL	FL	Fight Fitness Center (FFC)	Pinellas Park	https://www.fightfitnesscenter.net/	Y			https://www.fightfitnesscenter.net/	HAS_STORED	6240 39th St N			snippets/tjjm-gyms-data-10.liquid
FL	FL	Mastermind MMA Academy	Pinellas Park	http://www.mastermindmmaacademy.com/	Y			http://www.mastermindmmaacademy.com/	HAS_STORED	5675 70th Ave N			snippets/tjjm-gyms-data-10.liquid
FL	FL	Ares BJJ Plant City	Plant City	http://www.aresbjjplantcity.com/	Y			http://www.aresbjjplantcity.com/	HAS_STORED	601 Hitchcock St STE 105			snippets/tjjm-gyms-data-10.liquid
FL	FL	Carlson Gracie Plant City	Plant City	https://www.plantcitybjj.com	Y			https://www.plantcitybjj.com	HAS_STORED	109 e reynolds st			snippets/tjjm-gyms-data-10.liquid
FL	FL	Kumite Martial Arts	Plantation	http://www.kumitemartialarts.com/	Y		websites-2		HAS_STORED+BLANKED|RENDERS_BLANK	4150 Peters Rd			snippets/tjjm-gyms-data-10.liquid
FL	FL	Yaniv Rosenberg Jiu Jitsu Team	Plantation	http://www.yrjiujitsu.com/	Y			http://www.yrjiujitsu.com/	HAS_STORED	6761 W Sunrise Blvd UNIT 18			snippets/tjjm-gyms-data-10.liquid
FL	FL	Gabriel Leite Brazilian Jiu-Jitsu	Pompano Beach	http://www.facebook.com/GLBJJ	Y			http://www.facebook.com/GLBJJ	HAS_STORED	2480 Hammondville Rd Suite #3			snippets/tjjm-gyms-data-10.liquid
FL	FL	Ponte Vedra Brazilian Jiu Jitsu	Ponte Vedra Beach	https://pvbjj.com/	Y			https://pvbjj.com/	HAS_STORED	880 us hwy a1a n unit 14			snippets/tjjm-gyms-data-10.liquid
FL	FL	Wolfpack South Brazilian Jiu Jitsu	Port Charlotte	http://wolfpacksouthbjj.com/	Y			http://wolfpacksouthbjj.com/	HAS_STORED	19800 Veterans Blvd building b unit 6			snippets/tjjm-gyms-data-10.liquid
FL	FL	Fight Sports Daytona	Port Orange	https://www.fightsportsdaytona.com/freetrial	Y		websites-2		HAS_STORED+BLANKED|RENDERS_BLANK	796 Sanders Rd STE 5			snippets/tjjm-gyms-data-10.liquid
FL	FL	Ralph Gracie Florida Jiu-Jitsu	Port Orange	http://www.ralphgraciefl.com/	Y			http://www.ralphgraciefl.com/	HAS_STORED	3830 South Nova Road unit: B3			snippets/tjjm-gyms-data-10.liquid
FL	FL	Future School of Jiu Jitsu	Port Saint Lucie	http://futurejiujitsu.com/	Y			http://futurejiujitsu.com/	HAS_STORED				snippets/tjjm-gyms-data.liquid
FL	FL	Gracie Brandon Martial Arts BJJ/MMA	Riverview	https://graciebrandon.com/	Y			https://graciebrandon.com/	HAS_STORED	10528 Lake St Charles Blvd			snippets/tjjm-gyms-data-12.liquid
FL	FL	GB Rockledge	Rockledge	https://graciebarra.com/rockledge-fl/	Y			https://graciebarra.com/rockledge-fl/	HAS_STORED	2208 S Fiske Blvd			snippets/tjjm-gyms-data-12.liquid
FL	FL	GB Royal Palm Beach	Royal Palm Beach	https://www.gbroyalpalmbeach.com	Y			https://www.gbroyalpalmbeach.com	HAS_STORED	10225 Southern Boulevard			snippets/tjjm-gyms-data-10.liquid
FL	FL	Renzo Gracie Royal Palm Beach	Royal Palm Beach	http://www.royalpalmbeachjj.com/	Y			http://www.royalpalmbeachjj.com/	HAS_STORED	11420 Okeechobee blvd unit A, Royal Palm Beach, FL 33411			snippets/tjjm-gyms-data-10.liquid
FL	FL	Cogito Jiu Jitsu	Sanford	http://cogitojiujitsu.com/	Y		websites-2		HAS_STORED+BLANKED|RENDERS_BLANK	2499 Old Lake Mary Rd Suite 106			snippets/tjjm-gyms-data-10.liquid
FL	FL	The Jungle MMA and Fitness Lake Mary (Sanford FL)	Sanford	http://jungleorlando.com/	Y			http://jungleorlando.com/	HAS_STORED	4043 W 1st St			snippets/tjjm-gyms-data-10.liquid
FL	FL	BJJ Academy Of Sarasota (wbjja)	Sarasota	http://www.wbjja.com/	Y		websites-2		HAS_STORED+BLANKED|RENDERS_BLANK	935 N Beneva Rd			snippets/tjjm-gyms-data-10.liquid
FL	FL	Gracie Jiu Jitsu Sarasota Academy	Sarasota	http://graciejiujitsusarasota.net/	Y			http://graciejiujitsusarasota.net/	HAS_STORED	1990 Main St			snippets/tjjm-gyms-data-10.liquid
FL	FL	Martin Academy of Martial Arts	Sarasota	https://airtable.com/shrYsLfI3VocYXFhF	Y			https://airtable.com/shrYsLfI3VocYXFhF	HAS_STORED	6341 Porter Rd #5			snippets/tjjm-gyms-data-10.liquid
FL	FL	Sarasota BJJ / Ribeiro Jiu Jitsu	Sarasota	https://sarasotabjj.com/	Y			https://sarasotabjj.com/	HAS_STORED				snippets/tjjm-gyms-data.liquid
FL	FL	Team Alves	Sarasota	http://www.thealvesjiujitsu.com/	Y			http://www.thealvesjiujitsu.com/	HAS_STORED	3762 Bee Ridge Rd			snippets/tjjm-gyms-data-10.liquid
FL	FL	Vieira Martial Arts Academy	Sarasota	http://www.siestakeybjj.com/	Y			http://www.siestakeybjj.com/	HAS_STORED	7390 S Tamiami Trail			snippets/tjjm-gyms-data-10.liquid
FL	FL	Wolfpack Brazilian Jiu Jitsu - Martial Arts	Sarasota	http://www.wolfpackbjj.com/	Y			http://www.wolfpackbjj.com/	HAS_STORED	3627 Webber St unit b			snippets/tjjm-gyms-data-10.liquid
FL	FL	GB Sebring	Sebring		N				NO_W_KEY|RENDERS_BLANK	227 North Ridgewood Drive			snippets/tjjm-gyms-data-10.liquid
FL	FL	GB Saint Augustine	St. Augustine	https://gbsaintaugustine.com/	Y		websites-2		HAS_STORED+BLANKED|RENDERS_BLANK				snippets/tjjm-gyms-data-12.liquid
FL	FL	GB St. Johns	St. Augustine	https://www.gbstjohns.com/	Y			https://www.gbstjohns.com/	HAS_STORED	10440 U.S. Route 1			snippets/tjjm-gyms-data-10.liquid
FL	FL	Relson Gracie Jiu-Jitsu Academy St. Augustine	St. Augustine	http://www.mma4florida.com/	Y			http://www.mma4florida.com/	HAS_STORED	50 S Dixie Hwy #8			snippets/tjjm-gyms-data-10.liquid
FL	FL	Full Circle MMA	St. Cloud	http://www.nucfl.com/	Y		websites-2		HAS_STORED+BLANKED|RENDERS_BLANK	3282 Canoe Creek Rd.			snippets/tjjm-gyms-data-10.liquid
FL	FL	New Journey Jiu Jitsu	St. Cloud	https://www.newjourneyjj.com	Y			https://www.newjourneyjj.com	HAS_STORED				snippets/tjjm-gyms-data.liquid
FL	FL	Elite Training Center	St. Petersburg	http://www.elitetraininginc.com/	Y		websites-2		HAS_STORED+BLANKED|RENDERS_BLANK	1144 94th Avenue North			snippets/tjjm-gyms-data-10.liquid
FL	FL	GB St. Petersburg	St. Petersburg	https://gbstpetersburg.com/	Y			https://gbstpetersburg.com/	HAS_STORED	5825 66th Street North			snippets/tjjm-gyms-data-10.liquid
FL	FL	Gracie Humaita St. Petersburg	St. Petersburg	https://graciejiujitsustpete.com	Y			https://graciejiujitsustpete.com	HAS_STORED				snippets/tjjm-gyms-data.liquid
FL	FL	St. Pete BJJ	St. Petersburg	http://www.stpetebjj.com/	Y			http://www.stpetebjj.com/	HAS_STORED	5540 Haines Rd N			snippets/tjjm-gyms-data-10.liquid
FL	FL	Synergy Martial Arts and Fitness	St. Petersburg	http://synergymartialarts.fitness/	Y		websites-2		HAS_STORED+BLANKED|RENDERS_BLANK	5530 4th St N			snippets/tjjm-gyms-data-10.liquid
FL	FL	Fist Factory	Stuart	http://www.thefistfactory.com/	Y		websites-2		HAS_STORED+BLANKED|RENDERS_BLANK	2201 SE Indian Street; Building Q7			snippets/tjjm-gyms-data-10.liquid
FL	FL	GB Stuart	Stuart		N				NO_W_KEY|RENDERS_BLANK	2414 SE Federal Way			snippets/tjjm-gyms-data-10.liquid
FL	FL	Stuart BJJ	Stuart	https://stuartbjj.com	Y			https://stuartbjj.com	HAS_STORED			Y	snippets/tjjm-gyms-data.liquid
FL	FL	Winners Training Center Sunny Isles Beach	Sunny Isles Beach	http://www.winnerstrainingcenter.com	Y			http://www.winnerstrainingcenter.com	HAS_STORED	18260 Collins Ave			snippets/tjjm-gyms-data-10.liquid
FL	FL	American Tigers Martial Arts	Sunrise	https://americantigers.com/	Y		websites-2		HAS_STORED+BLANKED|RENDERS_BLANK				snippets/tjjm-gyms-data.liquid
FL	FL	American Top Team of Sunrise	Sunrise	http://attsunrisemma.com/	Y			http://attsunrisemma.com/	HAS_STORED	5357 N Nob Hill Rd			snippets/tjjm-gyms-data-10.liquid
FL	FL	Imperial Martial Arts	Sunrise	http://www.imperialmartialarts.com/	Y			http://www.imperialmartialarts.com/	HAS_STORED	1375 Shotgun Rd			snippets/tjjm-gyms-data-10.liquid
FL	FL	Renzo Gracie Academy Florida	Sunrise	https://renzogracieflorida.com/	Y			https://renzogracieflorida.com/	HAS_STORED	1091 Shotgun Rd. Sunrise, FL 33326			snippets/tjjm-gyms-data-10.liquid
FL	FL	BlackSmith Jiu Jitsu Florida	Tallahassee	https://blacksmithjiujitsu.com/	Y			https://blacksmithjiujitsu.com/	HAS_STORED				snippets/tjjm-gyms-data.liquid
FL	FL	Positive Balance Brazilian Jiu Jitsu	Tallahassee	https://positivebalancegrappling.com/	Y			https://positivebalancegrappling.com/	HAS_STORED	111 S Magnolia Dr Suite 38			snippets/tjjm-gyms-data-10.liquid
FL	FL	Weinischke Martial Arts	Tallahassee	http://www.tallahasseejiujitsu.com	Y			http://www.tallahasseejiujitsu.com	HAS_STORED	2711 Killarney Way			snippets/tjjm-gyms-data-10.liquid
FL	FL	Zicro Academy / Alliance Tallahassee	Tallahassee	http://www.zicrobjj.com/	Y			http://www.zicrobjj.com/	HAS_STORED	615 Universal Dr			snippets/tjjm-gyms-data-10.liquid
FL	FL	American Top Team Tampa	Tampa	http://www.americantopteamtampa.com/	Y			http://www.americantopteamtampa.com/	HAS_STORED	10123 Wilsky Blvd			snippets/tjjm-gyms-data-10.liquid
FL	FL	Elevate Martial Arts South Campus (American Top Team affiliate)	Tampa	https://elevatemartialartstampa.com/adult-bjj-classes-south-tampa/	Y			https://elevatemartialartstampa.com/adult-bjj-classes-south-tampa/	HAS_STORED	5251 South Dale Mabry			snippets/tjjm-gyms-data-10.liquid
FL	FL	GB Citrus Park	Tampa	https://gbcitrusparktampa.com/	Y			https://gbcitrusparktampa.com/	HAS_STORED	6176 Gunn Highway			snippets/tjjm-gyms-data-10.liquid
FL	FL	Gracie PAC MMA	Tampa	https://msgsndr.com/widget/booking/8L4G6Ygx38eviQU1Xb3E	Y			https://msgsndr.com/widget/booking/8L4G6Ygx38eviQU1Xb3E	HAS_STORED	5040 W Linebaugh Ave			snippets/tjjm-gyms-data-10.liquid
FL	FL	Gracie Tampa	Tampa	https://gracietampa.com/	Y			https://gracietampa.com/	HAS_STORED				snippets/tjjm-gyms-data.liquid
FL	FL	Gracie Tampa South Martial Arts	Tampa	http://www.gracietampasouth.com/	Y			http://www.gracietampasouth.com/	HAS_STORED	1345 W Gray St			snippets/tjjm-gyms-data-10.liquid
FL	FL	Hellman's Mixed Martial Arts	Tampa	https://hellmansmma.com/	Y			https://hellmansmma.com/	HAS_STORED	12202 Race Track Rd			snippets/tjjm-gyms-data-10.liquid
FL	FL	Marcio Cruz BJJ	Tampa	https://marciocruzbjj.com/	Y			https://marciocruzbjj.com/	HAS_STORED				snippets/tjjm-gyms-data.liquid
FL	FL	Martial Arts Advantage South Tampa	Tampa	https://martialartsadvantage.com/south-tampa-adult-brazilian-jiu-jitsu-classes-martial-arts-advantage/	Y			https://martialartsadvantage.com/south-tampa-adult-brazilian-jiu-jitsu-classes-martial-arts-advantage/	HAS_STORED	3311 S Dale Mabry Hwy			snippets/tjjm-gyms-data-10.liquid
FL	FL	South Tampa Jiu-Jitsu & MMA	Tampa	http://southtampajiujitsu.com/	Y			http://southtampajiujitsu.com/	HAS_STORED	4477 W Gandy Blvd			snippets/tjjm-gyms-data-10.liquid
FL	FL	New Port Richey Jiu-jitsu Academy	Tarpon Springs	http://nprbjj.com/	Y		websites-2		HAS_STORED+BLANKED|RENDERS_BLANK	805 Live Oak St			snippets/tjjm-gyms-data-10.liquid
FL	FL	Alliance Venice Brazilian Jiu-jitsu Team	Venice	http://www.alliancevenice.com/	Y			http://www.alliancevenice.com/	HAS_STORED	2244 S Tamiami Trail			snippets/tjjm-gyms-data-10.liquid
FL	FL	American Top Team – Vero Beach	Vero Beach	http://www.attverobeach.com/	Y		websites-2		HAS_STORED+BLANKED|RENDERS_BLANK	6200 20th Street Room 210			snippets/tjjm-gyms-data-10.liquid
FL	FL	Gracie Martial Arts – Vero Beach	Vero Beach	http://www.graciemartialartsverobeach.com	Y		websites-2		HAS_STORED+BLANKED|RENDERS_BLANK	974 14th Lane			snippets/tjjm-gyms-data-10.liquid
FL	FL	Renato Tavares Assoc HQ	Vero Beach	http://www.legacymmausa.com/	Y		websites-2		HAS_STORED+BLANKED|RENDERS_BLANK	6200 20th St Ste 210			snippets/tjjm-gyms-data-10.liquid
FL	FL	Vero Beach BJJ	Vero Beach	https://verobeachbjj.com	Y			https://verobeachbjj.com	HAS_STORED			Y	snippets/tjjm-gyms-data.liquid
FL	FL	American Top Team Wellington	Wellington	http://www.attwellington.com/	Y			http://www.attwellington.com/	HAS_STORED	10220 Forest Hill Blvd;Suite #140			snippets/tjjm-gyms-data-10.liquid
FL	FL	Gracie Elite Jiu-Jitsu Academy - Wellington	Wellington	http://wellingtonjiujitsu.com/	Y			http://wellingtonjiujitsu.com/	HAS_STORED	12160 S Shore Blvd #109			snippets/tjjm-gyms-data-10.liquid
FL	FL	Villardo Jiu-Jitsu Academy	Wellington	http://www.brjj.com/	Y			http://www.brjj.com/	HAS_STORED	12160 S Shore Blvd #109			snippets/tjjm-gyms-data-10.liquid
FL	FL	GB Melbourne	West Melbourne		N				NO_W_KEY|RENDERS_BLANK	1131 South Wickham Road			snippets/tjjm-gyms-data-10.liquid
FL	FL	10th Planet Palm Beach at AOP MMA (West Palm Beach)	West Palm Beach	https://www.vagaro.com/aopmma	Y			https://www.vagaro.com/aopmma	HAS_STORED	5033 Okeechobee Blvd			snippets/tjjm-gyms-data-10.liquid
FL	FL	American Top Team West Palm Beach	West Palm Beach	https://attwpb.squarespace.com/	Y			https://attwpb.squarespace.com/	HAS_STORED	6903 Vista Pkwy N #6			snippets/tjjm-gyms-data-10.liquid
FL	FL	GB Lake Park	West Palm Beach	https://lp.gblakepark.com/	Y			https://lp.gblakepark.com/	HAS_STORED	804 U.S. Route 1			snippets/tjjm-gyms-data-10.liquid
FL	FL	GB West Palm Beach	West Palm Beach	http://gbwestpalmbeach.com/	Y		websites-2		HAS_STORED+BLANKED|RENDERS_BLANK	410 Evernia St #109			snippets/tjjm-gyms-data-10.liquid
FL	FL	Hands Down Martial Arts	West Palm Beach	http://www.wpbmma.com/	Y		websites-2		HAS_STORED+BLANKED|RENDERS_BLANK	539 Ogston St			snippets/tjjm-gyms-data-10.liquid
FL	FL	Palm Beach BJJ	West Palm Beach	https://palmbeachbjj.com	Y			https://palmbeachbjj.com	HAS_STORED			Y	snippets/tjjm-gyms-data.liquid
FL	FL	Team Nogueira	West Palm Beach	http://www.teamnog.com/	Y			http://www.teamnog.com/	HAS_STORED	5081 Okeechobee Blvd			snippets/tjjm-gyms-data-10.liquid
FL	FL	American Top Team Weston	Weston	http://www.westonatt.com/	Y			http://www.westonatt.com/	HAS_STORED	2750 Glades Cir #300			snippets/tjjm-gyms-data-10.liquid
FL	FL	GB Weston	Weston	https://www.graciebarraweston.com	Y			https://www.graciebarraweston.com	HAS_STORED	1306 Southwest 160th Avenue			snippets/tjjm-gyms-data-10.liquid
FL	FL	Oceans Brazilian Jiu-Jitsu Academy	Weston	http://www.oceansbjj.com/	Y			http://www.oceansbjj.com/	HAS_STORED	2750 Glades Cir #300			snippets/tjjm-gyms-data-10.liquid
FL	FL	Renzo Gracie Training Center	Weston	http://www.renzogracieflorida.com/	Y			http://www.renzogracieflorida.com/	HAS_STORED	1372 SW 160 Ave.			snippets/tjjm-gyms-data-10.liquid
FL	FL	Vprok MMA Academy	Weston	http://www.vprokmma.com/United_States.html	Y		websites-2		HAS_STORED+BLANKED|RENDERS_BLANK	16098 W. State Rd. 84			snippets/tjjm-gyms-data-10.liquid
FL	FL	USA Jiu-Jitsu	Wildwood	http://www.usajujitsu.net/	Y		websites-2		HAS_STORED+BLANKED|RENDERS_BLANK	8520 NE 43rd Way			snippets/tjjm-gyms-data-10.liquid
FL	FL	6 Levels MMA and Fitness Center	Winter Garden	http://www.6levelsorlando.com/	Y			http://www.6levelsorlando.com/	HAS_STORED	16112 Marsh Rd #407			snippets/tjjm-gyms-data-10.liquid
FL	FL	Carlson Gracie Central Florida	Winter Garden	http://www.rinaldosantos.com/	Y			http://www.rinaldosantos.com/	HAS_STORED	855 E Plant St #700			snippets/tjjm-gyms-data-10.liquid
FL	FL	Sanity Jiu Jitsu	Winter Garden	http://www.sanityjiujitsu.com/	Y			http://www.sanityjiujitsu.com/	HAS_STORED	12810 W Colonial Dr			snippets/tjjm-gyms-data-10.liquid
FL	FL	Carlson Gracie Winter Haven	Winter Haven	http://www.cgwinterhaven.com/	Y			http://www.cgwinterhaven.com/	HAS_STORED	622 Ave O SW			snippets/tjjm-gyms-data-10.liquid
FL	FL	Armada Brazilian Jiu Jitsu Winter Park	Winter Park	http://winterparkbjj.com/	Y			http://winterparkbjj.com/	HAS_STORED	6808 Aloma Ave			snippets/tjjm-gyms-data-10.liquid
FL	FL	Elementum Jiu-jitsu	Winter Park	http://www.elementumjiujitsu.com/	Y			http://www.elementumjiujitsu.com/	HAS_STORED	1154 Solana Ave			snippets/tjjm-gyms-data-10.liquid
FL	FL	UFC GYM Winter Springs	Winter Springs	https://www.ufcgym.com/locations/winter-springs/	Y			https://www.ufcgym.com/locations/winter-springs/	HAS_STORED	1425 Tuskawilla Rd #209			snippets/tjjm-gyms-data-10.liquid
GA	GA	Carlos Machado Jiu-Jitsu North Atlanta	Acworth	http://www.cmjjnatl.com/	Y		websites-2		HAS_STORED+BLANKED|RENDERS_BLANK	3335 Cobb Pkwy NW Suite 500B			snippets/tjjm-gyms-data-24.liquid
GA	GA	Gracie Barra - Acworth	Acworth	http://gbgeorgia.com/	Y			http://gbgeorgia.com/	HAS_STORED	5505 Bells Ferry Rd			snippets/tjjm-gyms-data-24.liquid
GA	GA	James Shook Brazilian Jiu-Jitsu	Acworth	http://zenith.jamesshookbjj.com/	Y		websites-1		HAS_STORED+BLANKED|RENDERS_BLANK	1720 Mars Hill Rd			snippets/tjjm-gyms-data-24.liquid
GA	GA	Hamby Freestyle Jiu Jitsu	Albany	http://www.hambyfreestyle.com/	Y		websites-2		HAS_STORED+BLANKED|RENDERS_BLANK	2722-6 Dawson Rd			snippets/tjjm-gyms-data-24.liquid
GA	GA	Iron Horse Brazilian Jiu Jitsu	Alpharetta	http://ironhorsebjj.com/	Y			http://ironhorsebjj.com/	HAS_STORED	12624 Broadwell Rd			snippets/tjjm-gyms-data-24.liquid
GA	GA	J3 Brazilian Jiu Jitsu	Alpharetta	http://www.j3bjj.com/	Y			http://www.j3bjj.com/	HAS_STORED	13695 Hwy 9 N.			snippets/tjjm-gyms-data-24.liquid
GA	GA	KBX Gym	Alpharetta	http://www.kbxgym.com/	Y			http://www.kbxgym.com/	HAS_STORED	795 Union Hill Rd			snippets/tjjm-gyms-data-24.liquid
GA	GA	KnuckleUp Fitness Alpharetta	Alpharetta	http://www.knuckleupfitness.com/	Y			http://www.knuckleupfitness.com/	HAS_STORED	5815 Windward Pkwy #100			snippets/tjjm-gyms-data-24.liquid
GA	GA	Tiger Academy of Martial Arts	Alpharetta	https://tigeracademy.com/	Y			https://tigeracademy.com/	HAS_STORED	3815 Mansell Rd #150			snippets/tjjm-gyms-data-24.liquid
GA	GA	Union Team BJJ	Alpharetta	https://unionteambjj.com	Y			https://unionteambjj.com	HAS_STORED				snippets/tjjm-gyms-data.liquid
GA	GA	Americus Martial Arts Academy	Americus	http://americusmartialartsacademy.com/	Y			http://americusmartialartsacademy.com/	HAS_STORED	417 W Forsyth St			snippets/tjjm-gyms-data-25.liquid
GA	GA	Athens BJJ	Athens	https://athensbjj.com	Y			https://athensbjj.com	HAS_STORED				snippets/tjjm-gyms-data.liquid
GA	GA	Athens Fitness and MMA	Athens	http://www.athensfitnessandmma.com/	Y			http://www.athensfitnessandmma.com/	HAS_STORED	240 Collins Industrial Blvd, Suite G			snippets/tjjm-gyms-data-24.liquid
GA	GA	East Athens Jiu Jitsu	Athens	https://eastathensjiujitsu.com/	Y			https://eastathensjiujitsu.com/	HAS_STORED	1040 Gaines School Rd			snippets/tjjm-gyms-data-24.liquid
GA	GA	X3 Sports - Athens	Athens	https://x3sports.com/sign-up-for-a-free-class/	Y			https://x3sports.com/sign-up-for-a-free-class/	HAS_STORED	2026 S Milledge Ave A-1			snippets/tjjm-gyms-data-24.liquid
GA	GA	Alliance Jiu Jitsu Atlanta	Atlanta	https://alliancejiujitsuatlanta.com	Y			https://alliancejiujitsuatlanta.com	HAS_STORED			Y	snippets/tjjm-gyms-data.liquid
GA	GA	American Top Team Atlanta	Atlanta	http://attatl.com/	Y			http://attatl.com/	HAS_STORED	2110 Faulkner Road NE			snippets/tjjm-gyms-data-24.liquid
GA	GA	Atlanta Kick	Atlanta	https://atlantakick.com/try-free-class	Y			https://atlantakick.com/try-free-class	HAS_STORED	764 Miami Cir NE #204			snippets/tjjm-gyms-data-24.liquid
GA	GA	Atlanta Kyusho and Jujitsu	Atlanta	http://www.atlantajujitsu.com/	Y		websites-2		HAS_STORED+BLANKED|RENDERS_BLANK	2213 Faulkner Rd NE			snippets/tjjm-gyms-data-24.liquid
GA	GA	Buckhead Jiu-Jitsu	Atlanta	https://www.buckheadjj.com/	Y			https://www.buckheadjj.com/	HAS_STORED	2144 Hills Ave NW			snippets/tjjm-gyms-data-24.liquid
GA	GA	Checkmat Atlanta	Atlanta	https://checkmatatlanta.com	Y			https://checkmatatlanta.com	HAS_STORED			Y	snippets/tjjm-gyms-data.liquid
GA	GA	Evolution X Martial Arts and Fitness	Atlanta	https://evolutionxma.com/try-a-drop-in-class/	Y			https://evolutionxma.com/try-a-drop-in-class/	HAS_STORED	2000 Cheshire Bridge Rd NE Ste G			snippets/tjjm-gyms-data-24.liquid
GA	GA	Odyssey BJJ	Atlanta	http://odysseybjj.com/	Y			http://odysseybjj.com/	HAS_STORED	1530 Carroll Dr NW #105			snippets/tjjm-gyms-data-24.liquid
GA	GA	Ranieri Paiva Jiu-Jitsu Academy	Atlanta	https://www.atlbjj.com/	Y			https://www.atlbjj.com/	HAS_STORED	2997 Cumberland Blvd SE			snippets/tjjm-gyms-data-24.liquid
GA	GA	Straight Blast Gym Atlanta BJJ	Atlanta	https://sbgatlanta.com/locations/sbg-atlanta/	Y			https://sbgatlanta.com/locations/sbg-atlanta/	HAS_STORED	1799 Briarcliff Rd NE Suite V			snippets/tjjm-gyms-data-24.liquid
GA	GA	Augusta BJJ	Augusta	https://augustabjj.com	Y			https://augustabjj.com	HAS_STORED			Y	snippets/tjjm-gyms-data.liquid
GA	GA	Gracie Barra - Augusta	Augusta	http://gbaugusta.com/	Y		websites-2		HAS_STORED+BLANKED|RENDERS_BLANK	3475 Old Petersburg Rd			snippets/tjjm-gyms-data-24.liquid
GA	GA	Greubel's Mixed Martial Arts	Augusta	https://www.greubelsmma.com/	Y			https://www.greubelsmma.com/	HAS_STORED	2917 Riverwest Dr. Suite 105			snippets/tjjm-gyms-data-24.liquid
GA	GA	Terra Guerra Jiu Jitsu	Augusta	https://www.terraguerrajj.com/	Y			https://www.terraguerrajj.com/	HAS_STORED	266 Bobby Jones Expy Suite #16			snippets/tjjm-gyms-data-24.liquid
GA	GA	Port City Jiu Jitsu	Bainbridge		Y				EMPTY_STORED|RENDERS_BLANK	711 E Calhoun St			snippets/tjjm-gyms-data-25.liquid
GA	GA	Southeast Jiu Jitsu	Baxley	https://www.facebook.com/southeastjiujitsu/	Y			https://www.facebook.com/southeastjiujitsu/	HAS_STORED	51 NE Park Avenue			snippets/tjjm-gyms-data-25.liquid
GA	GA	Hybrid Fitness MMA	Between		Y				EMPTY_STORED|RENDERS_BLANK	212 W Spring St			snippets/tjjm-gyms-data-25.liquid
GA	GA	Iron Forge Jiu Jitsu	Blackshear	https://www.facebook.com/IronForgeJiuJitsu/	Y			https://www.facebook.com/IronForgeJiuJitsu/	HAS_STORED	3412 US Highway 84			snippets/tjjm-gyms-data-25.liquid
GA	GA	Gracie Barra Blue Ridge	Blue Ridge	https://graciebarra.com/blue-ridge-ga/	Y			https://graciebarra.com/blue-ridge-ga/	HAS_STORED	21 High Park Dr			snippets/tjjm-gyms-data-25.liquid
GA	GA	Gracie Jiu-Jitsu Athens at American Black Belt Academy	Bogart	http://www.athensjiujitsu.com/	Y			http://www.athensjiujitsu.com/	HAS_STORED	165 Ben Burton Rd Ste D			snippets/tjjm-gyms-data-25.liquid
GA	GA	Miller Martial Arts (American Top Team Warner Robins)	Bonaire	https://millermartialarts.us	Y			https://millermartialarts.us	HAS_STORED	405 Hwy 96 Suite 700			snippets/tjjm-gyms-data-25.liquid
GA	GA	Iron Wolf Academy	Braselton		Y				EMPTY_STORED|RENDERS_BLANK	1247 Tuscany Dr Suite D			snippets/tjjm-gyms-data-25.liquid
GA	GA	Buckhead Fight Club	Brookhaven	https://www.buckheadfightclub.com/	Y			https://www.buckheadfightclub.com/	HAS_STORED	3293 Buford Hwy NE, Suite 500			snippets/tjjm-gyms-data-24.liquid
GA	GA	Brunswick BJJ	Brunswick	https://brunswickbjj.com	Y			https://brunswickbjj.com	HAS_STORED			Y	snippets/tjjm-gyms-data.liquid
GA	GA	Devine Jiu Jitsu - Brunswick	Brunswick	https://www.devinejiujitsu.com/schools/brunswick/	Y			https://www.devinejiujitsu.com/schools/brunswick/	HAS_STORED	355 Mall Blvd			snippets/tjjm-gyms-data-25.liquid
GA	GA	Legacy MMA Club	Buford	http://www.legacymmaclub.com/	Y			http://www.legacymmaclub.com/	HAS_STORED	4965 Lanier Islands Pkwy #109			snippets/tjjm-gyms-data-24.liquid
GA	GA	Straight Blast Gym Buford	Buford	https://sbgatlanta.com/locations/sbg-buford/	Y			https://sbgatlanta.com/locations/sbg-buford/	HAS_STORED	1605 Buford Hwy NE Suite N			snippets/tjjm-gyms-data-24.liquid
GA	GA	Underground Martial Arts & Fitness LLC	Buford	https://www.ukamartialarts.com/	Y			https://www.ukamartialarts.com/	HAS_STORED	4805 S Lee St			snippets/tjjm-gyms-data-24.liquid
GA	GA	Burton Brazilian Jiu Jitsu	Byron	https://www.burtonbrazilianjiujitsu.com/	Y			https://www.burtonbrazilianjiujitsu.com/	HAS_STORED	110 Gralan Dr B			snippets/tjjm-gyms-data-25.liquid
GA	GA	Carrollton BJJ	Carrollton	https://carrolltonbjj.com	Y			https://carrolltonbjj.com	HAS_STORED			Y	snippets/tjjm-gyms-data.liquid
GA	GA	AllAmbition Brazilian Jiu Jitsu	Cartersville	http://allambitionbjj.com/	Y			http://allambitionbjj.com/	HAS_STORED	121 E Felton Rd			snippets/tjjm-gyms-data-25.liquid
GA	GA	Team Octopus Cartersville	Cartersville	http://mmaatl.com/	Y			http://mmaatl.com/	HAS_STORED	801 West Avenue			snippets/tjjm-gyms-data-25.liquid
GA	GA	Fit to Fight Atlanta	Chamblee	http://www.ftfatl.com/	Y			http://www.ftfatl.com/	HAS_STORED	3308 Laventure Dr B160			snippets/tjjm-gyms-data-25.liquid
GA	GA	Team Octopus Chamblee	Chamblee	https://mmaatl.com/get-started/	Y			https://mmaatl.com/get-started/	HAS_STORED	3695 Longview Drive, Suite #A			snippets/tjjm-gyms-data-25.liquid
GA	GA	Columbus BJJ	Columbus	https://columbusbjj.com	Y			https://columbusbjj.com	HAS_STORED			Y	snippets/tjjm-gyms-data.liquid
GA	GA	Apex MMA Covington	Covington	http://www.apexconyers.com/	Y			http://www.apexconyers.com/	HAS_STORED	288 County Line Rd W			snippets/tjjm-gyms-data-25.liquid
GA	GA	Ruff House Boxing and MMA	Covington	https://www.ruffhouseboxing.com/	Y		websites-2		HAS_STORED+BLANKED|RENDERS_BLANK	4111A West Robinson St			snippets/tjjm-gyms-data-25.liquid
GA	GA	Ascension Mixed Martial Arts (Cumming)	Cumming	https://ascensionmma.com/	Y			https://ascensionmma.com/	HAS_STORED	2 Tri-County Plaza			snippets/tjjm-gyms-data-24.liquid
GA	GA	GB South Forsyth	Cumming	https://graciebarra.com/cumming-ga/	Y			https://graciebarra.com/cumming-ga/	HAS_STORED	4415 Front 9 Dr Suite 400			snippets/tjjm-gyms-data-24.liquid
GA	GA	Prime Combat Sports	Cumming		Y				EMPTY_STORED|RENDERS_BLANK	4415 Front 9 Dr #500			snippets/tjjm-gyms-data-24.liquid
GA	GA	Raven Brazilian Jiu-Jitsu	Cumming	http://ravenjiujitsu.com/contact/	Y			http://ravenjiujitsu.com/contact/	HAS_STORED	110 Industrial Park Dr			snippets/tjjm-gyms-data-24.liquid
GA	GA	World Jiu-Jitsu Academy	Cumming	http://worldjiujitsuatlanta.com/	Y		websites-2		HAS_STORED+BLANKED|RENDERS_BLANK	433 Canton Road #313			snippets/tjjm-gyms-data-24.liquid
GA	GA	Alex Daltro Jiu-Jitsu	Dacula	https://www.facebook.com/Alexdaltrojiujitsu-104683961825611	Y			https://www.facebook.com/Alexdaltrojiujitsu-104683961825611	HAS_STORED	1342 Auburn Rd			snippets/tjjm-gyms-data-25.liquid
GA	GA	Dalton BJJ	Dalton	https://daltonbjj.com	Y			https://daltonbjj.com	HAS_STORED			Y	snippets/tjjm-gyms-data.liquid
GA	GA	G1 Martial Arts, Krav Maga, & Brazilian Jiu Jitsu	Dalton	https://www.g1martialarts.com/	Y			https://www.g1martialarts.com/	HAS_STORED	2962 Cleveland Hwy Suite #5			snippets/tjjm-gyms-data-24.liquid
GA	GA	North Georgia Hayastan MMA Academy	Dalton	http://www.teamhayastan.com	Y			http://www.teamhayastan.com	HAS_STORED	2104 E. Morris St			snippets/tjjm-gyms-data-24.liquid
GA	GA	Veritas Brazilian Jiu-Jitsu - Kuzushi Club Dalton	Dalton	http://veritasbjj.com/	Y			http://veritasbjj.com/	HAS_STORED	801 Walnut Ave			snippets/tjjm-gyms-data-24.liquid
GA	GA	GB Dawsonville	Dawsonville	http://gbdawsonville.com/	Y			http://gbdawsonville.com/	HAS_STORED				snippets/tjjm-gyms-data-25.liquid
GA	GA	Gracie Jiu-Jitsu Decatur	Decatur	http://graciedecatur.com/	Y			http://graciedecatur.com/	HAS_STORED	2959 E Ponce de Leon Ave			snippets/tjjm-gyms-data-25.liquid
GA	GA	Tiger Academy Gracie Atlanta	Decatur	https://gracieatlanta.com	Y			https://gracieatlanta.com	HAS_STORED			Y	snippets/tjjm-gyms-data.liquid
GA	GA	Tsunami MMA	Decatur	https://www.tsunamimma.co/	Y			https://www.tsunamimma.co/	HAS_STORED	2734 E Ponce de Leon Ave			snippets/tjjm-gyms-data-25.liquid
GA	GA	KnuckleUp MMA & Fitness	Douglasville	http://www.knuckleupfitness.com/	Y			http://www.knuckleupfitness.com/	HAS_STORED	4040 Chapel Hill Rd			snippets/tjjm-gyms-data-25.liquid
GA	GA	Alliance Martial Arts Center	Dunwoody	http://www.alliancebjj.com/	Y			http://www.alliancebjj.com/	HAS_STORED	4630 North Shallowford Rd			snippets/tjjm-gyms-data-25.liquid
GA	GA	Tect Center	Eastman		Y				EMPTY_STORED|RENDERS_BLANK	5110 2nd Ave			snippets/tjjm-gyms-data-25.liquid
GA	GA	GB Ellijay	Ellijay	https://graciebarra.com/ellijay-ga/	Y			https://graciebarra.com/ellijay-ga/	HAS_STORED	81 Ward Ln			snippets/tjjm-gyms-data-25.liquid
GA	GA	Full Throttle Fitness	Flowery Branch	http://www.fullthrottleoakwood.com/	Y		websites-2		HAS_STORED+BLANKED|RENDERS_BLANK	3616 Atlanta Hwy Suite 900			snippets/tjjm-gyms-data-25.liquid
GA	GA	Blalock International Mixed Martial Arts Academy	Fort Oglethorpe	http://www.blalocksimb.com/	Y		websites-2		HAS_STORED+BLANKED|RENDERS_BLANK	747 Battlefield Pkwy			snippets/tjjm-gyms-data-25.liquid
GA	GA	Absolute Martial Arts	Gainesville		Y				EMPTY_STORED|RENDERS_BLANK	565 Shallowford Rd Unit 3			snippets/tjjm-gyms-data-24.liquid
GA	GA	Gainesville BJJ Georgia	Gainesville	https://gainesvillebjjga.com	Y			https://gainesvillebjjga.com	HAS_STORED			Y	snippets/tjjm-gyms-data.liquid
GA	GA	Gracie Barra Gainesville	Gainesville	https://www.gbgainesville.com/	Y		websites-2		HAS_STORED+BLANKED|RENDERS_BLANK	2197 Dawsonville Hwy Suite B			snippets/tjjm-gyms-data-24.liquid
GA	GA	Team Doan Jiu Jitsu Gainesville & Fitness	Gainesville	http://www.teamdoan.com/	Y			http://www.teamdoan.com/	HAS_STORED	470 Woodsmill Rd Suite A			snippets/tjjm-gyms-data-24.liquid
GA	GA	Anchor Jiu Jitsu & Fitness	Griffin	https://anchorjiujitsu.com/	Y			https://anchorjiujitsu.com/	HAS_STORED	1114 Zebulon Rd			snippets/tjjm-gyms-data-24.liquid
GA	GA	Praxis MMA	Griffin		Y				EMPTY_STORED|RENDERS_BLANK	649 Griffin Park Rd			snippets/tjjm-gyms-data-24.liquid
GA	GA	Wolfhunter Jiu Jitsu Club	Griffin	https://wolfhunterjjc.com	Y			https://wolfhunterjjc.com	HAS_STORED	1457A Experiment Street			snippets/tjjm-gyms-data-24.liquid
GA	GA	Greubel's MMA of Grovetown	Grovetown	http://grovetownmartialarts.com/	Y			http://grovetownmartialarts.com/	HAS_STORED	619 E Robinson Ave			snippets/tjjm-gyms-data-25.liquid
GA	GA	Liberty Jiu-Jitsu Grovetown	Grovetown	http://libertybjj.community/	Y			http://libertybjj.community/	HAS_STORED	5045 Parham Road Unit 10			snippets/tjjm-gyms-data-25.liquid
GA	GA	Ohana Jiu-Jitsu	Hahira	https://ohanajiu-jitsu.com/	Y			https://ohanajiu-jitsu.com/	HAS_STORED	106 South Church St			snippets/tjjm-gyms-data-25.liquid
GA	GA	Pit Bull MMA	Hinesville	http://www.pitbullmma.org/	Y			http://www.pitbullmma.org/	HAS_STORED	445 Elma G Miles Pkwy Ste 101-102			snippets/tjjm-gyms-data-25.liquid
GA	GA	Team Kalista Martial Arts	Hinesville	http://teamkalistamartialarts.wodify.com/	Y			http://teamkalistamartialarts.wodify.com/	HAS_STORED	809 Willowbrook Dr Suite 112			snippets/tjjm-gyms-data-25.liquid
GA	GA	Rolling Panda Brazilian Jiu Jitsu	Hiram	https://www.rollingpandabjj.com	Y			https://www.rollingpandabjj.com	HAS_STORED	10 Sparks Dr			snippets/tjjm-gyms-data-25.liquid
GA	GA	Invictus Brazilian Jiu Jitsu & Defensive Arts	Hoboken	http://invictusbjj.online/	Y		websites-2		HAS_STORED+BLANKED|RENDERS_BLANK	4869 W Main St Suite D			snippets/tjjm-gyms-data-25.liquid
GA	GA	Francis Fong Martial Arts Academy (Gracie BJJ)	Johns Creek	http://www.francisfongacademy.com/	Y			http://www.francisfongacademy.com/	HAS_STORED	11035 Medlock Bridge Rd #10			snippets/tjjm-gyms-data-25.liquid
GA	GA	SPARTAK Atlanta - Judo, BJJ, and Fitness	Johns Creek	https://www.spartakatl.com/	Y			https://www.spartakatl.com/	HAS_STORED	11130 State Bridge Rd Suite B105-106			snippets/tjjm-gyms-data-25.liquid
GA	GA	X3 Sports - North Marietta	Jonesboro	https://x3sports.com/sign-up-for-a-free-class/	Y			https://x3sports.com/sign-up-for-a-free-class/	HAS_STORED	10147 Tara Blvd			snippets/tjjm-gyms-data-24.liquid
GA	GA	Southpaw Fitness	Kathleen	https://www.southpawfitness.com/	Y			https://www.southpawfitness.com/	HAS_STORED	820A GA-247 Suite 2			snippets/tjjm-gyms-data-25.liquid
GA	GA	Ascension MMA	Kennesaw	https://ascensionmma.com	Y			https://ascensionmma.com	HAS_STORED			Y	snippets/tjjm-gyms-data.liquid
GA	GA	Rise Up BJJ	Kennesaw	https://www.riseupbjj.com/	Y			https://www.riseupbjj.com/	HAS_STORED	3940 Cherokee Street NW Suite 201			snippets/tjjm-gyms-data-25.liquid
GA	GA	Striker Fight Center	Kennesaw	http://www.strikerfightmma.com/	Y			http://www.strikerfightmma.com/	HAS_STORED	771 Shallowford Rd. Suite 214			snippets/tjjm-gyms-data-24.liquid
GA	GA	LaGrange BJJ	LaGrange	https://lagrangebjj.com	Y			https://lagrangebjj.com	HAS_STORED			Y	snippets/tjjm-gyms-data.liquid
GA	GA	American Top Team of Gwinnett	Lawrenceville	https://attofgwinnett.com/	Y			https://attofgwinnett.com/	HAS_STORED	3315 Sugarloaf Pkwy			snippets/tjjm-gyms-data-24.liquid
GA	GA	GB Lawrenceville	Lawrenceville	https://graciebarra.com/lawrenceville-ga/	Y			https://graciebarra.com/lawrenceville-ga/	HAS_STORED	2100 Riverside Parkway			snippets/tjjm-gyms-data-24.liquid
GA	GA	Gwinnett Training Academy	Lawrenceville	http://www.gwinnetttrainingacademy.com/	Y		websites-2		HAS_STORED+BLANKED|RENDERS_BLANK	3315 Sugarloaf Pkwy #7			snippets/tjjm-gyms-data-24.liquid
GA	GA	Monsuta Jiu-Jitsu Academy	Lawrenceville	https://monsuta-jiu-jitsu-academy.business.site/	Y			https://monsuta-jiu-jitsu-academy.business.site/	HAS_STORED	120 Gloster Rd NW Suite 1			snippets/tjjm-gyms-data-24.liquid
GA	GA	Rodriguez MMA	Lawrenceville		Y				EMPTY_STORED|RENDERS_BLANK	485 Buford Dr #200			snippets/tjjm-gyms-data-24.liquid
GA	GA	Team Mongoose BJJ	Lawrenceville	http://mongoosejiujitsu.com/	Y			http://mongoosejiujitsu.com/	HAS_STORED	1154 Lawrenceville Hwy, Ste 202			snippets/tjjm-gyms-data-24.liquid
GA	GA	Black Sheep MMA	Leesburg	http://www.blacksheep-mma.com/	Y			http://www.blacksheep-mma.com/	HAS_STORED	451 US Hwy 19 S, Suite C			snippets/tjjm-gyms-data-24.liquid
GA	GA	Macon BJJ	Macon	https://maconbjj.com	Y			https://maconbjj.com	HAS_STORED			Y	snippets/tjjm-gyms-data.liquid
GA	GA	Macon Jiu Jitsu Academy	Macon		Y				EMPTY_STORED|RENDERS_BLANK	3258 Vineville Ave			snippets/tjjm-gyms-data-24.liquid
GA	GA	Rush MMA	Macon	http://rushmma.com/	Y			http://rushmma.com/	HAS_STORED	4547 Knight Rd Suite 1			snippets/tjjm-gyms-data-24.liquid
GA	GA	Advantage Jiu-Jitsu and Self Defense	Marietta	https://www.advantagejj.com/	Y		websites-2		HAS_STORED+BLANKED|RENDERS_BLANK	3951 Mary Eliza Trace NW			snippets/tjjm-gyms-data-24.liquid
GA	GA	Atos Atlanta Brazilian Jiu-Jitsu	Marietta	http://www.atosbjj-atl.com/	Y			http://www.atosbjj-atl.com/	HAS_STORED	3101 Roswell Rd Suite 120			snippets/tjjm-gyms-data-24.liquid
GA	GA	Borges Brazilian Jiu-Jitsu	Marietta	http://borgesbjj.com	Y			http://borgesbjj.com	HAS_STORED	2800 Canton Rd, Suite 400			snippets/tjjm-gyms-data-24.liquid
GA	GA	East Cobb Martial Arts	Marietta	http://www.eastcobbma.com/	Y		websites-2		HAS_STORED+BLANKED|RENDERS_BLANK	2635 Sandy Plains Rd, Suite 106			snippets/tjjm-gyms-data-24.liquid
GA	GA	Fusion MMA	Marietta	http://fusionfitnessandmma.com/	Y			http://fusionfitnessandmma.com/	HAS_STORED	1075 Whitlock Ave. Suite E			snippets/tjjm-gyms-data-24.liquid
GA	GA	Kenny Kim BJJ	Marietta	https://kennykimbjj.com/	Y			https://kennykimbjj.com/	HAS_STORED	800 Whitlock Ave			snippets/tjjm-gyms-data-24.liquid
GA	GA	X3 Sports Marietta	Marietta	http://x3sports.com/	Y			http://x3sports.com/	HAS_STORED	2343 Windy Hill Rd			snippets/tjjm-gyms-data-24.liquid
GA	GA	Independent MMA & Fitness	McDonough	http://www.independentmmafitness.com/	Y			http://www.independentmmafitness.com/	HAS_STORED	235 McDonough Pkwy			snippets/tjjm-gyms-data-25.liquid
GA	GA	Smith Brazilian Jiu-Jitsu	McDonough	https://www.smithbjj.com/	Y			https://www.smithbjj.com/	HAS_STORED	1461 Hwy 20 W			snippets/tjjm-gyms-data-25.liquid
GA	GA	Serra BJJ Milledgeville	Milledgeville	http://www.trainwithmamma.com/	Y			http://www.trainwithmamma.com/	HAS_STORED	1067 South Wayne St			snippets/tjjm-gyms-data-25.liquid
GA	GA	Moultrie BJJ	Moultrie	https://moultriebjj.com	Y			https://moultriebjj.com	HAS_STORED			Y	snippets/tjjm-gyms-data.liquid
GA	GA	Gracie Jiu-Jitsu Newnan	Newnan	https://www.gracienewnan.com/	Y			https://www.gracienewnan.com/	HAS_STORED	26 West Court Square			snippets/tjjm-gyms-data-25.liquid
GA	GA	Independent MMA & Fitness of Newnan	Newnan	https://independentmmafitness-newnan.com/	Y			https://independentmmafitness-newnan.com/	HAS_STORED	40 Greenway Ct			snippets/tjjm-gyms-data-25.liquid
GA	GA	Diego Saraiva BJJ - Nova Uniao Atlanta GA	Norcross	https://saraivabjj.com/	Y			https://saraivabjj.com/	HAS_STORED	6290 McDonough Dr NW, Suite H			snippets/tjjm-gyms-data-25.liquid
GA	GA	Nucleus Brazilian Jiu Jitsu	Norcross	https://nucleusbjj.com	Y			https://nucleusbjj.com	HAS_STORED	6375 Spalding Dr			snippets/tjjm-gyms-data-25.liquid
GA	GA	SBG Atlanta	Norcross	https://sbgatlanta.com	Y			https://sbgatlanta.com	HAS_STORED			Y	snippets/tjjm-gyms-data.liquid
GA	GA	Gracie Jiu-Jitsu Balance Academy	Peachtree City	http://www.graciebalance.com/	Y			http://www.graciebalance.com/	HAS_STORED	277 N. Highway 74, Suite 110			snippets/tjjm-gyms-data-25.liquid
GA	GA	PTC Combat Fitness	Peachtree City	http://ptccombatfitness.com/	Y			http://ptccombatfitness.com/	HAS_STORED	655 Dividend Drive Suite 425			snippets/tjjm-gyms-data-25.liquid
GA	GA	10th Planet Jiu Jitsu Perry	Perry	http://www.10thplanetperry.com/	Y			http://www.10thplanetperry.com/	HAS_STORED	1201 Main St			snippets/tjjm-gyms-data-25.liquid
GA	GA	Coastal Combatives	Pooler	http://www.coastalcombatives.com/	Y			http://www.coastalcombatives.com/	HAS_STORED	45 Columbia Drive Suite 300			snippets/tjjm-gyms-data-25.liquid
GA	GA	Redline MMA	Pooler	http://www.redlinemma.com/	Y		websites-1		HAS_STORED+BLANKED|RENDERS_BLANK	428 US Highway 80 E			snippets/tjjm-gyms-data-25.liquid
GA	GA	Tekniques Brazilian Jiu-Jitsu & Fitness	Powder Springs	http://www.tekniquesbjj.com/	Y		websites-2		HAS_STORED+BLANKED|RENDERS_BLANK	5780 CH James Pkwy, Suite 130			snippets/tjjm-gyms-data-25.liquid
GA	GA	Alliance Richmond Hill Brazilian Jiu Jitsu	Richmond Hill	https://www.facebook.com/Alliance-Savannah-Richmond-Hill-Brazilian-Jiu-Jitsu-345133652772330/	Y			https://www.facebook.com/Alliance-Savannah-Richmond-Hill-Brazilian-Jiu-Jitsu-345133652772330/	HAS_STORED	11262 Ford Ave			snippets/tjjm-gyms-data-25.liquid
GA	GA	KravHIIT Martial Arts & Fitness Academy	Rincon	https://kravhiit.us/	Y			https://kravhiit.us/	HAS_STORED	5940 GA-21			snippets/tjjm-gyms-data-25.liquid
GA	GA	Rome BJJ Georgia	Rome	https://romebjjga.com	Y			https://romebjjga.com	HAS_STORED			Y	snippets/tjjm-gyms-data.liquid
GA	GA	Scramble Brazilian Jiu Jitsu and Wrestling	Rome	https://scramblebrazilianjiujitsuandwrestling.blogspot.com/	Y			https://scramblebrazilianjiujitsuandwrestling.blogspot.com/	HAS_STORED	216 Broad St			snippets/tjjm-gyms-data-25.liquid
GA	GA	Academy of Athletics (AOA)	Rossville	http://www.facebook.com/ChallengeBringsChange/	Y			http://www.facebook.com/ChallengeBringsChange/	HAS_STORED	506 Chickamauga Ave			snippets/tjjm-gyms-data-25.liquid
GA	GA	Agoge Combatives	Rossville	http://www.agogecombatives.com/	Y			http://www.agogecombatives.com/	HAS_STORED	95 Hunt Dr			snippets/tjjm-gyms-data-25.liquid
GA	GA	Alliance Jiu Jitsu Roswell	Roswell	https://alliancejiujitsuroswell.com	Y			https://alliancejiujitsuroswell.com	HAS_STORED			Y	snippets/tjjm-gyms-data.liquid
GA	GA	Diego Saraiva BJJ - Roswell/Crabapple GA	Roswell	https://saraivabjjroswell.com/	Y			https://saraivabjjroswell.com/	HAS_STORED	10500 Alpharetta Hwy Suite 10502A			snippets/tjjm-gyms-data-24.liquid
GA	GA	Hokutoryu	Roswell	http://usajutsu.com/	Y			http://usajutsu.com/	HAS_STORED	11516 Woodstock Rd			snippets/tjjm-gyms-data-24.liquid
GA	GA	Jiu Jitsu Roswell	Roswell	http://jiujitsuroswell.com/	Y			http://jiujitsuroswell.com/	HAS_STORED	925 Woodstock Rd Suite 102B			snippets/tjjm-gyms-data-24.liquid
GA	GA	True Strength MMA	Roswell	http://www.truestrengthmma.com/	Y			http://www.truestrengthmma.com/	HAS_STORED	100 Norcross St Suite E			snippets/tjjm-gyms-data-24.liquid
GA	GA	Knuckle Up Fitness	Sandy Springs	http://www.knuckleupfitness.com/	Y			http://www.knuckleupfitness.com/	HAS_STORED	4540 Roswell Rd			snippets/tjjm-gyms-data-25.liquid
GA	GA	Team Octopus Sandy Springs	Sandy Springs	http://mmaatl.com/	Y			http://mmaatl.com/	HAS_STORED	6450 Roswell Rd Suite C			snippets/tjjm-gyms-data-25.liquid
GA	GA	Champions Training Center	Savannah	http://www.ctcsavannah.com	Y			http://www.ctcsavannah.com	HAS_STORED	4511 Montgomery St			snippets/tjjm-gyms-data-24.liquid
GA	GA	Constant Expansion Jiu Jitsu / MMA	Savannah	https://www.10psav.com	Y			https://www.10psav.com	HAS_STORED	302 W Victory Dr Unit B			snippets/tjjm-gyms-data-24.liquid
GA	GA	Devine Jiu Jitsu Savannah & Five Star Wrestling	Savannah	http://fivestarsavannah.com/	Y			http://fivestarsavannah.com/	HAS_STORED	4307 Ogeechee Rd Suite 101			snippets/tjjm-gyms-data-24.liquid
GA	GA	Gracie Jiu-Jitsu Savannah	Savannah	https://www.gjjsav.com	Y			https://www.gjjsav.com	HAS_STORED	904 E 70th St			snippets/tjjm-gyms-data-24.liquid
GA	GA	Renzo Gracie Savannah	Savannah	https://renzograciesavannah.com	Y			https://renzograciesavannah.com	HAS_STORED			Y	snippets/tjjm-gyms-data.liquid
GA	GA	SERG Brazilian Jiu Jitsu and Fitness	Savannah	http://www.sergbjj.com/	Y			http://www.sergbjj.com/	HAS_STORED	401 Mall Blvd			snippets/tjjm-gyms-data-24.liquid
GA	GA	Savannah Combat Club	Savannah	http://savannahcombatclub.com/	Y			http://savannahcombatclub.com/	HAS_STORED	715 E 37th St			snippets/tjjm-gyms-data-24.liquid
GA	GA	Atlanta Budokan	Smyrna	http://www.atlantabudokan.com/	Y		websites-2		HAS_STORED+BLANKED|RENDERS_BLANK	2508 Cobb Pkwy SE			snippets/tjjm-gyms-data-24.liquid
GA	GA	Jinsendo Martial Arts	Smyrna	https://www.jinsendo.com/	Y			https://www.jinsendo.com/	HAS_STORED	1600 Roswell St NE Suite 1			snippets/tjjm-gyms-data-24.liquid
GA	GA	Tonchu Martial Arts Academy	Smyrna	http://www.tonchumartialarts.com/	Y			http://www.tonchumartialarts.com/	HAS_STORED	3599 Atlanta Rd Suite A-9			snippets/tjjm-gyms-data-24.liquid
GA	GA	Helix Brazilian Jiu-Jitsu	Snellville	https://www.facebook.com/helixbjj/	Y			https://www.facebook.com/helixbjj/	HAS_STORED	2073 Westside Ct A			snippets/tjjm-gyms-data-25.liquid
GA	GA	Fit to Fight Georgia	Statesboro		Y				EMPTY_STORED|RENDERS_BLANK	1263 S&S Railroad Bed Trail			snippets/tjjm-gyms-data-25.liquid
GA	GA	Hanto Jiu-Jitsu Academy	Statesboro	https://hantojiu-jitsuacademy.com/	Y			https://hantojiu-jitsuacademy.com/	HAS_STORED	409 Clairborne Ave			snippets/tjjm-gyms-data-25.liquid
GA	GA	Statesboro BJJ	Statesboro	https://statesborobjj.com	Y			https://statesborobjj.com	HAS_STORED			Y	snippets/tjjm-gyms-data.liquid
GA	GA	Elite Academy of Martial Arts	Stone Mountain	https://eliteacademyofmartialarts.com/	Y			https://eliteacademyofmartialarts.com/	HAS_STORED	1835 E Park Pl Blvd Suite 115			snippets/tjjm-gyms-data-25.liquid
GA	GA	Temporal Brazilian Jiu Jitsu Academy	Stonecrest	http://www.temporalbjj.com/	Y			http://www.temporalbjj.com/	HAS_STORED	8052 Mall Pkwy Suite 203			snippets/tjjm-gyms-data-25.liquid
GA	GA	Kyle Fogel Brazilian Jiu Jitsu	Sugar Hill	https://sugarhillbjj.com/	Y			https://sugarhillbjj.com/	HAS_STORED	5009 W Broad St NE			snippets/tjjm-gyms-data-25.liquid
GA	GA	Legacy MMA Club Sugar Hill	Sugar Hill	http://www.legacymmaclub.com/	Y			http://www.legacymmaclub.com/	HAS_STORED	225 Peachtree Industrial Blvd Suite 105			snippets/tjjm-gyms-data-25.liquid
GA	GA	Creighton MMA & Fitness Academy	Suwanee	https://paulcreighton.com/	Y			https://paulcreighton.com/	HAS_STORED	460 Brogdon Road, Suite 200			snippets/tjjm-gyms-data-25.liquid
GA	GA	Sylvester Jiu-Jitsu Academy	Sylvester	http://sylvesterjiujitsu.com/	Y		websites-2		HAS_STORED+BLANKED|RENDERS_BLANK	101B N Washington St			snippets/tjjm-gyms-data-25.liquid
GA	GA	Redemption Martial Arts Academy	Tifton	http://www.martialartstifton.com/	Y		websites-2		HAS_STORED+BLANKED|RENDERS_BLANK	201 Central Ave			snippets/tjjm-gyms-data-25.liquid
GA	GA	Thrive Jiu Jitsu & Fitness	Tifton	http://www.thrivejj.com/	Y			http://www.thrivejj.com/	HAS_STORED	120 W 3rd St E			snippets/tjjm-gyms-data-25.liquid
GA	GA	American Top Team Valdosta	Valdosta	http://att229.com/	Y			http://att229.com/	HAS_STORED	4354 Valnorth Dr			snippets/tjjm-gyms-data-25.liquid
GA	GA	Valdosta BJJ	Valdosta	https://valdostabjj.com	Y			https://valdostabjj.com	HAS_STORED			Y	snippets/tjjm-gyms-data.liquid
GA	GA	Independent MMA & Fitness - Villa Rica	Villa Rica	https://www.independentvillarica.com/	Y		websites-2		HAS_STORED+BLANKED|RENDERS_BLANK	901 S Carroll Rd A			snippets/tjjm-gyms-data-25.liquid
GA	GA	Proboxing, MMA Villa Rica	Villa Rica	https://ifa-fitnessclass.business.site/	Y			https://ifa-fitnessclass.business.site/	HAS_STORED	Harlan Lane Rd			snippets/tjjm-gyms-data-25.liquid
GA	GA	Warner Robins BJJ	Warner Robins	https://warnerrobinsbjj.com	Y			https://warnerrobinsbjj.com	HAS_STORED			Y	snippets/tjjm-gyms-data.liquid
GA	GA	Zanshin South Gracie Jiu Jitsu	Warner Robins	http://www.zanshinsouthgraciejiujitsu.com/	Y		websites-2		HAS_STORED+BLANKED|RENDERS_BLANK	233 N Houston Road			snippets/tjjm-gyms-data-25.liquid
GA	GA	Megalodon MMA	Watkinsville	http://www.megalodonmma.com/	Y		websites-2		HAS_STORED+BLANKED|RENDERS_BLANK	1071 Jamestown Blvd, Unit E-7			snippets/tjjm-gyms-data-25.liquid
GA	GA	Southeast Martial Arts Center	Waycross	http://www.southeastmartialartscenter.com/	Y			http://www.southeastmartialartscenter.com/	HAS_STORED	515D S City Blvd			snippets/tjjm-gyms-data-25.liquid
GA	GA	ATL Fitness 24/7 Woodstock	Woodstock	https://www.mindbodyonline.com/explore/locations/tapout-fitness-woodstock	Y			https://www.mindbodyonline.com/explore/locations/tapout-fitness-woodstock	HAS_STORED	9820 Alabama Road Hwy 92			snippets/tjjm-gyms-data-24.liquid
GA	GA	Atlanta Martial Arts Center	Woodstock	http://www.atlantamartialartscenter.com/	Y			http://www.atlantamartialartscenter.com/	HAS_STORED	105 Smokehill Lane, Suite 170			snippets/tjjm-gyms-data-24.liquid
GA	GA	KODA Academy of Martial Arts	Woodstock	http://www.sakurabjj.com/	Y			http://www.sakurabjj.com/	HAS_STORED	1105 Parkside Ln Suite 1212			snippets/tjjm-gyms-data-24.liquid
GA	GA	Sakura BJJ	Woodstock	https://sakurabjj.com	Y			https://sakurabjj.com	HAS_STORED			Y	snippets/tjjm-gyms-data.liquid
HI	HI	CJJF Central	Aiea	https://cjjfcentral.com	Y			https://cjjfcentral.com	HAS_STORED	98-390 Kamehameha Highway Unit A, Aiea, HI 96701			snippets/tjjm-gyms-data-40.liquid
HI	HI	O2 Martial Arts Academy	Aiea	https://onzuka.com/o2maaweb/	Y			https://onzuka.com/o2maaweb/	HAS_STORED	98-019 Kamehameha Hwy, Suite 208A, Aiea, HI 96701			snippets/tjjm-gyms-data-40.liquid
HI	HI	Island Jiu Jitsu West	Ewa Beach	https://www.islandjiujitsuwest.com	Y			https://www.islandjiujitsuwest.com	HAS_STORED	91-902 Fort Weaver Road, Ewa Beach, HI 96706			snippets/tjjm-gyms-data-40.liquid
HI	HI	Maui Jiu-Jitsu Academy	Haiku	https://mauijiujitsu.com	Y			https://mauijiujitsu.com	HAS_STORED	810 Haiku Rd Unit 230, Haiku, HI 96708			snippets/tjjm-gyms-data-40.liquid
HI	HI	BJ Penn MMA	Hilo	https://bjpennmma.com	Y		websites-2		HAS_STORED+BLANKED|RENDERS_BLANK			Y	snippets/tjjm-gyms-data.liquid
HI	HI	UFC GYM Hilo	Hilo	https://www.ufcgym.com/locations/hilo	Y			https://www.ufcgym.com/locations/hilo	HAS_STORED	777 Kinoole St, Hilo, HI 96720			snippets/tjjm-gyms-data-40.liquid
HI	HI	Caveirinha Jiu-Jitsu Family Hawaii Kai	Honolulu	https://www.cjjfhawaii.com	Y			https://www.cjjfhawaii.com	HAS_STORED	377 Keahole Street #D-1D, Honolulu, HI 96825			snippets/tjjm-gyms-data-40.liquid
HI	HI	Gracie Allegiance Honolulu	Honolulu	https://honolulubjj.com	Y			https://honolulubjj.com	HAS_STORED				snippets/tjjm-gyms-data-40.liquid
HI	HI	Gracie Barra Aloha Stadium	Honolulu	https://graciebarra.com/honolulu-hi	Y			https://graciebarra.com/honolulu-hi	HAS_STORED	4510 Salt Lake Blvd, Honolulu, HI 96818			snippets/tjjm-gyms-data-40.liquid
HI	HI	Gracie Technics Hawaii	Honolulu	https://gracietechnics.com	Y			https://gracietechnics.com	HAS_STORED			Y	snippets/tjjm-gyms-data.liquid
HI	HI	HNL Jiu Jitsu Academy	Honolulu	https://www.hnljiujitsuacademy.com	Y			https://www.hnljiujitsuacademy.com	HAS_STORED	7192 Kalanianaole Highway Suite C-200, Honolulu, HI 96825			snippets/tjjm-gyms-data-40.liquid
HI	HI	Hawaii Academy of Brazilian Jiu-Jitsu	Honolulu	https://hawaiibjj.com	Y			https://hawaiibjj.com	HAS_STORED			Y	snippets/tjjm-gyms-data.liquid
HI	HI	Island Jiu-Jitsu	Honolulu	https://www.islandjiujitsu.com	Y			https://www.islandjiujitsu.com	HAS_STORED	760 Halekauwila Street, Honolulu, HI 96813			snippets/tjjm-gyms-data-40.liquid
HI	HI	Kansept Academy	Honolulu	https://kanseptacademy.com	Y			https://kanseptacademy.com	HAS_STORED	904 Kohou St Suite 201, Honolulu, HI 96817			snippets/tjjm-gyms-data-40.liquid
HI	HI	Mano Jiu Jitsu	Honolulu	https://www.manojiujitsu.com	Y			https://www.manojiujitsu.com	HAS_STORED	2752 Woodlawn Drive 2nd floor, Honolulu, HI 96822			snippets/tjjm-gyms-data-40.liquid
HI	HI	Purebred Jiu-Jitsu	Honolulu	https://purebredjiujitsu.com	Y		websites-2		HAS_STORED+BLANKED|RENDERS_BLANK			Y	snippets/tjjm-gyms-data.liquid
HI	HI	Relson Gracie Jiu-Jitsu Ronn Shiraki Academy	Honolulu	https://www.ronnshiraki.com	Y			https://www.ronnshiraki.com	HAS_STORED	737 Kapahulu Ave, Honolulu, HI 96816			snippets/tjjm-gyms-data-40.liquid
HI	HI	Relson Gracie Jiu-Jitsu Team HK	Honolulu	https://www.graciehonolulu.com	Y			https://www.graciehonolulu.com	HAS_STORED	1712 S King Street 2nd Fl #200, Honolulu, HI 96826			snippets/tjjm-gyms-data-40.liquid
HI	HI	Sapateiro Jiu Jitsu Academy	Honolulu	https://www.oahubjj.com	Y			https://www.oahubjj.com	HAS_STORED	560 N. Nimitz Hwy Suite 112A, Honolulu, HI 96817			snippets/tjjm-gyms-data-40.liquid
HI	HI	Technics Jiu-Jitsu Academy	Honolulu	https://www.gracietechnics.com	Y			https://www.gracietechnics.com	HAS_STORED	1222 Kaumualii St, Honolulu, HI 96817			snippets/tjjm-gyms-data-40.liquid
HI	HI	Maui BJJ Academy	Kahului	https://mauibjjacademy.com	Y		websites-2		HAS_STORED+BLANKED|RENDERS_BLANK			Y	snippets/tjjm-gyms-data.liquid
HI	HI	Maui Grappling Academy	Kahului	https://mauigrapplingacademy.com	Y			https://mauigrapplingacademy.com	HAS_STORED	180 East Wakea Avenue, Unit I, Kahului, HI 96732			snippets/tjjm-gyms-data-40.liquid
HI	HI	Gracie Jiu Jitsu Kailua	Kailua	https://graciejiujitsukailua.com	Y			https://graciejiujitsukailua.com	HAS_STORED	35 Kainehe St Suite 103, Kailua, HI 96734			snippets/tjjm-gyms-data-40.liquid
HI	HI	Kailua BJJ	Kailua	https://kailuabjj.com	Y			https://kailuabjj.com	HAS_STORED			Y	snippets/tjjm-gyms-data.liquid
HI	HI	Masters Martial Arts School	Kailua	https://mastersmartialartsschool.com	Y			https://mastersmartialartsschool.com	HAS_STORED	270 Kuulei Rd Suite 202, Kailua, HI 96734			snippets/tjjm-gyms-data-40.liquid
HI	HI	Exodus Martial Arts Academy	Kailua-Kona	https://exodusmaahawaii.squarespace.com	Y			https://exodusmaahawaii.squarespace.com	HAS_STORED	74-5599 Luhia Street, Suite E2, Kailua-Kona, HI 96740			snippets/tjjm-gyms-data-40.liquid
HI	HI	Foundation BJJ	Kailua-Kona	https://www.foundationbjj.net	Y			https://www.foundationbjj.net	HAS_STORED	73-5563 Olowalu St, Kailua-Kona, HI 96740			snippets/tjjm-gyms-data-40.liquid
HI	HI	Kona BJJ	Kailua-Kona	https://konabjj.com	Y		websites-2		HAS_STORED+BLANKED|RENDERS_BLANK			Y	snippets/tjjm-gyms-data.liquid
HI	HI	Shibui Dojo	Kailua-Kona		N				NO_W_KEY|RENDERS_BLANK	73-5619 Kauhola St Ste 105-106, Kailua-Kona, HI 96740			snippets/tjjm-gyms-data-40.liquid
HI	HI	The Process Martial Arts Academy	Kailua-Kona	https://www.theprocessmartialarts.com	Y			https://www.theprocessmartialarts.com	HAS_STORED	73-5590 Kauhola St, Kailua-Kona, HI 96740			snippets/tjjm-gyms-data-40.liquid
HI	HI	Hawaii Jiu Jitsu Lab	Kaneohe	https://hawaiijiujitsulab.com	Y			https://hawaiijiujitsulab.com	HAS_STORED	47-388 Hui Iwa St #11, Kaneohe, HI 96744			snippets/tjjm-gyms-data-40.liquid
HI	HI	K-Team Martial Arts	Kaneohe	https://k-team-martial-arts.com	Y			https://k-team-martial-arts.com	HAS_STORED	46-012 Alaloa Street 3rd Warehouse Unit, Kaneohe, HI 96744			snippets/tjjm-gyms-data-40.liquid
HI	HI	Bragiao BJJ MMA	Kapaa	https://www.mmaonkauai.com	Y			https://www.mmaonkauai.com	HAS_STORED	4-484 Kuhio Hwy #L4, Kapaa, HI 96746			snippets/tjjm-gyms-data-40.liquid
HI	HI	Gracie Barra Kapolei	Kapolei	https://graciebarra.com/kapolei-hi	Y			https://graciebarra.com/kapolei-hi	HAS_STORED	1019 Lauia St Bay 7, Kapolei, HI 96707			snippets/tjjm-gyms-data-40.liquid
HI	HI	TRXTR Studio	Kapolei	https://bjjkapolei.com	Y			https://bjjkapolei.com	HAS_STORED	2045 Lauwiliwili St 403, Kapolei, HI 96707			snippets/tjjm-gyms-data-40.liquid
HI	HI	House of Alameda Jiu Jitsu	Keaau	https://alamedajj.com	Y			https://alamedajj.com	HAS_STORED	16-212 Melekahiwa Place, Keaau, HI 96749			snippets/tjjm-gyms-data-40.liquid
HI	HI	Ohana Jiu Jitsu Academy	Kihei	https://www.ohanajiujitsumaui.com	Y			https://www.ohanajiujitsumaui.com	HAS_STORED	650 Lipoa Pkwy, Kihei, HI 96753			snippets/tjjm-gyms-data-40.liquid
HI	HI	Lihue BJJ	Lihue	https://lihuebjj.com	Y			https://lihuebjj.com	HAS_STORED			Y	snippets/tjjm-gyms-data.liquid
HI	HI	Lions BJJ Kauai	Lihue	https://kauaibjj.com	Y			https://kauaibjj.com	HAS_STORED	3205 Fujii Street, Lihue, HI 96766			snippets/tjjm-gyms-data-40.liquid
HI	HI	Fighting Arts Academy Hawaii	Maui	https://fightingartsacademyhi.com	Y		websites-2		HAS_STORED+BLANKED|RENDERS_BLANK			Y	snippets/tjjm-gyms-data.liquid
HI	HI	Pearl City BJJ	Pearl City	https://pearlcitybjj.com	Y			https://pearlcitybjj.com	HAS_STORED			Y	snippets/tjjm-gyms-data.liquid
HI	HI	United BJJ Hawaii	Pearl City	https://unitedbjjhawaii.com	Y			https://unitedbjjhawaii.com	HAS_STORED	1000 Kamehameha Hwy, Pearl City, HI 96782			snippets/tjjm-gyms-data-40.liquid
HI	HI	Central Oahu Jiu-Jitsu Academy	Wahiawa	https://www.graciehi.com	Y			https://www.graciehi.com	HAS_STORED	401 North Cane St. #A3, Wahiawa, HI 96786			snippets/tjjm-gyms-data-40.liquid
HI	HI	Mad Tiger Academy	Wahiawa	https://www.madtigerbjj.com	Y			https://www.madtigerbjj.com	HAS_STORED	249 Kellogg St, Wahiawa, HI 96786			snippets/tjjm-gyms-data-40.liquid
HI	HI	Hanaloa School of Jiu-Jitsu	Wailuku	http://www.hanaloaschoolofjiujitsu.com	Y			http://www.hanaloaschoolofjiujitsu.com	HAS_STORED	261 Hookahi Street, Wailuku, HI 96793			snippets/tjjm-gyms-data-40.liquid
HI	HI	Maui Kombat Academy	Wailuku	https://www.mauikombatacademy.com	Y			https://www.mauikombatacademy.com	HAS_STORED	1161 Main St, Wailuku, HI 96793			snippets/tjjm-gyms-data-40.liquid
HI	HI	United Team Maui	Wailuku	https://bjjwailuku.com	Y			https://bjjwailuku.com	HAS_STORED	37 Central Ave, Wailuku, HI 96793			snippets/tjjm-gyms-data-40.liquid
HI	HI	Wailuku BJJ	Wailuku	https://wailukubjj.com	Y			https://wailukubjj.com	HAS_STORED			Y	snippets/tjjm-gyms-data.liquid
HI	HI	West Kauai Jiu-Jitsu	Waimea	https://www.westkauaijiujitsu.com	Y			https://www.westkauaijiujitsu.com	HAS_STORED	Makana Training Center, 9935 Kaumualii Hwy, Waimea, HI 96796			snippets/tjjm-gyms-data-40.liquid
IA	IA	Alliance Ames Brazilian JiuJitsu	Ames	https://amesbrazilianjiu-jitsu.com	Y			https://amesbrazilianjiu-jitsu.com	HAS_STORED	104 Kellogg Ave, Ames, IA 50010			snippets/tjjm-gyms-data-39.liquid
IA	IA	Ames BJJ	Ames	https://amesbjj.com	Y			https://amesbjj.com	HAS_STORED			Y	snippets/tjjm-gyms-data.liquid
IA	IA	Elite Edge Gym Ankeny	Ankeny	https://eliteedgegym.com	Y			https://eliteedgegym.com	HAS_STORED	116 SE Lorenz Drive, Ankeny, IA 50021			snippets/tjjm-gyms-data-39.liquid
IA	IA	Breaking Point Jiu-Jitsu Bettendorf	Bettendorf	https://breakingpointbjj.com	Y			https://breakingpointbjj.com	HAS_STORED	6990 Competition Court, Bettendorf, IA 52722			snippets/tjjm-gyms-data-39.liquid
IA	IA	Burlington BJJ Iowa	Burlington	https://burlingtonbjjiowa.com	Y		websites-2		HAS_STORED+BLANKED|RENDERS_BLANK			Y	snippets/tjjm-gyms-data.liquid
IA	IA	Kutting Edge Jiu-Jitsu Academy	Burlington	https://www.kuttingedgejiujitsuacademy.com	Y			https://www.kuttingedgejiujitsuacademy.com	HAS_STORED				snippets/tjjm-gyms-data-39.liquid
IA	IA	Alliance Jiu Jitsu Iowa	Cedar Rapids	https://alliancejiujitsuiowa.com	Y		websites-2		HAS_STORED+BLANKED|RENDERS_BLANK			Y	snippets/tjjm-gyms-data.liquid
IA	IA	Hard Drive Performance Center	Cedar Rapids	https://harddriveperformance.com	Y			https://harddriveperformance.com	HAS_STORED	712 3rd Ave SE, Cedar Rapids, IA 52401			snippets/tjjm-gyms-data-39.liquid
IA	IA	Mission Athletics	Cedar Rapids	https://www.missionathletics.com	Y			https://www.missionathletics.com	HAS_STORED	5265 Rockwell Dr NE Ste 100, Cedar Rapids, IA 52402			snippets/tjjm-gyms-data-39.liquid
IA	IA	Tipping Point Brazilian Jiu Jitsu	Cedar Rapids	https://www.tippingpointbjj.com	Y			https://www.tippingpointbjj.com	HAS_STORED	5313 N Park Pl NE, Cedar Rapids, IA 52402			snippets/tjjm-gyms-data-39.liquid
IA	IA	Clinton BJJ Iowa	Clinton	https://clintonbjjiowa.com	Y		websites-2		HAS_STORED+BLANKED|RENDERS_BLANK			Y	snippets/tjjm-gyms-data.liquid
IA	IA	Iowa Top Team Boxing & Jiu-Jitsu	Clinton	https://www.iowatopteam.com	Y			https://www.iowatopteam.com	HAS_STORED	123 Main Ave, Clinton, IA 52732			snippets/tjjm-gyms-data-39.liquid
IA	IA	Precision Submission Grappling	Clive	https://www.precisionsubmissiongrappling.com	Y			https://www.precisionsubmissiongrappling.com	HAS_STORED	2023 NW 92nd Court Suite A, Clive, IA 50325			snippets/tjjm-gyms-data-39.liquid
IA	IA	Ascent Jiu Jitsu	Coralville	https://ascent-jiujitsu.com	Y			https://ascent-jiujitsu.com	HAS_STORED	708 5th St Ste 3, Coralville, IA 52241			snippets/tjjm-gyms-data-39.liquid
IA	IA	CBBJJ	Council Bluffs	https://www.cbbjj.com	Y			https://www.cbbjj.com	HAS_STORED	300 West Broadway Suite 112, Council Bluffs, IA 51503			snippets/tjjm-gyms-data-39.liquid
IA	IA	Council Bluffs BJJ	Council Bluffs	https://councilbluffsbjj.com	Y			https://councilbluffsbjj.com	HAS_STORED			Y	snippets/tjjm-gyms-data.liquid
IA	IA	Gracie Jiu-Jitsu Council Bluffs	Council Bluffs	https://graciecb.com	Y			https://graciecb.com	HAS_STORED	3415 W Broadway Suite C, Council Bluffs, IA 51501			snippets/tjjm-gyms-data-39.liquid
IA	IA	Breaking Point Jiu-Jitsu Davenport	Davenport	https://breakingpointbjj.com	Y			https://breakingpointbjj.com	HAS_STORED	3840 W River Dr, Davenport, IA 52802			snippets/tjjm-gyms-data-39.liquid
IA	IA	Fighting Gravity Jiu Jitsu	Davenport	https://fightinggravityjiujitsu.com	Y		websites-2		HAS_STORED+BLANKED|RENDERS_BLANK				snippets/tjjm-gyms-data.liquid
IA	IA	Tarpein's Dojo	Davenport	https://tarpeinsdojo.com	Y			https://tarpeinsdojo.com	HAS_STORED	235 West 35th Street, Davenport, IA 52806			snippets/tjjm-gyms-data-39.liquid
IA	IA	Decorah Martial Arts	Decorah	https://www.decorahmartialarts.com	Y			https://www.decorahmartialarts.com	HAS_STORED	216 W Water St, Decorah, IA 52101			snippets/tjjm-gyms-data-39.liquid
IA	IA	Des Moines Jiu-Jitsu Academy	Des Moines	https://iowabjj.com	Y			https://iowabjj.com	HAS_STORED	841 11th St, Des Moines, IA 50309			snippets/tjjm-gyms-data-39.liquid
IA	IA	Renzo Gracie Des Moines	Des Moines	https://renzograciedesmoines.com	Y			https://renzograciedesmoines.com	HAS_STORED	4711 University Ave, Des Moines, IA 50311			snippets/tjjm-gyms-data-39.liquid
IA	IA	Dubuque BJJ	Dubuque	https://dubuquebjj.com	Y			https://dubuquebjj.com	HAS_STORED			Y	snippets/tjjm-gyms-data.liquid
IA	IA	Dubuque Jiu-Jitsu	Dubuque	https://dubuquebjj.com	Y			https://dubuquebjj.com	HAS_STORED	3135 Cedar Crest Ridge Suite D			snippets/tjjm-gyms-data-39.liquid
IA	IA	Faiferlick Martial Arts	Fort Dodge	https://fortdodgemartialarts.com	Y			https://fortdodgemartialarts.com	HAS_STORED	326 South 25th Street, Fort Dodge, IA			snippets/tjjm-gyms-data-39.liquid
IA	IA	Fort Dodge BJJ	Fort Dodge	https://fortdodgebjj.com	Y			https://fortdodgebjj.com	HAS_STORED			Y	snippets/tjjm-gyms-data.liquid
IA	IA	Southside Martial Arts	Fort Dodge	https://southsidemartialarts.com	Y			https://southsidemartialarts.com	HAS_STORED	1028 S 22nd St, Fort Dodge, IA 50501			snippets/tjjm-gyms-data-39.liquid
IA	IA	Olive Branch Jiu Jitsu	Fort Madison	https://olivebranchjj.com	Y			https://olivebranchjj.com	HAS_STORED	802 Avenue G, Fort Madison, IA 52627			snippets/tjjm-gyms-data-39.liquid
IA	IA	Arroyo Grappling Academy	Iowa City	https://arroyograppling.com	Y			https://arroyograppling.com	HAS_STORED	1604 Sycamore St, Suite B, Iowa City, IA 52240			snippets/tjjm-gyms-data-39.liquid
IA	IA	Citadel BJJ	Iowa City	https://bjjiniowacity.com	Y			https://bjjiniowacity.com	HAS_STORED	2325 Naples Ave SW, Iowa City, IA 52240			snippets/tjjm-gyms-data-39.liquid
IA	IA	Iowa City BJJ	Iowa City	https://iowacitybjj.com	Y			https://iowacitybjj.com	HAS_STORED				snippets/tjjm-gyms-data.liquid
IA	IA	Marshalltown BJJ	Marshalltown	https://marshalltownbjj.com	Y			https://marshalltownbjj.com	HAS_STORED			Y	snippets/tjjm-gyms-data.liquid
IA	IA	Zura Jiu-Jitsu	Marshalltown	https://www.zurajiujitsu.com	Y			https://www.zurajiujitsu.com	HAS_STORED	104 E Linn St STE B, Marshalltown, IA			snippets/tjjm-gyms-data-39.liquid
IA	IA	Mason City BJJ	Mason City	https://masoncitybjj.com	Y			https://masoncitybjj.com	HAS_STORED			Y	snippets/tjjm-gyms-data.liquid
IA	IA	The Flow Institute Mason City	Mason City	https://tfiexperience.com/mason-city	Y			https://tfiexperience.com/mason-city	HAS_STORED	100 S Federal Ave, #109, Mason City, IA 50401			snippets/tjjm-gyms-data-39.liquid
IA	IA	Tsunami Flow Jiu Jitsu	Mason City	https://www.tsunamiflowjiujitsu.com	Y			https://www.tsunamiflowjiujitsu.com	HAS_STORED				snippets/tjjm-gyms-data-39.liquid
IA	IA	Ludus Combat Sports	Mount Pleasant		N				NO_W_KEY|RENDERS_BLANK				snippets/tjjm-gyms-data-39.liquid
IA	IA	Guardian Jiujitsu & Judo	Ottumwa	https://www.guardianjj.com	Y			https://www.guardianjj.com	HAS_STORED	102 S Market St, Suite A, Ottumwa, IA 52501			snippets/tjjm-gyms-data-39.liquid
IA	IA	Ottumwa BJJ	Ottumwa	https://ottumwabjj.com	Y			https://ottumwabjj.com	HAS_STORED			Y	snippets/tjjm-gyms-data.liquid
IA	IA	Triumph Martial Arts Pella	Pella	https://triumphma.com/location/pella-ia	Y			https://triumphma.com/location/pella-ia	HAS_STORED	1582 Washington Street, Pella, IA 50219			snippets/tjjm-gyms-data-39.liquid
IA	IA	Jiu-Jitsu Unlimited	Sioux City	https://jjxkbultd.com	Y			https://jjxkbultd.com	HAS_STORED	6009 Gordon Dr, Sioux City, IA 51106			snippets/tjjm-gyms-data-39.liquid
IA	IA	One Combat Academy	Sioux City	https://fourseasonshealthclub.com/one-combat-academy/	Y			https://fourseasonshealthclub.com/one-combat-academy/	HAS_STORED	1600 7th St, Sioux City, IA 51101			snippets/tjjm-gyms-data-39.liquid
IA	IA	Sioux City BJJ	Sioux City	https://siouxcitybjj.com	Y			https://siouxcitybjj.com	HAS_STORED			Y	snippets/tjjm-gyms-data.liquid
IA	IA	No Coast Brazilian Jiu Jitsu	Urbandale	https://waukeemartialarts.com	Y			https://waukeemartialarts.com	HAS_STORED				snippets/tjjm-gyms-data.liquid
IA	IA	Triumph Martial Arts	Urbandale	https://triumphma.com	Y			https://triumphma.com	HAS_STORED	8545 Hickman Road, Urbandale, IA 50322			snippets/tjjm-gyms-data-39.liquid
IA	IA	Cedar Valley Jiu Jitsu	Waterloo	https://cv-bjj.com	Y			https://cv-bjj.com	HAS_STORED	2325 Crossroads Blvd, Waterloo, IA 50701			snippets/tjjm-gyms-data-39.liquid
IA	IA	Waterloo BJJ	Waterloo	https://waterloobjj.com	Y			https://waterloobjj.com	HAS_STORED			Y	snippets/tjjm-gyms-data.liquid
ID	ID	Blackfoot Jiu Jitsu and Fitness	Blackfoot	https://blackfootjiujitsu.com	Y			https://blackfootjiujitsu.com	HAS_STORED	1010 W Bridge Street Suite F, Blackfoot, ID 83221			snippets/tjjm-gyms-data-40.liquid
ID	ID	Alliance Jiu Jitsu East Boise	Boise	https://www.allianceboise.org	Y			https://www.allianceboise.org	HAS_STORED	880 S Vista Ave, Boise, ID 83705			snippets/tjjm-gyms-data-40.liquid
ID	ID	Brave BJJ Boise	Boise	https://www.brave-bjj.com	Y			https://www.brave-bjj.com	HAS_STORED	8707 W State St, Boise, ID 83714			snippets/tjjm-gyms-data-40.liquid
ID	ID	Elite Jiu-Jitsu Academy	Boise	https://elitejiujitsu.com	Y			https://elitejiujitsu.com	HAS_STORED				snippets/tjjm-gyms-data.liquid
ID	ID	Gracie Barra South Boise	Boise	https://gbsouthboise.com	Y			https://gbsouthboise.com	HAS_STORED	8958 W Ardene St, Boise, ID 83709			snippets/tjjm-gyms-data-40.liquid
ID	ID	Gracie Barra Southeast Boise	Boise	https://gbsoutheastboise.com	Y			https://gbsoutheastboise.com	HAS_STORED	2475 S Apple St Suite 104, Boise, ID 83706			snippets/tjjm-gyms-data-40.liquid
ID	ID	SBG Idaho	Boise	https://sbgidaho.com	Y			https://sbgidaho.com	HAS_STORED	1522 W River St, Boise, ID 83702			snippets/tjjm-gyms-data-40.liquid
ID	ID	Self Reliant Jiu Jitsu	Boise	https://www.selfreliantjiujitsu.com	Y			https://www.selfreliantjiujitsu.com	HAS_STORED	2769 S Broadway Ave, Boise, ID 83706			snippets/tjjm-gyms-data-40.liquid
ID	ID	The PIT Idaho	Boise	https://www.thepitidaho.com	Y			https://www.thepitidaho.com	HAS_STORED	10 S Cole Rd, Boise, ID 83709			snippets/tjjm-gyms-data-40.liquid
ID	ID	Gracie Barra Caldwell	Caldwell	https://graciebarra.com/id-caldwell	Y			https://graciebarra.com/id-caldwell	HAS_STORED	708 Main St, Suite 1a, Caldwell, ID 83605			snippets/tjjm-gyms-data-40.liquid
ID	ID	Idahome Jiu-Jitsu	Caldwell	https://idahomejiujitsu.com	Y			https://idahomejiujitsu.com	HAS_STORED	2922 Cleveland Blvd Ste 600, Caldwell, ID 83605			snippets/tjjm-gyms-data-40.liquid
ID	ID	Studio 671 Jiu Jitsu	Caldwell	https://studio671jiujitsu.com	Y			https://studio671jiujitsu.com	HAS_STORED	1322 Lauren Lane Suite 101, Caldwell, ID 83605			snippets/tjjm-gyms-data-40.liquid
ID	ID	BPi Fighting Systems	Coeur d'Alene	https://www.bpifight.com	Y			https://www.bpifight.com	HAS_STORED	1917 North Lakewood Drive, Coeur d'Alene, ID 83814			snippets/tjjm-gyms-data-40.liquid
ID	ID	Coeur d'Alene BJJ	Coeur d'Alene	https://cdalenebjj.com	Y			https://cdalenebjj.com	HAS_STORED			Y	snippets/tjjm-gyms-data.liquid
ID	ID	CDA Jiu-Jitsu	Dalton Gardens	https://cdajiujitsu.com	Y			https://cdajiujitsu.com	HAS_STORED	7680 N Government Way 2, Dalton Gardens, ID 83815			snippets/tjjm-gyms-data-40.liquid
ID	ID	SBG Teton Valley	Driggs	https://www.sbgtetonvalley.com	Y			https://www.sbgtetonvalley.com	HAS_STORED	528 Valley Centre Dr 1, Driggs, ID 83422			snippets/tjjm-gyms-data-40.liquid
ID	ID	Alliance Jiu Jitsu Eagle	Eagle	https://www.allianceboise.org	Y			https://www.allianceboise.org	HAS_STORED	195 S Wooddale Ave, Eagle, ID 83616			snippets/tjjm-gyms-data-40.liquid
ID	ID	Battles Jiu Jitsu	Eagle	https://www.battlesjiujitsu.com	Y			https://www.battlesjiujitsu.com	HAS_STORED	220 S Herons Flight Ln #103, Eagle, ID 83616			snippets/tjjm-gyms-data-40.liquid
ID	ID	Gracie Barra Boise	Garden City	https://graciebarra.com/boise-id	Y			https://graciebarra.com/boise-id	HAS_STORED	5681 N Glenwood St, Garden City, ID 83714			snippets/tjjm-gyms-data-40.liquid
ID	ID	Jiu-Jitsu 100 Academy	Hailey	https://jiujitsu100.com	Y			https://jiujitsu100.com	HAS_STORED	111 S Main St, Hailey, ID 83333			snippets/tjjm-gyms-data-40.liquid
ID	ID	Gracie Barra Hayden	Hayden	https://www.gbhayden.com	Y			https://www.gbhayden.com	HAS_STORED	978 W Hayden Ave, Hayden, ID 83835			snippets/tjjm-gyms-data-40.liquid
ID	ID	Idaho Falls BJJ	Idaho Falls	https://idahofallsbjj.com	Y			https://idahofallsbjj.com	HAS_STORED			Y	snippets/tjjm-gyms-data.liquid
ID	ID	SOMA Jiu-Jitsu Academy Idaho Falls	Idaho Falls	https://www.idahofallsbjj.com	Y			https://www.idahofallsbjj.com	HAS_STORED	1572 N Hitt Road, Idaho Falls, ID 83401			snippets/tjjm-gyms-data-40.liquid
ID	ID	Vibe Jiu Jitsu & Grappling Arts	Idaho Falls	https://www.vibejiujitsu.com	Y			https://www.vibejiujitsu.com	HAS_STORED	1808 E Piper St #1, Idaho Falls, ID 83401			snippets/tjjm-gyms-data-40.liquid
ID	ID	Gracie Jiu-Jitsu Sandpoint	Kootenai	https://graciesandpoint.com	Y			https://graciesandpoint.com	HAS_STORED	323 McGhee Rd 107, Kootenai, ID 83840			snippets/tjjm-gyms-data-40.liquid
ID	ID	Gem State Jiu Jitsu	Kuna	https://gemstatejiujitsu.com	Y			https://gemstatejiujitsu.com	HAS_STORED	757 E Stagecoach Way Suite 103, Kuna, ID 83634			snippets/tjjm-gyms-data-40.liquid
ID	ID	Arnett's Martial Arts America	Lewiston	https://martialartsamericaid.com	Y			https://martialartsamericaid.com	HAS_STORED	650 Thain Road, Lewiston, ID 83501			snippets/tjjm-gyms-data-40.liquid
ID	ID	Lewiston ID BJJ	Lewiston	https://lewistonidbjj.com	Y		websites-2		HAS_STORED+BLANKED|RENDERS_BLANK			Y	snippets/tjjm-gyms-data.liquid
ID	ID	Atlas Jiu Jitsu	Meridian	https://atlas-jiujitsu.com	Y			https://atlas-jiujitsu.com	HAS_STORED	2932 N Eagle Rd #101, Meridian, ID 83646			snippets/tjjm-gyms-data-40.liquid
ID	ID	Gracie Barra Meridian	Meridian	https://graciebarrameridian.com	Y			https://graciebarrameridian.com	HAS_STORED	68 East Fairview Ave, Meridian, ID 83642			snippets/tjjm-gyms-data-40.liquid
ID	ID	JG Academy Meridian	Meridian	https://www.jgacademy.net/meridian	Y			https://www.jgacademy.net/meridian	HAS_STORED	53 E Calderwood Drive, Meridian, ID 83642			snippets/tjjm-gyms-data-40.liquid
ID	ID	Meridian BJJ Idaho	Meridian	https://meridianbjjidaho.com	Y		websites-2		HAS_STORED+BLANKED|RENDERS_BLANK			Y	snippets/tjjm-gyms-data.liquid
ID	ID	System Jiu-Jitsu	Meridian	https://systemjiujitsu.com	Y			https://systemjiujitsu.com	HAS_STORED	735 N Ralstin St, Meridian, ID 83642			snippets/tjjm-gyms-data-40.liquid
ID	ID	Team Rhino Gracie Jiu-Jitsu	Meridian	https://teamrhinoidaho.com	Y			https://teamrhinoidaho.com	HAS_STORED	750 S Progress #125, Meridian, ID 83642			snippets/tjjm-gyms-data-40.liquid
ID	ID	The Base Jiu Jitsu Boise	Meridian	https://jiujitsuboise.com	Y			https://jiujitsuboise.com	HAS_STORED	2640 E State Ave STE 110, Meridian, ID 83642			snippets/tjjm-gyms-data-40.liquid
ID	ID	Casa De Fera Jiu Jitsu	Moscow	https://cdfjiujitsu.com	Y			https://cdfjiujitsu.com	HAS_STORED	214 North Main Street, Suite A, Moscow, ID 83843			snippets/tjjm-gyms-data-40.liquid
ID	ID	V7 Martial Arts	Moscow	https://v7martialarts.com	Y			https://v7martialarts.com	HAS_STORED				snippets/tjjm-gyms-data-40.liquid
ID	ID	Vital Brothers Brazilian Jiu Jitsu Mountain Home	Mountain Home	https://vitalbrazilianjiujitsu.com	Y			https://vitalbrazilianjiujitsu.com	HAS_STORED	1250 Sunset Strip, Mountain Home, ID 83647			snippets/tjjm-gyms-data-40.liquid
ID	ID	208 Jiu Jitsu Academy	Nampa	https://www.208jiujitsuacademy.com	Y			https://www.208jiujitsuacademy.com	HAS_STORED	8849 Grizzly Ln, Nampa, ID 83686			snippets/tjjm-gyms-data-40.liquid
ID	ID	Core Jiu Jitsu	Nampa	https://corejjidaho.com	Y			https://corejjidaho.com	HAS_STORED	1124 1st St S, Nampa, ID 83651			snippets/tjjm-gyms-data-40.liquid
ID	ID	Nampa BJJ	Nampa	https://nampabjj.com	Y			https://nampabjj.com	HAS_STORED			Y	snippets/tjjm-gyms-data.liquid
ID	ID	Colossal Fight Company	Pocatello	https://www.colossalfightcompany.com	Y			https://www.colossalfightcompany.com	HAS_STORED	300 North 5th Avenue, Pocatello, ID 83201			snippets/tjjm-gyms-data-40.liquid
ID	ID	Pocatello Jiu Jitsu	Pocatello	https://pocatellobjj.com	Y			https://pocatellobjj.com	HAS_STORED	777 Yellowstone Ave Suite D, Pocatello, ID 83201			snippets/tjjm-gyms-data-40.liquid
ID	ID	Snake River MMA	Pocatello	https://snakerivermma.com	Y		websites-2		HAS_STORED+BLANKED|RENDERS_BLANK				snippets/tjjm-gyms-data.liquid
ID	ID	Gracie Jiu-Jitsu Post Falls	Post Falls	https://graciepostfalls.com	Y			https://graciepostfalls.com	HAS_STORED	414 W Seltice Way, Post Falls, ID 83854			snippets/tjjm-gyms-data-40.liquid
ID	ID	PAC Jiu-Jitsu	Rexburg	https://pacjiujitsu.com	Y			https://pacjiujitsu.com	HAS_STORED	887 Jet Stream Dr, Rexburg, ID 83440			snippets/tjjm-gyms-data-40.liquid
ID	ID	Rexburg BJJ	Rexburg	https://rexburgbjj.com	Y			https://rexburgbjj.com	HAS_STORED			Y	snippets/tjjm-gyms-data.liquid
ID	ID	SOMA Jiu-Jitsu Academy Rexburg	Rexburg	https://www.rexburgbjj.com	Y			https://www.rexburgbjj.com	HAS_STORED	257 N 2nd W, Rexburg, ID 83440			snippets/tjjm-gyms-data-40.liquid
ID	ID	North Idaho Jiu Jitsu	Sandpoint	https://www.northidahojiujitsu.com	Y			https://www.northidahojiujitsu.com	HAS_STORED	1411 N Division Ave Unit D, Sandpoint, ID 83864			snippets/tjjm-gyms-data-40.liquid
ID	ID	Sandpoint BJJ	Sandpoint	https://sandpointbjj.com	Y			https://sandpointbjj.com	HAS_STORED			Y	snippets/tjjm-gyms-data.liquid
ID	ID	Authentic BJJ Idaho	Star	https://authenticbjjidaho.com	Y		websites-2		HAS_STORED+BLANKED|RENDERS_BLANK			Y	snippets/tjjm-gyms-data.liquid
ID	ID	West Idaho BJJ	Star	https://westidahobjj.com	Y			https://westidahobjj.com	HAS_STORED	11231 W Hercules Dr, Star, ID 83669			snippets/tjjm-gyms-data-40.liquid
ID	ID	Alliance Jiu Jitsu Twin Falls	Twin Falls	https://alliancejiujitsutf.com	Y	https://alliancetf.com	websites-2	https://alliancetf.com	HAS_STORED+REPOINTED		647 Filer Ave 101, Twin Falls, ID 83301		snippets/tjjm-gyms-data.liquid
IL	IL	Illinois Martial Arts Academy	Algonquin	http://www.illinoismartialartsacademy.com/	Y			http://www.illinoismartialartsacademy.com/	HAS_STORED	210 Dowdle Ct			snippets/tjjm-gyms-data-20.liquid
IL	IL	Alton Family Martial Arts & Fitness	Alton	https://www.altonfma.com/	Y			https://www.altonfma.com/	HAS_STORED	4425 Industrial Dr			snippets/tjjm-gyms-data-20.liquid
IL	IL	Strategic BJJ	Alton	http://www.strategicbjj.com/	Y			http://www.strategicbjj.com/	HAS_STORED	2248 E Broadway			snippets/tjjm-gyms-data-20.liquid
IL	IL	Parallel Jiu Jitsu	Arcola	https://parallel-jiu-jitsu.business.site/	Y			https://parallel-jiu-jitsu.business.site/	HAS_STORED	401 South Arcola Avenue			snippets/tjjm-gyms-data-20.liquid
IL	IL	Brazil 021 School of Jiu-Jitsu	Arlington Heights	http://www.brazil021arlingtonheights.com	Y			http://www.brazil021arlingtonheights.com	HAS_STORED	61 W Golf Rd			snippets/tjjm-gyms-data-20.liquid
IL	IL	Champion Jiu-Jitsu at Spider GYM MMA Club	Arlington Heights	http://www.championjiujitsu.com/	Y			http://www.championjiujitsu.com/	HAS_STORED	19 E Golf Road			snippets/tjjm-gyms-data-20.liquid
IL	IL	DK Fitness Arts	Arlington Heights	http://www.dkfitnessarts.com/	Y			http://www.dkfitnessarts.com/	HAS_STORED	1714 Northwest Hwy			snippets/tjjm-gyms-data-20.liquid
IL	IL	Victory MMA Academy Arlington Heights	Arlington Heights	https://victorymmaacademy.com/arlington-heights-location/	Y			https://victorymmaacademy.com/arlington-heights-location/	HAS_STORED	764 W Algonquin Rd			snippets/tjjm-gyms-data-20.liquid
IL	IL	Aurora BJJ	Aurora	https://aurorabjj.com	Y			https://aurorabjj.com	HAS_STORED			Y	snippets/tjjm-gyms-data.liquid
IL	IL	LCCT Brazilian Jiu Jitsu Barrington	Barrington	http://www.lcctbjjbarrington.com/	Y			http://www.lcctbjjbarrington.com/	HAS_STORED	730 S Northwest Hwy Ste 700			snippets/tjjm-gyms-data-20.liquid
IL	IL	Olympus Grappling Arts	Batavia	https://olympusgrapplingarts.com/	Y			https://olympusgrapplingarts.com/	HAS_STORED	2301 Main St			snippets/tjjm-gyms-data-20.liquid
IL	IL	Arsenal Brazilian Jiu Jitsu	Benton	https://www.arsenalbjj.com	Y			https://www.arsenalbjj.com	HAS_STORED	1 Rend Lake Plz			snippets/tjjm-gyms-data-20.liquid
IL	IL	iQ Jiu-Jitsu	Benton	http://www.iqjiujitsu.com/	Y			http://www.iqjiujitsu.com/	HAS_STORED	110 E Main St			snippets/tjjm-gyms-data-21.liquid
IL	IL	Brasa Comprido BJJ	Bloomingdale	https://compridobjj.com/	Y			https://compridobjj.com/	HAS_STORED	Stratford Square Mall 152 Stratford Drive #H23			snippets/tjjm-gyms-data-20.liquid
IL	IL	EDS Martial Arts and Self-Defense School	Bloomingdale		N				NO_W_KEY|RENDERS_BLANK	215 E Lake St			snippets/tjjm-gyms-data-20.liquid
IL	IL	Bloomington-Normal BJJ	Bloomington	https://bloomingtonnormalbjj.com	Y			https://bloomingtonnormalbjj.com	HAS_STORED			Y	snippets/tjjm-gyms-data.liquid
IL	IL	GB Bloomington	Bloomington	https://www.graciebarrabloomingtonjj.com/	Y			https://www.graciebarrabloomingtonjj.com/	HAS_STORED	3302 Gerig Dr #300			snippets/tjjm-gyms-data-21.liquid
IL	IL	GB Twin Cities	Bloomington	http://gbtcjiujitsu.com/	Y			http://gbtcjiujitsu.com/	HAS_STORED	3 Quest Drive			snippets/tjjm-gyms-data-21.liquid
IL	IL	Gladiador Brazilian Jiu Jitsu Academy	Bolingbrook	http://www.thegentleartbjj.com/	Y			http://www.thegentleartbjj.com/	HAS_STORED	435 N Bolingbrook Dr			snippets/tjjm-gyms-data-20.liquid
IL	IL	Brazilian Black Belt Buffalo Grove	Buffalo Grove	https://brazilianblackbelt.com/buffalo-grove-brazilian-jiu-jitsu	Y			https://brazilianblackbelt.com/buffalo-grove-brazilian-jiu-jitsu	HAS_STORED	790 S Buffalo Grove Rd			snippets/tjjm-gyms-data-20.liquid
IL	IL	Kogan Self-Defense & Martial Arts	Buffalo Grove	http://www.koganselfdefense.com	Y			http://www.koganselfdefense.com	HAS_STORED	1549 Barclay Blvd			snippets/tjjm-gyms-data-20.liquid
IL	IL	Force Brazilian Jiu-Jitsu	Burr Ridge	http://www.madeyoutap.com/	Y		websites-2		HAS_STORED+BLANKED|RENDERS_BLANK	7960 S Madison St			snippets/tjjm-gyms-data-20.liquid
IL	IL	Carbondale BJJ	Carbondale	https://carbondalebjj.com	Y			https://carbondalebjj.com	HAS_STORED			Y	snippets/tjjm-gyms-data.liquid
IL	IL	Champaign BJJ	Champaign	https://champaignbjj.com	Y			https://champaignbjj.com	HAS_STORED			Y	snippets/tjjm-gyms-data.liquid
IL	IL	Carlson Gracie MMA - Channahon	Channahon	http://www.carlsongracie-mma.com/	Y			http://www.carlsongracie-mma.com/	HAS_STORED	24230 S Northern Illinois Dr			snippets/tjjm-gyms-data-20.liquid
IL	IL	Gracie Humaita Springfield	Chatham	http://www.graciehumaitaspringfieldil.com/	Y			http://www.graciehumaitaspringfieldil.com/	HAS_STORED	200 W Walnut St			snippets/tjjm-gyms-data-20.liquid
IL	IL	10th Planet Jiu Jitsu Chicago	Chicago	http://www.10thplanetjjchicago.com	Y		websites-2		HAS_STORED+BLANKED|RENDERS_BLANK	6154 W Higgins Ave			snippets/tjjm-gyms-data-20.liquid
IL	IL	Bender Martial Arts and Fitness	Chicago	http://www.bendermartialarts.com	Y			http://www.bendermartialarts.com	HAS_STORED	5547 N Ravenswood Ave Ste 102			snippets/tjjm-gyms-data-20.liquid
IL	IL	Benjilany Striking & Fitness	Chicago	http://www.benjilanyfitness.com	Y			http://www.benjilanyfitness.com	HAS_STORED	3930 N Broadway			snippets/tjjm-gyms-data-20.liquid
IL	IL	Chicago School Of Grappling	Chicago	http://chicagoschoolofgrappling.com	Y			http://chicagoschoolofgrappling.com	HAS_STORED	722 S Racine Ave			snippets/tjjm-gyms-data-20.liquid
IL	IL	Copa Jiu-Jitsu	Chicago	http://www.copabjj.com/	Y			http://www.copabjj.com/	HAS_STORED	3727 North Broadway			snippets/tjjm-gyms-data-20.liquid
IL	IL	GB Chicago West Loop	Chicago	https://graciebarrachicago.com/	Y			https://graciebarrachicago.com/	HAS_STORED	630 West Lake Street			snippets/tjjm-gyms-data-21.liquid
IL	IL	Grassroots Jiu-Jitsu	Chicago	https://grassrootsjiujitsu.com	Y			https://grassrootsjiujitsu.com	HAS_STORED				snippets/tjjm-gyms-data.liquid
IL	IL	Molinaro Jiu-Jitsu	Chicago	https://molinarojiujitsu.com	Y			https://molinarojiujitsu.com	HAS_STORED				snippets/tjjm-gyms-data.liquid
IL	IL	North Side Brazilian Jiu Jitsu	Chicago	https://northsidebjj.com	Y			https://northsidebjj.com	HAS_STORED				snippets/tjjm-gyms-data.liquid
IL	IL	Redzovic Jiu Jitsu Lincoln Square	Chicago	http://www.chicagojiujitsu.com/	Y			http://www.chicagojiujitsu.com/	HAS_STORED	4900 N Lincoln Ave			snippets/tjjm-gyms-data-21.liquid
IL	IL	Renzo Gracie Chicago	Chicago	http://renzograciechicago.com	Y			http://renzograciechicago.com	HAS_STORED	2727 N Lincoln Ave Unit 2			snippets/tjjm-gyms-data-21.liquid
IL	IL	TDC MMA + Fitness	Chicago	http://www.tdcmmaandfitness.com	Y			http://www.tdcmmaandfitness.com	HAS_STORED	322 N Leavitt Ste B			snippets/tjjm-gyms-data-21.liquid
IL	IL	Taylor Biagi Jiu Jitsu	Chicago	http://taylorbiagijiujitsu.com	Y			http://taylorbiagijiujitsu.com	HAS_STORED	508 N Hoyne Unit 3			snippets/tjjm-gyms-data-20.liquid
IL	IL	Uflacker Academy	Chicago	http://bjjsouthside.com	Y			http://bjjsouthside.com	HAS_STORED	6390 S Archer Ave			snippets/tjjm-gyms-data-20.liquid
IL	IL	Valko Brazilian Jiu-Jitsu Academy	Chicago	https://valkobjj.com	Y			https://valkobjj.com	HAS_STORED				snippets/tjjm-gyms-data.liquid
IL	IL	Victory Training	Chicago	http://www.feelthevictory.com	Y			http://www.feelthevictory.com	HAS_STORED	2212 W Roscoe St			snippets/tjjm-gyms-data-20.liquid
IL	IL	Warrior Evolution MMA	Chicago	http://www.warriorevolutionmma.com	Y			http://www.warriorevolutionmma.com	HAS_STORED	329 W 18th St Ste 300			snippets/tjjm-gyms-data-20.liquid
IL	IL	GB Collinsville	Collinsville		N				NO_W_KEY|RENDERS_BLANK	2539 Vandalia Street			snippets/tjjm-gyms-data-20.liquid
IL	IL	APEX House of Grappling	Countryside	http://apexgrappling.com/	Y			http://apexgrappling.com/	HAS_STORED	51 E Plainfield Rd			snippets/tjjm-gyms-data-20.liquid
IL	IL	MMA Stop	Crest Hill	http://www.mmastopfitness.com/	Y			http://www.mmastopfitness.com/	HAS_STORED	16101 Weber Rd			snippets/tjjm-gyms-data-20.liquid
IL	IL	Jeff Curran Martial Arts Academy	Crystal Lake	http://www.teamcurran.com/	Y			http://www.teamcurran.com/	HAS_STORED	221 Liberty Road			snippets/tjjm-gyms-data-20.liquid
IL	IL	MMA Underground	Crystal Lake	http://mmaunderground.info	Y			http://mmaunderground.info	HAS_STORED	835 Virginia Rd Unit C			snippets/tjjm-gyms-data-20.liquid
IL	IL	Ryan Thomas Brazilian Jiu Jitsu	Danville	https://ryanthomasbjj.com/	Y			https://ryanthomasbjj.com/	HAS_STORED	35 N Vermilion St			snippets/tjjm-gyms-data-20.liquid
IL	IL	United Elite Mixed Martial Arts and Fitness	DeKalb	https://www.unitedelitemma.com/	Y			https://www.unitedelitemma.com/	HAS_STORED	1600 E Lincoln Hwy			snippets/tjjm-gyms-data-20.liquid
IL	IL	Decatur BJJ Illinois	Decatur	https://decaturbjjil.com	Y			https://decaturbjjil.com	HAS_STORED			Y	snippets/tjjm-gyms-data.liquid
IL	IL	Chicago Martial Arts / Brazilian Top Team Jiu-Jitsu	Deerfield		N				NO_W_KEY|RENDERS_BLANK	151 S Pfingsten Rd H			snippets/tjjm-gyms-data-20.liquid
IL	IL	GB Deerfield	Deerfield	https://graciebarra.com/deerfield-il/	Y			https://graciebarra.com/deerfield-il/	HAS_STORED	55 Waukegan Road			snippets/tjjm-gyms-data-20.liquid
IL	IL	Gracie Barra Des Plaines	Des Plaines	https://graciebarra.com/des-plaines-il/	Y			https://graciebarra.com/des-plaines-il/	HAS_STORED	1587 Lee St			snippets/tjjm-gyms-data-20.liquid
IL	IL	Mbd Martial Arts	Des Plaines	http://www.mbdmartialarts.com/home.html	Y			http://www.mbdmartialarts.com/home.html	HAS_STORED	1673 East Oakton Street			snippets/tjjm-gyms-data-20.liquid
IL	IL	Bodhi Collaborative BJJ	Downers Grove	http://www.bodhicollaborative.com	Y		websites-2		HAS_STORED+BLANKED|RENDERS_BLANK	2081 63rd St			snippets/tjjm-gyms-data-20.liquid
IL	IL	GB Downers Grove	Downers Grove	https://gbdownersgrove.com	Y			https://gbdownersgrove.com	HAS_STORED	148-152 Ogden Ave			snippets/tjjm-gyms-data-20.liquid
IL	IL	Five Points Jiu Jitsu	East Dundee	http://fivepointsbjj.com/	Y			http://fivepointsbjj.com/	HAS_STORED	104 N River St			snippets/tjjm-gyms-data-20.liquid
IL	IL	Elgin BJJ	Elgin	https://elginbjj.com	Y			https://elginbjj.com	HAS_STORED			Y	snippets/tjjm-gyms-data.liquid
IL	IL	Fusion Academy of Martial Arts	Elgin	https://fusionacademyofmartialarts.com/	Y			https://fusionacademyofmartialarts.com/	HAS_STORED	782 S McLean Blvd			snippets/tjjm-gyms-data-20.liquid
IL	IL	Ferro Academy	Elmhurst	http://ferroacademybjj.com	Y			http://ferroacademybjj.com	HAS_STORED	450 N York St			snippets/tjjm-gyms-data-20.liquid
IL	IL	Patriot Sports and Fitness	Elmhurst	http://www.patriotsportsandfitness.com	Y			http://www.patriotsportsandfitness.com	HAS_STORED	484 S Spring Rd			snippets/tjjm-gyms-data-20.liquid
IL	IL	Yobe Jiu Jitsu	Elmhurst	http://bjjlabelmhurst.com/	Y			http://bjjlabelmhurst.com/	HAS_STORED	295 N York Rd			snippets/tjjm-gyms-data-20.liquid
IL	IL	Evanston BJJ	Evanston	https://evanstonbjj.com	Y			https://evanstonbjj.com	HAS_STORED			Y	snippets/tjjm-gyms-data.liquid
IL	IL	Fonseca Martial Arts	Evanston	http://www.fonsecamartialarts.com/	Y			http://www.fonsecamartialarts.com/	HAS_STORED	823 1/2 Chicago Ave			snippets/tjjm-gyms-data-20.liquid
IL	IL	GB Evanston	Evanston		N				NO_W_KEY|RENDERS_BLANK	1017 Davis Street			snippets/tjjm-gyms-data-20.liquid
IL	IL	Serafin Brazilian Jiu-Jitsu	Evanston	http://serafinjiujitsu.com	Y			http://serafinjiujitsu.com	HAS_STORED	2306 Main St			snippets/tjjm-gyms-data-20.liquid
IL	IL	Intercept MMA	Forest Park	http://interceptmma.com/	Y			http://interceptmma.com/	HAS_STORED	1401-19 Circle Ave			snippets/tjjm-gyms-data-20.liquid
IL	IL	Tutaj Brazilian Jiu Jitsu	Forest Park	https://www.tutajbjj.com/	Y			https://www.tutajbjj.com/	HAS_STORED	1525 Circle Ave			snippets/tjjm-gyms-data-20.liquid
IL	IL	Decatur Brazilian Jiu Jitsu	Forsyth	https://www.facebook.com/DecaturBJJ/	Y			https://www.facebook.com/DecaturBJJ/	HAS_STORED	133 Barnett Ave			snippets/tjjm-gyms-data-20.liquid
IL	IL	Devine Jiu Jitsu Lake County	Fox Lake	http://www.scholarwarriormma.com/devine-jiujitsu-lake-county	Y		websites-2		HAS_STORED+BLANKED|RENDERS_BLANK	5 US-12			snippets/tjjm-gyms-data-20.liquid
IL	IL	Galesburg BJJ	Galesburg	https://galesburgbjj.com	Y			https://galesburgbjj.com	HAS_STORED			Y	snippets/tjjm-gyms-data.liquid
IL	IL	Gracie Jiu-Jitsu Geneva	Geneva		N				NO_W_KEY|RENDERS_BLANK	33W624 Roosevelt Road			snippets/tjjm-gyms-data-20.liquid
IL	IL	Finney's Hit Squad	Granite City	http://thehitsquad.com/	Y			http://thehitsquad.com/	HAS_STORED	400 A Street Suite D			snippets/tjjm-gyms-data-20.liquid
IL	IL	Granite City MMA Cage Warriors	Granite City		N				NO_W_KEY|RENDERS_BLANK	1908 State St			snippets/tjjm-gyms-data-20.liquid
IL	IL	3D MMA Brazilian Jiu Jitsu	Hanover Park	http://www.3dmmaacademy.com/	Y			http://www.3dmmaacademy.com/	HAS_STORED	1118 E Lake St			snippets/tjjm-gyms-data-20.liquid
IL	IL	Fathom Brazilian Jiu Jitsu	Highland	http://www.fathombjj.com/	Y			http://www.fathombjj.com/	HAS_STORED	1119 Washington St			snippets/tjjm-gyms-data-20.liquid
IL	IL	Comprido BJJ	Highland Park	http://www.highlandparkbjj.com	Y		websites-2		HAS_STORED+BLANKED|RENDERS_BLANK	432 Green Bay Rd			snippets/tjjm-gyms-data-20.liquid
IL	IL	Brasa Jiu-Jitsu Highwood	Highwood		N				NO_W_KEY|RENDERS_BLANK	432 Greenbay Rd Highwood Rec Center			snippets/tjjm-gyms-data-20.liquid
IL	IL	Dekalb County BJJ	Hinckley	https://dcbjj.com	Y			https://dcbjj.com	HAS_STORED			Y	snippets/tjjm-gyms-data.liquid
IL	IL	Dekalb County Brazilian Jiu Jitsu	Hinckley	http://www.dekalbcountybjj.com/	Y			http://www.dekalbcountybjj.com/	HAS_STORED	210 W Lincoln Ave			snippets/tjjm-gyms-data-20.liquid
IL	IL	GB Jacksonville	Jacksonville		N				NO_W_KEY|RENDERS_BLANK	915 W Superior Ave Suite 105			snippets/tjjm-gyms-data-20.liquid
IL	IL	Joliet BJJ	Joliet	https://jolietbjj.com	Y			https://jolietbjj.com	HAS_STORED			Y	snippets/tjjm-gyms-data.liquid
IL	IL	Norse Academy Martial Arts	Lake Villa	http://norseacademymartialarts.com/	Y		websites-2		HAS_STORED+BLANKED|RENDERS_BLANK	1600 N Milwaukee Ave #606			snippets/tjjm-gyms-data-20.liquid
IL	IL	Black Tiger Martial Arts Academy	Libertyville	https://www.blacktigerfightclub.com/	Y			https://www.blacktigerfightclub.com/	HAS_STORED	410 Peterson Rd			snippets/tjjm-gyms-data-20.liquid
IL	IL	GB Libertyville	Libertyville	https://graciebarra.com/libertyville-il/	Y			https://graciebarra.com/libertyville-il/	HAS_STORED	13960 West Rockland Road Rt 176			snippets/tjjm-gyms-data-20.liquid
IL	IL	Northshore Academy of Martial Arts	Libertyville	https://nsama.com/	Y			https://nsama.com/	HAS_STORED	281 Peterson Rd			snippets/tjjm-gyms-data-20.liquid
IL	IL	Degerberg Academy	Lincoln Square	http://www.degerbergacademy.com/	Y			http://www.degerbergacademy.com/	HAS_STORED	4717 North Lincoln Street			snippets/tjjm-gyms-data-20.liquid
IL	IL	GB East Naperville	Lisle	https://gbeastnaperville.com/	Y			https://gbeastnaperville.com/	HAS_STORED	2801 Ogden Ave Unit 1 & 3			snippets/tjjm-gyms-data-20.liquid
IL	IL	Mequinho Jiu Jitsu	Lisle	http://www.downersgrovejiujitsu.com	Y			http://www.downersgrovejiujitsu.com	HAS_STORED	5800 Forest View Rd Unit 121			snippets/tjjm-gyms-data-20.liquid
IL	IL	10th Planet Jiu Jitsu Lombard	Lombard	http://www.10thplanetjjlombard.com/	Y		websites-2		HAS_STORED+BLANKED|RENDERS_BLANK	1060 Dupage Ave			snippets/tjjm-gyms-data-20.liquid
IL	IL	All Star Jiu Jitsu	Lombard	https://www.allstarjiujitsu.com/	Y			https://www.allstarjiujitsu.com/	HAS_STORED	1219 S Main St			snippets/tjjm-gyms-data-20.liquid
IL	IL	UFC GYM Yorktown	Lombard	http://ufcgym.com	Y			http://ufcgym.com	HAS_STORED	173 Yorktown Shopping Ctr Ste 173			snippets/tjjm-gyms-data-20.liquid
IL	IL	Northern Illinois Combat Club and Fitness	Machesney Park	http://www.niccfitness.com/	Y		websites-2		HAS_STORED+BLANKED|RENDERS_BLANK	7007 N 2nd St			snippets/tjjm-gyms-data-20.liquid
IL	IL	Cassady Martial Arts Academy Royce Gracie Jiu Jitsu	Macomb	http://www.cassadymartialarts.com/	Y		websites-2		HAS_STORED+BLANKED|RENDERS_BLANK	1601 W Jackson St			snippets/tjjm-gyms-data-20.liquid
IL	IL	The Shed JiuJitsu Academy	Macomb	https://theshedjiujitsuacademy.com/	Y		websites-2		HAS_STORED+BLANKED|RENDERS_BLANK	212 S Collins Ave			snippets/tjjm-gyms-data-20.liquid
IL	IL	4:13 Jiu-Jitsu	Marion	http://www.413jiujitsu.com/	Y			http://www.413jiujitsu.com/	HAS_STORED	1110 N Carbon St			snippets/tjjm-gyms-data-20.liquid
IL	IL	Illinois Brazilian Jiu-Jitsu Academy	Mascoutah	http://www.illinoisbjj.com/	Y			http://www.illinoisbjj.com/	HAS_STORED	126 E Main St			snippets/tjjm-gyms-data-20.liquid
IL	IL	Arebalo Jiu Jitsu	Mattoon	http://arebalojiujitsu.com/	Y			http://arebalojiujitsu.com/	HAS_STORED	3408 Marshall Ave			snippets/tjjm-gyms-data-20.liquid
IL	IL	Constrictor MMA	McHenry		N				NO_W_KEY|RENDERS_BLANK	1245 N Green St			snippets/tjjm-gyms-data-20.liquid
IL	IL	Pedigo Submission Fighting	Mt. Vernon	https://pedigosubmissionfighting.com	Y		websites-2		HAS_STORED+BLANKED|RENDERS_BLANK				snippets/tjjm-gyms-data.liquid
IL	IL	Lake County Brazilian Jiu-Jitsu	Mundelein	http://www.lakecountybjj.com/	Y			http://www.lakecountybjj.com/	HAS_STORED	108 Terrace Dr			snippets/tjjm-gyms-data-20.liquid
IL	IL	B1 Brazilian Jiu Jitsu & Self Defense	Naperville	http://www.b1bjjfitness.com/	Y			http://www.b1bjjfitness.com/	HAS_STORED	1320 North Route 59			snippets/tjjm-gyms-data-20.liquid
IL	IL	BJJ Lab Brazilian Jiu-Jitsu Academy Naperville	Naperville	http://www.bjjlabnaperville.com/	Y			http://www.bjjlabnaperville.com/	HAS_STORED	1701 Quincy Ave #26			snippets/tjjm-gyms-data-20.liquid
IL	IL	Naperville BJJ	Naperville	https://napervillebjj.com	Y			https://napervillebjj.com	HAS_STORED			Y	snippets/tjjm-gyms-data.liquid
IL	IL	UFC GYM Naperville	Naperville	https://www.ufcgym.com/locations/naperville	Y			https://www.ufcgym.com/locations/naperville	HAS_STORED	790 Royal St George Drive			snippets/tjjm-gyms-data-20.liquid
IL	IL	Middeke Brazilian Jiu Jitsu	New Baden	https://www.middekebjj.com/	Y		websites-2		HAS_STORED+BLANKED|RENDERS_BLANK	7551 IL-160 #E			snippets/tjjm-gyms-data-20.liquid
IL	IL	GB New Lenox	New Lenox	https://graciebarra.com/new-lenox-il/	Y			https://graciebarra.com/new-lenox-il/	HAS_STORED	14623 W Edison Dr			snippets/tjjm-gyms-data-20.liquid
IL	IL	University of Ground Fighting	New Lenox	http://www.uofgf.com/	Y			http://www.uofgf.com/	HAS_STORED	12540 West Harvey Dr			snippets/tjjm-gyms-data-20.liquid
IL	IL	New Breed Training Center	Niles	http://www.newbreedtrainingcenter.com/	Y			http://www.newbreedtrainingcenter.com/	HAS_STORED	5647 W Howard St			snippets/tjjm-gyms-data-20.liquid
IL	IL	Top Level MMA Training Center	Niles	http://www.toplevelmma.com	Y			http://www.toplevelmma.com	HAS_STORED	7038 N Milwaukee Ave			snippets/tjjm-gyms-data-20.liquid
IL	IL	Victory Martial Arts Northbrook	Northbrook		N				NO_W_KEY|RENDERS_BLANK	2245 Walters Ave			snippets/tjjm-gyms-data-20.liquid
IL	IL	S.I.M.S. Martial Arts Academy	O'Fallon	http://www.simsmartialartsacademy.com/	Y			http://www.simsmartialartsacademy.com/	HAS_STORED	675 W Hwy 50			snippets/tjjm-gyms-data-20.liquid
IL	IL	ROL Academy of Jiu Jitsu	Orland Park	http://www.rolacademy.com/	Y			http://www.rolacademy.com/	HAS_STORED	15629 71st Ct			snippets/tjjm-gyms-data-20.liquid
IL	IL	Randori MMA & Jiu Jitsu	Orland Park	http://www.randorijiujitsu.com/	Y		websites-2		HAS_STORED+BLANKED|RENDERS_BLANK	11545 183rd Place Units 112 & 113			snippets/tjjm-gyms-data-20.liquid
IL	IL	Dominion MMA	Oswego	http://www.dominionmartialarts.com/	Y			http://www.dominionmartialarts.com/	HAS_STORED	150 Kendall Point Dr b			snippets/tjjm-gyms-data-20.liquid
IL	IL	FLO Fitness & Martial Arts	Palatine	http://www.flomma.com/	Y			http://www.flomma.com/	HAS_STORED	709 S Vermont St			snippets/tjjm-gyms-data-20.liquid
IL	IL	Peoria BJJ	Peoria	https://peoriabjj.com	Y			https://peoriabjj.com	HAS_STORED			Y	snippets/tjjm-gyms-data.liquid
IL	IL	Rodriguez Brazilian Jiu Jitsu	Peru	https://drodriguezbjj.business.site/	Y			https://drodriguezbjj.business.site/	HAS_STORED	3940 IL-251			snippets/tjjm-gyms-data-20.liquid
IL	IL	Midwest Jiu Jitsu Academy	Quincy	http://www.mwjja.com/	Y			http://www.mwjja.com/	HAS_STORED	417 N 32nd St			snippets/tjjm-gyms-data-21.liquid
IL	IL	Quincy BJJ Illinois	Quincy	https://quincybjjil.com	Y			https://quincybjjil.com	HAS_STORED			Y	snippets/tjjm-gyms-data.liquid
IL	IL	Falconbury Warrior Concepts	Robinson	http://falconburywarriorconcepts.com/	Y		websites-2		HAS_STORED+BLANKED|RENDERS_BLANK	202 West Plum Street			snippets/tjjm-gyms-data-20.liquid
IL	IL	Core Combat Sports	Rockford	https://coremma.com	Y			https://coremma.com	HAS_STORED	1618 Featherstone Rd			snippets/tjjm-gyms-data-20.liquid
IL	IL	Rockford BJJ	Rockford	https://rockfordbjj.com	Y			https://rockfordbjj.com	HAS_STORED			Y	snippets/tjjm-gyms-data.liquid
IL	IL	Team Haanpaa Martial Arts	Rockford	http://www.teamhaanpaa.com/	Y			http://www.teamhaanpaa.com/	HAS_STORED	4911 26th Ave			snippets/tjjm-gyms-data-20.liquid
IL	IL	Pride Jiu-Jitsu Academy	Rockton	http://www.pridejiujitsuacademy.com/	Y			http://www.pridejiujitsuacademy.com/	HAS_STORED	330 E Main St Suite 500			snippets/tjjm-gyms-data-20.liquid
IL	IL	RMNU Rockton Judo & Jiu Jitsu Academy	Rockton		N				NO_W_KEY|RENDERS_BLANK	916 N Blackhawk Blvd			snippets/tjjm-gyms-data-20.liquid
IL	IL	Keith Hackney's Combat Academy	Roselle	http://www.hackneyscombat.com/	Y		websites-2		HAS_STORED+BLANKED|RENDERS_BLANK	800 W Lake Street Suite 108			snippets/tjjm-gyms-data-20.liquid
IL	IL	Evolution Mixed Martial Arts Chicago - Schaumburg	Schaumburg	http://www.evolutionmmachicago.com/	Y			http://www.evolutionmmachicago.com/	HAS_STORED	1207 Remington Road Suite 105			snippets/tjjm-gyms-data-20.liquid
IL	IL	LCCT Brazilian Jiu Jitsu	Schaumburg	https://lcctbjj.com	Y		websites-2		HAS_STORED+BLANKED|RENDERS_BLANK				snippets/tjjm-gyms-data.liquid
IL	IL	Midwest Training Center	Schaumburg	http://mtcmma.com/	Y			http://mtcmma.com/	HAS_STORED	455 E State Pkwy Unit 103			snippets/tjjm-gyms-data-20.liquid
IL	IL	P3 Martial Arts	Schaumburg	https://p3jiujitsu.com	Y		websites-2		HAS_STORED+BLANKED|RENDERS_BLANK				snippets/tjjm-gyms-data.liquid
IL	IL	GB Springfield	Springfield	https://graciebarra.com/springfield-il/	Y			https://graciebarra.com/springfield-il/	HAS_STORED	1665 Wabash Avenue			snippets/tjjm-gyms-data-21.liquid
IL	IL	Springfield BJJ Illinois	Springfield	https://springfieldbjjil.com	Y			https://springfieldbjjil.com	HAS_STORED			Y	snippets/tjjm-gyms-data.liquid
IL	IL	CU Jiu Jitsu	Urbana	https://www.cu-bjj.com/	Y			https://www.cu-bjj.com/	HAS_STORED	140 S Broadway Ave			snippets/tjjm-gyms-data-20.liquid
IL	IL	GB Champaign	Urbana	https://gbchampaign.com/	Y			https://gbchampaign.com/	HAS_STORED	408 North Race Street Suite E			snippets/tjjm-gyms-data-20.liquid
IL	IL	Team Top Notch	Villa Park	http://www.topnotchmma.com	Y			http://www.topnotchmma.com	HAS_STORED	226 Stone Rd			snippets/tjjm-gyms-data-20.liquid
IL	IL	Dave Strasser's Freestyle Academy of MMA	Waukegan	http://www.davestrasser.com/	Y			http://www.davestrasser.com/	HAS_STORED	125 Cory Ave			snippets/tjjm-gyms-data-20.liquid
IL	IL	Ohana Martial Arts	Waukegan	https://ohanamartialarts.net	Y		websites-2		HAS_STORED+BLANKED|RENDERS_BLANK				snippets/tjjm-gyms-data.liquid
IL	IL	LCCT Brazilian Jiu-Jitsu West Dundee	West Dundee	https://lcctbjjwestdundee.com/	Y		websites-2		HAS_STORED+BLANKED|RENDERS_BLANK	999 W Main St			snippets/tjjm-gyms-data-20.liquid
IL	IL	Midwest Judo & Jujitsu Club	Westmont	http://www.midwestjudo.com	Y			http://www.midwestjudo.com	HAS_STORED	407 West Ogden Ave			snippets/tjjm-gyms-data-20.liquid
IL	IL	Living Art Brazilian Jiu Jitsu	Willowbrook	https://livingartbjj.com/	Y			https://livingartbjj.com/	HAS_STORED	7850 S Quincy St			snippets/tjjm-gyms-data-20.liquid
IL	IL	Staley Martial Arts / Carlson Gracie North Shore	Wilmette	https://staleymartialarts.com	Y			https://staleymartialarts.com	HAS_STORED				snippets/tjjm-gyms-data.liquid
IL	IL	The Academy BJJ	Winnetka	http://www.academybjj.com	Y			http://www.academybjj.com	HAS_STORED	193 Northfield Rd			snippets/tjjm-gyms-data-20.liquid
IL	IL	AXT Jiu-Jitsu	Yorkville	http://axtjiujitsu.com/	Y			http://axtjiujitsu.com/	HAS_STORED	728 E Veterans Pkwy			snippets/tjjm-gyms-data-20.liquid
IN	IN	Anderson BJJ Indiana	Anderson	https://andersonbjjin.com	Y			https://andersonbjjin.com	HAS_STORED			Y	snippets/tjjm-gyms-data.liquid
IN	IN	Freedom Martial Arts and Fitness	Anderson	freedommartialarts.org	Y			freedommartialarts.org	HAS_STORED	550 West 37th Street Entrance #5			snippets/tjjm-gyms-data-30.liquid
IN	IN	Hoosier BJJ	Bloomington	https://hoosierbjj.com	Y			https://hoosierbjj.com	HAS_STORED			Y	snippets/tjjm-gyms-data.liquid
IN	IN	Razzano Academy BJJ & Judo	Bloomington		Y				EMPTY_STORED|RENDERS_BLANK	500 South Morton Suite 060			snippets/tjjm-gyms-data-30.liquid
IN	IN	Vortex Martial Arts Gym	Bloomington		Y				EMPTY_STORED|RENDERS_BLANK	1713 N College Ave #4			snippets/tjjm-gyms-data-30.liquid
IN	IN	Gracie Jiu-Jitsu Brazil	Brazil	graciebrazilindiana.com	Y			graciebrazilindiana.com	HAS_STORED	7950 North IN-59 Suite 5			snippets/tjjm-gyms-data-30.liquid
IN	IN	Brownsburg Brazilian Jiu-Jitsu	Brownsburg	brownsburgbjj.com	Y			brownsburgbjj.com	HAS_STORED	3830 N IN-267 B			snippets/tjjm-gyms-data-30.liquid
IN	IN	Performex Martial Arts and Fitness	Brownsburg	performexmartialarts.com	Y			performexmartialarts.com	HAS_STORED	489 Southpoint Cir Suite 800			snippets/tjjm-gyms-data-30.liquid
IN	IN	House Of Martial Arts	Carmel	houseofmartialarts.com	Y			houseofmartialarts.com	HAS_STORED	14598 Clay Terrace Blvd. #160			snippets/tjjm-gyms-data-30.liquid
IN	IN	Indianapolis Brazilian Jiu-Jitsu	Carmel	indianapolisjiujitsu.com	Y			indianapolisjiujitsu.com	HAS_STORED	1764 E 116th St			snippets/tjjm-gyms-data-30.liquid
IN	IN	The School of Self Defense	Carmel	the-school-of-self-defense.com	Y			the-school-of-self-defense.com	HAS_STORED	11495 N Pennsylvania St St 100			snippets/tjjm-gyms-data-30.liquid
IN	IN	Team O'Connor Brazilian Jiu-Jitsu	Chesterton	team-oconnor.com	Y			team-oconnor.com	HAS_STORED	534 Broadway Ave			snippets/tjjm-gyms-data-30.liquid
IN	IN	Awesome Martial Arts Academy	Clarksville	awesomesportsandcamps.com	Y			awesomesportsandcamps.com	HAS_STORED	757 E Lewis and Clark Pkwy #538a			snippets/tjjm-gyms-data-30.liquid
IN	IN	Brown’s Brazilian Jiu-Jitsu	Columbus		Y				EMPTY_STORED|RENDERS_BLANK	1400 Grand Ave			snippets/tjjm-gyms-data-30.liquid
IN	IN	Columbus BJJ Indiana	Columbus	https://columbusbjjin.com	Y			https://columbusbjjin.com	HAS_STORED			Y	snippets/tjjm-gyms-data.liquid
IN	IN	Harrison County Brazilian Jiu-Jitsu	Corydon		Y				EMPTY_STORED|RENDERS_BLANK	1200 Old Forest Rd NW			snippets/tjjm-gyms-data-30.liquid
IN	IN	219 Submission Academy	Crown Point	219submission.com	Y			219submission.com	HAS_STORED	1516 N Main St 3rd Floor			snippets/tjjm-gyms-data-30.liquid
IN	IN	Alexander Brazilian Jiu Jitsu	Elkhart	alexanderbjj.com	Y			alexanderbjj.com	HAS_STORED	536 S Main St			snippets/tjjm-gyms-data-30.liquid
IN	IN	Kroyler Gracie Jiu-Jitsu	Elkhart	kroylergracie.com	Y			kroylergracie.com	HAS_STORED	3121 Northview Dr			snippets/tjjm-gyms-data-30.liquid
IN	IN	Evansville BJJ	Evansville	https://evansvillebjj.com	Y			https://evansvillebjj.com	HAS_STORED			Y	snippets/tjjm-gyms-data.liquid
IN	IN	Nice Guys Submission Fighting	Evansville		Y				EMPTY_STORED|RENDERS_BLANK	1415 N Fares Ave			snippets/tjjm-gyms-data-30.liquid
IN	IN	The JiuJitsu Academy	Evansville	thejiujitsuacademy.com	Y			thejiujitsuacademy.com	HAS_STORED	2254A E Morgan Ave			snippets/tjjm-gyms-data-30.liquid
IN	IN	Fishers Brazilian Jiu-Jitsu And Boxing	Fishers		Y				EMPTY_STORED|RENDERS_BLANK	13017 Parkside Dr			snippets/tjjm-gyms-data-30.liquid
IN	IN	Fishers Elite Martial Arts	Fishers	fishersmartialarts.com	Y			fishersmartialarts.com	HAS_STORED	13029 Parkside Dr			snippets/tjjm-gyms-data-30.liquid
IN	IN	KruFit	Fishers	krufit.com	Y			krufit.com	HAS_STORED	9824 N by NE Blvd			snippets/tjjm-gyms-data-30.liquid
IN	IN	First Shield Defense	Fort Wayne	firstshielddefense.com	Y			firstshielddefense.com	HAS_STORED	2727 Lofty Dr.			snippets/tjjm-gyms-data-30.liquid
IN	IN	Fortitude BJJ	Fort Wayne	https://fortitudebjj.com	Y			https://fortitudebjj.com	HAS_STORED			Y	snippets/tjjm-gyms-data.liquid
IN	IN	Gracie Jiu-Jitsu Fort Wayne	Fort Wayne	graciejiu-jitsufortwayne.com	Y			graciejiu-jitsufortwayne.com	HAS_STORED	5421 Keystone Dr			snippets/tjjm-gyms-data-30.liquid
IN	IN	Journey Brazilian Jiu-jitsu/Blackbelt Wrestling Academy	Fort Wayne	journeybjj.com	Y			journeybjj.com	HAS_STORED	1724 Prairie Ln			snippets/tjjm-gyms-data-30.liquid
IN	IN	Lee Brothers Submission Academy	Fort Wayne	leebrothersmma.com	Y			leebrothersmma.com	HAS_STORED	5015 Speedway Dr			snippets/tjjm-gyms-data-30.liquid
IN	IN	Sud'n Impact Gym	Fort Wayne	sudnimpactgym.com	Y			sudnimpactgym.com	HAS_STORED	2429 W Main St			snippets/tjjm-gyms-data-30.liquid
IN	IN	Franklin Jiu Jitsu Club	Franklin	franklinbjjclub.com	Y			franklinbjjclub.com	HAS_STORED	2139 Holiday Ln			snippets/tjjm-gyms-data-30.liquid
IN	IN	Gary BJJ	Gary	https://garybjj.com	Y			https://garybjj.com	HAS_STORED			Y	snippets/tjjm-gyms-data.liquid
IN	IN	Barrick Brazilian Jiu Jitsu	Goshen	barrickbjj.com	Y			barrickbjj.com	HAS_STORED	320 N Chicago Ave Suite 10			snippets/tjjm-gyms-data-30.liquid
IN	IN	FLOW Brazilian Jiu-Jitsu	Granger	flowingwolfbjj.squarespace.com	Y			flowingwolfbjj.squarespace.com	HAS_STORED	51099 Bittersweet Rd Suite K			snippets/tjjm-gyms-data-30.liquid
IN	IN	Carlson Gracie Indianapolis Jiu Jitsu	Greenwood		Y				EMPTY_STORED|RENDERS_BLANK	916 E Main St #111			snippets/tjjm-gyms-data-30.liquid
IN	IN	Indiana Brazilian Jiu-Jitsu Academy	Greenwood	https://ibjja.com	Y			https://ibjja.com	HAS_STORED				snippets/tjjm-gyms-data.liquid
IN	IN	Roll Model Grappling Academy	Greenwood	rollmodelgrapplingacademy.com	Y			rollmodelgrapplingacademy.com	HAS_STORED	1140 N State Rd 135 Ste P			snippets/tjjm-gyms-data-30.liquid
IN	IN	Carlson Gracie Brazilian Jiu-jitsu Team Hobart	Hobart	maximgymllc.com	Y			maximgymllc.com	HAS_STORED	707 N Hobart Rd #2445			snippets/tjjm-gyms-data-30.liquid
IN	IN	Torres Martial Arts Academy	Hobart	torresmartialarts.com	Y			torresmartialarts.com	HAS_STORED	8560 E Ridge Rd			snippets/tjjm-gyms-data-30.liquid
IN	IN	10th Planet Indianapolis at Circle City Martial Arts & Fitness	Indianapolis	ccmaf.com	Y			ccmaf.com	HAS_STORED	1202 N Illinois St			snippets/tjjm-gyms-data-30.liquid
IN	IN	Champlin Jiu-Jitsu Academy	Indianapolis	champlinbjj.com	Y			champlinbjj.com	HAS_STORED	6935 Lake Plaza Dr			snippets/tjjm-gyms-data-30.liquid
IN	IN	Indianapolis Jiu Jitsu Coach	Indianapolis	indianapolisbjjcoach.com	Y			indianapolisbjjcoach.com	HAS_STORED	4967 S Emerson Ave			snippets/tjjm-gyms-data-30.liquid
IN	IN	SoBro Brazilian Jiu Jitsu	Indianapolis	sobrobjj.com	Y			sobrobjj.com	HAS_STORED	1134 E 54th St			snippets/tjjm-gyms-data-30.liquid
IN	IN	Garra Brazilian Jiu Jitsu and MMA	Kokomo		Y				EMPTY_STORED|RENDERS_BLANK	2160 E Markland Ave			snippets/tjjm-gyms-data-30.liquid
IN	IN	Kokomo BJJ	Kokomo	https://kokomobjj.com	Y			https://kokomobjj.com	HAS_STORED			Y	snippets/tjjm-gyms-data.liquid
IN	IN	Soma Jiu Jitsu of Kokomo	Kokomo		Y				EMPTY_STORED|RENDERS_BLANK	2320 Valentine Dr			snippets/tjjm-gyms-data-30.liquid
IN	IN	Lagrange Gracie Jiu-Jitsu	LaGrange		Y				EMPTY_STORED|RENDERS_BLANK	504 Grant St			snippets/tjjm-gyms-data-30.liquid
IN	IN	Ascend Brazilian Jiu Jitsu	Lafayette		Y				EMPTY_STORED|RENDERS_BLANK	140 Frontage Rd Suite D			snippets/tjjm-gyms-data-30.liquid
IN	IN	Lafayette BJJ	Lafayette	https://lafayettebjj.com	Y			https://lafayettebjj.com	HAS_STORED			Y	snippets/tjjm-gyms-data.liquid
IN	IN	The Forge Training Center	Lafayette	theforgetc.com	Y			theforgetc.com	HAS_STORED	1400 Teal Rd suite 4			snippets/tjjm-gyms-data-30.liquid
IN	IN	Bright Brazilian Jiu Jitsu	Lawrenceburg	brightbrazilianjiujitsu.com	Y			brightbrazilianjiujitsu.com	HAS_STORED	2005 Jamison Dr Suite 101			snippets/tjjm-gyms-data-30.liquid
IN	IN	MC Fitness & Submission Grappling	Loogootee		Y				EMPTY_STORED|RENDERS_BLANK	401 John F Kennedy Ave			snippets/tjjm-gyms-data-30.liquid
IN	IN	Tiger Martial Arts Fitness Academy	Marion	tigermartialartsfitness.com	Y			tigermartialartsfitness.com	HAS_STORED	425 E 4th St			snippets/tjjm-gyms-data-30.liquid
IN	IN	Team Colón Mixed Martial Arts	Merrillville	teamcolonmma.com	Y			teamcolonmma.com	HAS_STORED	8215 Taney Pl. Unit D			snippets/tjjm-gyms-data-30.liquid
IN	IN	UFC GYM Merrillville	Merrillville	ufcgym.com	Y			ufcgym.com	HAS_STORED	5206 E 81st Ave			snippets/tjjm-gyms-data-30.liquid
IN	IN	Michigan City BJJ	Michigan City	https://michigancitybjj.com	Y			https://michigancitybjj.com	HAS_STORED			Y	snippets/tjjm-gyms-data.liquid
IN	IN	Revolution Fitness Center	Mishawaka	joinrevolutionfc.com	Y			joinrevolutionfc.com	HAS_STORED	2818 Lincolnway E Hwy			snippets/tjjm-gyms-data-30.liquid
IN	IN	Monticello Jiu-Jitsu Academy	Monticello	monticellojiujitsu.square.site	Y			monticellojiujitsu.square.site	HAS_STORED	511 N Main St			snippets/tjjm-gyms-data-30.liquid
IN	IN	Indiana Combat Grappling	Mooresville	indianama.com	Y			indianama.com	HAS_STORED	5623 E S R 144			snippets/tjjm-gyms-data-30.liquid
IN	IN	Muncie Brazilian Jiu Jitsu	Muncie	https://munciebjj.com	Y			https://munciebjj.com	HAS_STORED			Y	snippets/tjjm-gyms-data.liquid
IN	IN	Muncie Brazilian Jiu-Jitsu	Muncie	munciebjj.com	Y			munciebjj.com	HAS_STORED	4709 Wheeling Ave			snippets/tjjm-gyms-data-30.liquid
IN	IN	Gracie Jiu-Jitsu Nappanee	Nappanee	gjjnappanee.com	Y			gjjnappanee.com	HAS_STORED	451 N Main St			snippets/tjjm-gyms-data-30.liquid
IN	IN	Gracie Jiu-Jitsu New Albany	New Albany		Y				EMPTY_STORED|RENDERS_BLANK	809 Talaina Place			snippets/tjjm-gyms-data-30.liquid
IN	IN	Southern Indiana Martial Arts	New Albany	southernindianamartialarts.com	Y			southernindianamartialarts.com	HAS_STORED	2107 Corydon Pike building a			snippets/tjjm-gyms-data-30.liquid
IN	IN	RT Torres Brazilian Jiu Jitsu	New Castle		Y				EMPTY_STORED|RENDERS_BLANK	1505 S Memorial Dr			snippets/tjjm-gyms-data-30.liquid
IN	IN	Journey Brazilian Jiu-Jitsu	North Manchester	journeybjj.com	Y			journeybjj.com	HAS_STORED	204 E Main St			snippets/tjjm-gyms-data-30.liquid
IN	IN	Ironhorse Martial Arts	Pendleton	ironhorsemartialarts.com	Y			ironhorsemartialarts.com	HAS_STORED	739 E Water St			snippets/tjjm-gyms-data-30.liquid
IN	IN	DragonFly Elite Martial Arts & Fitness	Plainfield	dragonflyelite.com	Y			dragonflyelite.com	HAS_STORED	122 W Main St			snippets/tjjm-gyms-data-30.liquid
IN	IN	Pollaro's Martial Arts	Plainfield	pollaroma.com	Y			pollaroma.com	HAS_STORED	1620 E Main St #149			snippets/tjjm-gyms-data-30.liquid
IN	IN	Hybrid Combat Club	Plymouth	hybridcombatclub.com	Y			hybridcombatclub.com	HAS_STORED	2251 N Oak Dr			snippets/tjjm-gyms-data-30.liquid
IN	IN	Corral's Martial Arts Portage	Portage	teamcorral.com	Y			teamcorral.com	HAS_STORED	5930 US Rte 6			snippets/tjjm-gyms-data-30.liquid
IN	IN	Richmond BJJ Indiana	Richmond	https://richmondbjjin.com	Y			https://richmondbjjin.com	HAS_STORED			Y	snippets/tjjm-gyms-data.liquid
IN	IN	Rochester Family Martial Arts	Rochester	rochesterfamilymartialarts.com	Y			rochesterfamilymartialarts.com	HAS_STORED	626 Main St			snippets/tjjm-gyms-data-30.liquid
IN	IN	BJJ Coach Sheepdog	Rushville		Y				EMPTY_STORED|RENDERS_BLANK	219 N Main St			snippets/tjjm-gyms-data-30.liquid
IN	IN	Corral's Martial Arts Schererville	Schererville	teamcorral.com	Y			teamcorral.com	HAS_STORED	820 Cedar Pkwy			snippets/tjjm-gyms-data-30.liquid
IN	IN	Gracie Jiu Jitsu South Bend	South Bend	graciejiujitsusouthbend.com	Y			graciejiujitsusouthbend.com	HAS_STORED	2050 E Ireland Rd			snippets/tjjm-gyms-data-30.liquid
IN	IN	Ribeiro Jiu-Jitsu South Bend	South Bend		Y				EMPTY_STORED|RENDERS_BLANK	1520 E Mishawaka Ave			snippets/tjjm-gyms-data-30.liquid
IN	IN	South Bend BJJ	South Bend	https://southbendbjj.com	Y			https://southbendbjj.com	HAS_STORED			Y	snippets/tjjm-gyms-data.liquid
IN	IN	Jason Gonzalez Brazilian Jiu-Jitsu	Terre Haute	jg-bjj.com	Y			jg-bjj.com	HAS_STORED	2800 Poplar Ave Street			snippets/tjjm-gyms-data-30.liquid
IN	IN	Mcvicker’s Brazilian Jiu-Jitsu	Terre Haute	jackmcvicker.com	Y			jackmcvicker.com	HAS_STORED	125A South 7th Street			snippets/tjjm-gyms-data-30.liquid
IN	IN	Pedigo Submission Fighting - Terre Haute	Terre Haute	eplegends.com	Y			eplegends.com	HAS_STORED	3401 S US Hwy 41 Suite C-5			snippets/tjjm-gyms-data-30.liquid
IN	IN	Terre Haute BJJ	Terre Haute	https://terrehautebjj.com	Y			https://terrehautebjj.com	HAS_STORED			Y	snippets/tjjm-gyms-data.liquid
IN	IN	BJJ Coach / Maddox Martial Arts Academy	Thorntown	bjjcoachmaddox.com	Y			bjjcoachmaddox.com	HAS_STORED	101 E Main St			snippets/tjjm-gyms-data-30.liquid
IN	IN	Choke-U Brazilian Jiu-jitsu	Valparaiso		Y				EMPTY_STORED|RENDERS_BLANK	1201 Cumberland Crossing Dr			snippets/tjjm-gyms-data-30.liquid
IN	IN	Corral’s Martial Arts	Valparaiso	teamcorral.com	Y			teamcorral.com	HAS_STORED	1115 Calumet Ave.			snippets/tjjm-gyms-data-30.liquid
IN	IN	Valparaiso BJJ	Valparaiso	https://valparaisobjj.com	Y			https://valparaisobjj.com	HAS_STORED			Y	snippets/tjjm-gyms-data.liquid
IN	IN	Anvil Training Center	Vincennes	anvilcenter.com	Y			anvilcenter.com	HAS_STORED	14 N 2nd St			snippets/tjjm-gyms-data-30.liquid
IN	IN	Relentless Brazilian Jiu Jitsu	Warsaw	relentlessbjj.net	Y			relentlessbjj.net	HAS_STORED	2112 East Winona ave.			snippets/tjjm-gyms-data-30.liquid
IN	IN	Impact Zone Training Center	West Lafayette	impactzonetrainingcenter.com	Y			impactzonetrainingcenter.com	HAS_STORED	2781 Klondike Rd			snippets/tjjm-gyms-data-30.liquid
IN	IN	UFC GYM Whitestown	Whitestown	ufcgym.com	Y			ufcgym.com	HAS_STORED	6298 Mills Dr Ste 500			snippets/tjjm-gyms-data-30.liquid
IN	IN	BJJ Bushido Zionsville	Zionsville	bjjbushido.com	Y			bjjbushido.com	HAS_STORED	10730 Bennett Parkway Suite C			snippets/tjjm-gyms-data-30.liquid
IN	IN	Bushido Jiu-Jitsu Zionsville	Zionsville	https://bushidojiujitsu.com	Y			https://bushidojiujitsu.com	HAS_STORED			Y	snippets/tjjm-gyms-data.liquid
IN	IN	Chris Howe Brazilian Jiu Jitsu	Zionsville	chrishowebjj.com	Y			chrishowebjj.com	HAS_STORED	7031 Mayflower Park Dr			snippets/tjjm-gyms-data-30.liquid
IN	IN	Endurance Brazilian Jiu-Jitsu	Zionsville	endurancebjj.com	Y			endurancebjj.com	HAS_STORED	5078 W 106th St			snippets/tjjm-gyms-data-30.liquid
KS	KS	Andover Jiu Jitsu	Andover	https://andoverjiujitsu.com	Y			https://andoverjiujitsu.com	HAS_STORED	622 N Andover Rd, Andover, KS			snippets/tjjm-gyms-data-39.liquid
KS	KS	Elite Martial Arts Academy	Arkansas City	https://elitemartialartsacademyks.com	Y			https://elitemartialartsacademyks.com	HAS_STORED	220 South Summit Street, Arkansas City, KS 67005			snippets/tjjm-gyms-data-39.liquid
KS	KS	NWKS Jiu Jitsu Colby	Colby	https://nwksjiujitsu.com	Y			https://nwksjiujitsu.com	HAS_STORED	1035 Taylor Avenue, Colby, KS 67701			snippets/tjjm-gyms-data-39.liquid
KS	KS	Laselva MMA	Derby	https://laselvamma.com	Y			https://laselvamma.com	HAS_STORED	124 S. Baltimore Ave, Derby, KS 67037			snippets/tjjm-gyms-data-39.liquid
KS	KS	Dodge City BJJ	Dodge City	https://dodgecitybjj.com	Y			https://dodgecitybjj.com	HAS_STORED			Y	snippets/tjjm-gyms-data.liquid
KS	KS	Dodge City House of Grappling	Dodge City	https://www.dodgecitygrappling.com	Y			https://www.dodgecitygrappling.com	HAS_STORED	1701 N 14th Ave Suite 6, Dodge City, KS 67801			snippets/tjjm-gyms-data-39.liquid
KS	KS	Emporia BJJ	Emporia	https://emporiabjj.com	Y			https://emporiabjj.com	HAS_STORED				snippets/tjjm-gyms-data.liquid
KS	KS	Garden City BJJ	Garden City	https://gardencitybjj.com	Y			https://gardencitybjj.com	HAS_STORED			Y	snippets/tjjm-gyms-data.liquid
KS	KS	NWKS Jiu Jitsu Goodland	Goodland	https://nwksjiujitsu.com	Y			https://nwksjiujitsu.com	HAS_STORED	602 Caldwell Avenue, Goodland, KS 67735			snippets/tjjm-gyms-data-39.liquid
KS	KS	November Tango BJJ	Great Bend	https://novembertangobjj.com	Y			https://novembertangobjj.com	HAS_STORED	2100 Broadway Avenue, Great Bend, KS 67530			snippets/tjjm-gyms-data-39.liquid
KS	KS	NWKS Jiu Jitsu Hays	Hays	https://nwksjiujitsu.com	Y			https://nwksjiujitsu.com	HAS_STORED	208 E 8th St #1, Hays, KS 67601			snippets/tjjm-gyms-data-39.liquid
KS	KS	Elite Combat Sports Center	Hutchinson	https://elitecombatsportscenter.com	Y			https://elitecombatsportscenter.com	HAS_STORED	13 S Main, Hutchinson, KS			snippets/tjjm-gyms-data-39.liquid
KS	KS	Hutchinson BJJ	Hutchinson	https://hutchinsonbjj.com	Y			https://hutchinsonbjj.com	HAS_STORED			Y	snippets/tjjm-gyms-data.liquid
KS	KS	Elite Academy of Martial Arts Junction City	Junction City	https://eliteacademyma.com	Y			https://eliteacademyma.com	HAS_STORED	826 N Washington St, Junction City, KS 66441			snippets/tjjm-gyms-data-39.liquid
KS	KS	Junction City BJJ	Junction City	https://junctioncitybjj.com	Y			https://junctioncitybjj.com	HAS_STORED			Y	snippets/tjjm-gyms-data.liquid
KS	KS	RS MMA and Fitness	Junction City	https://rsmartialarts.com	Y			https://rsmartialarts.com	HAS_STORED	121 E 6th Street, Junction City, KS 66441			snippets/tjjm-gyms-data-39.liquid
KS	KS	Alliance Jiu Jitsu Lawrence	Lawrence	https://alliancejiujitsulawrence.com	Y		websites-2		HAS_STORED+BLANKED|RENDERS_BLANK			Y	snippets/tjjm-gyms-data.liquid
KS	KS	Caio Terra Academy Lawrence	Lawrence		N				NO_W_KEY|RENDERS_BLANK	850 E 13th St, Lawrence, KS 66044			snippets/tjjm-gyms-data-39.liquid
KS	KS	Ground Theory Jiu Jitsu	Lawrence	https://www.groundtheoryjiujitsu.com	Y			https://www.groundtheoryjiujitsu.com	HAS_STORED	1035 E 23rd St Suite 3, Lawrence, KS 66046			snippets/tjjm-gyms-data-39.liquid
KS	KS	Rivers Brazilian Jiu-Jitsu	Lawrence	https://www.riversjiujitsu.com	Y			https://www.riversjiujitsu.com	HAS_STORED	850 E 13th St, Lawrence, KS 66044			snippets/tjjm-gyms-data-39.liquid
KS	KS	Leavenworth BJJ	Leavenworth	https://leavenworthbjj.com	Y			https://leavenworthbjj.com	HAS_STORED			Y	snippets/tjjm-gyms-data.liquid
KS	KS	Brazil Academy USA	Lenexa	https://www.brazilacademyusa.com	Y			https://www.brazilacademyusa.com	HAS_STORED	11441 Strang Line Rd, Lenexa, KS 66215			snippets/tjjm-gyms-data-39.liquid
KS	KS	Bulldog Muay Thai and BJJ	Lenexa		N				NO_W_KEY|RENDERS_BLANK	8920 Summit St, Lenexa, KS 66215			snippets/tjjm-gyms-data-39.liquid
KS	KS	Chute Boxe KC	Lenexa	https://chuteboxekc.com	Y			https://chuteboxekc.com	HAS_STORED	9530 Marshall Drive, Lenexa, KS 66215			snippets/tjjm-gyms-data-39.liquid
KS	KS	Liberal BJJ	Liberal	https://liberalbjj.com	Y			https://liberalbjj.com	HAS_STORED			Y	snippets/tjjm-gyms-data.liquid
KS	KS	Combative Sports Center	Manhattan	https://www.cscmhk.com	Y			https://www.cscmhk.com	HAS_STORED	116 South 4th Street, Manhattan, KS 66502			snippets/tjjm-gyms-data-39.liquid
KS	KS	Manhattan KS BJJ	Manhattan	https://manhattanksbjj.com	Y		websites-2		HAS_STORED+BLANKED|RENDERS_BLANK			Y	snippets/tjjm-gyms-data.liquid
KS	KS	Kansas City Brazilian Jiu Jitsu	Mission	http://www.kcbjj.com	Y			http://www.kcbjj.com	HAS_STORED	6516 Martway, Mission, KS 66202			snippets/tjjm-gyms-data-39.liquid
KS	KS	Chaotic Jiu Jitsu	Newton	https://www.chaoticjiujitsu.com	Y			https://www.chaoticjiujitsu.com	HAS_STORED	212 N Main, Newton, KS 67114			snippets/tjjm-gyms-data-39.liquid
KS	KS	Newton Jiu Jitsu	Newton	https://newtonjiujitsu.com	Y			https://newtonjiujitsu.com	HAS_STORED	400 S Main St, Newton, KS 67114			snippets/tjjm-gyms-data-39.liquid
KS	KS	E3 Jiu-Jitsu	Overland Park	https://www.e3sf.org	Y			https://www.e3sf.org	HAS_STORED	7010 W 83rd Street, Overland Park, KS 66204			snippets/tjjm-gyms-data-39.liquid
KS	KS	Gracie Barra Overland Park	Overland Park	https://gboverlandpark.com	Y			https://gboverlandpark.com	HAS_STORED	9142 W 135th St, Overland Park, KS 66221			snippets/tjjm-gyms-data-39.liquid
KS	KS	Marathon Mixed Martial Arts Academy	Overland Park	https://overlandparkmma.com	Y			https://overlandparkmma.com	HAS_STORED	10559 Metcalf Avenue, Overland Park, KS 66212			snippets/tjjm-gyms-data-39.liquid
KS	KS	TMC Brazilian Jiu-Jitsu	Overland Park	https://tmcbjj.com	Y			https://tmcbjj.com	HAS_STORED	6741 W 135th Unit A69, Overland Park, KS 66223			snippets/tjjm-gyms-data-39.liquid
KS	KS	Arise Brazilian Jiu-Jitsu Academy	Pittsburg	https://arisebjj.org	Y			https://arisebjj.org	HAS_STORED	311 S Broadway St Suite C, Pittsburg, KS 66762			snippets/tjjm-gyms-data-39.liquid
KS	KS	Pittsburg KS BJJ	Pittsburg	https://pittsburgksbjj.com	Y		websites-2		HAS_STORED+BLANKED|RENDERS_BLANK			Y	snippets/tjjm-gyms-data.liquid
KS	KS	Salina BJJ	Salina	https://salinabjj.com	Y			https://salinabjj.com	HAS_STORED			Y	snippets/tjjm-gyms-data.liquid
KS	KS	WaveMan Combat Academy	Salina	https://wavemanjiujitsu.com	Y			https://wavemanjiujitsu.com	HAS_STORED	740-B Duvall Ave, Salina, KS 67401			snippets/tjjm-gyms-data-39.liquid
KS	KS	Midwest Training Center	Topeka	https://midwesttrainingcenter.com	Y			https://midwesttrainingcenter.com	HAS_STORED			Y	snippets/tjjm-gyms-data.liquid
KS	KS	R.E. Training Center	Topeka	https://roneyedlerbrazilianjiujitsu.com	Y			https://roneyedlerbrazilianjiujitsu.com	HAS_STORED	5711 SW 21st, Topeka, KS 66604			snippets/tjjm-gyms-data-39.liquid
KS	KS	Rabbit Hole Jiu Jitsu	Topeka		N				NO_W_KEY|RENDERS_BLANK	116 SE Monroe St, Topeka, KS 66603			snippets/tjjm-gyms-data-39.liquid
KS	KS	Animal House FC	Wichita	https://www.animalhousefc.com	Y			https://www.animalhousefc.com	HAS_STORED	4300 W Central Ave, Wichita, KS 67212			snippets/tjjm-gyms-data-39.liquid
KS	KS	Burns Martial Arts	Wichita	https://www.burnsmartialarts.com	Y			https://www.burnsmartialarts.com	HAS_STORED	1711 South Eisenhower Street, Wichita, KS 67209			snippets/tjjm-gyms-data-39.liquid
KS	KS	Ethos BJJ Wichita	Wichita	https://ethosjj.com	Y			https://ethosjj.com	HAS_STORED	1310 West Douglas Avenue, Wichita, KS			snippets/tjjm-gyms-data-39.liquid
KS	KS	Fox Fitness BJJ	Wichita	https://www.foxfitnessbjj.com	Y			https://www.foxfitnessbjj.com	HAS_STORED	2923 N Tyler Road, Wichita, KS 67205			snippets/tjjm-gyms-data-39.liquid
KS	KS	Immortal MMA	Wichita	https://www.immortalmmawichita.com	Y			https://www.immortalmmawichita.com	HAS_STORED	1050 S Oliver Ave, Wichita, KS 67218			snippets/tjjm-gyms-data-39.liquid
KS	KS	Kansas BJJ	Wichita	https://kansasbjj.com	Y			https://kansasbjj.com	HAS_STORED			Y	snippets/tjjm-gyms-data.liquid
KS	KS	Prairie Wolfe Jiu Jitsu	Wichita	https://prairiewolfejiujitsu.com	Y			https://prairiewolfejiujitsu.com	HAS_STORED	449 N Mosley, Wichita, KS 67202			snippets/tjjm-gyms-data-39.liquid
KS	KS	Valor Martial Arts	Wichita	https://www.wichitavalor.com	Y			https://www.wichitavalor.com	HAS_STORED	1836 South Woodlawn, Wichita, KS 67218			snippets/tjjm-gyms-data-39.liquid
KY	KY	Phil Clark's Martial Arts & Relson Gracie Jiu-Jitsu Of KY	Ashland	https://ashlandtaekwondo.com/	Y			https://ashlandtaekwondo.com/	HAS_STORED	601 28th St			snippets/tjjm-gyms-data-14.liquid
KY	KY	Bowling Green BJJ	Bowling Green	https://bowlinggreenbjj.com	Y			https://bowlinggreenbjj.com	HAS_STORED			Y	snippets/tjjm-gyms-data.liquid
KY	KY	Ebmas Bowling Green	Bowling Green		N				NO_W_KEY|RENDERS_BLANK	596 Old Tram Rd			snippets/tjjm-gyms-data-14.liquid
KY	KY	Hicsmma	Bowling Green	https://www.hicsmma.com/	Y			https://www.hicsmma.com/	HAS_STORED	150 Dishman Ln Building D			snippets/tjjm-gyms-data-14.liquid
KY	KY	Kentucky Grapplers	Bowling Green		N				NO_W_KEY|RENDERS_BLANK	519 E 2nd Ave			snippets/tjjm-gyms-data-14.liquid
KY	KY	Sentou Dojo	Bowling Green	https://www.bgdojo.com/	Y			https://www.bgdojo.com/	HAS_STORED	1258 Elrod Rd			snippets/tjjm-gyms-data-14.liquid
KY	KY	Corbin Martial Arts	Corbin		N				NO_W_KEY|RENDERS_BLANK	798 Cumberland Gap Pkwy			snippets/tjjm-gyms-data-14.liquid
KY	KY	Covington BJJ	Covington	https://covingtonbjj.com	Y			https://covingtonbjj.com	HAS_STORED			Y	snippets/tjjm-gyms-data.liquid
KY	KY	BarnYard MMA	Crittenden	https://barnyardmma.com/	Y			https://barnyardmma.com/	HAS_STORED	700 Violet Rd Suit A			snippets/tjjm-gyms-data-14.liquid
KY	KY	Danville BJJ	Danville	https://danvillebjj.com	Y			https://danvillebjj.com	HAS_STORED			Y	snippets/tjjm-gyms-data.liquid
KY	KY	Grant County Martial Arts Center	Dry Ridge	https://www.grantcountymartialarts.com/	Y		websites-2		HAS_STORED+BLANKED|RENDERS_BLANK	1125 Fashion Ridge Rd			snippets/tjjm-gyms-data-14.liquid
KY	KY	Combat Defense USA	Elizabethtown		N				NO_W_KEY|RENDERS_BLANK	1111 N Dixie Hwy			snippets/tjjm-gyms-data-14.liquid
KY	KY	E-town Brazilian Jiu-Jitsu	Elizabethtown	https://etownjiujitsu.com	Y		websites-2		HAS_STORED+BLANKED|RENDERS_BLANK				snippets/tjjm-gyms-data.liquid
KY	KY	E-town/Bowling Green Clube de Jiu-Jitsu	Elizabethtown	https://e-townbjj.com/	Y			https://e-townbjj.com/	HAS_STORED	1506 Ring Rd			snippets/tjjm-gyms-data-14.liquid
KY	KY	Son Of Siam Martial Arts	Erlanger	https://www.sonofsiam.com	Y			https://www.sonofsiam.com	HAS_STORED	32 Kenton Lands Road			snippets/tjjm-gyms-data-14.liquid
KY	KY	Florence BJJ Kentucky	Florence	https://florencebjjky.com	Y			https://florencebjjky.com	HAS_STORED			Y	snippets/tjjm-gyms-data.liquid
KY	KY	Frankfort BJJ	Frankfort	https://frankfortbjj.com	Y			https://frankfortbjj.com	HAS_STORED			Y	snippets/tjjm-gyms-data.liquid
KY	KY	Frankfort Martial Arts	Frankfort	https://martialartsky.com/	Y			https://martialartsky.com/	HAS_STORED	699 Isaac Shelby Cir W			snippets/tjjm-gyms-data-14.liquid
KY	KY	13 Jiu Jitsu	Glasgow	https://www.facebook.com/13JiuJitsu	Y			https://www.facebook.com/13JiuJitsu	HAS_STORED	105 Samson St			snippets/tjjm-gyms-data-14.liquid
KY	KY	Skinner's Martial Arts	Grand Rivers	https://www.skinnersmartialarts.com/	Y			https://www.skinnersmartialarts.com/	HAS_STORED				snippets/tjjm-gyms-data-14.liquid
KY	KY	Alliance Jiu Jitsu Henderson KY	Henderson	http://www.scottaudasjiujitsu.com/	Y			http://www.scottaudasjiujitsu.com/	HAS_STORED	238 N Main St			snippets/tjjm-gyms-data-21.liquid
KY	KY	Club MMA	Highland Heights	https://www.club-mma.com/	Y			https://www.club-mma.com/	HAS_STORED	1805 Alexandria Pike			snippets/tjjm-gyms-data-14.liquid
KY	KY	Hopkinsville BJJ	Hopkinsville	https://hopkinsvillebjj.com	Y		websites-2		HAS_STORED+BLANKED|RENDERS_BLANK				snippets/tjjm-gyms-data.liquid
KY	KY	Hopkinsville Martial Arts	Hopkinsville	https://hoptownmartialarts.com/	Y			https://hoptownmartialarts.com/	HAS_STORED	1005 Skyline Dr			snippets/tjjm-gyms-data-14.liquid
KY	KY	Bluegrass Martial Arts	Jeffersontown	https://bluegrassmartialarts.com/	Y			https://bluegrassmartialarts.com/	HAS_STORED	2506 Plantside Dr			snippets/tjjm-gyms-data-14.liquid
KY	KY	Oldham County Martial Arts Academy	La Grange	https://www.ocmaaky.com	Y			https://www.ocmaaky.com	HAS_STORED	4217 W Hwy 146			snippets/tjjm-gyms-data-14.liquid
KY	KY	King's Academy BJJ	Leitchfield		N				NO_W_KEY|RENDERS_BLANK	314 J & D Ln			snippets/tjjm-gyms-data-14.liquid
KY	KY	Powers' Martial Arts	Lewisport		N				NO_W_KEY|RENDERS_BLANK	17 Pell St			snippets/tjjm-gyms-data-14.liquid
KY	KY	Lexington Academy of Martial Arts - LAMA	Lexington	https://www.facebook.com/Lexington-Academy-of-Martial-Arts-LAMA-112562654001820/	Y			https://www.facebook.com/Lexington-Academy-of-Martial-Arts-LAMA-112562654001820/	HAS_STORED	949 National Ave #180			snippets/tjjm-gyms-data-14.liquid
KY	KY	Lexington Jiu-Jitsu & Fitness	Lexington	https://lexingtonjiujitsuandfitness.com	Y			https://lexingtonjiujitsuandfitness.com	HAS_STORED				snippets/tjjm-gyms-data.liquid
KY	KY	Martial Arts USA (Fayette Mall Location)	Lexington	https://www.martialartslexington.com/contact-us	Y			https://www.martialartslexington.com/contact-us	HAS_STORED	260 Meijer Way			snippets/tjjm-gyms-data-14.liquid
KY	KY	Triple Crown MMA	Lexington	https://triplecrownnmma.com	Y		websites-2		HAS_STORED+BLANKED|RENDERS_BLANK				snippets/tjjm-gyms-data.liquid
KY	KY	United Martial Arts Academy	London	https://www.kentuckymartialarts.com/	Y			https://www.kentuckymartialarts.com/	HAS_STORED	813 S Main St			snippets/tjjm-gyms-data-14.liquid
KY	KY	Area 502 MMA - Carlson Gracie Team	Louisville	https://area502mma.com/	Y			https://area502mma.com/	HAS_STORED	444 Downes Terrace			snippets/tjjm-gyms-data-14.liquid
KY	KY	Core Combat Sports	Louisville	https://corelouisville.com	Y			https://corelouisville.com	HAS_STORED			Y	snippets/tjjm-gyms-data.liquid
KY	KY	Core Combat Sports Louisville	Louisville	https://corelouisville.com	Y			https://corelouisville.com	HAS_STORED				snippets/tjjm-gyms-data-45.liquid
KY	KY	Criterion Brazilian Jiu Jitsu of Louisville	Louisville	https://criterionbjj.com	Y			https://criterionbjj.com	HAS_STORED	2801 Cleveland Blvd			snippets/tjjm-gyms-data-14.liquid
KY	KY	Derby City MMA	Louisville	https://derbycitymartialarts.com	Y			https://derbycitymartialarts.com	HAS_STORED				snippets/tjjm-gyms-data.liquid
KY	KY	Fight Factory Louisville	Louisville	https://www.fightfactoryky.com	Y			https://www.fightfactoryky.com	HAS_STORED				snippets/tjjm-gyms-data.liquid
KY	KY	Gracie Jiu-Jitsu of Kentucky - Louisville	Louisville	https://graciekentucky.com/location/louisville-ky/	Y			https://graciekentucky.com/location/louisville-ky/	HAS_STORED	3600 Chamberlain Ln, Suite 136B			snippets/tjjm-gyms-data-14.liquid
KY	KY	Louisville Ju Jitsu	Louisville	https://www.louisvillejujitsu.com	Y		websites-2		HAS_STORED+BLANKED|RENDERS_BLANK	1932 Production Dr			snippets/tjjm-gyms-data-14.liquid
KY	KY	Louisville Martial Arts Academy	Louisville	https://louisvillemartialarts.net/	Y		websites-2		HAS_STORED+BLANKED|RENDERS_BLANK	3600 Chamberlain Ln			snippets/tjjm-gyms-data-14.liquid
KY	KY	MADE Fitness and Training Center	Louisville	https://www.madelouisville.com/	Y			https://www.madelouisville.com/	HAS_STORED	1200 Truman Park Dr			snippets/tjjm-gyms-data-14.liquid
KY	KY	Old Louisville Jiu Jitsu Academy	Louisville	https://www.oldlouisvillejiujitsuacademy.com	Y			https://www.oldlouisvillejiujitsuacademy.com	HAS_STORED				snippets/tjjm-gyms-data.liquid
KY	KY	Real Fighters Gym, LLC	Louisville	https://www.realfightersgym.com/	Y			https://www.realfightersgym.com/	HAS_STORED	2710 Holloway Rd #4			snippets/tjjm-gyms-data-14.liquid
KY	KY	Rough Hands BJJ	Louisville	https://roughhandsbjj.com	Y			https://roughhandsbjj.com	HAS_STORED				snippets/tjjm-gyms-data.liquid
KY	KY	St. Matthews Martial Arts	Louisville	https://www.gokempo.com/	Y			https://www.gokempo.com/	HAS_STORED	4160 Westport Rd B			snippets/tjjm-gyms-data-14.liquid
KY	KY	Gracie Jiujitsu of Madisonville	Madisonville	https://www.gjjmadisonville.com/	Y		websites-2		HAS_STORED+BLANKED|RENDERS_BLANK	1395c S Main St			snippets/tjjm-gyms-data-14.liquid
KY	KY	Myers Martial Arts Center	Madisonville	https://www.myersdojo.net/	Y		websites-2		HAS_STORED+BLANKED|RENDERS_BLANK	1365 S Main St Suite C			snippets/tjjm-gyms-data-14.liquid
KY	KY	Iron Fist Gym	Maysville	https://www.facebook.com/pages/Iron-Fist-Gym/197039466976181	Y			https://www.facebook.com/pages/Iron-Fist-Gym/197039466976181	HAS_STORED	1010 Forest Ave			snippets/tjjm-gyms-data-14.liquid
KY	KY	Life's Ultimate Martial Arts Academy	Maysville	https://www.lumaacademy.net/	Y			https://www.lumaacademy.net/	HAS_STORED	293 Martin Luther King Hwy			snippets/tjjm-gyms-data-14.liquid
KY	KY	Morehead BJJ	Morehead	https://moreheadbjj.com	Y			https://moreheadbjj.com	HAS_STORED			Y	snippets/tjjm-gyms-data.liquid
KY	KY	Murray BJJ	Murray	https://murraybjj.com	Y			https://murraybjj.com	HAS_STORED			Y	snippets/tjjm-gyms-data.liquid
KY	KY	Carlson Gracie Northern Kentucky - MMA, Jiu-Jitsu, & Judo	Newport	https://www.carlsongracienky.com/	Y			https://www.carlsongracienky.com/	HAS_STORED	818 Monmouth St			snippets/tjjm-gyms-data-14.liquid
KY	KY	Newport Fitness	Newport	https://www.newport-fitness.com/	Y			https://www.newport-fitness.com/	HAS_STORED	15 W 6th St			snippets/tjjm-gyms-data-14.liquid
KY	KY	AKF Lexington Martial Arts	Nicholasville	https://akflexington.com/	Y			https://akflexington.com/	HAS_STORED	125 Cynthia Dr			snippets/tjjm-gyms-data-14.liquid
KY	KY	Reaction MMA	Nicholasville	https://www.reactionmma.com	Y			https://www.reactionmma.com	HAS_STORED				snippets/tjjm-gyms-data.liquid
KY	KY	Wilson Fitness & Martial Arts	Olive Hill	https://www.facebook.com/wilsonmartial.arts.3/	Y			https://www.facebook.com/wilsonmartial.arts.3/	HAS_STORED	333 Warrior Dr			snippets/tjjm-gyms-data-14.liquid
KY	KY	Gracie Owensboro	Owensboro	https://gracieowensboro.com/	Y			https://gracieowensboro.com/	HAS_STORED	4010 Frederica St			snippets/tjjm-gyms-data-14.liquid
KY	KY	Hidden Samurai Martial Arts	Owensboro	https://www.hiddensamurai.cmasdirect.com	Y			https://www.hiddensamurai.cmasdirect.com	HAS_STORED	1221 Moseley Street			snippets/tjjm-gyms-data-14.liquid
KY	KY	Owensboro BJJ	Owensboro	https://owensborobjj.com	Y			https://owensborobjj.com	HAS_STORED			Y	snippets/tjjm-gyms-data.liquid
KY	KY	Atmosphere Martial Arts Academy	Paducah	https://www.atmospheremartialarts.com/	Y			https://www.atmospheremartialarts.com/	HAS_STORED	3231 Lone Oak Rd			snippets/tjjm-gyms-data-14.liquid
KY	KY	Elite Martial Arts-Richmond	Paducah	https://www.elitema.org/	Y			https://www.elitema.org/	HAS_STORED	451 Jordan Dr			snippets/tjjm-gyms-data-14.liquid
KY	KY	Premier Martial Arts – Paducah	Paducah	https://pmapaducah.com/	Y		websites-2		HAS_STORED+BLANKED|RENDERS_BLANK	451 Jordan Dr			snippets/tjjm-gyms-data-14.liquid
KY	KY	Three Rivers Martial Arts Academy	Paducah	https://threeriversacademy.com/dev/	Y			https://threeriversacademy.com/dev/	HAS_STORED				snippets/tjjm-gyms-data.liquid
KY	KY	Paris Fight Academy	Paris		N				NO_W_KEY|RENDERS_BLANK	420 Main St			snippets/tjjm-gyms-data-14.liquid
KY	KY	Figure 4 Fight Academy	Pikeville		N				NO_W_KEY|RENDERS_BLANK	2566 Chloe Rd			snippets/tjjm-gyms-data-14.liquid
KY	KY	Richmond BJJ Kentucky	Richmond	https://richmondbjjky.com	Y			https://richmondbjjky.com	HAS_STORED			Y	snippets/tjjm-gyms-data.liquid
KY	KY	Team AFS MMA	Richmond	http://www.afsacademy.com/	Y			http://www.afsacademy.com/	HAS_STORED	427 Big Hill Ave			snippets/tjjm-gyms-data-21.liquid
KY	KY	Apex Martial Arts Academy	Shepherdsville	https://theapexmaa.com	Y			https://theapexmaa.com	HAS_STORED	211 Arnold Dr Ste B			snippets/tjjm-gyms-data-14.liquid
KY	KY	East West Karate and BJJ Somerset	Somerset	https://www.facebook.com/eastwestmartialarts/	Y			https://www.facebook.com/eastwestmartialarts/	HAS_STORED	406 Monticello St			snippets/tjjm-gyms-data-14.liquid
KY	KY	Insight BJJ Somerset KY	Somerset	https://www.insightbjj-ky.com/	Y			https://www.insightbjj-ky.com/	HAS_STORED	4360 S Hwy 27 Suite B			snippets/tjjm-gyms-data-14.liquid
KY	KY	Somerset Martial Arts Summer Camp & Afterschool	Somerset	https://somersetmartialartsky.com/	Y			https://somersetmartialartsky.com/	HAS_STORED	180 Belmont Drive			snippets/tjjm-gyms-data-14.liquid
KY	KY	American Grappling	Tompkinsville	https://americangrappling.org/	Y			https://americangrappling.org/	HAS_STORED	1101 N Main St			snippets/tjjm-gyms-data-14.liquid
KY	KY	Go Do Ryu Mixed Martial Arts	Walton	https://godoryu.com/	Y			https://godoryu.com/	HAS_STORED	67 N Main St			snippets/tjjm-gyms-data-14.liquid
LA	LA	Vermilion Martial Arts Academy	Abbeville	http://www.abbevillesummercamp.com/	Y		websites-2		HAS_STORED+BLANKED|RENDERS_BLANK	2108 Charity St			snippets/tjjm-gyms-data-13.liquid
LA	LA	Alexandria BJJ Louisiana	Alexandria	https://alexandriabjjla.com	Y			https://alexandriabjjla.com	HAS_STORED			Y	snippets/tjjm-gyms-data.liquid
LA	LA	Gracie Barra Amite	Amite City		N				NO_W_KEY|RENDERS_BLANK	110 NE Central Ave			snippets/tjjm-gyms-data-13.liquid
LA	LA	AMP BJJ Baton Rouge	Baton Rouge	https://ampbjj.com/about-amp-bjj/amp-bjj-baton-rouge/	Y			https://ampbjj.com/about-amp-bjj/amp-bjj-baton-rouge/	HAS_STORED		7731 Perkins Rd Ste 130		snippets/tjjm-gyms-data.liquid
LA	LA	Bayou Jiu Jitsu & Self Defense	Baton Rouge	https://www.bayoujiujitsu.com/	Y			https://www.bayoujiujitsu.com/	HAS_STORED		9681 Airline Hwy	Y	snippets/tjjm-gyms-data.liquid
LA	LA	Bayou Jiu Jitsu & Self Defense Baton Rouge	Baton Rouge	https://bayoujiujitsu.us/	Y			https://bayoujiujitsu.us/	HAS_STORED	9681 Airline Hwy			snippets/tjjm-gyms-data-13.liquid
LA	LA	David Vincent's Martial Arts & Fitness	Baton Rouge	http://www.dvmafit.com/	Y			http://www.dvmafit.com/	HAS_STORED	9828 Bluebonnet Blvd			snippets/tjjm-gyms-data-13.liquid
LA	LA	Gracie United Baton Rouge	Baton Rouge	http://www.gracieunited.com/	Y			http://www.gracieunited.com/	HAS_STORED	1927 Staring Ln			snippets/tjjm-gyms-data-13.liquid
LA	LA	Gracie United Baton Rouge - Tiger Bend	Baton Rouge	https://batonrougejiujitsu.com	Y			https://batonrougejiujitsu.com	HAS_STORED				snippets/tjjm-gyms-data.liquid
LA	LA	JM Modern Jiu Jitsu	Baton Rouge	https://www.jmmodernjj.com	Y			https://www.jmmodernjj.com	HAS_STORED				snippets/tjjm-gyms-data.liquid
LA	LA	Kimm's Institute of Self-Defense	Baton Rouge	https://www.kimmsinstitute.info/	Y			https://www.kimmsinstitute.info/	HAS_STORED	4816 Jamestown Ave			snippets/tjjm-gyms-data-13.liquid
LA	LA	Louisiana BJJ Academy	Baton Rouge	https://www.louisianabjj.com/	Y			https://www.louisianabjj.com/	HAS_STORED			Y	snippets/tjjm-gyms-data.liquid
LA	LA	Martial Arts America Baton Rouge	Baton Rouge	https://www.martialartsamericabr.com/	Y		websites-2		HAS_STORED+BLANKED|RENDERS_BLANK				snippets/tjjm-gyms-data.liquid
LA	LA	UFC GYM Acadian, Baton Rouge	Baton Rouge	http://ufcgym.com/acadian	Y			http://ufcgym.com/acadian	HAS_STORED	3731 Perkins Rd		Y	snippets/tjjm-gyms-data-13.liquid
LA	LA	Warrior's Cove Baton Rouge	Baton Rouge	https://www.warriorscovebjj.com/	Y		websites-2		HAS_STORED+BLANKED|RENDERS_BLANK				snippets/tjjm-gyms-data.liquid
LA	LA	Belle Chasse Martial Arts	Belle Chasse	http://www.bellechassemartialarts.com/	Y			http://www.bellechassemartialarts.com/	HAS_STORED	606 Good News Ave			snippets/tjjm-gyms-data-13.liquid
LA	LA	Bossier Jiu-Jitsu: Louisiana Black Belt Academy	Bossier City	https://bossierjiujitsu.com/	Y			https://bossierjiujitsu.com/	HAS_STORED	4345 Marlena St			snippets/tjjm-gyms-data-13.liquid
LA	LA	Gracie Jiu-Jitsu Shreveport / Bossier City	Bossier City	https://graciesbc.com	Y			https://graciesbc.com	HAS_STORED				snippets/tjjm-gyms-data.liquid
LA	LA	Rogue 22 BJJ	Bossier City	https://bookeo.com/rogue22bjj	Y			https://bookeo.com/rogue22bjj	HAS_STORED	5400 E Texas St			snippets/tjjm-gyms-data-13.liquid
LA	LA	SMAA/Soul Fighters SBC, Brazilian Jiu Jitsu	Bossier City	http://www.sbcjiujitsu.com/	Y			http://www.sbcjiujitsu.com/	HAS_STORED	3068 Knolin Dr bldg 1			snippets/tjjm-gyms-data-13.liquid
LA	LA	Stockwell Martial Arts Academy	Bossier City		N				NO_W_KEY|RENDERS_BLANK	2091 Stockwell Rd			snippets/tjjm-gyms-data-13.liquid
LA	LA	Cyclone Brazilian Jiu Jitsu	Boutte	https://cyclonejj.com/	Y			https://cyclonejj.com/	HAS_STORED	13413 US-90 l			snippets/tjjm-gyms-data-13.liquid
LA	LA	Cyclone Brazilian Jiu Jitsu & Combatives	Boutte	https://cyclonecombatives.com	Y			https://cyclonecombatives.com	HAS_STORED				snippets/tjjm-gyms-data.liquid
LA	LA	Gladiators Academy of Breaux Bridge	Breaux Bridge	http://www.gladiatorsbb.com/	Y			http://www.gladiatorsbb.com/	HAS_STORED	117 N Main St b			snippets/tjjm-gyms-data-13.liquid
LA	LA	Fight to Win Lafayette Jiu -Jitsu	Broussard	http://www.fighttowinlafayette.com/	Y		websites-2		HAS_STORED+BLANKED|RENDERS_BLANK	1212 Albertson Pkwy # F-1			snippets/tjjm-gyms-data-13.liquid
LA	LA	Louisiana Judo. Louisiana Muay Thai	Broussard		N				NO_W_KEY|RENDERS_BLANK	222 Burgess Dr			snippets/tjjm-gyms-data-13.liquid
LA	LA	Hero Fitness Academy	Calhoun	https://herofitnessacademy.com/	Y			https://herofitnessacademy.com/	HAS_STORED	985 US-80			snippets/tjjm-gyms-data-13.liquid
LA	LA	Langston's Martial Arts	Central	http://langstonsmartialarts.com/	Y		websites-2		HAS_STORED+BLANKED|RENDERS_BLANK	14455 Greenwell Springs Rd			snippets/tjjm-gyms-data-13.liquid
LA	LA	Gracie United - Team Jucāo Chalmette	Chalmette	http://www.gubjj.com/	Y			http://www.gubjj.com/	HAS_STORED	1720 E Judge Perez Dr			snippets/tjjm-gyms-data-13.liquid
LA	LA	Covington BJJ Louisiana	Covington	https://covingtonbjjla.com	Y			https://covingtonbjjla.com	HAS_STORED			Y	snippets/tjjm-gyms-data.liquid
LA	LA	Gracie United Covington	Covington	https://trainbjjnow.com/	Y			https://trainbjjnow.com/	HAS_STORED	100 S Tyler St			snippets/tjjm-gyms-data-13.liquid
LA	LA	Southern Karate Jiu-Jitsu	Covington	https://www.facebook.com/SouthernKarate/	Y			https://www.facebook.com/SouthernKarate/	HAS_STORED	330 Falconer Dr			snippets/tjjm-gyms-data-13.liquid
LA	LA	Gladiators Academy of Crowley	Crowley	https://www.gladiatorsofcrowley.com/	Y		websites-2		HAS_STORED+BLANKED|RENDERS_BLANK	209 E Park St			snippets/tjjm-gyms-data-13.liquid
LA	LA	Combat Athletics	Denham Springs	https://ccrosbyjiujitsu.com/contact-us/	Y		websites-2		HAS_STORED+BLANKED|RENDERS_BLANK	34130 LA-16			snippets/tjjm-gyms-data-13.liquid
LA	LA	Excelsior Jiu-Jitsu Denham Springs	Denham Springs	http://excelsiorbjj.com/	Y			http://excelsiorbjj.com/	HAS_STORED	730 S Range Ave Suite 1-G			snippets/tjjm-gyms-data-13.liquid
LA	LA	Movement Fitness - Watson	Denham Springs	https://www.mindbodyonline.com/explore/locations/movement-martial-arts-and-fitness	Y			https://www.mindbodyonline.com/explore/locations/movement-martial-arts-and-fitness	HAS_STORED	34619 LA-16			snippets/tjjm-gyms-data-13.liquid
LA	LA	Wall To Wall Martial Arts	Denham Springs	http://www.wallmartialarts.com/	Y			http://www.wallmartialarts.com/	HAS_STORED	34972 Old La Hwy 16			snippets/tjjm-gyms-data-13.liquid
LA	LA	Active Martial Arts	Gonzales	http://www.activegonzales.com/	Y			http://www.activegonzales.com/	HAS_STORED	316 E Hwy 30			snippets/tjjm-gyms-data-13.liquid
LA	LA	S.I.C.A. MMA and Krav Maga	Gonzales	http://www.sicamma.com/	Y			http://www.sicamma.com/	HAS_STORED	1452 N Airline Hwy			snippets/tjjm-gyms-data-13.liquid
LA	LA	DiBenedetto's Karate Jiu-Jitsu	Hammond	http://www.dkjla.com/	Y			http://www.dkjla.com/	HAS_STORED	45505 Black Belt Ln			snippets/tjjm-gyms-data-13.liquid
LA	LA	Gracie United Hammond	Hammond	https://trainbjjnow.com/	Y			https://trainbjjnow.com/	HAS_STORED	117 S Cate St			snippets/tjjm-gyms-data-13.liquid
LA	LA	Hammond BJJ	Hammond	https://hammondbjj.com	Y			https://hammondbjj.com	HAS_STORED			Y	snippets/tjjm-gyms-data.liquid
LA	LA	Science of Jiu Jitsu Academy	Harvey	https://scienceofjiujitsu.net	Y			https://scienceofjiujitsu.net	HAS_STORED	1924 Jutland Dr Suite A			snippets/tjjm-gyms-data-13.liquid
LA	LA	Blacklist Martial Arts	Houma	http://www.blacklistbjj.com/	Y			http://www.blacklistbjj.com/	HAS_STORED	5756 W Main St			snippets/tjjm-gyms-data-13.liquid
LA	LA	Body Elite Boxing & MMA	Houma		N				NO_W_KEY|RENDERS_BLANK	1221 Grand Caillou Rd			snippets/tjjm-gyms-data-13.liquid
LA	LA	Brazilian Jiu Jitsu Houma	Houma	https://www.bjjhouma.com/	Y			https://www.bjjhouma.com/	HAS_STORED			Y	snippets/tjjm-gyms-data.liquid
LA	LA	Evolution Training	Houma	https://www.guerrillajiujitsuhouma.com/	Y		websites-2		HAS_STORED+BLANKED|RENDERS_BLANK	311 Barrow St			snippets/tjjm-gyms-data-13.liquid
LA	LA	Extreme Mix Martial Arts	Houma		N				NO_W_KEY|RENDERS_BLANK	1226 Lafayette St			snippets/tjjm-gyms-data-13.liquid
LA	LA	Next Level Martial Arts of Houma	Houma	http://www.nlmahouma.com/	Y			http://www.nlmahouma.com/	HAS_STORED	488 Corporate Dr Suite 6			snippets/tjjm-gyms-data-13.liquid
LA	LA	Reeds Elite Mixed Martial Arts	Jennings		N				NO_W_KEY|RENDERS_BLANK	518 N Main St			snippets/tjjm-gyms-data-13.liquid
LA	LA	Kenner BJJ	Kenner	https://kennerbjj.com	Y			https://kennerbjj.com	HAS_STORED			Y	snippets/tjjm-gyms-data.liquid
LA	LA	Yonsei Martial Arts Academy	Kenner	https://calendly.com/info4yonsei/quick-start	Y			https://calendly.com/info4yonsei/quick-start	HAS_STORED	2530 Florida Ave			snippets/tjjm-gyms-data-13.liquid
LA	LA	Acadiana Martial Arts Academy	Lafayette	https://www.acadianamartialarts.com/	Y		websites-2		HAS_STORED+BLANKED|RENDERS_BLANK				snippets/tjjm-gyms-data.liquid
LA	LA	Be Jiu Jitsu	Lafayette	https://be-jj.com	Y			https://be-jj.com	HAS_STORED				snippets/tjjm-gyms-data.liquid
LA	LA	Premier Martial Arts Lafayette	Lafayette	https://www.premiermartialartsacademy.com/	Y		websites-2		HAS_STORED+BLANKED|RENDERS_BLANK				snippets/tjjm-gyms-data.liquid
LA	LA	Team Tooke Mixed Martial Arts Lafayette	Lafayette	https://www.teamtooke.com/	Y			https://www.teamtooke.com/	HAS_STORED				snippets/tjjm-gyms-data.liquid
LA	LA	GB Lake Charles	Lake Charles	https://gblakecharles.com/	Y			https://gblakecharles.com/	HAS_STORED	310 West McNeese St			snippets/tjjm-gyms-data-13.liquid
LA	LA	Lake Area Brazilian Jiu-Jitsu	Lake Charles		N				NO_W_KEY|RENDERS_BLANK	1814 E Prien Lake Rd			snippets/tjjm-gyms-data-13.liquid
LA	LA	PE Training Center	Lake Charles	http://www.petrainingcenter.com/	Y			http://www.petrainingcenter.com/	HAS_STORED	6102 Common St			snippets/tjjm-gyms-data-13.liquid
LA	LA	Gracie United Team Jucao-Leesville	Leesville	https://gracie-united-team-jucao-leesville.business.site/	Y			https://gracie-united-team-jucao-leesville.business.site/	HAS_STORED	1506 S 5th St #5300			snippets/tjjm-gyms-data-13.liquid
LA	LA	Ground Zero Combat Sports Academy	Leesville		N				NO_W_KEY|RENDERS_BLANK	12407 Lake Charles Hwy			snippets/tjjm-gyms-data-13.liquid
LA	LA	West Louisiana Jujutsu Training Academy	Leesville	http://www.leesvillejujutsu.com/	Y			http://www.leesvillejujutsu.com/	HAS_STORED	101 S 3rd St			snippets/tjjm-gyms-data-13.liquid
LA	LA	Vida Jiu-Jitsu	Mandeville	http://www.vidabjj.com/	Y			http://www.vidabjj.com/	HAS_STORED	179 Dalwill Drive			snippets/tjjm-gyms-data-13.liquid
LA	LA	Combat Jujitsu	Metairie	https://www.combatjujitsu.biz/	Y			https://www.combatjujitsu.biz/	HAS_STORED	1407 Severn Ave			snippets/tjjm-gyms-data-13.liquid
LA	LA	Legacy Fitness Factory	Metairie	http://legacyfitnessfactory.com/	Y			http://legacyfitnessfactory.com/	HAS_STORED	3229 36th St			snippets/tjjm-gyms-data-13.liquid
LA	LA	Louisiana Martial Arts Academy	Metairie	http://www.louisianamaa.com/	Y		websites-2		HAS_STORED+BLANKED|RENDERS_BLANK	4941 W Napoleon Ave			snippets/tjjm-gyms-data-13.liquid
LA	LA	Shogun	Metairie	http://www.shogunnola.com/contact/	Y			http://www.shogunnola.com/contact/	HAS_STORED	5021 Fairfield St			snippets/tjjm-gyms-data-13.liquid
LA	LA	Thanh Le's MMA at Moon College	Metairie	http://www.lebrosmma.com/	Y			http://www.lebrosmma.com/	HAS_STORED	3313 Richland Ave Ste B			snippets/tjjm-gyms-data-13.liquid
LA	LA	Monroe Brazilian Jiu Jitsu	Monroe	https://www.monroebjj.com/	Y			https://www.monroebjj.com/	HAS_STORED			Y	snippets/tjjm-gyms-data.liquid
LA	LA	Pinnacle Martial Arts Academy	Monroe	https://pinnacle-ma.com/	Y			https://pinnacle-ma.com/	HAS_STORED	2901 Desoto St			snippets/tjjm-gyms-data-13.liquid
LA	LA	Louisiana Black Belt Academy	Morgan City	https://morgancitymartialarts.com/	Y			https://morgancitymartialarts.com/	HAS_STORED	6509 LA-182			snippets/tjjm-gyms-data-13.liquid
LA	LA	GB Moss Bluff	Moss Bluff	http://www.gbmossbluff.com/	Y			http://www.gbmossbluff.com/	HAS_STORED				snippets/tjjm-gyms-data-13.liquid
LA	LA	Light City Martial Arts	Natchitoches	http://www.lightcitymma.com/	Y			http://www.lightcitymma.com/	HAS_STORED	105 Isadore Dr			snippets/tjjm-gyms-data-13.liquid
LA	LA	Progressive Martial Arts Training Center	New Iberia	https://www.pmatc.com	Y		websites-2		HAS_STORED+BLANKED|RENDERS_BLANK	1752 Center St			snippets/tjjm-gyms-data-13.liquid
LA	LA	Church's Karate & Kickboxing Academy	New Orleans	http://www.churchskarateacademy.com/	Y			http://www.churchskarateacademy.com/	HAS_STORED	4716 Paris Ave			snippets/tjjm-gyms-data-13.liquid
LA	LA	Danny Daniels' MMA & Fitness	New Orleans	https://www.dannydanielsmma.com/	Y		websites-2		HAS_STORED+BLANKED|RENDERS_BLANK				snippets/tjjm-gyms-data.liquid
LA	LA	Forever Driven Martial Arts	New Orleans	https://foreverdrivennola.com/	Y			https://foreverdrivennola.com/	HAS_STORED	225 W Harrison Ave Ste A			snippets/tjjm-gyms-data-13.liquid
LA	LA	Hayashi Judo School	New Orleans	http://www.nolajudo.com/	Y			http://www.nolajudo.com/	HAS_STORED	4521 Magazine St			snippets/tjjm-gyms-data-13.liquid
LA	LA	Mid City Martial Arts & Fitness Academy	New Orleans	https://www.midcitymartialarts.com/	Y		websites-2		HAS_STORED+BLANKED|RENDERS_BLANK				snippets/tjjm-gyms-data.liquid
LA	LA	NOLA BJJ (Uptown)	New Orleans	https://nolabjj.com	Y			https://nolabjj.com	HAS_STORED				snippets/tjjm-gyms-data.liquid
LA	LA	NOLA BJJ Westbank	New Orleans	http://westbanksocialclub.com/	Y			http://westbanksocialclub.com/	HAS_STORED	2901 General De Gaulle Dr			snippets/tjjm-gyms-data-13.liquid
LA	LA	NOLA MMA	New Orleans	https://www.nolammaacademy.com/	Y		websites-2		HAS_STORED+BLANKED|RENDERS_BLANK				snippets/tjjm-gyms-data.liquid
LA	LA	Temple Gym NOLA	New Orleans	https://www.templegymnola.com/	Y			https://www.templegymnola.com/	HAS_STORED	4521 Magazine St			snippets/tjjm-gyms-data-13.liquid
LA	LA	The Dojang New Orleans	New Orleans	https://www.thedojangneworleans.com/	Y		websites-2		HAS_STORED+BLANKED|RENDERS_BLANK				snippets/tjjm-gyms-data.liquid
LA	LA	UFC Gym New Orleans	New Orleans	https://www.ufcgym.com/	Y			https://www.ufcgym.com/	HAS_STORED			Y	snippets/tjjm-gyms-data.liquid
LA	LA	Team Juggernaut Brazilian Jiu Jitsu & Fitness Academy	Opelousas	https://teamjuggernautbrazilianjiujitsufitness.business.site/	Y			https://teamjuggernautbrazilianjiujitsufitness.business.site/	HAS_STORED	7971 Interstate 49 South Service Rd			snippets/tjjm-gyms-data-13.liquid
LA	LA	Gracie United Team Jucao Plaquemine	Plaquemine	https://www.facebook.com/guplaquemine/	Y			https://www.facebook.com/guplaquemine/	HAS_STORED	58474 Belleview Dr			snippets/tjjm-gyms-data-13.liquid
LA	LA	Criterion Jiu Jitsu	Prairieville	https://www.criterionjiujitsu.com/home	Y		websites-2		HAS_STORED+BLANKED|RENDERS_BLANK	40017 LA-42			snippets/tjjm-gyms-data-13.liquid
LA	LA	Studio 334	Rayne	https://www.facebook.com/studio334la/	Y			https://www.facebook.com/studio334la/	HAS_STORED	206 E Texas Ave			snippets/tjjm-gyms-data-13.liquid
LA	LA	Ronin Martial Arts & Fitness	River Ridge	http://roninmma.fitness/	Y			http://roninmma.fitness/	HAS_STORED	10820 Jefferson Hwy			snippets/tjjm-gyms-data-13.liquid
LA	LA	Triad Martial Arts Academy of Ruston	Ruston		N				NO_W_KEY|RENDERS_BLANK	1323 S Service Rd W			snippets/tjjm-gyms-data-13.liquid
LA	LA	Acadiana Jiu Jitsu	Scott	http://acadianajiujitsu.com/	Y			http://acadianajiujitsu.com/	HAS_STORED	5537 Cameron St			snippets/tjjm-gyms-data-13.liquid
LA	LA	Carlos Machado Jiu Jitsu of Shreveport	Shreveport	http://shreveportmartialart.com/	Y		websites-2		HAS_STORED+BLANKED|RENDERS_BLANK	2539 E 70th St			snippets/tjjm-gyms-data-13.liquid
LA	LA	Shreveport Brazilian Jiu Jitsu	Shreveport	https://www.shreveportbjj.com/	Y			https://www.shreveportbjj.com/	HAS_STORED			Y	snippets/tjjm-gyms-data.liquid
LA	LA	Warrior Training Center	Shreveport	https://www.warriortrainingcenterla.com/	Y		websites-2		HAS_STORED+BLANKED|RENDERS_BLANK				snippets/tjjm-gyms-data.liquid
LA	LA	Alliance Jiu Jitsu Slidell	Slidell	https://www.alliancebjjslidell.com/	Y		websites-2		HAS_STORED+BLANKED|RENDERS_BLANK				snippets/tjjm-gyms-data.liquid
LA	LA	Clementi's Gladiator Academy	Slidell	https://www.facebook.com/ClementisGladiatorAcademy	Y			https://www.facebook.com/ClementisGladiatorAcademy	HAS_STORED	888 Old Spanish Trail			snippets/tjjm-gyms-data-13.liquid
LA	LA	Premier Martial Arts Slidell	Slidell	http://www.premiermartialarts.com/slidell	Y			http://www.premiermartialarts.com/slidell	HAS_STORED	616 Robert Blvd			snippets/tjjm-gyms-data-13.liquid
LA	LA	Gracie Stonewall Jiu Jitsu Academy	Stonewall		N				NO_W_KEY|RENDERS_BLANK	671 Hwy 171 Suite J			snippets/tjjm-gyms-data-13.liquid
LA	LA	Gracie United Jiu Jitsu - Lacombe	Sulphur		N				NO_W_KEY|RENDERS_BLANK	1003 Beglis Pkwy			snippets/tjjm-gyms-data-13.liquid
LA	LA	Indigo Brazilian Jiu Jitsu Sulphur	Sulphur	http://indigobjj.com/	Y			http://indigobjj.com/	HAS_STORED	180 N Cities Service Hwy Suite 2			snippets/tjjm-gyms-data-13.liquid
LA	LA	Olympic Brazilian Jiu Jitsu	Sulphur	https://olympicbjj.org	Y			https://olympicbjj.org	HAS_STORED	496 S Post Oak Rd			snippets/tjjm-gyms-data-13.liquid
LA	LA	Primal Fitness Lake Charles	Sulphur	https://www.primalfitnessla.com/	Y		websites-2		HAS_STORED+BLANKED|RENDERS_BLANK				snippets/tjjm-gyms-data.liquid
LA	LA	Power Extreme Fitness Training Center	Terrytown	http://www.mmanola.com/	Y		websites-2		HAS_STORED+BLANKED|RENDERS_BLANK	900 Terry Parkway			snippets/tjjm-gyms-data-13.liquid
LA	LA	Guerrilla Jiu-Jitsu Thibodaux	Thibodaux	http://www.guerrillajiujitsuthibodaux.com/	Y			http://www.guerrillajiujitsuthibodaux.com/	HAS_STORED	806 N Acadia Rd			snippets/tjjm-gyms-data-13.liquid
LA	LA	Thibodaux BJJ	Thibodaux	https://thibodauxbjj.com	Y			https://thibodauxbjj.com	HAS_STORED			Y	snippets/tjjm-gyms-data.liquid
LA	LA	Inner Game Jiu-Jitsu	Ville Platte	https://www.innergamebjj.com	Y			https://www.innergamebjj.com	HAS_STORED	1233 West LaSalle Street			snippets/tjjm-gyms-data-13.liquid
LA	LA	Kron Gracie Jiu Jitsu West Monroe	West Monroe	http://www.kgjjwm.com/	Y			http://www.kgjjwm.com/	HAS_STORED	1412 Natchitoches St			snippets/tjjm-gyms-data-13.liquid
LA	LA	Gladiators Academy of Youngsville	Youngsville	http://www.gladiatorsyv.com/	Y			http://www.gladiatorsyv.com/	HAS_STORED	930 Fortune Rd STE A			snippets/tjjm-gyms-data-13.liquid
LA	LA	Gracie Jiu-Jitsu Youngsville	Youngsville	http://gracieyoungsville.com/	Y			http://gracieyoungsville.com/	HAS_STORED	501 Church St			snippets/tjjm-gyms-data-13.liquid
LA	LA	BJJ Revolution Team - Baton Rouge	Zachary	https://www.bjjrevolutionteam.com/	Y			https://www.bjjrevolutionteam.com/	HAS_STORED				snippets/tjjm-gyms-data.liquid
LA	LA	Zachary Martial Arts	Zachary	http://www.zacharymartialarts.com/	Y			http://www.zacharymartialarts.com/	HAS_STORED	2060 Church St			snippets/tjjm-gyms-data-13.liquid
MA	MA	Mass Bjj	Acton	massbjj.com	Y			massbjj.com	HAS_STORED	138 Main Street			snippets/tjjm-gyms-data-32.liquid
MA	MA	10th Planet Jiu Jitsu Springfield MA	Agawam	10thplanetspringfieldma.com	Y			10thplanetspringfieldma.com	HAS_STORED	270 Main St 2nd floor			snippets/tjjm-gyms-data-32.liquid
MA	MA	Wai Kru Mixed Martial Arts	Allston	waikru.com	Y			waikru.com	HAS_STORED	236 Brighton Ave			snippets/tjjm-gyms-data-32.liquid
MA	MA	New England Submission Fighting	Amherst	amherstmma.com	Y			amherstmma.com	HAS_STORED	460 West St Suite #11			snippets/tjjm-gyms-data-32.liquid
MA	MA	Mass Bjj Arlington	Arlington		Y				EMPTY_STORED|RENDERS_BLANK	26 Massachusetts Ave			snippets/tjjm-gyms-data-32.liquid
MA	MA	Cascão Jiu Jitsu Ashland	Ashland	cascaoashland.com	Y		websites-2		HAS_STORED+BLANKED|RENDERS_BLANK	50 Main St			snippets/tjjm-gyms-data-32.liquid
MA	MA	Attleboro BJJ	Attleboro	https://attleborobjj.com	Y			https://attleborobjj.com	HAS_STORED			Y	snippets/tjjm-gyms-data.liquid
MA	MA	Ronin Brazilian Jiu Jitsu and Fitness	Attleboro		Y				EMPTY_STORED|RENDERS_BLANK	2 Park Street			snippets/tjjm-gyms-data-32.liquid
MA	MA	Bernardo Faria Academy	Bedford	https://bernardofariaacademy.com/	Y			https://bernardofariaacademy.com/	HAS_STORED			Y	snippets/tjjm-gyms-data.liquid
MA	MA	Bernardo Faria Brazilian Jiu-Jitsu Academy	Bedford	bernardofariaacademy.com	Y			bernardofariaacademy.com	HAS_STORED	131a Great Rd			snippets/tjjm-gyms-data-32.liquid
MA	MA	Impact School Of Martial Arts	Bellingham	groundwarrior.com	Y			groundwarrior.com	HAS_STORED	191 Mechanic Street #7			snippets/tjjm-gyms-data-32.liquid
MA	MA	USMMA Martial Arts and Yoga	Bellingham	clients.mindbodyonline.com	Y			clients.mindbodyonline.com	HAS_STORED	316 Hartford Ave			snippets/tjjm-gyms-data-32.liquid
MA	MA	Sityodtong Northshore	Beverly	sityodtongnorthshore.com	Y			sityodtongnorthshore.com	HAS_STORED	126 Park Street			snippets/tjjm-gyms-data-32.liquid
MA	MA	Back to Basics Martial Arts & Fitness	Boston	backtobasicsboston.com	Y			backtobasicsboston.com	HAS_STORED	334 Newbury St			snippets/tjjm-gyms-data-32.liquid
MA	MA	Boston Brazilian Jiu Jitsu	Boston	https://bostonbjj.com/	Y			https://bostonbjj.com/	HAS_STORED				snippets/tjjm-gyms-data.liquid
MA	MA	Brazilian Top Team Back Bay	Boston	https://bttbackbay.co	Y			https://bttbackbay.co	HAS_STORED				snippets/tjjm-gyms-data.liquid
MA	MA	Broadway Jiu-Jitsu and Fitness	Boston	broadwayjiujitsu.com	Y			broadwayjiujitsu.com	HAS_STORED	36 W Broadway			snippets/tjjm-gyms-data-32.liquid
MA	MA	Citadel Martial Arts	Boston	citadelmartialarts.com	Y			citadelmartialarts.com	HAS_STORED	41 Winter Pl			snippets/tjjm-gyms-data-32.liquid
MA	MA	Combat Sports Boston	Boston	combatsportsboston.com	Y			combatsportsboston.com	HAS_STORED	261 Friend St			snippets/tjjm-gyms-data-32.liquid
MA	MA	Empower Brazilian Jiu Jitsu	Boston	empowerbjj.com	Y			empowerbjj.com	HAS_STORED	374 Washington St Ste 1			snippets/tjjm-gyms-data-32.liquid
MA	MA	Gracie Barra Boston	Boston	graciebarraboston.com	Y			graciebarraboston.com	HAS_STORED	957 Commonwealth Avenue			snippets/tjjm-gyms-data-32.liquid
MA	MA	South Boston BJJ	Boston	https://southbostonbjj.com	Y			https://southbostonbjj.com	HAS_STORED				snippets/tjjm-gyms-data.liquid
MA	MA	UFC GYM Boston Financial District	Boston	ufcgym.com	Y			ufcgym.com	HAS_STORED	76 Lincoln St			snippets/tjjm-gyms-data-32.liquid
MA	MA	Viver MMA	Boston	vivermma.com	Y			vivermma.com	HAS_STORED	1580 VFW Parkway			snippets/tjjm-gyms-data-32.liquid
MA	MA	Lauzon Mixed Martial Arts	Bridgewater	rsdmma.com	Y		websites-2		HAS_STORED+BLANKED|RENDERS_BLANK	106 Hale Street (Second Floor)			snippets/tjjm-gyms-data-32.liquid
MA	MA	Submit Your Friend Brazilian Jiujitsu Academy	Brighton	syf-bjj.com	Y			syf-bjj.com	HAS_STORED	600 Washington St			snippets/tjjm-gyms-data-32.liquid
MA	MA	Florian Martial Arts Center	Brookline	https://www.florianmartialartscenter.com	Y			https://www.florianmartialartscenter.com	HAS_STORED				snippets/tjjm-gyms-data.liquid
MA	MA	American Martial Arts Center	Cambridge	https://www.americanmartialartscenter.com/	Y		websites-2		HAS_STORED+BLANKED|RENDERS_BLANK				snippets/tjjm-gyms-data.liquid
MA	MA	Central Rock Gym	Cambridge	https://www.centralrockgym.com/	Y			https://www.centralrockgym.com/	HAS_STORED			Y	snippets/tjjm-gyms-data.liquid
MA	MA	Dave Ginsberg Brazilian Jiu Jitsu / GAMMA	Cambridge	https://www.daveginsbergbjj.com/	Y			https://www.daveginsbergbjj.com/	HAS_STORED			Y	snippets/tjjm-gyms-data.liquid
MA	MA	Ginsberg Academy BJJ	Cambridge	ginsbergacademy.com	Y			ginsbergacademy.com	HAS_STORED	2000 Massachusetts Ave Floor 2			snippets/tjjm-gyms-data-32.liquid
MA	MA	REDLINE Fight Sports	Cambridge	redlinefightsports.com	Y			redlinefightsports.com	HAS_STORED	21 Prospect St			snippets/tjjm-gyms-data-32.liquid
MA	MA	Redline Fight Sports	Cambridge	https://redlinefightsports.com/	Y			https://redlinefightsports.com/	HAS_STORED			Y	snippets/tjjm-gyms-data.liquid
MA	MA	American Grit MMA	Canton	americangritmma.com	Y			americangritmma.com	HAS_STORED	420 Turnpike St			snippets/tjjm-gyms-data-32.liquid
MA	MA	Jiu-Jitsu USA Brazilian Jiu-Jitsu & Fitness Club	Charlton	squareup.com	Y		websites-1		HAS_STORED+BLANKED|RENDERS_BLANK	242 Sturbridge Rd 2nd floor			snippets/tjjm-gyms-data-32.liquid
MA	MA	Gentle Art Dojo	Chelmsford	gentleartdojo.com	Y			gentleartdojo.com	HAS_STORED	83 Parkhurst Rd			snippets/tjjm-gyms-data-32.liquid
MA	MA	Massachusetts Submission Academy	Clinton	masssubmissionacademy.com	Y		websites-2		HAS_STORED+BLANKED|RENDERS_BLANK	45 High Street			snippets/tjjm-gyms-data-32.liquid
MA	MA	Brazilian Top Team North Shore	Danvers	bttnorthshore.com	Y		websites-2		HAS_STORED+BLANKED|RENDERS_BLANK	121 Liberty St #2			snippets/tjjm-gyms-data-32.liquid
MA	MA	SBG East Coast	Dartmouth	https://sbgdartmouth.com	Y			https://sbgdartmouth.com	HAS_STORED			Y	snippets/tjjm-gyms-data.liquid
MA	MA	Gracie Jiu-Jitsu Dedham	Dedham	graciededham.com	Y			graciededham.com	HAS_STORED	123 Stergis Way			snippets/tjjm-gyms-data-32.liquid
MA	MA	Mo's Martial Arts	Dedham	mosmartialarts.com	Y			mosmartialarts.com	HAS_STORED	8 Sanderson Ave			snippets/tjjm-gyms-data-32.liquid
MA	MA	Sardinha BJJ Cape Cod	Dennis	https://www.sardinhabjjcapecod.com	Y			https://www.sardinhabjjcapecod.com	HAS_STORED				snippets/tjjm-gyms-data.liquid
MA	MA	Level Ground Mixed Martial Arts	Dorchester	levelgroundmma.org	Y			levelgroundmma.org	HAS_STORED	1490 Dorchester Ave			snippets/tjjm-gyms-data-32.liquid
MA	MA	Brazilian Top Team Boston	Everett	bttboston.com	Y			bttboston.com	HAS_STORED	305 Broadway			snippets/tjjm-gyms-data-32.liquid
MA	MA	Hard Knocks Muay Thai & Mma	Everett	hardknockseverett.com	Y			hardknockseverett.com	HAS_STORED	167 Bow St			snippets/tjjm-gyms-data-32.liquid
MA	MA	Total Performance Sports	Everett	totalperformancesports.com	Y			totalperformancesports.com	HAS_STORED	68 Vine Street			snippets/tjjm-gyms-data-32.liquid
MA	MA	Danny Savery Brazilian Jiu Jitsu - Fairhaven MA	Fairhaven	dannysaverybjj.com	Y			dannysaverybjj.com	HAS_STORED	17 Sarahs Wy			snippets/tjjm-gyms-data-32.liquid
MA	MA	Regiment Training Center	Fall River	regimenttrainingcenter.com	Y			regimenttrainingcenter.com	HAS_STORED	147 Plymouth Ave			snippets/tjjm-gyms-data-32.liquid
MA	MA	Daniel Gracie Academy Falmouth	Falmouth	https://daniel-gracie.com/	Y			https://daniel-gracie.com/	HAS_STORED				snippets/tjjm-gyms-data.liquid
MA	MA	Newaza Brazilian Jiu-Jitsu Club	Fitchburg	newazabjj.com	Y			newazabjj.com	HAS_STORED	489 Electric Ave			snippets/tjjm-gyms-data-32.liquid
MA	MA	The Fighting Arts Academy	Fitchburg	fightingartsfitchburg.com	Y			fightingartsfitchburg.com	HAS_STORED	180 Falulah Street			snippets/tjjm-gyms-data-32.liquid
MA	MA	Alliance Framingham Jiu Jitsu	Framingham	https://alliancebjjframingham.com	Y			https://alliancebjjframingham.com	HAS_STORED			Y	snippets/tjjm-gyms-data.liquid
MA	MA	Alliance Jiu-Jitsu Framingham	Framingham	alliancebjjframingham.com	Y			alliancebjjframingham.com	HAS_STORED	16 Concord St			snippets/tjjm-gyms-data-32.liquid
MA	MA	Boston Brazilian Jiu Jitsu Framingham	Framingham	bbjjoff.com	Y			bbjjoff.com	HAS_STORED	9 River Wy			snippets/tjjm-gyms-data-32.liquid
MA	MA	Boston Brazilian Jiu-Jitsu of Framingham	Framingham	https://bbjjoff.com	Y			https://bbjjoff.com	HAS_STORED			Y	snippets/tjjm-gyms-data.liquid
MA	MA	Dragon Lair Mma	Framingham	dragonlairmma.com	Y			dragonlairmma.com	HAS_STORED	82 Concord St.			snippets/tjjm-gyms-data-32.liquid
MA	MA	Team Link Framingham	Framingham		Y				EMPTY_STORED|RENDERS_BLANK	328 Concord St			snippets/tjjm-gyms-data-32.liquid
MA	MA	Fighting Arts Academy Gardner	Gardner	fightingartsgardner.com	Y		websites-2		HAS_STORED+BLANKED|RENDERS_BLANK	205 School St. Ste. 109			snippets/tjjm-gyms-data-32.liquid
MA	MA	DF Fitness & Martial Arts Center	Gloucester	dffitnessmacenter.com	Y			dffitnessmacenter.com	HAS_STORED	186 Main St suite 25			snippets/tjjm-gyms-data-32.liquid
MA	MA	Thurston Martial Arts	Hanover	thurstonmartialarts.com	Y			thurstonmartialarts.com	HAS_STORED	409 Columbia Rd ste 90			snippets/tjjm-gyms-data-32.liquid
MA	MA	Binda Jiu Jitsu	Haverhill	bindajiujitsu.com	Y			bindajiujitsu.com	HAS_STORED	741 S Main St			snippets/tjjm-gyms-data-32.liquid
MA	MA	Terrinha Draculino BJJ Team	Hopkinton	tdtbjj.com	Y			tdtbjj.com	HAS_STORED	88 Elm St			snippets/tjjm-gyms-data-32.liquid
MA	MA	Hudson Combat Academy	Hudson	hudsoncombat.com	Y			hudsoncombat.com	HAS_STORED	6 South St			snippets/tjjm-gyms-data-32.liquid
MA	MA	Lokahi Academy	Hudson	lokahiacademy.com	Y		websites-2		HAS_STORED+BLANKED|RENDERS_BLANK	312 Main St Unit 4			snippets/tjjm-gyms-data-32.liquid
MA	MA	Daniel Gracie Academy Hyannis	Hyannis	daniel-gracie-academy-hyannis.business.site	Y			daniel-gracie-academy-hyannis.business.site	HAS_STORED	92 Barnstable Rd			snippets/tjjm-gyms-data-32.liquid
MA	MA	Hyannis Mixed Martial Arts of Cape Cod	Hyannis	hyannismixedmartialarts.com	Y			hyannismixedmartialarts.com	HAS_STORED	24 Plant Rd #6			snippets/tjjm-gyms-data-32.liquid
MA	MA	New Vision Academy of Jiu Jitsu	Hyde Park	nvajj.com	Y			nvajj.com	HAS_STORED	695 Truman Pkwy			snippets/tjjm-gyms-data-32.liquid
MA	MA	Thurston Academy (NEU BJJ affiliate)	Kingston	thurstonacademy.com	Y			thurstonacademy.com	HAS_STORED	55 Main St			snippets/tjjm-gyms-data-32.liquid
MA	MA	ZenQuest Martial Arts Center	Lenox	zenquestmac.com	Y			zenquestmac.com	HAS_STORED	Lenox Country Shops Shopping Center 55 Pittsfield Rd			snippets/tjjm-gyms-data-32.liquid
MA	MA	CBJJ School	Leominster	cbjjteam.com	Y			cbjjteam.com	HAS_STORED	511 Lancaster St			snippets/tjjm-gyms-data-32.liquid
MA	MA	Leominster BJJ	Leominster	https://leominsterbjj.com	Y			https://leominsterbjj.com	HAS_STORED			Y	snippets/tjjm-gyms-data.liquid
MA	MA	Zichelle MMA BJJ & Fitness	Leominster	zichellemmaandfitness.com	Y			zichellemmaandfitness.com	HAS_STORED	297 Hamilton St			snippets/tjjm-gyms-data-32.liquid
MA	MA	Aldo Batista Brazilian Jiu-Jitsu	Lowell	aldobatistabjj.com	Y		websites-2		HAS_STORED+BLANKED|RENDERS_BLANK	171 Lincoln St			snippets/tjjm-gyms-data-32.liquid
MA	MA	Evolution Brazilian Jiu Jitsu	Lowell	https://www.evolutionlowell.com/	Y			https://www.evolutionlowell.com/	HAS_STORED			Y	snippets/tjjm-gyms-data.liquid
MA	MA	Fenix Brazilian Jiu Jitsu	Lowell	https://www.fenixbjj.com/	Y			https://www.fenixbjj.com/	HAS_STORED			Y	snippets/tjjm-gyms-data.liquid
MA	MA	Paradigm Brazilian Jiu Jitsu	Lowell	https://www.theparadigmacademy.com	Y			https://www.theparadigmacademy.com	HAS_STORED				snippets/tjjm-gyms-data.liquid
MA	MA	Team Flo Brazilian Jiu Jitsu	Lowell	https://www.teamflobjj.com/	Y			https://www.teamflobjj.com/	HAS_STORED			Y	snippets/tjjm-gyms-data.liquid
MA	MA	Team Link Brazilian Jiu-Jitsu	Ludlow	linkbjj.com	Y			linkbjj.com	HAS_STORED	34 East Street			snippets/tjjm-gyms-data-32.liquid
MA	MA	Private Jewels Fitness	Lynn	privatejewelsfitness.com	Y			privatejewelsfitness.com	HAS_STORED	725 Summer St Ste 2			snippets/tjjm-gyms-data-32.liquid
MA	MA	Cascao Jiu Jitsu - Team Exodus	Marlborough		Y				EMPTY_STORED|RENDERS_BLANK	72 Hosmer St			snippets/tjjm-gyms-data-32.liquid
MA	MA	Phoenix BJJ Marlborough	Marlborough	phoenix-jj.com	Y			phoenix-jj.com	HAS_STORED	160 Apex Dr Suite C			snippets/tjjm-gyms-data-32.liquid
MA	MA	Soneca Brazilian Jiu Jitsu / Team NEU BJJ - Marlborough	Marlborough	sonecabjj.com	Y			sonecabjj.com	HAS_STORED	60 Mechanic St			snippets/tjjm-gyms-data-32.liquid
MA	MA	Soneca Brazilian Jiu-Jitsu Marlborough	Marlborough	https://sonecabjj.com	Y			https://sonecabjj.com	HAS_STORED			Y	snippets/tjjm-gyms-data.liquid
MA	MA	Team Link BJJ (Brazilian Jiu Jitsu) Marlborough	Marlborough	m.facebook.com	Y			m.facebook.com	HAS_STORED	416 Boston Post Rd E			snippets/tjjm-gyms-data-32.liquid
MA	MA	Renan Borjes Brazilian jiu-jitsu And New England United BJJ	Medford		Y				EMPTY_STORED|RENDERS_BLANK	393 Main St			snippets/tjjm-gyms-data-32.liquid
MA	MA	Michael DeLuca Brazilian Jiu Jitsu	Middleborough		Y				EMPTY_STORED|RENDERS_BLANK	111 Center St			snippets/tjjm-gyms-data-32.liquid
MA	MA	REAL Brazilian Jiu Jitsu Middleboro	Middleborough	realbjj.com	Y			realbjj.com	HAS_STORED	5 Lane St			snippets/tjjm-gyms-data-32.liquid
MA	MA	Bay State Brazilian Jiu-Jitsu	Natick	natickbjj.academy	Y			natickbjj.academy	HAS_STORED	247 W Central St			snippets/tjjm-gyms-data-32.liquid
MA	MA	Versus Jiu-jitsu	Natick	versusjiujitsu.com	Y			versusjiujitsu.com	HAS_STORED	179 W Central St			snippets/tjjm-gyms-data-32.liquid
MA	MA	Curtis Mateus BJJ	New Bedford	curtismateusbjj.com	Y			curtismateusbjj.com	HAS_STORED	255 Samuel Barnet Blvd			snippets/tjjm-gyms-data-32.liquid
MA	MA	Ko Gym	New Bedford	kogymnewbedford.com	Y		websites-2		HAS_STORED+BLANKED|RENDERS_BLANK	50 Conduit St			snippets/tjjm-gyms-data-32.liquid
MA	MA	New Bedford BJJ	New Bedford	https://newbedfordbjj.com	Y			https://newbedfordbjj.com	HAS_STORED			Y	snippets/tjjm-gyms-data.liquid
MA	MA	Boston Brazilian Jiu-Jitsu Newton	Newton	bbjiujitsu.com	Y			bbjiujitsu.com	HAS_STORED	10 Dedham St			snippets/tjjm-gyms-data-32.liquid
MA	MA	Icon Jiu Jitsu Team USA	North Billerica	iconbjj-usa.com	Y			iconbjj-usa.com	HAS_STORED	131 Boston Rd #9			snippets/tjjm-gyms-data-32.liquid
MA	MA	Resolve Martial Arts	North Chelmsford	resolvemartialarts.com	Y			resolvemartialarts.com	HAS_STORED	73 Princeton St #11			snippets/tjjm-gyms-data-32.liquid
MA	MA	Straight Blast Gym East Coast	North Dartmouth	sbgeastcoast.com	Y			sbgeastcoast.com	HAS_STORED	125 Faunce Corner Rd Ste 125D			snippets/tjjm-gyms-data-32.liquid
MA	MA	Northampton BJJ	Northampton	https://northamptonbjj.com	Y			https://northamptonbjj.com	HAS_STORED			Y	snippets/tjjm-gyms-data.liquid
MA	MA	Team Link Northampton	Northampton	teamlinknoho.com	Y			teamlinknoho.com	HAS_STORED	141-H Damon Rd			snippets/tjjm-gyms-data-32.liquid
MA	MA	Daniel Gracie Academy Northborough	Northborough	danielgracieacademy.com	Y			danielgracieacademy.com	HAS_STORED	38 SW Cutoff e			snippets/tjjm-gyms-data-32.liquid
MA	MA	South Shore Sport Fighting	Norwell	sssfighting.com	Y		websites-2		HAS_STORED+BLANKED|RENDERS_BLANK	104 Longwater Drive Unit 104			snippets/tjjm-gyms-data-32.liquid
MA	MA	Connors Mixed Martial Arts Academy	Norwood	connorsma.com	Y			connorsma.com	HAS_STORED	180 Kerry Place; unit E			snippets/tjjm-gyms-data-32.liquid
MA	MA	Luiz Paulo Brazilian Jiu Jitsu 7th Coral Belt	Norwood	luizpaulojiujitsu.com	Y			luizpaulojiujitsu.com	HAS_STORED	666 Washington St			snippets/tjjm-gyms-data-32.liquid
MA	MA	Daniel Gracie Academy Orleans	Orleans	gracie-capecod.business.site	Y			gracie-capecod.business.site	HAS_STORED	136 MA-6A			snippets/tjjm-gyms-data-32.liquid
MA	MA	Adas Jiu Jitsu Academy	Peabody	bjjpeabody.com	Y			bjjpeabody.com	HAS_STORED	649 Lowell St Unit G			snippets/tjjm-gyms-data-32.liquid
MA	MA	Gracie Barra Peabody	Peabody	https://graciebarrapeabody.com	Y			https://graciebarrapeabody.com	HAS_STORED				snippets/tjjm-gyms-data.liquid
MA	MA	Dedeco Brazilian Jiu-Jitsu Marshfield/Pembroke	Pembroke	dedecobjj.com	Y			dedecobjj.com	HAS_STORED	295 Old Oak St			snippets/tjjm-gyms-data-32.liquid
MA	MA	Dynamic Martial Athletics	Pepperell	pepperellbjj.com	Y		websites-2		HAS_STORED+BLANKED|RENDERS_BLANK	20 Mill St			snippets/tjjm-gyms-data-32.liquid
MA	MA	Pittsfield BJJ	Pittsfield	https://pittsfieldbjj.com	Y			https://pittsfieldbjj.com	HAS_STORED			Y	snippets/tjjm-gyms-data.liquid
MA	MA	Darkside Jiu-Jitsu LLC	Plainville	darksidebjj.com	Y			darksidebjj.com	HAS_STORED	1 George St unit 2b			snippets/tjjm-gyms-data-32.liquid
MA	MA	Institute of Combative Arts (Gracie Jiu-Jitsu Quincy)	Quincy	instituteofcombativearts.com	Y			instituteofcombativearts.com	HAS_STORED	5 Grossman St			snippets/tjjm-gyms-data-32.liquid
MA	MA	Trifecta Martial Arts And Fitness	Quincy	bjj-boston.com	Y		websites-2		HAS_STORED+BLANKED|RENDERS_BLANK	142 Old Colony Ave			snippets/tjjm-gyms-data-32.liquid
MA	MA	Iron House MMA	Revere		Y				EMPTY_STORED|RENDERS_BLANK	321 Charger St			snippets/tjjm-gyms-data-32.liquid
MA	MA	Mmaxout Fitness And Martial Arts	Revere	bostonfight.com	Y			bostonfight.com	HAS_STORED	794 Broadway			snippets/tjjm-gyms-data-32.liquid
MA	MA	Revere Jiu Jitsu Center	Revere	reverejiujitsucent.wixsite.com	Y			reverejiujitsucent.wixsite.com	HAS_STORED	318 Squire Rd			snippets/tjjm-gyms-data-32.liquid
MA	MA	Dragon Within Mixed Martial Arts	Salem	dragonwithinmartialarts.com	Y			dragonwithinmartialarts.com	HAS_STORED	11 Franklin Street			snippets/tjjm-gyms-data-32.liquid
MA	MA	North Shore Brazilian Jiu-Jitsu Academy	Salem	northshorebjj.com	Y			northshorebjj.com	HAS_STORED	10 Colonial Road Suite 210			snippets/tjjm-gyms-data-32.liquid
MA	MA	k i Salem Martial Arts	Salem	kisalemma.com	Y			kisalemma.com	HAS_STORED	63 Jefferson Ave			snippets/tjjm-gyms-data-32.liquid
MA	MA	Bochniak Martial Arts & Fitness	Saugus	bochniakmma.com	Y		websites-2		HAS_STORED+BLANKED|RENDERS_BLANK	171 Broadway			snippets/tjjm-gyms-data-32.liquid
MA	MA	Way Of Life BJJ	Saugus	wayoflifebjj.wixsite.com	Y			wayoflifebjj.wixsite.com	HAS_STORED	999 Broadway Unit 204			snippets/tjjm-gyms-data-32.liquid
MA	MA	GB South Shore	Scituate	graciebarra.com	Y			graciebarra.com	HAS_STORED	122 Front Street			snippets/tjjm-gyms-data-32.liquid
MA	MA	Danny Savery BJJ Somerset MA	Somerset	dannysaverybjj.com	Y			dannysaverybjj.com	HAS_STORED	1123 Grand Army Hwy			snippets/tjjm-gyms-data-32.liquid
MA	MA	Brazilian Martial Arts Center	Somerville	bmacboston.com	Y			bmacboston.com	HAS_STORED	700 Mystic Ave			snippets/tjjm-gyms-data-32.liquid
MA	MA	Davis Square Martial Arts	Somerville	davissquaremartialarts.com	Y			davissquaremartialarts.com	HAS_STORED	408 Highland Ave			snippets/tjjm-gyms-data-32.liquid
MA	MA	Combate Real School of Jiu Jitsu	Southbridge	combaterealjiujitsu.com	Y			combaterealjiujitsu.com	HAS_STORED	769 Worcester St Suite 4			snippets/tjjm-gyms-data-32.liquid
MA	MA	Fighting Arts Academy	Springfield	fightingartsacademy.com	Y			fightingartsacademy.com	HAS_STORED	190 Verge St			snippets/tjjm-gyms-data-32.liquid
MA	MA	New England Fit And MMA	Springfield	newenglandfit.com	Y			newenglandfit.com	HAS_STORED	321 Albany St			snippets/tjjm-gyms-data-32.liquid
MA	MA	Springfield BJJ	Springfield	https://springfieldbjj.net	Y			https://springfieldbjj.net	HAS_STORED			Y	snippets/tjjm-gyms-data.liquid
MA	MA	Boston Brazilian Jiu Jitsu Stoughton	Stoughton	bostonbjjstoughton.com	Y			bostonbjjstoughton.com	HAS_STORED	732 Washington St			snippets/tjjm-gyms-data-32.liquid
MA	MA	Maxx Training Center Martial Arts	Stoughton	maxxtrainingcenter.com	Y			maxxtrainingcenter.com	HAS_STORED	49 Rose St			snippets/tjjm-gyms-data-32.liquid
MA	MA	Mena Fitness Training & Brazilian Jiu Jitsu	Stow	menafitnesstraining.com	Y			menafitnesstraining.com	HAS_STORED	117 Great Rd			snippets/tjjm-gyms-data-32.liquid
MA	MA	RBJJ Taunton - BTT Taunton	Taunton	rbjjtaunton.com	Y			rbjjtaunton.com	HAS_STORED	60 Main St			snippets/tjjm-gyms-data-32.liquid
MA	MA	Taunton BJJ	Taunton	https://tauntonbjj.com	Y			https://tauntonbjj.com	HAS_STORED			Y	snippets/tjjm-gyms-data.liquid
MA	MA	Evolution Performance Center	Tewksbury	evolutionperformancecenter.com	Y			evolutionperformancecenter.com	HAS_STORED	540 Main St			snippets/tjjm-gyms-data-32.liquid
MA	MA	Fenix Brazilian Jiu Jitsu Tewksbury	Tewksbury	fenixbjj.com	Y			fenixbjj.com	HAS_STORED	1830 Main Street			snippets/tjjm-gyms-data-32.liquid
MA	MA	Team Flo Brazilian Jiu Jitsu (NEU BJJ affiliate)	Tyngsborough	teamflojiujitsu.com	Y			teamflojiujitsu.com	HAS_STORED	73 Progress Ave			snippets/tjjm-gyms-data-32.liquid
MA	MA	Evolve Jiu Jitsu Training Center	Uxbridge	massjiujitsu.com	Y			massjiujitsu.com	HAS_STORED	151 N Main St			snippets/tjjm-gyms-data-32.liquid
MA	MA	FUJI Martial Arts Jiu-Jitsu Wakefield	Wakefield	fujigym.com	Y			fujigym.com	HAS_STORED	19 New Salem St			snippets/tjjm-gyms-data-32.liquid
MA	MA	Atlas Jiu Jitsu Waltham	Waltham	https://www.atlasjiujitsu.com/waltham-massachusetts	Y			https://www.atlasjiujitsu.com/waltham-massachusetts	HAS_STORED				snippets/tjjm-gyms-data.liquid
MA	MA	Nexus Martial Arts & Fitness	Wareham	nexusma.com	Y			nexusma.com	HAS_STORED	14 Kendrick Road			snippets/tjjm-gyms-data-32.liquid
MA	MA	CrossFit Arsenal (and BJJ)	Watertown	crossfitarsenal.com	Y			crossfitarsenal.com	HAS_STORED	49 Clarendon St			snippets/tjjm-gyms-data-32.liquid
MA	MA	Kimura BJJ	Watertown	kimurabjj.com	Y			kimurabjj.com	HAS_STORED	15 North Beacon St			snippets/tjjm-gyms-data-32.liquid
MA	MA	Theodorou Academy of Jiu Jitsu	Watertown	bostonselfdefense.com	Y			bostonselfdefense.com	HAS_STORED	201 Arlington St			snippets/tjjm-gyms-data-32.liquid
MA	MA	Mass Best Martial Arts Center	Webster	facebook.com	Y			facebook.com	HAS_STORED	56 Worcester Rd			snippets/tjjm-gyms-data-32.liquid
MA	MA	Bishop's Training & Fitness	West Bridgewater	bishopstrainingandfitness.com	Y			bishopstrainingandfitness.com	HAS_STORED	319 Manley St			snippets/tjjm-gyms-data-32.liquid
MA	MA	BattleGround Jiu-Jitsu Academy	West Springfield	https://battlegroundjiujitsu.com	Y			https://battlegroundjiujitsu.com	HAS_STORED				snippets/tjjm-gyms-data.liquid
MA	MA	Gabriel Gladiator Training Center	West Springfield	gabrielgladiator.com	Y			gabrielgladiator.com	HAS_STORED	130 Myron St			snippets/tjjm-gyms-data-32.liquid
MA	MA	Sento Mixed Martial Arts Academy	West Springfield	westspringfieldmma.com	Y			westspringfieldmma.com	HAS_STORED	1452 Memorial Ave			snippets/tjjm-gyms-data-32.liquid
MA	MA	VACA BJJ & MMA	West Springfield	https://www.vacabjjmma.com	Y			https://www.vacabjjmma.com	HAS_STORED				snippets/tjjm-gyms-data.liquid
MA	MA	Ground Units Bjj	Westfield	groundunitsbjj.wordpress.com	Y			groundunitsbjj.wordpress.com	HAS_STORED	62 School St			snippets/tjjm-gyms-data-32.liquid
MA	MA	Randy Brown Mantis Boxing & Brazilian Jiu-Jitsu	Westminster	randybrownmantisboxing.com	Y			randybrownmantisboxing.com	HAS_STORED	192 E Main St			snippets/tjjm-gyms-data-32.liquid
MA	MA	Dedeco Brazilian Jiu Jitsu Weymouth - NEU team	Weymouth	dedecobjj.com	Y			dedecobjj.com	HAS_STORED	293 Libbey Pkwy #200			snippets/tjjm-gyms-data-32.liquid
MA	MA	Jon Manley MMA @ Williamstown youth center	Williamstown	jonmanleymma.com	Y		websites-2		HAS_STORED+BLANKED|RENDERS_BLANK	66 School St			snippets/tjjm-gyms-data-32.liquid
MA	MA	Boston Brazilian Jiu-Jitsu Woburn	Woburn	https://bostonbjjwoburn.com	Y			https://bostonbjjwoburn.com	HAS_STORED				snippets/tjjm-gyms-data.liquid
MA	MA	FUJI Martial Arts Jiu-Jitsu & Judo Woburn	Woburn	fujimartialarts.com	Y			fujimartialarts.com	HAS_STORED	400 W Cummings Park Suite 1800			snippets/tjjm-gyms-data-32.liquid
MA	MA	Fenix Brazilian Jiu Jitsu Woburn	Woburn	fenixbjj.com	Y			fenixbjj.com	HAS_STORED	911 Main St.			snippets/tjjm-gyms-data-32.liquid
MA	MA	Soneca Brazilian Jiu-Jitsu/ Team NEU – Worcester	Worcester	sonecabjj.com	Y			sonecabjj.com	HAS_STORED	895 Grafton St			snippets/tjjm-gyms-data-32.liquid
MA	MA	Squared Brazilian Jiu Jitsu	Worcester	squared-bjj-worcester.ueniweb.com	Y			squared-bjj-worcester.ueniweb.com	HAS_STORED	333 Shrewsbury St			snippets/tjjm-gyms-data-32.liquid
MA	MA	Worcester MMA	Worcester	worcestermma.com	Y			worcestermma.com	HAS_STORED	3 Brussels St #316			snippets/tjjm-gyms-data-32.liquid
MB	MB	Brandon BJJ	Brandon	https://brandonbjj.com	Y			https://brandonbjj.com	HAS_STORED			Y	snippets/tjjm-gyms-data.liquid
MB	MB	WAMMA Brandon	Brandon	https://wammabrandon.com	Y			https://wammabrandon.com	HAS_STORED	389 Park Avenue East, Brandon, MB			snippets/tjjm-gyms-data-39.liquid
MB	MB	WAMMA Dauphin	Dauphin	https://wamma.site/dauphin	Y			https://wamma.site/dauphin	HAS_STORED	PARK-FIT Building, 304 Main Street North (2nd floor), Dauphin, MB R7N 0Y5			snippets/tjjm-gyms-data-39.liquid
MB	MB	Flin Flon BJJ	Flin Flon	https://flinflobbjj.com	Y			https://flinflobbjj.com	HAS_STORED			Y	snippets/tjjm-gyms-data.liquid
MB	MB	WAMMA Flin Flon	Flin Flon	https://wamma.site/flinflon	Y			https://wamma.site/flinflon	HAS_STORED	363 Princess Blvd, Flin Flon, MB R8A 0K8			snippets/tjjm-gyms-data-39.liquid
MB	MB	Precision MMA Morden	Morden	https://www.precisionmma.ca	Y			https://www.precisionmma.ca	HAS_STORED	451 Jefferson Street, Morden, MB R6M 0C3			snippets/tjjm-gyms-data-39.liquid
MB	MB	WAMMA Niverville	Niverville	https://wammaniverville.ca	Y			https://wammaniverville.ca	HAS_STORED				snippets/tjjm-gyms-data-39.liquid
MB	MB	Portage la Prairie BJJ	Portage la Prairie	https://portagebjj.com	Y			https://portagebjj.com	HAS_STORED			Y	snippets/tjjm-gyms-data.liquid
MB	MB	Iron Image Barbell Club	Selkirk	https://www.ironimage.ca	Y			https://www.ironimage.ca	HAS_STORED	511 Robinson Ave, Selkirk, MB R1A 1E5			snippets/tjjm-gyms-data-39.liquid
MB	MB	Future MMA	Steinbach	https://futuremma.ca	Y			https://futuremma.ca	HAS_STORED	375 North Front Drive Unit 24, Steinbach, MB R5G 0X7			snippets/tjjm-gyms-data-39.liquid
MB	MB	Revelation Martial Arts	Steinbach	https://www.revelationmartialarts.com	Y			https://www.revelationmartialarts.com	HAS_STORED	34062 Pansy Rd, Steinbach, MB R5G 2R4			snippets/tjjm-gyms-data-39.liquid
MB	MB	Steinbach BJJ	Steinbach	https://steinbachbjj.com	Y			https://steinbachbjj.com	HAS_STORED			Y	snippets/tjjm-gyms-data.liquid
MB	MB	Swan River BJJ	Swan River	https://swanriverbjj.com	Y		websites-2		HAS_STORED+BLANKED|RENDERS_BLANK				snippets/tjjm-gyms-data.liquid
MB	MB	Thompson BJJ	Thompson	https://thompsonbjj.com	Y			https://thompsonbjj.com	HAS_STORED			Y	snippets/tjjm-gyms-data.liquid
MB	MB	WAMMA Thompson	Thompson	https://wamma.site/thompson	Y			https://wamma.site/thompson	HAS_STORED	25 Station Rd (rear entrance, upstairs), Thompson, MB R8N			snippets/tjjm-gyms-data-39.liquid
MB	MB	RISE Athletics	Winkler	https://www.riseactive.ca	Y			https://www.riseactive.ca	HAS_STORED	245 Kimberly Road, Winkler, MB R6W 0H7			snippets/tjjm-gyms-data-39.liquid
MB	MB	Winkler BJJ	Winkler	https://winklerbjj.com	Y			https://winklerbjj.com	HAS_STORED			Y	snippets/tjjm-gyms-data.liquid
MB	MB	Balance Jiu Jitsu	Winnipeg	https://www.balancebjjwinnipeg.com	Y			https://www.balancebjjwinnipeg.com	HAS_STORED	1308 Portage Ave, Winnipeg, MB R3G 0V2			snippets/tjjm-gyms-data-39.liquid
MB	MB	Brazil-021 Winnipeg	Winnipeg	https://www.brazil021wpg.com	Y			https://www.brazil021wpg.com	HAS_STORED	1000 Notre Dame Ave, Winnipeg, MB			snippets/tjjm-gyms-data-39.liquid
MB	MB	CFC Gym Winnipeg	Winnipeg	https://cfcgym.com	Y			https://cfcgym.com	HAS_STORED			Y	snippets/tjjm-gyms-data.liquid
MB	MB	Canadian Fighting Center	Winnipeg	https://www.cfcgym.net	Y			https://www.cfcgym.net	HAS_STORED	675 Archibald St, Winnipeg, MB R2J 0Y1			snippets/tjjm-gyms-data-39.liquid
MB	MB	Champion Brazilian Jiu-Jitsu & Capoeira	Winnipeg	https://beachampion.ca	Y			https://beachampion.ca	HAS_STORED	Unit 104, 240 Newmarket Blvd, Winnipeg, MB R3T 6G7			snippets/tjjm-gyms-data-39.liquid
MB	MB	Gracie Jiu-Jitsu Winnipeg	Winnipeg	https://graciejiujitsuwinnipeg.com	Y			https://graciejiujitsuwinnipeg.com	HAS_STORED	827 Cavalier Dr, Winnipeg, MB R2Y 1C6			snippets/tjjm-gyms-data-39.liquid
MB	MB	Innovative Martial Arts & Fitness	Winnipeg	https://winnipegmartialarts.ca	Y			https://winnipegmartialarts.ca	HAS_STORED	15-1599 Dugald Rd, Winnipeg, MB			snippets/tjjm-gyms-data-39.liquid
MB	MB	Red River BJJ	Winnipeg	https://redriverbjj.com	Y			https://redriverbjj.com	HAS_STORED			Y	snippets/tjjm-gyms-data.liquid
MB	MB	Robert Lee Martial Arts	Winnipeg	https://www.robertleema.ca	Y			https://www.robertleema.ca	HAS_STORED	3323 Roblin Boulevard, Winnipeg, MB R3R 0C2			snippets/tjjm-gyms-data-39.liquid
MB	MB	Socius BJJ	Winnipeg	https://www.sociusbjj.com	Y			https://www.sociusbjj.com	HAS_STORED	Unit 5, 1455 Waverley St, Winnipeg, MB R3T 5Y6			snippets/tjjm-gyms-data-39.liquid
MB	MB	Thompson Jiu Jitsu Winnipeg	Winnipeg	https://thompsonjiujitsu.com/winnipeg	Y			https://thompsonjiujitsu.com/winnipeg	HAS_STORED			Y	snippets/tjjm-gyms-data.liquid
MB	MB	Thrive Academy	Winnipeg	https://thriveacademy.ca	Y			https://thriveacademy.ca	HAS_STORED	181 Stradbrook Ave, Winnipeg, MB R3L 0J4			snippets/tjjm-gyms-data-39.liquid
MB	MB	WAMMA NextGen	Winnipeg	https://wamma.site	Y			https://wamma.site	HAS_STORED	222 St Mary's Rd, Winnipeg, MB R2H 1J3			snippets/tjjm-gyms-data-39.liquid
MB	MB	Winnipeg BJJ	Winnipeg	https://winnipegbjj.com	Y			https://winnipegbjj.com	HAS_STORED			Y	snippets/tjjm-gyms-data.liquid
MD	MD	Aberdeen BJJ MD	Aberdeen	https://aberdeenbjjmd.com	Y			https://aberdeenbjjmd.com	HAS_STORED			Y	snippets/tjjm-gyms-data.liquid
MD	MD	East Coast Martial Arts	Annapolis	eastcoastmartialarts.com	Y			eastcoastmartialarts.com	HAS_STORED	81c Forest Plaza			snippets/tjjm-gyms-data-29.liquid
MD	MD	Kogen Dojo Self Defense Academy: Brazilian Jiu-Jitsu & Muay Thai	Annapolis	kogendojo.com	Y			kogendojo.com	HAS_STORED	1912 Forest Dr Suite 2B			snippets/tjjm-gyms-data-29.liquid
MD	MD	Relative Jiu Jitsu	Annapolis	https://relativejiujitsu.com	Y			https://relativejiujitsu.com	HAS_STORED			Y	snippets/tjjm-gyms-data.liquid
MD	MD	Team Randori Brazilian Jiu Jitsu Annapolis	Annapolis	teamrandori.com	Y			teamrandori.com	HAS_STORED	1989 West Street			snippets/tjjm-gyms-data-29.liquid
MD	MD	Hero MMA Academy	Annapolis Junction	herommaacademy.com	Y			herommaacademy.com	HAS_STORED	114 National Business Pkwy Ste 100			snippets/tjjm-gyms-data-29.liquid
MD	MD	Kang's Mixed Martial Arts	Aspen Hill	tigermma.com	Y			tigermma.com	HAS_STORED	14390 Layhill Rd			snippets/tjjm-gyms-data-29.liquid
MD	MD	Capital City MMA	Baltimore	https://capitalcitymma.com	Y			https://capitalcitymma.com	HAS_STORED			Y	snippets/tjjm-gyms-data.liquid
MD	MD	Form Jiu Jitsu Academy	Baltimore	formjiujitsu.com	Y			formjiujitsu.com	HAS_STORED	3700 O'Donnell St Ste 240			snippets/tjjm-gyms-data-29.liquid
MD	MD	Foundation Jiu-Jitsu	Baltimore	foundation-jiujitsu.com	Y		websites-2		HAS_STORED+BLANKED|RENDERS_BLANK	7123 Windsor Mill Rd Ste 105			snippets/tjjm-gyms-data-29.liquid
MD	MD	Kanjizai Academy of Jiu-Jitsu	Baltimore	towsonmartialarts.com	Y			towsonmartialarts.com	HAS_STORED	514 E Belvedere Ave			snippets/tjjm-gyms-data-29.liquid
MD	MD	Prem1er Combat Academy	Baltimore	prem1ercombatacademy.com	Y			prem1ercombatacademy.com	HAS_STORED	3701 Commerce Dr Suite 109			snippets/tjjm-gyms-data-29.liquid
MD	MD	Rollstar Jiu Jitsu	Baltimore	rsjiujitsumd.com	Y		websites-2		HAS_STORED+BLANKED|RENDERS_BLANK	1728 Rolling Rd			snippets/tjjm-gyms-data-29.liquid
MD	MD	Seigneury Dojo - Jujitsu, Judo & MMA Training	Baltimore	seigneurydojo.com	Y			seigneurydojo.com	HAS_STORED	4411 Kenwood Ave			snippets/tjjm-gyms-data-29.liquid
MD	MD	Zenyo Jiu Jitsu	Baltimore	zenyojiujitsu.com	Y			zenyojiujitsu.com	HAS_STORED	3000 Chestnut Ave Ste 104			snippets/tjjm-gyms-data-29.liquid
MD	MD	Bel Air BJJ & MMA	Bel Air	belairbjj.com	Y			belairbjj.com	HAS_STORED	1301 Enterprise Ct Suite B			snippets/tjjm-gyms-data-29.liquid
MD	MD	Top Flight MMA Belcamp	Belcamp	topflightmma.com	Y			topflightmma.com	HAS_STORED	1371 Brass Mill Rd			snippets/tjjm-gyms-data-29.liquid
MD	MD	College Park Mixed Martial Arts	Beltsville	cpmma.net	Y			cpmma.net	HAS_STORED	11890 Old Baltimore Pike Unit E			snippets/tjjm-gyms-data-29.liquid
MD	MD	Ascend Institute of Martial Arts	Bethesda	ascendbethesda.com	Y			ascendbethesda.com	HAS_STORED	T-3, 7801 Norfolk Ave			snippets/tjjm-gyms-data-29.liquid
MD	MD	Danzan Ryu Jujitsu Academy	Bethesda	jujitsuacademy.com	Y			jujitsuacademy.com	HAS_STORED	5017 Wilson Ln			snippets/tjjm-gyms-data-29.liquid
MD	MD	Southern Maryland Martial Arts & Fitness	Bryans Road	smmafitness.com	Y			smmafitness.com	HAS_STORED	3065 Marshall Hall Rd		Y	snippets/tjjm-gyms-data-29.liquid
MD	MD	Southern Maryland Martial Arts & Fitness Bryans Road	Bryans Road	https://smmafitness.com	Y			https://smmafitness.com	HAS_STORED	3065 Marshall Hall Rd			snippets/tjjm-gyms-data-45.liquid
MD	MD	Lineage Brazilian Jiu Jitsu	California	lineagebjj.com	Y			lineagebjj.com	HAS_STORED	44723 St. Andrews Church Rd			snippets/tjjm-gyms-data-29.liquid
MD	MD	Team Lloyd Irvin	Camp Springs	lloydirvin.com	Y			lloydirvin.com	HAS_STORED	6333 Old Branch Avenue			snippets/tjjm-gyms-data-29.liquid
MD	MD	Baltimore Martial Arts Academy	Catonsville	baltimoremartialarts.com	Y			baltimoremartialarts.com	HAS_STORED	6565 Baltimore National Pike			snippets/tjjm-gyms-data-29.liquid
MD	MD	Ronin Brazilian Jiu-Jitsu	Chester	ronin-bjj.com	Y			ronin-bjj.com	HAS_STORED	1569 Postal Rd			snippets/tjjm-gyms-data-29.liquid
MD	MD	Chevy Chase Jujitsu	Chevy Chase	chevychasejujitsu.com	Y			chevychasejujitsu.com	HAS_STORED	4301 Willow Ln			snippets/tjjm-gyms-data-29.liquid
MD	MD	FightCamp Thai Boxing	Cockeysville	fightcampthaiboxing.com	Y			fightcampthaiboxing.com	HAS_STORED	153 Church Ln			snippets/tjjm-gyms-data-29.liquid
MD	MD	Berwyn Heights Brazilian Jiu Jitsu	College Park	berwynheightsbjj.com	Y			berwynheightsbjj.com	HAS_STORED	7100 Baltimore Ave Ste 104			snippets/tjjm-gyms-data-29.liquid
MD	MD	Inversion Martial Arts	Colora	inversionbjj.com	Y			inversionbjj.com	HAS_STORED	6 Barnes Corner Rd			snippets/tjjm-gyms-data-29.liquid
MD	MD	Rising Tide Academy	Columbia	realjiujitsu.com	Y			realjiujitsu.com	HAS_STORED	9570 Berger Road			snippets/tjjm-gyms-data-29.liquid
MD	MD	Bellicose Martial Arts	Crofton	bellicosemartialarts.zenplanner.com	Y			bellicosemartialarts.zenplanner.com	HAS_STORED	2146 Priest Bridge Court #7			snippets/tjjm-gyms-data-29.liquid
MD	MD	Han Mi Martial Arts / Gracie Damascus	Damascus	hanmimartialarts.com	Y			hanmimartialarts.com	HAS_STORED	9899 Main St #150			snippets/tjjm-gyms-data-29.liquid
MD	MD	MMA & Sport	Damascus	mmaandsport.com	Y			mmaandsport.com	HAS_STORED	26123 Ridge Rd			snippets/tjjm-gyms-data-29.liquid
MD	MD	Royal Tiger Academy MMA Self Defense Martial arts	Damascus	royaltigeracademy.com	Y			royaltigeracademy.com	HAS_STORED	9815 Main St # 205			snippets/tjjm-gyms-data-29.liquid
MD	MD	Dundalk BJJ	Dundalk	https://dundalkbjj.com	Y			https://dundalkbjj.com	HAS_STORED			Y	snippets/tjjm-gyms-data.liquid
MD	MD	Mid Shore Martial Arts	Easton	fitnessrxworkout.com	Y			fitnessrxworkout.com	HAS_STORED	Fitness Rx 101 Marlboro Ave			snippets/tjjm-gyms-data-29.liquid
MD	MD	The Lab Martial Arts and Fitness Center	Easton	thelabeaston.com	Y			thelabeaston.com	HAS_STORED	26 Creamery Ln			snippets/tjjm-gyms-data-29.liquid
MD	MD	Practical MMA	Edgemere	practicalmma.com	Y			practicalmma.com	HAS_STORED	2909 Sparrows Point Rd			snippets/tjjm-gyms-data-29.liquid
MD	MD	Baltimore Mixed Martial Arts	Elkridge	baltimoremixedmartialarts.com	Y			baltimoremixedmartialarts.com	HAS_STORED	7024 Troy Hill Drive			snippets/tjjm-gyms-data-29.liquid
MD	MD	Crazy 88 Mixed Martial Arts	Elkridge	crazy88mma.com	Y			crazy88mma.com	HAS_STORED	7024 Troy Hill Dr Ste L			snippets/tjjm-gyms-data-29.liquid
MD	MD	Triple Threat BJJ	Elkton	ttcsbjj.com	Y			ttcsbjj.com	HAS_STORED	400 Pintail Circle Suite 3			snippets/tjjm-gyms-data-29.liquid
MD	MD	Baltimore Brazilian Jiu Jitsu	Essex	baltimorebjj.com	Y			baltimorebjj.com	HAS_STORED	412 Eastern Blvd			snippets/tjjm-gyms-data-29.liquid
MD	MD	Gracie Jiu-Jitsu Maryland (Finksburg)	Finksburg	realjiujitsu.com	Y			realjiujitsu.com	HAS_STORED	3000 Gamber Rd			snippets/tjjm-gyms-data-29.liquid
MD	MD	Method Jiu-Jitsu	Forest Hill	methodmma.com	Y			methodmma.com	HAS_STORED	95 Osborne Parkway			snippets/tjjm-gyms-data-29.liquid
MD	MD	Fort Washington United	Fort Washington	unitedmartialartsmd.com	Y			unitedmartialartsmd.com	HAS_STORED	11050 Livingston Rd Unit F			snippets/tjjm-gyms-data-29.liquid
MD	MD	Top Flight Mixed Martial Arts	Fort Washington	https://topflightmma.com	Y			https://topflightmma.com	HAS_STORED			Y	snippets/tjjm-gyms-data.liquid
MD	MD	Bowerhouse Academy of Mixed Martial Arts	Frederick	bowerhouseacademy.com	Y			bowerhouseacademy.com	HAS_STORED	7311 Grove Rd D			snippets/tjjm-gyms-data-29.liquid
MD	MD	Bowerhouse MMA	Frederick	https://bowerhousemma.com	Y			https://bowerhousemma.com	HAS_STORED			Y	snippets/tjjm-gyms-data.liquid
MD	MD	Central Maryland Martial Arts	Frederick	cmmatsd.com	Y		websites-2		HAS_STORED+BLANKED|RENDERS_BLANK	6907 Baltimore National Pike #11			snippets/tjjm-gyms-data-29.liquid
MD	MD	Clinch Martial Arts Academy	Frederick	clinchacademy.com	Y			clinchacademy.com	HAS_STORED	500 Highland St			snippets/tjjm-gyms-data-29.liquid
MD	MD	Frederick BJJ	Frederick	https://frederickbjj.com	Y			https://frederickbjj.com	HAS_STORED			Y	snippets/tjjm-gyms-data.liquid
MD	MD	Groundswell MMA	Frederick		Y				EMPTY_STORED|RENDERS_BLANK	8420 Gas House Pike Suite ZZ			snippets/tjjm-gyms-data-29.liquid
MD	MD	Ryoma Academy of Martial Arts	Frostburg	ryomaacademy.com	Y			ryomaacademy.com	HAS_STORED	11046 New Georges Creek Rd SW			snippets/tjjm-gyms-data-29.liquid
MD	MD	Alliance Jiu Jitsu Maryland	Gaithersburg	thefoundrybjj.com	Y			thefoundrybjj.com	HAS_STORED	7 Metropolitan Ct #3			snippets/tjjm-gyms-data-29.liquid
MD	MD	Culture of Jiu Jitsu	Gaithersburg	cultureofjiujitsu.com	Y			cultureofjiujitsu.com	HAS_STORED	220 Girard St Suite H			snippets/tjjm-gyms-data-29.liquid
MD	MD	Culture of Jiu Jitsu Academy	Gaithersburg	https://cultureofjiujitsuacademy.com	Y			https://cultureofjiujitsuacademy.com	HAS_STORED			Y	snippets/tjjm-gyms-data.liquid
MD	MD	Infinite Fighting Concepts MMA	Gaithersburg	ifcmma.com	Y			ifcmma.com	HAS_STORED	317 Muddy Branch Rd			snippets/tjjm-gyms-data-29.liquid
MD	MD	301 MMA & Fitness	Gambrills		Y				EMPTY_STORED|RENDERS_BLANK	750 Route 3 South Suite C21			snippets/tjjm-gyms-data-29.liquid
MD	MD	Renzo Gracie Maryland	Germantown	https://renzograciemd.com	Y			https://renzograciemd.com	HAS_STORED			Y	snippets/tjjm-gyms-data.liquid
MD	MD	Noel Smith Glen Burnie Brazilian Jiu-Jitsu	Glen Burnie	noelsmithbjj.com	Y			noelsmithbjj.com	HAS_STORED	7478 Baltimore Annapolis Blvd			snippets/tjjm-gyms-data-29.liquid
MD	MD	Shonen Jiu Jitsu	Glen Burnie	shonenjiujitsu.com	Y			shonenjiujitsu.com	HAS_STORED	7389 Baltimore Annapolis Blvd			snippets/tjjm-gyms-data-29.liquid
MD	MD	Hagerstown BJJ	Hagerstown	https://hagerstownbjj.com	Y			https://hagerstownbjj.com	HAS_STORED			Y	snippets/tjjm-gyms-data.liquid
MD	MD	Hagerstown Brazilian Jiu Jitsu Academy	Hagerstown	hagerstownbjj.com	Y			hagerstownbjj.com	HAS_STORED	930 Eldridge Dr Unit B			snippets/tjjm-gyms-data-29.liquid
MD	MD	Baltimore Gracie Jiu-Jitsu	Halethorpe	baltimoregraciejiujitsu.com	Y			baltimoregraciejiujitsu.com	HAS_STORED	3431 Benson Ave Ste C			snippets/tjjm-gyms-data-29.liquid
MD	MD	Global Martial Arts Academy	Hampstead	globalhapkido.com	Y			globalhapkido.com	HAS_STORED	841 S Main St			snippets/tjjm-gyms-data-29.liquid
MD	MD	Cabrera Jiu Jitsu Academy	Hyattsville	graciepg.com	Y		websites-2		HAS_STORED+BLANKED|RENDERS_BLANK	4635 42nd Pl Unit A			snippets/tjjm-gyms-data-29.liquid
MD	MD	Southern Maryland Martial Arts & Fitness	La Plata	smmafitness.com	Y			smmafitness.com	HAS_STORED	140 Drury Dr		Y	snippets/tjjm-gyms-data-29.liquid
MD	MD	Southern Maryland Martial Arts & Fitness La Plata	La Plata	https://smmafitness.com	Y			https://smmafitness.com	HAS_STORED	140 Drury Dr			snippets/tjjm-gyms-data-45.liquid
MD	MD	2nd Gear BJJ	Laurel	2ndgearbjj.com	Y			2ndgearbjj.com	HAS_STORED	8730 Cherry Ln			snippets/tjjm-gyms-data-29.liquid
MD	MD	Bams Martial Arts & Fitness	Laurel	thebams.com	Y			thebams.com	HAS_STORED	8101 Sandy Spring Rd #107			snippets/tjjm-gyms-data-29.liquid
MD	MD	Conquest Martial Arts & Fitness	Millersville	bjjconquest.com	Y			bjjconquest.com	HAS_STORED	311 Serendipity Dr			snippets/tjjm-gyms-data-29.liquid
MD	MD	Underworld BJJ	Millersville	underworldbjj.com	Y			underworldbjj.com	HAS_STORED	301 Najoles Rd			snippets/tjjm-gyms-data-29.liquid
MD	MD	Mount Airy Jiu-Jitsu & MMA	Mt Airy	mountairybjj.com	Y		websites-2		HAS_STORED+BLANKED|RENDERS_BLANK	1502 S Main St #204			snippets/tjjm-gyms-data-29.liquid
MD	MD	Grapple Academy Martial Arts	Nottingham	perryhallmartialarts.com	Y			perryhallmartialarts.com	HAS_STORED	4130 E Joppa Rd Ste 112			snippets/tjjm-gyms-data-29.liquid
MD	MD	New Wave Martial Arts Perry Hall	Nottingham	newwavema.com	Y			newwavema.com	HAS_STORED	7962 Belair Rd			snippets/tjjm-gyms-data-29.liquid
MD	MD	Nomad Brazilian Jiu-Jitsu & MMA	Oakland		Y				EMPTY_STORED|RENDERS_BLANK	265 Glass Dr			snippets/tjjm-gyms-data-29.liquid
MD	MD	Gracie Ocean City	Ocean City	gracieoceancity.com	Y			gracieoceancity.com	HAS_STORED	412 S Baltimore Ave			snippets/tjjm-gyms-data-29.liquid
MD	MD	Synergy Martial Arts	Odenton	synergykarate.com	Y			synergykarate.com	HAS_STORED	1360 Blair Dr			snippets/tjjm-gyms-data-29.liquid
MD	MD	Ferocity Mixed Martial Arts	Owings Mills	ferocitymmaclub.com	Y			ferocitymmaclub.com	HAS_STORED	9700 Reisterstown Road			snippets/tjjm-gyms-data-29.liquid
MD	MD	Ground Control Owings Mills	Owings Mills	groundcontrolom.com	Y			groundcontrolom.com	HAS_STORED	12400 Owings Mills Blvd Ste A			snippets/tjjm-gyms-data-29.liquid
MD	MD	Stanley Combatives	Owings Mills	stanleycombatives.com	Y			stanleycombatives.com	HAS_STORED	11400 Cronridge Dr Suite F			snippets/tjjm-gyms-data-29.liquid
MD	MD	Potomac MMA	Potomac	potomacmma.com	Y			potomacmma.com	HAS_STORED	8400 Postoak Rd			snippets/tjjm-gyms-data-29.liquid
MD	MD	Prince Frederick BJJ	Prince Frederick	https://princefrederickbjj.com	Y			https://princefrederickbjj.com	HAS_STORED			Y	snippets/tjjm-gyms-data.liquid
MD	MD	American Top Team Maryland	Rockville	https://attmaryland.com	Y			https://attmaryland.com	HAS_STORED			Y	snippets/tjjm-gyms-data.liquid
MD	MD	Native Brazilian Jiu Jitsu	Rockville	nativebjj.com	Y		websites-2		HAS_STORED+BLANKED|RENDERS_BLANK	5408 Randolph Rd			snippets/tjjm-gyms-data-29.liquid
MD	MD	Pure Performance Martial Arts Center	Rockville	pureperformancemac.com	Y			pureperformancemac.com	HAS_STORED	4980 Boiling Brook Pkwy			snippets/tjjm-gyms-data-29.liquid
MD	MD	Standard BJJ	Rockville	standardjiujitsu.com	Y			standardjiujitsu.com	HAS_STORED	409 N Stonestreet Ave. Suite-D			snippets/tjjm-gyms-data-29.liquid
MD	MD	Ground Control Jiu-Jitsu Academy	Rosedale	groundcontrolbaltimore.com	Y			groundcontrolbaltimore.com	HAS_STORED	8303 Pulaski Hwy Ste B			snippets/tjjm-gyms-data-29.liquid
MD	MD	Salisbury BJJ	Salisbury	https://salisburybjj.com	Y			https://salisburybjj.com	HAS_STORED			Y	snippets/tjjm-gyms-data.liquid
MD	MD	Agoge Brazilian Jiu Jitsu	Severna Park	agogebjj.com	Y			agogebjj.com	HAS_STORED	474C Ritchie Hwy			snippets/tjjm-gyms-data-29.liquid
MD	MD	Kogen Dojo Self Defense Academy	Severna Park	kogendojo.com	Y			kogendojo.com	HAS_STORED	549 Baltimore Annapolis Blvd			snippets/tjjm-gyms-data-29.liquid
MD	MD	Bartman MMA and Self-Defense	Silver Spring	bartmanmma.com	Y			bartmanmma.com	HAS_STORED	12357 Georgia Ave			snippets/tjjm-gyms-data-29.liquid
MD	MD	Beltway Martial Arts	Silver Spring	beltwaymartialarts.com	Y			beltwaymartialarts.com	HAS_STORED	921 Silver Spring Ave			snippets/tjjm-gyms-data-29.liquid
MD	MD	Brazu Jiu Jitsu Academy	Silver Spring	brazubjj.com	Y			brazubjj.com	HAS_STORED	13856 Old Columbia Pike			snippets/tjjm-gyms-data-29.liquid
MD	MD	Gracie Randallstown Jiu Jitsu in Hillandale	Silver Spring	hillandalejiujitsu.com	Y		websites-2		HAS_STORED+BLANKED|RENDERS_BLANK	10149 New Hampshire Ave			snippets/tjjm-gyms-data-29.liquid
MD	MD	Maguilla's BJJ Academy	Silver Spring	bjjonline.com	Y			bjjonline.com	HAS_STORED	2416 Blue Ridge Ave. #305 (Third Floor)			snippets/tjjm-gyms-data-29.liquid
MD	MD	The Compound BJJ	Silver Spring	thecompoundsilverspring.com	Y			thecompoundsilverspring.com	HAS_STORED	12210 Plum Orchard Dr			snippets/tjjm-gyms-data-29.liquid
MD	MD	Calvert MMA Academy	Sunderland	calvertmma.com	Y			calvertmma.com	HAS_STORED	25 Dalrymple Road Suites 103			snippets/tjjm-gyms-data-29.liquid
MD	MD	Shaddock MMA Academy	Sykesville	shaddockmma.com	Y			shaddockmma.com	HAS_STORED	6345 South Carroll Park Drive			snippets/tjjm-gyms-data-29.liquid
MD	MD	Capital MMA & Elite Fitness	Takoma Park	capitalmma.com	Y			capitalmma.com	HAS_STORED	6836 New Hampshire Ave			snippets/tjjm-gyms-data-29.liquid
MD	MD	Washington DC Brazilian Jiu Jitsu	Takoma Park	wdcbjj.com	Y			wdcbjj.com	HAS_STORED	720 Erie Ave			snippets/tjjm-gyms-data-29.liquid
MD	MD	Lloyd Irvin's MMA Academy	Temple Hills	https://lloydirvinmma.com	Y			https://lloydirvinmma.com	HAS_STORED			Y	snippets/tjjm-gyms-data.liquid
MD	MD	Infinity Jiu-jitsu Maryland	Timonium	infinitybjjmaryland.com	Y			infinitybjjmaryland.com	HAS_STORED	29 Greenmeadow Dr			snippets/tjjm-gyms-data-29.liquid
MD	MD	Interactive Fitness Gym & MMA	Timonium	interactivefitnessgym.com	Y			interactivefitnessgym.com	HAS_STORED	29 Greenmeadow Dr			snippets/tjjm-gyms-data-29.liquid
MD	MD	David Adams Jiujitsu	Towson		Y				EMPTY_STORED|RENDERS_BLANK	8641 Loch Raven Blvd			snippets/tjjm-gyms-data-29.liquid
MD	MD	Team Maryland BJJ	Towson		Y				EMPTY_STORED|RENDERS_BLANK	8805 Orchard Tree Ln			snippets/tjjm-gyms-data-29.liquid
MD	MD	American Martial Arts Gym	Waldorf	amagmma.com	Y			amagmma.com	HAS_STORED	3 Post Office Rd			snippets/tjjm-gyms-data-29.liquid
MD	MD	Royal Martial Arts	Waldorf	royalmartialarts.com	Y			royalmartialarts.com	HAS_STORED	52 Industrial Park Dr #23			snippets/tjjm-gyms-data-29.liquid
MD	MD	Waldorf BJJ	Waldorf	https://waldorfbjj.com	Y			https://waldorfbjj.com	HAS_STORED			Y	snippets/tjjm-gyms-data.liquid
MD	MD	The Jiu-Jitsu Academy of Southern Maryland	White Plains	somdjujitsu.com	Y			somdjujitsu.com	HAS_STORED	4474 White Plains Ln			snippets/tjjm-gyms-data-29.liquid
ME	ME	Augusta BJJ Maine	Augusta	https://augustabjjme.com	Y		websites-2		HAS_STORED+BLANKED|RENDERS_BLANK				snippets/tjjm-gyms-data.liquid
ME	ME	Maine BJJ	Bangor	https://mainebjj.com	Y		websites-2		HAS_STORED+BLANKED|RENDERS_BLANK				snippets/tjjm-gyms-data.liquid
ME	ME	Bar Harbor Brazilian Jiu Jitsu	Bar Harbor	https://barharborbjj.com	Y			https://barharborbjj.com	HAS_STORED	12 Bethany Lane			snippets/tjjm-gyms-data-37.liquid
ME	ME	Seacoast Brazilian Jiu-Jitsu	Biddeford	https://seacoastbjjme.com	Y		websites-2		HAS_STORED+BLANKED|RENDERS_BLANK				snippets/tjjm-gyms-data.liquid
ME	ME	Brunswick BJJ Maine	Brunswick	https://brunswickbjjme.com	Y		websites-2		HAS_STORED+BLANKED|RENDERS_BLANK				snippets/tjjm-gyms-data.liquid
ME	ME	Graciefighter Jiu Jitsu	Caribou	https://graciefightercaribou.com	Y			https://graciefightercaribou.com	HAS_STORED	118 Bennett Dr			snippets/tjjm-gyms-data-37.liquid
ME	ME	Acadia Brazilian Jiu-Jitsu	Ellsworth	https://acadiabjj.com	Y			https://acadiabjj.com	HAS_STORED	385 High St STE H			snippets/tjjm-gyms-data-37.liquid
ME	ME	Ellsworth BJJ	Ellsworth	https://ellsworthbjj.com	Y			https://ellsworthbjj.com	HAS_STORED			Y	snippets/tjjm-gyms-data.liquid
ME	ME	Rolls Jiu Jitsu	Ellsworth	https://rollsjiujitsumaine.com	Y			https://rollsjiujitsumaine.com	HAS_STORED	249 Bucksport Rd			snippets/tjjm-gyms-data-37.liquid
ME	ME	The Foundry Brazilian Jiu Jitsu	Farmington	https://foundrybjj.com	Y			https://foundrybjj.com	HAS_STORED	218 Fairbanks Rd			snippets/tjjm-gyms-data-37.liquid
ME	ME	Empire Brazilian Jiu Jitsu	Freeport	https://empirebjjmaine.com	Y			https://empirebjjmaine.com	HAS_STORED	15 Depot St			snippets/tjjm-gyms-data-37.liquid
ME	ME	Port City BJJ	Kittery	https://portcitybjj.com	Y			https://portcitybjj.com	HAS_STORED	280 Route 1			snippets/tjjm-gyms-data-37.liquid
ME	ME	Lewiston-Auburn BJJ	Lewiston	https://lewistonauburnbjj.com	Y		websites-2		HAS_STORED+BLANKED|RENDERS_BLANK				snippets/tjjm-gyms-data.liquid
ME	ME	Bearclan Jiujitsu	Oakland	https://bearclanjiujitsu.com	Y			https://bearclanjiujitsu.com	HAS_STORED	826 Kennedy Memorial Dr			snippets/tjjm-gyms-data-37.liquid
ME	ME	Portland BJJ Maine	Portland	https://portlandbjjmaine.com	Y		websites-2		HAS_STORED+BLANKED|RENDERS_BLANK				snippets/tjjm-gyms-data.liquid
ME	ME	Stonecoast Brazilian Jiu Jitsu	Portland	https://stonecoastbjj.com	Y			https://stonecoastbjj.com	HAS_STORED	131 Johnson Rd			snippets/tjjm-gyms-data-37.liquid
ME	ME	Presque Isle BJJ	Presque Isle	https://presqueislebjj.com	Y			https://presqueislebjj.com	HAS_STORED				snippets/tjjm-gyms-data.liquid
ME	ME	Flow Brazilian Jiu Jitsu	Rockland	https://flowbrazilianjiujitsu.com	Y			https://flowbrazilianjiujitsu.com	HAS_STORED	4 Cedar St			snippets/tjjm-gyms-data-37.liquid
ME	ME	Rumford BJJ	Rumford	https://rumfordbjj.com	Y			https://rumfordbjj.com	HAS_STORED			Y	snippets/tjjm-gyms-data.liquid
ME	ME	Evolution Athletix	Saco	https://evolutionathletix.com	Y			https://evolutionathletix.com	HAS_STORED	4 Cascade Rd			snippets/tjjm-gyms-data-37.liquid
ME	ME	Saco BJJ	Saco	https://sacobjj.com	Y			https://sacobjj.com	HAS_STORED			Y	snippets/tjjm-gyms-data.liquid
ME	ME	Gracie Barra South Portland	South Portland	https://graciebarrasouthportland.com	Y			https://graciebarrasouthportland.com	HAS_STORED	798 Main St Suite 9B			snippets/tjjm-gyms-data-37.liquid
ME	ME	Brunswick Martial Arts Academy	Topsham	https://brunswickmartialarts.com	Y			https://brunswickmartialarts.com	HAS_STORED	126 Main St Suite 5			snippets/tjjm-gyms-data-37.liquid
ME	ME	Waterville BJJ	Waterville	https://watervillebjj.com	Y			https://watervillebjj.com	HAS_STORED			Y	snippets/tjjm-gyms-data.liquid
ME	ME	Alexey Pickerell BJJ	Westbrook	https://alexeybjj.com	Y			https://alexeybjj.com	HAS_STORED	90 Bridge St #335			snippets/tjjm-gyms-data-37.liquid
ME	ME	Gracie Gym Maine	Windham	https://graciegymmaine.com	Y			https://graciegymmaine.com	HAS_STORED				snippets/tjjm-gyms-data-37.liquid
ME	ME	Huard's Ju-Jitsu & Karate	Winslow	https://huardsmartialarts.com	Y			https://huardsmartialarts.com	HAS_STORED	234 Clinton Ave			snippets/tjjm-gyms-data-37.liquid
MI	MI	Allen Park Martial Arts Center	Allen Park	http://www.allenparkmartialartscenter.com/	Y			http://www.allenparkmartialartscenter.com/	HAS_STORED	7318 Park Ave			snippets/tjjm-gyms-data-17.liquid
MI	MI	Central Michigan Jiu Jitsu Academy	Alma	https://centralmichiganjiujitsu.com/	Y			https://centralmichiganjiujitsu.com/	HAS_STORED	318 N State St			snippets/tjjm-gyms-data-17.liquid
MI	MI	Alpena BJJ	Alpena	https://alpenabjj.com	Y			https://alpenabjj.com	HAS_STORED			Y	snippets/tjjm-gyms-data.liquid
MI	MI	Alliance BJJ Ann Arbor	Ann Arbor	https://alliancebjjannarb.com	Y			https://alliancebjjannarb.com	HAS_STORED			Y	snippets/tjjm-gyms-data.liquid
MI	MI	Close Quarters Combat Academy	Ann Arbor	http://www.cqcacademy.com/contact	Y			http://www.cqcacademy.com/contact	HAS_STORED	3907 Varsity Dr			snippets/tjjm-gyms-data-17.liquid
MI	MI	Final Round Mixed Martial Arts and Fitness	Ann Arbor	https://www.finalroundtrainingcenter.com/	Y			https://www.finalroundtrainingcenter.com/	HAS_STORED	3770 Plaza Dr			snippets/tjjm-gyms-data-17.liquid
MI	MI	Japanese Martial Arts Center	Ann Arbor	http://japanesemartialartscenter.com/	Y			http://japanesemartialartscenter.com/	HAS_STORED	2875 Boardwalk Dr H			snippets/tjjm-gyms-data-17.liquid
MI	MI	URSA Academy - Ribeiro Jiu-Jitsu Ann Arbor	Ann Arbor	http://www.ursaacademy.com/	Y			http://www.ursaacademy.com/	HAS_STORED	3981 Varsity Dr			snippets/tjjm-gyms-data-17.liquid
MI	MI	Battle Creek BJJ	Battle Creek	https://battlecreekbjj.com	Y			https://battlecreekbjj.com	HAS_STORED			Y	snippets/tjjm-gyms-data.liquid
MI	MI	Ray White's Midwest Martial Arts	Battle Creek	http://www.themushinacademy.com/	Y			http://www.themushinacademy.com/	HAS_STORED	30 W Columbia Ave Suite F-2			snippets/tjjm-gyms-data-17.liquid
MI	MI	Bay City BJJ	Bay City	https://baycitybjj.com	Y			https://baycitybjj.com	HAS_STORED			Y	snippets/tjjm-gyms-data.liquid
MI	MI	Cosens MMA	Bay City	https://cosensmma.com/	Y			https://cosensmma.com/	HAS_STORED	4101 E Wilder Rd suite e-505			snippets/tjjm-gyms-data-17.liquid
MI	MI	Kraken Jiu Jitsu BJJ & Self-Defense	Belmont	https://krakenjj.com/	Y			https://krakenjj.com/	HAS_STORED	2355 Belmont Center Dr NE Suite 105			snippets/tjjm-gyms-data-17.liquid
MI	MI	School of Martial Arts	Berkley	http://www.zenmartialarts.com/	Y			http://www.zenmartialarts.com/	HAS_STORED	28927 Woodward Ave			snippets/tjjm-gyms-data-17.liquid
MI	MI	Assembly Jiu-Jitsu	Bloomfield Hills	http://www.assembly-detroit.com	Y			http://www.assembly-detroit.com	HAS_STORED	281 Enterprise Ct Ste 400			snippets/tjjm-gyms-data-17.liquid
MI	MI	Roots Jiu Jitsu	Bloomfield Township	http://www.rootsjj.com	Y			http://www.rootsjj.com	HAS_STORED	794 Industrial Ct Ste B			snippets/tjjm-gyms-data-17.liquid
MI	MI	Gladiator MMA	Brighton	http://www.gladiator-mma.com	Y		websites-2		HAS_STORED+BLANKED|RENDERS_BLANK	3753 Old US-23 Unit 300			snippets/tjjm-gyms-data-17.liquid
MI	MI	Team SFS - Scorpion Fighting System at Michigan Institute of Athletics	Brighton	https://www.facebook.com/SFSMMA/	Y			https://www.facebook.com/SFSMMA/	HAS_STORED	2244 Euler Rd #103			snippets/tjjm-gyms-data-17.liquid
MI	MI	GB Burton	Burton	https://graciebarra.com/burton-mi/	Y			https://graciebarra.com/burton-mi/	HAS_STORED	4168 S. Saginaw St.			snippets/tjjm-gyms-data-17.liquid
MI	MI	Black Lion Jiu Jitsu Academy	Byron Center	https://www.blacklionjiujitsu.com/	Y			https://www.blacklionjiujitsu.com/	HAS_STORED	701 68th St SW			snippets/tjjm-gyms-data-17.liquid
MI	MI	Deep Blue Brazilian Jiu Jitsu	Caledonia	https://deep-blue-brazilian-jiu-jitsu.gymdesk.com/signup/i/ARadW	Y			https://deep-blue-brazilian-jiu-jitsu.gymdesk.com/signup/i/ARadW	HAS_STORED	9175 Cherry Valley Ave SE Suite K			snippets/tjjm-gyms-data-17.liquid
MI	MI	Black Tie Jiu Jitsu Clare	Clare	http://www.sbardellamma.com/	Y			http://www.sbardellamma.com/	HAS_STORED	150 Mary St			snippets/tjjm-gyms-data-17.liquid
MI	MI	Combat Base Clarkston	Clarkston	https://www.combatbaseclarkston.com	Y		websites-2		HAS_STORED+BLANKED|RENDERS_BLANK	6469 Sashabaw Rd.			snippets/tjjm-gyms-data-17.liquid
MI	MI	Clawson Fit	Clawson	http://clawsonfit.com	Y		websites-2		HAS_STORED+BLANKED|RENDERS_BLANK	159 N Rochester Rd			snippets/tjjm-gyms-data-17.liquid
MI	MI	Michigan Sports Camps	Coldwater	https://www.ttsfitness.com/	Y			https://www.ttsfitness.com/	HAS_STORED	315 N Fiske Rd			snippets/tjjm-gyms-data-17.liquid
MI	MI	The Beast Academy	Coldwater	http://www.the-beast.com/	Y			http://www.the-beast.com/	HAS_STORED				snippets/tjjm-gyms-data-17.liquid
MI	MI	10th Planet Jiu Jitsu Detroit	Detroit	http://www.10thplanetdetroit.com	Y			http://www.10thplanetdetroit.com	HAS_STORED	110 Michigan Ave			snippets/tjjm-gyms-data-17.liquid
MI	MI	313 Brazilian Jiu-Jitsu	Detroit	http://www.313bjj.com	Y			http://www.313bjj.com	HAS_STORED	4884 Grand River Avenue 2nd Ste 303			snippets/tjjm-gyms-data-17.liquid
MI	MI	Detroit Jiu Jitsu	Detroit	https://detroitjiujitsu.com	Y			https://detroitjiujitsu.com	HAS_STORED				snippets/tjjm-gyms-data.liquid
MI	MI	Jabs Gym Eastern Market	Detroit	https://www.mindbodyonline.com/explore/locations/jabs-gym-eastern-market	Y			https://www.mindbodyonline.com/explore/locations/jabs-gym-eastern-market	HAS_STORED	2501 Russell St			snippets/tjjm-gyms-data-17.liquid
MI	MI	Michigan Top Team	Detroit	https://michigantopteam.com	Y			https://michigantopteam.com	HAS_STORED				snippets/tjjm-gyms-data.liquid
MI	MI	My Tactical Advantage LLC	Detroit	http://mytacticaladvantageonline.com/	Y			http://mytacticaladvantageonline.com/	HAS_STORED	13305 W Seven Mile Rd			snippets/tjjm-gyms-data-17.liquid
MI	MI	East Lansing Underground Martial Arts	East Lansing	http://www.elunderground.com/	Y			http://www.elunderground.com/	HAS_STORED	541 E Grand River Ave			snippets/tjjm-gyms-data-17.liquid
MI	MI	Grapple House BJJ	Edwardsburg	https://grapplehousebjj.com/	Y			https://grapplehousebjj.com/	HAS_STORED	68977 M-62 Suite T			snippets/tjjm-gyms-data-17.liquid
MI	MI	The Michigan Center for Capoeira	Farmington Hills	https://www.tmc4c.com/bjjschedule	Y			https://www.tmc4c.com/bjjschedule	HAS_STORED	27881 Orchard Lake Rd			snippets/tjjm-gyms-data-17.liquid
MI	MI	MKG Martial Arts	Ferndale	https://www.boomboxdet.com/	Y			https://www.boomboxdet.com/	HAS_STORED	668 E 9 Mile Rd			snippets/tjjm-gyms-data-17.liquid
MI	MI	Combat Base Flint	Flint	http://www.combatbaseflint.com/	Y			http://www.combatbaseflint.com/	HAS_STORED	5353 Fenton Rd			snippets/tjjm-gyms-data-17.liquid
MI	MI	Fight Mechanix Kickboxing & MMA	Flint	https://www.fightmechanix.com/	Y			https://www.fightmechanix.com/	HAS_STORED	2014 Zimmerman St Suite B			snippets/tjjm-gyms-data-17.liquid
MI	MI	Flint BJJ	Flint	https://flintbjj.com	Y			https://flintbjj.com	HAS_STORED			Y	snippets/tjjm-gyms-data.liquid
MI	MI	REAL WORLD MMA & Fitness	Fowlerville	http://independentmartialarts.us/	Y			http://independentmartialarts.us/	HAS_STORED	140 E Grand River Ave			snippets/tjjm-gyms-data-17.liquid
MI	MI	Cosens Martial Arts Grand Blanc LLC	Grand Blanc	https://cosensmmagrandblanc.com/	Y			https://cosensmmagrandblanc.com/	HAS_STORED	12830 S Saginaw St Suite B			snippets/tjjm-gyms-data-17.liquid
MI	MI	Masters & Champions Inc	Grand Blanc	http://www.mastersandchampions.net/	Y			http://www.mastersandchampions.net/	HAS_STORED	3100 Grand Blanc Rd			snippets/tjjm-gyms-data-17.liquid
MI	MI	10th Planet Jiu Jitsu Grand Rapids	Grand Rapids	https://www.10thplanetgrandrapids.com/	Y			https://www.10thplanetgrandrapids.com/	HAS_STORED	6798 Old 28th St SE			snippets/tjjm-gyms-data-17.liquid
MI	MI	Daniel Gracie Grand Rapids	Grand Rapids	http://www.danielgraciegrandrapids.com/	Y			http://www.danielgraciegrandrapids.com/	HAS_STORED	131 Division Ave S			snippets/tjjm-gyms-data-17.liquid
MI	MI	GRBJJ	Grand Rapids	http://www.grbjj.net/	Y		websites-2		HAS_STORED+BLANKED|RENDERS_BLANK	3210 Jefferson Ave SE			snippets/tjjm-gyms-data-17.liquid
MI	MI	Great Lakes BJJ	Grand Rapids	https://greatlakesbjj.com	Y			https://greatlakesbjj.com	HAS_STORED			Y	snippets/tjjm-gyms-data.liquid
MI	MI	Lion Martial Arts Academy	Grand Rapids	http://www.lionmaacademy.com/	Y			http://www.lionmaacademy.com/	HAS_STORED	111 Division Ave S			snippets/tjjm-gyms-data-17.liquid
MI	MI	Octo Alliance Combat Sports	Grand Rapids	https://octoalliancecombatsports.com/	Y			https://octoalliancecombatsports.com/	HAS_STORED	2035 28th St SE E			snippets/tjjm-gyms-data-17.liquid
MI	MI	Triumph MMA	Grand Rapids	http://www.triumphgym.com/	Y			http://www.triumphgym.com/	HAS_STORED	1251 Plainfield Ave NE			snippets/tjjm-gyms-data-17.liquid
MI	MI	Vanguard Brazilian Jiu Jitsu	Grand Rapids	http://vanguardbjj.com/	Y			http://vanguardbjj.com/	HAS_STORED	5258 Plainfield Ave NE ste a			snippets/tjjm-gyms-data-17.liquid
MI	MI	Keweenaw Jiu-Jitsu	Hancock	http://keweenawjiujitsu.com/	Y			http://keweenawjiujitsu.com/	HAS_STORED	417 Quincy St Room 421			snippets/tjjm-gyms-data-17.liquid
MI	MI	Ronin Jiu Jitsu Academy	Harbor Springs	https://petoskeybjj.com/	Y			https://petoskeybjj.com/	HAS_STORED	1089 W Conway Rd			snippets/tjjm-gyms-data-17.liquid
MI	MI	Myrmidon Training Systems	Holland	http://www.myrmidontrained.com/	Y			http://www.myrmidontrained.com/	HAS_STORED	148 S Waverly Rd			snippets/tjjm-gyms-data-17.liquid
MI	MI	West Michigan BJJ	Holland	https://westmichiganbjj.com	Y			https://westmichiganbjj.com	HAS_STORED			Y	snippets/tjjm-gyms-data.liquid
MI	MI	Jackson BJJ Michigan	Jackson	https://jacksonbjjmi.com	Y			https://jacksonbjjmi.com	HAS_STORED			Y	snippets/tjjm-gyms-data.liquid
MI	MI	Alliance Jiu Jitsu Michigan	Kalamazoo	https://alliancejiujitsumichigan.com	Y			https://alliancejiujitsumichigan.com	HAS_STORED			Y	snippets/tjjm-gyms-data.liquid
MI	MI	Gracie Jiu-Jitsu Keego Harbor	Keego Harbor	http://www.graciejiujitsumichigan.com	Y			http://www.graciejiujitsumichigan.com	HAS_STORED	2965 Orchard Lake Rd Ste 4			snippets/tjjm-gyms-data-17.liquid
MI	MI	KSK Martial Arts	Lansing	http://www.kskmartialarts.com/	Y			http://www.kskmartialarts.com/	HAS_STORED	5135 N Aurelius Rd Suite B			snippets/tjjm-gyms-data-17.liquid
MI	MI	Lansing BJJ	Lansing	https://lansingbjj.com	Y			https://lansingbjj.com	HAS_STORED			Y	snippets/tjjm-gyms-data.liquid
MI	MI	Lansing Brazilian Jiu-Jitsu	Lansing	http://www.lansingbjj.com/	Y		websites-2		HAS_STORED+BLANKED|RENDERS_BLANK	4324 W Saginaw Hwy #209			snippets/tjjm-gyms-data-17.liquid
MI	MI	Michigan Muay Thai Academy	Lansing	http://www.mimuaythaiacademy.com/	Y			http://www.mimuaythaiacademy.com/	HAS_STORED	6916 Vernson Dr			snippets/tjjm-gyms-data-17.liquid
MI	MI	Simmons Academy of Wrestling	Lansing	https://www.mindbodyonline.com/explore/locations/simmons-academy-of-wrestling	Y			https://www.mindbodyonline.com/explore/locations/simmons-academy-of-wrestling	HAS_STORED	1109 River St			snippets/tjjm-gyms-data-17.liquid
MI	MI	American Mixed Martial Arts	Lincoln Park		N				NO_W_KEY|RENDERS_BLANK	878 Dix Hwy			snippets/tjjm-gyms-data-17.liquid
MI	MI	Alliance BJJ Michigan Livonia	Livonia	https://alliancebjjlivonia.com	Y			https://alliancebjjlivonia.com	HAS_STORED			Y	snippets/tjjm-gyms-data.liquid
MI	MI	Elite Jiu Jitsu	Livonia	http://www.elite-jiujitsu.com	Y			http://www.elite-jiujitsu.com	HAS_STORED	36123 Plymouth Rd			snippets/tjjm-gyms-data-17.liquid
MI	MI	Gracie Barra Livonia	Livonia	http://graciebarralivonia.com/	Y			http://graciebarralivonia.com/	HAS_STORED	31629 Plymouth Rd			snippets/tjjm-gyms-data-17.liquid
MI	MI	Stronghold BJJ Academy	Livonia		N				NO_W_KEY|RENDERS_BLANK	8981 Wayne Rd			snippets/tjjm-gyms-data-17.liquid
MI	MI	Ultimate House of Champions	Livonia	https://ultimate-protector-mixed-martial-arts-academy-house.business.site/	Y			https://ultimate-protector-mixed-martial-arts-academy-house.business.site/	HAS_STORED	27462 Schoolcraft St			snippets/tjjm-gyms-data-17.liquid
MI	MI	Marquette BJJ	Marquette	https://marquettebjj.com	Y			https://marquettebjj.com	HAS_STORED			Y	snippets/tjjm-gyms-data.liquid
MI	MI	All Around Fitness and Jiu Jitsu	Mesick	https://www.facebook.com/Allaround-Gym-Fitness-1535990496691246/	Y			https://www.facebook.com/Allaround-Gym-Fitness-1535990496691246/	HAS_STORED	4642 M-37			snippets/tjjm-gyms-data-17.liquid
MI	MI	Cosens Martial Arts Midland LLC	Midland	https://cosensmmamidland.com/	Y			https://cosensmmamidland.com/	HAS_STORED	6829 Eastman Ave			snippets/tjjm-gyms-data-17.liquid
MI	MI	Midland BJJ	Midland	https://midlandbjj.com	Y			https://midlandbjj.com	HAS_STORED			Y	snippets/tjjm-gyms-data.liquid
MI	MI	Japan Center of Martial Arts	Monroe	http://www.japankarateacademy.com/	Y			http://www.japankarateacademy.com/	HAS_STORED	15241 S Dixie Hwy			snippets/tjjm-gyms-data-17.liquid
MI	MI	Monroe BJJ Michigan	Monroe	https://monroebjjmi.com	Y			https://monroebjjmi.com	HAS_STORED			Y	snippets/tjjm-gyms-data.liquid
MI	MI	Cosens Martial Arts Mt. Pleasant LLC	Mt. Pleasant	https://cosensmmamtpleasant.com/	Y			https://cosensmmamtpleasant.com/	HAS_STORED	2206 S Mission St			snippets/tjjm-gyms-data-17.liquid
MI	MI	Island Jiu Jitsu Michigan	Muskegon	http://islandjiujitsumi.com/	Y			http://islandjiujitsumi.com/	HAS_STORED	960 W Sherman Blvd a			snippets/tjjm-gyms-data-17.liquid
MI	MI	Muskegon BJJ	Muskegon	https://muskegonbjj.com	Y			https://muskegonbjj.com	HAS_STORED			Y	snippets/tjjm-gyms-data.liquid
MI	MI	Lake Effect Jiu Jitsu	Negaunee		N				NO_W_KEY|RENDERS_BLANK	211 Iron St			snippets/tjjm-gyms-data-17.liquid
MI	MI	Newaygo Jiu-Jitsu Academy	Newaygo		N				NO_W_KEY|RENDERS_BLANK	8843 Mason Dr			snippets/tjjm-gyms-data-17.liquid
MI	MI	Gracie Barra Novi	Novi	https://graciebarradetroit.com/	Y			https://graciebarradetroit.com/	HAS_STORED	40400 Grand River Rd, Suite E			snippets/tjjm-gyms-data-17.liquid
MI	MI	Mid-Michigan Academy of Martial Arts	Okemos	http://lansingmartialarts.com/	Y			http://lansingmartialarts.com/	HAS_STORED	4792 Marsh Road			snippets/tjjm-gyms-data-17.liquid
MI	MI	Petoskey MMA	Petoskey	http://petoskey-mma.business.site/	Y			http://petoskey-mma.business.site/	HAS_STORED	1040 Kemp Rd			snippets/tjjm-gyms-data-17.liquid
MI	MI	The Ludus Martial Arts and Fitness Center	Petoskey	http://www.theludusmartialarts.com/	Y		websites-2		HAS_STORED+BLANKED|RENDERS_BLANK	1713 Standish Ave #300			snippets/tjjm-gyms-data-17.liquid
MI	MI	Guardian Tactics	Plymouth	https://www.guardianjiujitsu.com/	Y			https://www.guardianjiujitsu.com/	HAS_STORED	770 Davis St			snippets/tjjm-gyms-data-17.liquid
MI	MI	Ribeiro Jiu Jitsu Association of Plymouth	Plymouth		N				NO_W_KEY|RENDERS_BLANK	271 N Main St			snippets/tjjm-gyms-data-17.liquid
MI	MI	Port Huron Jiu Jitsu Academy	Port Huron	https://www.porthuronbjj.com/	Y			https://www.porthuronbjj.com/	HAS_STORED	924 Military St			snippets/tjjm-gyms-data-17.liquid
MI	MI	Kalamazoo BJJ	Portage	http://www.kzoobjj.net/	Y			http://www.kzoobjj.net/	HAS_STORED	8135 Coxs Dr			snippets/tjjm-gyms-data-17.liquid
MI	MI	Southside Dojo	Portage	http://www.southsidedojo.com/	Y			http://www.southsidedojo.com/	HAS_STORED	8534 Portage Rd.			snippets/tjjm-gyms-data-17.liquid
MI	MI	Mash Gym	Redford	http://www.mashgym.com	Y			http://www.mashgym.com	HAS_STORED	26575 Eight Mile Rd			snippets/tjjm-gyms-data-17.liquid
MI	MI	Downriver Jiu-Jitsu	Riverview	http://www.downriverbjj.com	Y			http://www.downriverbjj.com	HAS_STORED	16120 King Rd King Plaza			snippets/tjjm-gyms-data-17.liquid
MI	MI	Bushidokan Martial Arts (BJJ and Aikido)	Rochester Hills	https://bushidokanmartialarts.com/	Y			https://bushidokanmartialarts.com/	HAS_STORED	933 E Auburn Rd			snippets/tjjm-gyms-data-17.liquid
MI	MI	Metro Detroit Brazilian Jiu Jitsu Academy	Rochester Hills	http://www.metrodetroitbjj.com/	Y			http://www.metrodetroitbjj.com/	HAS_STORED	1050 W Hamlin Rd #200			snippets/tjjm-gyms-data-17.liquid
MI	MI	TNT Martial Arts	Romeo	https://tntmartialarts.com	Y			https://tntmartialarts.com	HAS_STORED				snippets/tjjm-gyms-data.liquid
MI	MI	Hayastan Grappling	Roscommon	http://facebook.com/hayastanroscommon	Y			http://facebook.com/hayastanroscommon	HAS_STORED	814 Lake St			snippets/tjjm-gyms-data-17.liquid
MI	MI	Cosens Martial Arts Saginaw LLC	Saginaw	https://cosensmmasaginaw.com/	Y			https://cosensmmasaginaw.com/	HAS_STORED	1716 Lawndale Rd			snippets/tjjm-gyms-data-17.liquid
MI	MI	Palm BJJ Brazilian Jiu-Jitsu	Saginaw	http://www.palmbjj.com/	Y			http://www.palmbjj.com/	HAS_STORED	3365 Freeland Rd			snippets/tjjm-gyms-data-17.liquid
MI	MI	Saginaw BJJ	Saginaw	https://saginawbjj.com	Y			https://saginawbjj.com	HAS_STORED			Y	snippets/tjjm-gyms-data.liquid
MI	MI	Lakeshore Black Belt Academy	Saint Joseph	http://www.lakeshorebba.com/	Y		websites-2		HAS_STORED+BLANKED|RENDERS_BLANK	4032 M-139			snippets/tjjm-gyms-data-17.liquid
MI	MI	Mada Krav Maga	Shelby Charter Township	http://madakravmaga.com	Y			http://madakravmaga.com	HAS_STORED	48796 Van Dyke			snippets/tjjm-gyms-data-17.liquid
MI	MI	Metro Detroit Kudo	Shelby Charter Township	https://www.gkadojo.com/	Y			https://www.gkadojo.com/	HAS_STORED				snippets/tjjm-gyms-data-17.liquid
MI	MI	New Way Martial Arts Academy	Shelby Charter Township	http://newwaymartialarts.com	Y			http://newwaymartialarts.com	HAS_STORED	48075 Van Dyke Ave			snippets/tjjm-gyms-data-17.liquid
MI	MI	Proving Grounds Jiu Jitsu & MMA	Shelby Township	https://provinggroundsjj.com/	Y			https://provinggroundsjj.com/	HAS_STORED	46825 Hayes Rd			snippets/tjjm-gyms-data-17.liquid
MI	MI	Allied Academy Of Martial Arts	Southfield	http://alliedmartialarts.com/	Y			http://alliedmartialarts.com/	HAS_STORED	29864 Northwestern Hwy			snippets/tjjm-gyms-data-17.liquid
MI	MI	Shojin Judo	Southfield	https://www.shojinjudo.com/	Y			https://www.shojinjudo.com/	HAS_STORED	29305 Southfield Rd			snippets/tjjm-gyms-data-17.liquid
MI	MI	Metro Jiu-Jitsu	Southgate	http://metrojj.com	Y			http://metrojj.com	HAS_STORED	13555 Eureka Rd			snippets/tjjm-gyms-data-17.liquid
MI	MI	Royce Gracie Jiu-Jitsu Academy of Michigan	Southgate	http://www.roycegracieaom.com/	Y			http://www.roycegracieaom.com/	HAS_STORED	15201 Dix Toledo Rd			snippets/tjjm-gyms-data-17.liquid
MI	MI	Fresh Brazilian Jiu Jitsu	St Clair Shores	http://www.saintclairshoresmma.com	Y			http://www.saintclairshoresmma.com	HAS_STORED				snippets/tjjm-gyms-data-17.liquid
MI	MI	The Grey Jiujitsu	St Helen		N				NO_W_KEY|RENDERS_BLANK	5918 E West Branch Rd			snippets/tjjm-gyms-data-17.liquid
MI	MI	College of Martial Arts	Sterling Heights	http://comakarate.com/	Y			http://comakarate.com/	HAS_STORED	13347 15 Mile Rd			snippets/tjjm-gyms-data-17.liquid
MI	MI	Sterling Heights BJJ	Sterling Heights	https://sterlingheightsbjj.com	Y			https://sterlingheightsbjj.com	HAS_STORED			Y	snippets/tjjm-gyms-data.liquid
MI	MI	Garcia Jiu-Jitsu	Swartz Creek	http://www.garciajiujitsu.com/	Y			http://www.garciajiujitsu.com/	HAS_STORED	2029 Elms Rd			snippets/tjjm-gyms-data-17.liquid
MI	MI	Warriors Code Martial Arts	Three Rivers	http://www.warriorway.com/	Y			http://www.warriorway.com/	HAS_STORED				snippets/tjjm-gyms-data-17.liquid
MI	MI	Seung-ni Traverse City Martial Arts & Kickboxing Academy	Traverse City	http://seungnitc.com/	Y			http://seungnitc.com/	HAS_STORED	965 Industrial Cir			snippets/tjjm-gyms-data-17.liquid
MI	MI	Significant Strikes Boxing, Jiu-Jitsu & MMA	Traverse City	https://significantstrikes.com/appointments	Y			https://significantstrikes.com/appointments	HAS_STORED	1226 S Garfield Ave			snippets/tjjm-gyms-data-17.liquid
MI	MI	Traverse City BJJ	Traverse City	https://traversecitybjj.com	Y			https://traversecitybjj.com	HAS_STORED			Y	snippets/tjjm-gyms-data.liquid
MI	MI	Detroit Academy of Martial Arts	Troy	https://martialartstroy.com/	Y			https://martialartstroy.com/	HAS_STORED	3883 Rochester Road			snippets/tjjm-gyms-data-17.liquid
MI	MI	Michigan Kickboxing Academy / 10th Planet Troy	Troy	https://michigankickboxingacademy.com	Y		websites-2		HAS_STORED+BLANKED|RENDERS_BLANK				snippets/tjjm-gyms-data.liquid
MI	MI	Troy Martial Arts	Troy	http://www.troymartialarts.net/	Y			http://www.troymartialarts.net/	HAS_STORED	1881 W South Blvd			snippets/tjjm-gyms-data-17.liquid
MI	MI	Victorious MMA	Troy	http://www.victoriousmma.com/	Y			http://www.victoriousmma.com/	HAS_STORED	444 W Maple Rd			snippets/tjjm-gyms-data-17.liquid
MI	MI	Gracie Jiu-Jitsu Vicksburg	Vicksburg		N				NO_W_KEY|RENDERS_BLANK	10726 South Sprinkle Road			snippets/tjjm-gyms-data-17.liquid
MI	MI	10th Planet Jiu Jitsu Pontiac	Waterford Township		N				NO_W_KEY|RENDERS_BLANK	7132 Highland Rd			snippets/tjjm-gyms-data-17.liquid
MI	MI	FC Fitness Academy	Waterford Township	http://fcfitnessacademy.com	Y		websites-2		HAS_STORED+BLANKED|RENDERS_BLANK	1585 Crescent Lake Rd			snippets/tjjm-gyms-data-17.liquid
MI	MI	True Martial Arts	West Bloomfield	http://www.bloomfieldmartialarts.com	Y			http://www.bloomfieldmartialarts.com	HAS_STORED	6363 Orchard Lake Rd			snippets/tjjm-gyms-data-17.liquid
MI	MI	Japanese Martial Arts Academy	Westland	https://samuraidetroit.com/free-lesson	Y			https://samuraidetroit.com/free-lesson	HAS_STORED	2300 S Venoy Rd			snippets/tjjm-gyms-data-17.liquid
MI	MI	Master Gauss Martial Arts Center	Westland	http://www.gaussmartialarts.com/	Y			http://www.gaussmartialarts.com/	HAS_STORED	5950 N Hix Rd			snippets/tjjm-gyms-data-17.liquid
MI	MI	NWC Martial Arts Academy	Westland	https://www.nwcmartialartsacademy.com/	Y			https://www.nwcmartialartsacademy.com/	HAS_STORED	31207 Stephen Ave			snippets/tjjm-gyms-data-17.liquid
MI	MI	Stars and Strikes MMA	Westland	https://starsandstrikesmma.com/	Y			https://starsandstrikesmma.com/	HAS_STORED	38156 Executive Dr N			snippets/tjjm-gyms-data-17.liquid
MI	MI	CrowesNest BJJ	White Pigeon	https://www.facebook.com/CRowesNestBJJ/	Y			https://www.facebook.com/CRowesNestBJJ/	HAS_STORED	67966 Myrtle Rd			snippets/tjjm-gyms-data-17.liquid
MI	MI	Krav Maga Great Lakes	Wixom	http://www.kravmagagreatlakes.com/	Y			http://www.kravmagagreatlakes.com/	HAS_STORED	49100 Wixom Tech Dr			snippets/tjjm-gyms-data-17.liquid
MI	MI	Vision BJJ	Wixom	http://visionbjj.com/	Y			http://visionbjj.com/	HAS_STORED	28265 Beck Rd, Unit C-19			snippets/tjjm-gyms-data-17.liquid
MI	MI	Bear's Den Grappling Center BJJ and Wrestling	Wyandotte	http://www.bearsdengrapplingcenter.com/	Y			http://www.bearsdengrapplingcenter.com/	HAS_STORED	2101 Grove St.			snippets/tjjm-gyms-data-17.liquid
MI	MI	Ann Arbor Jiu-Jitsu	Ypsilanti	http://annarborjj.com/wp/	Y		websites-2		HAS_STORED+BLANKED|RENDERS_BLANK	1518 Washtenaw Avenue			snippets/tjjm-gyms-data-17.liquid
MI	MI	Bushido Mixed Martial Arts	Ypsilanti		N				NO_W_KEY|RENDERS_BLANK	8965 Stony Creek Rd			snippets/tjjm-gyms-data-17.liquid
MN	MN	Freestyle Martial Arts	Albert Lea	https://www.minnesotafighting.com	Y			https://www.minnesotafighting.com	HAS_STORED	115 N Newton Ave, Albert Lea, MN 56007			snippets/tjjm-gyms-data-41.liquid
MN	MN	Rio Jitsu	Apple Valley	https://riojitsu.com	Y			https://riojitsu.com	HAS_STORED	6950 146th St W Suite 118, Apple Valley, MN 55124			snippets/tjjm-gyms-data-41.liquid
MN	MN	Bemidji BJJ	Bemidji	https://bemidjibjj.com	Y	https://www.bemidjibjj.com	websites-2	https://www.bemidjibjj.com	HAS_STORED+REPOINTED				snippets/tjjm-gyms-data.liquid
MN	MN	Prodigy Martial Arts	Blaine	https://www.prodigymartialartsmn.com	Y			https://www.prodigymartialartsmn.com	HAS_STORED	1630 101st Ave NE Suite 190, Blaine, MN 55449			snippets/tjjm-gyms-data-41.liquid
MN	MN	Black Arrow Martial Arts	Brainerd	https://www.blackarrowmartialarts.com	Y			https://www.blackarrowmartialarts.com	HAS_STORED	217 Washington Street, Brainerd, MN 56401			snippets/tjjm-gyms-data-41.liquid
MN	MN	Brainerd BJJ	Brainerd	https://brainerdbjj.com	Y			https://brainerdbjj.com	HAS_STORED			Y	snippets/tjjm-gyms-data.liquid
MN	MN	The Academy MN	Brooklyn Center	https://theacademymn.com	Y			https://theacademymn.com	HAS_STORED	6840 Shingle Creek Pkwy #24, Brooklyn Center MN 55430			snippets/tjjm-gyms-data-41.liquid
MN	MN	Burnsville Martial Arts Academy	Burnsville	https://www.burnsvillemartialartsacademy.com	Y			https://www.burnsvillemartialartsacademy.com	HAS_STORED	11921 Portland Ave, Burnsville, MN 55337			snippets/tjjm-gyms-data-41.liquid
MN	MN	Tracks Brazilian Jiu-Jitsu	Coon Rapids	https://tracksbjj.com	Y			https://tracksbjj.com	HAS_STORED	11403 Foley Blvd NW, Coon Rapids, MN 55448			snippets/tjjm-gyms-data-41.liquid
MN	MN	Apex Jiu-Jitsu	Duluth	http://apexjiujitsu.net	Y			http://apexjiujitsu.net	HAS_STORED	228 1/2 N Central Ave, Duluth, MN 55807			snippets/tjjm-gyms-data-41.liquid
MN	MN	Drengr Jiu-Jitsu	Duluth	https://drengrjiujitsu.com	Y			https://drengrjiujitsu.com	HAS_STORED	230 E Superior St, Duluth, MN 55802			snippets/tjjm-gyms-data-41.liquid
MN	MN	Duluth BJJ	Duluth	https://duluthbjj.com	Y			https://duluthbjj.com	HAS_STORED			Y	snippets/tjjm-gyms-data.liquid
MN	MN	Minnesota Top Team	Eagan	https://minnesotatopteam.com	Y			https://minnesotatopteam.com	HAS_STORED	3500 Dodd Rd, Eagan, MN 55123			snippets/tjjm-gyms-data-41.liquid
MN	MN	Alliance Jiu Jitsu Minnesota	Eden Prairie	https://alliancejiujitsumn.com	Y		websites-2		HAS_STORED+BLANKED|RENDERS_BLANK			Y	snippets/tjjm-gyms-data.liquid
MN	MN	Gorilla Combat	Eden Prairie	https://gorillacombat.com	Y			https://gorillacombat.com	HAS_STORED	7887 Fuller Rd STE #101, Eden Prairie, MN 55344			snippets/tjjm-gyms-data-41.liquid
MN	MN	World Jiu Jitsu Academy	Eden Prairie	https://wjja4u.com	Y			https://wjja4u.com	HAS_STORED	6900 Shady Oak Rd #100, Eden Prairie, MN 55344			snippets/tjjm-gyms-data-41.liquid
MN	MN	Alliance Jiu Jitsu MPLS	Edina	https://alliancebjjmn.com	Y			https://alliancebjjmn.com	HAS_STORED	7387 Bush Lake Road, Edina, MN 55439			snippets/tjjm-gyms-data-41.liquid
MN	MN	The Academy Eden Prairie	Edina	https://www.academyedenprairie.com	Y			https://www.academyedenprairie.com	HAS_STORED	7501 Washington Ave S, Edina, MN 55439			snippets/tjjm-gyms-data-41.liquid
MN	MN	The Academy Elk River	Elk River	https://academyelkriver.com	Y			https://academyelkriver.com	HAS_STORED	17375 US Highway 10, Elk River, MN 55330			snippets/tjjm-gyms-data-41.liquid
MN	MN	Faribault BJJ	Faribault	https://faribaultbjj.com	Y			https://faribaultbjj.com	HAS_STORED			Y	snippets/tjjm-gyms-data.liquid
MN	MN	Hamel Jiu Jitsu Club	Hamel	https://www.hameljiujitsu.com	Y			https://www.hameljiujitsu.com	HAS_STORED	770 Tower Drive, Hamel, MN 55340			snippets/tjjm-gyms-data-41.liquid
MN	MN	Hibbing BJJ	Hibbing	https://hibbingbjj.com	Y			https://hibbingbjj.com	HAS_STORED			Y	snippets/tjjm-gyms-data.liquid
MN	MN	Iron Academy Martial Arts	Hibbing	https://ironacademymartialarts.com	Y			https://ironacademymartialarts.com	HAS_STORED	2225 1st Ave, Hibbing, MN 55746			snippets/tjjm-gyms-data-41.liquid
MN	MN	Isanti Grappling Club	Isanti	https://isantigrapplingclub.com	Y			https://isantigrapplingclub.com	HAS_STORED	101 Isanti Parkway NW Suites C, D and E, Isanti, MN 55040			snippets/tjjm-gyms-data-41.liquid
MN	MN	Resilience Martial Arts	Lakeville	https://www.resilience-ma.com	Y			https://www.resilience-ma.com	HAS_STORED	17630 Juniper Path Suite G, Lakeville, MN 55044			snippets/tjjm-gyms-data-41.liquid
MN	MN	Warrior's Cove Martial Arts and Fitness Little Canada	Little Canada	https://warriorscove.com/st-paul-martial-arts/	Y			https://warriorscove.com/st-paul-martial-arts/	HAS_STORED	2900 Rice Street, Little Canada, MN 55113			snippets/tjjm-gyms-data-41.liquid
MN	MN	Kato Jiujitsu	Mankato	https://katojiujitsu.com	Y			https://katojiujitsu.com	HAS_STORED	410 Park Lane, Mankato, Minnesota 56001, United States			snippets/tjjm-gyms-data-41.liquid
MN	MN	Mankato BJJ	Mankato	https://mankatobjj.com	Y			https://mankatobjj.com	HAS_STORED			Y	snippets/tjjm-gyms-data.liquid
MN	MN	Mark44 Martial Arts Academy	Mankato	https://www.mark44mma.com	Y			https://www.mark44mma.com	HAS_STORED	219 S. Victory Dr., Mankato, MN 56001			snippets/tjjm-gyms-data-41.liquid
MN	MN	United Jiu Jitsu	Maplewood	https://www.ujjmn.com	Y			https://www.ujjmn.com	HAS_STORED	2055 White Bear Ave Suite 100, Maplewood, MN 55109			snippets/tjjm-gyms-data-41.liquid
MN	MN	Checkmat S. Minneapolis	Minneapolis	https://dangerooms612.com	Y		websites-2		HAS_STORED+BLANKED|RENDERS_BLANK				snippets/tjjm-gyms-data.liquid
MN	MN	MKG Martial Arts Minneapolis	Minneapolis	https://www.mnkali.com	Y			https://www.mnkali.com	HAS_STORED	4532 Chicago Avenue, Minneapolis, MN 55407			snippets/tjjm-gyms-data-41.liquid
MN	MN	Migration BJJ	Minneapolis	https://migrationbjj.com	Y			https://migrationbjj.com	HAS_STORED	5406 S 34th Ave, Minneapolis, MN 55417			snippets/tjjm-gyms-data-41.liquid
MN	MN	Minnesota Martial Arts Academy	Minneapolis	https://mmaa.com	Y			https://mmaa.com	HAS_STORED			Y	snippets/tjjm-gyms-data.liquid
MN	MN	Roufusport MMA Academy	Minneapolis	https://roufusport.com	Y			https://roufusport.com	HAS_STORED			Y	snippets/tjjm-gyms-data.liquid
MN	MN	Southside Brazilian Jiu Jitsu	Minneapolis	https://www.southsidebrazilianjiujitsu.com	Y			https://www.southsidebrazilianjiujitsu.com	HAS_STORED	2303 Kennedy St NE, Minneapolis, MN 55413			snippets/tjjm-gyms-data-41.liquid
MN	MN	Fargo BJJ MN side	Moorhead	https://fargobjjmn.com	Y		websites-2		HAS_STORED+BLANKED|RENDERS_BLANK			Y	snippets/tjjm-gyms-data.liquid
MN	MN	Moorhead BJJ	Moorhead	https://moorheadbjj.com	Y			https://moorheadbjj.com	HAS_STORED			Y	snippets/tjjm-gyms-data.liquid
MN	MN	Motion City	New Brighton	https://motioncitybjj.com	Y			https://motioncitybjj.com	HAS_STORED	550 County Rd D West #2, New Brighton, MN 55112			snippets/tjjm-gyms-data-41.liquid
MN	MN	Spartan Martial Arts	Oakdale	https://spartanmartialartsgym.com	Y			https://spartanmartialartsgym.com	HAS_STORED	432 Hayward Ave N, Oakdale, MN 55128			snippets/tjjm-gyms-data-41.liquid
MN	MN	The Flow Lab Owatonna	Owatonna	https://theflowlabowatonna.com	Y			https://theflowlabowatonna.com	HAS_STORED	1010 Hoffman Dr NW, Owatonna, MN 55060			snippets/tjjm-gyms-data-41.liquid
MN	MN	The Academy Plymouth	Plymouth	https://academyplymouth.com	Y			https://academyplymouth.com	HAS_STORED	13605 27th Ave N, Plymouth, MN 55441			snippets/tjjm-gyms-data-41.liquid
MN	MN	American MMA	Prior Lake	https://american-mma.com	Y			https://american-mma.com	HAS_STORED	14869 Hwy 13 S, Prior Lake, MN 55372			snippets/tjjm-gyms-data-41.liquid
MN	MN	UnderGround Boxing & Brazilian Jiu-Jitsu	Red Wing	https://www.ugroundboxing.com	Y			https://www.ugroundboxing.com	HAS_STORED	415 Main St, Red Wing, MN 55066			snippets/tjjm-gyms-data-41.liquid
MN	MN	Tensei Jiu-Jitsu	Richfield	https://tenseibjj.com	Y			https://tenseibjj.com	HAS_STORED	1309 E 66th St, Richfield, MN 55423			snippets/tjjm-gyms-data-41.liquid
MN	MN	Imperial Training Center	Rochester	https://imperialtrainingcenter.com	Y			https://imperialtrainingcenter.com	HAS_STORED	2571 Clare Ln NE Unit 102, Rochester, MN 55906			snippets/tjjm-gyms-data-41.liquid
MN	MN	Mario Roberto Jiu-Jitsu Academy	Rochester	http://mrjja.com	Y			http://mrjja.com	HAS_STORED	4915 Hwy 52 N Suite B, Rochester, MN 55901			snippets/tjjm-gyms-data-41.liquid
MN	MN	Rochester BJJ	Rochester	https://rochesterbjj.com	Y			https://rochesterbjj.com	HAS_STORED			Y	snippets/tjjm-gyms-data.liquid
MN	MN	Stock Martial Arts	Rochester	https://www.stockmartialarts.com	Y			https://www.stockmartialarts.com	HAS_STORED	1608 US-52, Rochester, MN 55901			snippets/tjjm-gyms-data-41.liquid
MN	MN	The Cellar Gym	Roseville	https://thecellargym.com	Y			https://thecellargym.com	HAS_STORED	2480 Fairview Ave N, #11, Roseville, MN 55113			snippets/tjjm-gyms-data-41.liquid
MN	MN	Royce Gracie Jiu Jitsu Academy Shakopee	Shakopee	https://rgjjmn.com	Y			https://rgjjmn.com	HAS_STORED	1038 1st Avenue E, Shakopee, MN 55379			snippets/tjjm-gyms-data-41.liquid
MN	MN	St. Cloud BJJ	St. Cloud	https://stcloudbjj.com	Y			https://stcloudbjj.com	HAS_STORED			Y	snippets/tjjm-gyms-data.liquid
MN	MN	Start BJJ Minnesota	St. Cloud	https://startbjjminnesota.squarespace.com	Y			https://startbjjminnesota.squarespace.com	HAS_STORED	3333 W Division Street Suite 220, Saint Cloud, MN 56301			snippets/tjjm-gyms-data-41.liquid
MN	MN	M-Theory Martial Arts	St. Louis Park	https://mtheorymartialarts.com	Y			https://mtheorymartialarts.com	HAS_STORED	5700 W 36th St, St Louis Park, MN 55416			snippets/tjjm-gyms-data-41.liquid
MN	MN	Warrior's Cove Martial Arts and Fitness	St. Louis Park	https://warriorscove.com	Y			https://warriorscove.com	HAS_STORED	7107 Cedar Lake Rd, Saint Louis Park, MN 55426			snippets/tjjm-gyms-data-41.liquid
MN	MN	Akagi Jiu-Jitsu	St. Paul	https://akagijiujitsu.com	Y		websites-2		HAS_STORED+BLANKED|RENDERS_BLANK				snippets/tjjm-gyms-data.liquid
MN	MN	Bellum Brazilian Jiu Jitsu	St. Paul	https://bellumbrazilianjiujitsu.com	Y			https://bellumbrazilianjiujitsu.com	HAS_STORED	655 Fairview Avenue, St. Paul, MN 55104			snippets/tjjm-gyms-data-41.liquid
MN	MN	Grappler Station	St. Paul	https://www.grapplerstation.com	Y			https://www.grapplerstation.com	HAS_STORED	2015 Ford Pkwy, St Paul, MN 55116			snippets/tjjm-gyms-data-41.liquid
MN	MN	St. Paul Brazilian Jiu Jitsu Academy	St. Paul	https://bjjacademymn.com	Y			https://bjjacademymn.com	HAS_STORED	322 Chester St, St. Paul, MN 55107			snippets/tjjm-gyms-data-41.liquid
MN	MN	TC Martial Arts	St. Paul	https://tcmartialarts.com	Y		websites-2		HAS_STORED+BLANKED|RENDERS_BLANK				snippets/tjjm-gyms-data.liquid
MN	MN	Higher Ground Brazilian Jiu-Jitsu	White Bear Lake	https://www.hgbjjmn.com	Y			https://www.hgbjjmn.com	HAS_STORED	4395 Lake Ave S, White Bear Lake, MN 55110			snippets/tjjm-gyms-data-41.liquid
MN	MN	Willmar BJJ	Willmar	https://willmarbjj.com	Y			https://willmarbjj.com	HAS_STORED			Y	snippets/tjjm-gyms-data.liquid
MN	MN	Flow Jiu-Jitsu Winona	Winona	https://winonabjj.com	Y			https://winonabjj.com	HAS_STORED	168 E Third St, Winona, MN 55987			snippets/tjjm-gyms-data-41.liquid
MN	MN	Winona BJJ	Winona	https://winonabjj.com	Y			https://winonabjj.com	HAS_STORED				snippets/tjjm-gyms-data.liquid
MN	MN	Next Level Combat	Woodbury	https://www.nextlevelcombat.com	Y			https://www.nextlevelcombat.com	HAS_STORED	1890 Wooddale Drive, Suite 600, Woodbury, MN 55125			snippets/tjjm-gyms-data-41.liquid
MO	MO	Aurora BJJ	Aurora	http://www.aurorabjj.com/	Y			http://www.aurorabjj.com/	HAS_STORED	3100 S Elliott Ave Suite 104			snippets/tjjm-gyms-data-21.liquid
MO	MO	GB West County	Ballwin	https://gbwestcounty.com/	Y			https://gbwestcounty.com/	HAS_STORED	15425 Manchester Rd			snippets/tjjm-gyms-data-16.liquid
MO	MO	Black Diamond Grappling Club	Bevier	https://www.bevierjiujitsu.com/	Y			https://www.bevierjiujitsu.com/	HAS_STORED	108 E Elvira St Suite B			snippets/tjjm-gyms-data-16.liquid
MO	MO	Blue Springs Jiu-Jitsu	Blue Springs	http://bluespringsjiujitsu.com/	Y			http://bluespringsjiujitsu.com/	HAS_STORED	5225 US-40			snippets/tjjm-gyms-data-16.liquid
MO	MO	Gautreaux's Martial Art Center	Blue Springs	http://www.gforcekicks.com/	Y			http://www.gforcekicks.com/	HAS_STORED	2905 US-40			snippets/tjjm-gyms-data-16.liquid
MO	MO	Sharkbait's MMA & Jiu Jitsu Academy	Blue Springs	http://sharkbaitmma.com/contact	Y			http://sharkbaitmma.com/contact	HAS_STORED	1751 NW Burdett Crossing			snippets/tjjm-gyms-data-16.liquid
MO	MO	Infinity Martial Arts of Bolivar	Bolivar	https://infinity-martial-arts-of-bolivar.business.site/	Y			https://infinity-martial-arts-of-bolivar.business.site/	HAS_STORED	830 E San Martin St			snippets/tjjm-gyms-data-16.liquid
MO	MO	Branson Jiu Jitsu - Fulcrum 360	Branson	http://rkbjjbranson.com/instructors/	Y		websites-2		HAS_STORED+BLANKED|RENDERS_BLANK	1000 Pat Nash Dr Building 9			snippets/tjjm-gyms-data-16.liquid
MO	MO	Integrity Fitness	Bridgeton	http://www.integrityfit-stl.com/	Y		websites-2		HAS_STORED+BLANKED|RENDERS_BLANK	4614 Crossroads Industrial Dr			snippets/tjjm-gyms-data-16.liquid
MO	MO	Lake Area Gracie Jiu-jitsu	Camdenton	https://www.lakeareabjj.com/	Y			https://www.lakeareabjj.com/	HAS_STORED	942 North Business Highway 5			snippets/tjjm-gyms-data-16.liquid
MO	MO	Cape Girardeau BJJ	Cape Girardeau	https://capegcbjj.com	Y			https://capegcbjj.com	HAS_STORED			Y	snippets/tjjm-gyms-data.liquid
MO	MO	Cape Martial Arts	Cape Girardeau	http://www.capemartialarts.com/	Y			http://www.capemartialarts.com/	HAS_STORED	766 S Kingshighway			snippets/tjjm-gyms-data-16.liquid
MO	MO	Carpe Momentum School of Jiu-Jitsu LLC	Cape Girardeau	https://cmsojj.com/	Y			https://cmsojj.com/	HAS_STORED	10 N Sprigg St			snippets/tjjm-gyms-data-16.liquid
MO	MO	GB Chesterfield	Chesterfield	https://gbchesterfield.com/	Y			https://gbchesterfield.com/	HAS_STORED	13379 Olive Boulevard			snippets/tjjm-gyms-data-16.liquid
MO	MO	S2 Bjj	Chesterfield	http://www.s2bjj.com/	Y		websites-2		HAS_STORED+BLANKED|RENDERS_BLANK	16851 N Outer 40 Rd			snippets/tjjm-gyms-data-16.liquid
MO	MO	Team Z MMA Fitness Center	Chesterfield	http://www.teamzmma.com/	Y		websites-2		HAS_STORED+BLANKED|RENDERS_BLANK	114 Four Seasons Shopping Center			snippets/tjjm-gyms-data-16.liquid
MO	MO	Alliance Jiu Jitsu Columbia	Columbia	https://alliancejiujitsucolumbia.com	Y			https://alliancejiujitsucolumbia.com	HAS_STORED			Y	snippets/tjjm-gyms-data.liquid
MO	MO	GB Columbia	Columbia	https://graciebarra.com/columbia-mo/	Y			https://graciebarra.com/columbia-mo/	HAS_STORED	128 East Nifong Boulevard Suite E			snippets/tjjm-gyms-data-21.liquid
MO	MO	Gracie Humaita Columbia	Columbia	https://graciehumaitacolumbia.com	Y			https://graciehumaitacolumbia.com	HAS_STORED	10 W Nifong Blvd			snippets/tjjm-gyms-data-16.liquid
MO	MO	GB O'Fallon	Dardenne Prairie	https://gbofallon.com/	Y			https://gbofallon.com/	HAS_STORED	1670 Bryan Rd			snippets/tjjm-gyms-data-16.liquid
MO	MO	Carrillo's Martial Arts	Dexter	http://www.carrillosmartialarts.com/	Y			http://www.carrillosmartialarts.com/	HAS_STORED	16 S Walnut St			snippets/tjjm-gyms-data-16.liquid
MO	MO	Gracie Humaita Eureka	Eureka	http://www.gracieeureka.com/	Y			http://www.gracieeureka.com/	HAS_STORED	223 Thresher Dr			snippets/tjjm-gyms-data-16.liquid
MO	MO	USA Martial Arts Academy	Eureka	https://www.usamartialartsacademy.com/	Y			https://www.usamartialartsacademy.com/	HAS_STORED	89 Hilltop Village Center Dr			snippets/tjjm-gyms-data-16.liquid
MO	MO	Royce Gracie Jiu-Jitsu Farmington MO	Farmington	https://www.facebook.com/RoyceGracieFarmington/	Y			https://www.facebook.com/RoyceGracieFarmington/	HAS_STORED	110 W Pine St			snippets/tjjm-gyms-data-16.liquid
MO	MO	Victory MMA and Fitness Farmington MO	Farmington	http://www.victorymma.net/	Y			http://www.victorymma.net/	HAS_STORED	429 E Karsch Blvd			snippets/tjjm-gyms-data-16.liquid
MO	MO	ES MMA and Fitness	Fenton	http://esmmaandfitness.com/	Y			http://esmmaandfitness.com/	HAS_STORED	2081 Bentley Plaza			snippets/tjjm-gyms-data-16.liquid
MO	MO	Team Rodrigo Vaghi	Fenton	http://teamvaghi.com/	Y			http://teamvaghi.com/	HAS_STORED	2275 Cassens Drive Suite 109			snippets/tjjm-gyms-data-16.liquid
MO	MO	The Proving Ground	Fenton		N				NO_W_KEY|RENDERS_BLANK	1732 Westpark Center Dr			snippets/tjjm-gyms-data-16.liquid
MO	MO	Hahn Mixed Martial Arts & Fight Promotions	Festus	http://www.hahnmma.com/	Y			http://www.hahnmma.com/	HAS_STORED	20 E Main St			snippets/tjjm-gyms-data-16.liquid
MO	MO	Whole Armour Martial Arts	Festus	http://whole-armour.com/	Y		websites-2		HAS_STORED+BLANKED|RENDERS_BLANK	407 W Main St			snippets/tjjm-gyms-data-16.liquid
MO	MO	St Louis's F.I.T. Martial Arts Center	Florissant		N				NO_W_KEY|RENDERS_BLANK	2370 N Hwy 67			snippets/tjjm-gyms-data-16.liquid
MO	MO	Dot Your Eye, INC MMA	Gladstone	http://rivercitywarriors.com/	Y			http://rivercitywarriors.com/	HAS_STORED	6512 N Oak Trafficway			snippets/tjjm-gyms-data-16.liquid
MO	MO	FullTilt Performance Center	Hannibal	https://fulltilt-performance-center.business.site/	Y			https://fulltilt-performance-center.business.site/	HAS_STORED	302 Broadway			snippets/tjjm-gyms-data-16.liquid
MO	MO	GB Hannibal	Hannibal	https://graciebarra.com/hannibal-mo/	Y			https://graciebarra.com/hannibal-mo/	HAS_STORED	210 Huck Finn Shopping Center			snippets/tjjm-gyms-data-16.liquid
MO	MO	Pirata Jiu Jitsu	Independence	http://www.piratajiujitsu.com	Y			http://www.piratajiujitsu.com	HAS_STORED	2112 Rte 291 Ste E			snippets/tjjm-gyms-data-16.liquid
MO	MO	Gracie Jiu Jitsu of Southeast Missouri	Jackson	https://graciesemo.com	Y			https://graciesemo.com	HAS_STORED	3210 Old Cape Rd			snippets/tjjm-gyms-data-16.liquid
MO	MO	GB Jefferson City	Jefferson City	https://graciebarra.com/jefferson-city-mo/	Y			https://graciebarra.com/jefferson-city-mo/	HAS_STORED	512 Ellis Blvd Suite P			snippets/tjjm-gyms-data-16.liquid
MO	MO	HerronBJJ (Jiu-Jitsu and Self-Defense)	Jefferson City	http://www.herronbjj.com/	Y			http://www.herronbjj.com/	HAS_STORED	2632 Industrial Drive Suite B			snippets/tjjm-gyms-data-16.liquid
MO	MO	Jefferson City BJJ	Jefferson City	https://jeffersoncitybjj.com	Y			https://jeffersoncitybjj.com	HAS_STORED			Y	snippets/tjjm-gyms-data.liquid
MO	MO	Jefferson City Judo Club & Jujitsu	Jefferson City	https://jeffersoncityjudoclub.com/	Y			https://jeffersoncityjudoclub.com/	HAS_STORED	1301 Creek Trail Dr			snippets/tjjm-gyms-data-16.liquid
MO	MO	Joplin BJJ	Joplin	https://joplinbjj.com	Y			https://joplinbjj.com	HAS_STORED				snippets/tjjm-gyms-data.liquid
MO	MO	Joplin Brotherhood Mixed Martial Arts	Joplin	http://www.jbhmma.com/	Y		websites-2		HAS_STORED+BLANKED|RENDERS_BLANK	1704 W 7th St			snippets/tjjm-gyms-data-16.liquid
MO	MO	Legacy MMA & Jiujitsu	Joplin		N				NO_W_KEY|RENDERS_BLANK	1050 S Joplin Ave			snippets/tjjm-gyms-data-16.liquid
MO	MO	The Forge	Joplin	https://www.warriorsciences.net/	Y			https://www.warriorsciences.net/	HAS_STORED	902 E 4th St #3			snippets/tjjm-gyms-data-16.liquid
MO	MO	10th Planet Kansas City	Kansas City	http://10wolf.com	Y			http://10wolf.com	HAS_STORED	201 Branch Street			snippets/tjjm-gyms-data-21.liquid
MO	MO	Gracie Humaita Kansas City	Kansas City	http://www.graciehumaitakansascity.com/	Y			http://www.graciehumaitakansascity.com/	HAS_STORED	1827 McGee St			snippets/tjjm-gyms-data-21.liquid
MO	MO	KiCK Martial Arts	Kansas City	http://www.kickma.com	Y			http://www.kickma.com	HAS_STORED	7683 NW Prairie View Rd			snippets/tjjm-gyms-data-21.liquid
MO	MO	Old School Jiu Jitsu	Kirksville	https://www.facebook.com/oldschooljj	Y			https://www.facebook.com/oldschooljj	HAS_STORED	16455 Dove Rd			snippets/tjjm-gyms-data-16.liquid
MO	MO	Stealth Brazilian Jiu-Jitsu LLC	Knob Noster		N				NO_W_KEY|RENDERS_BLANK	110 N State St			snippets/tjjm-gyms-data-16.liquid
MO	MO	Lake Ozark Brazilian Jiu Jitsu	Lake Ozark		N				NO_W_KEY|RENDERS_BLANK	111 Crossings W #11			snippets/tjjm-gyms-data-16.liquid
MO	MO	Glory MMA & Fitness	Lee's Summit	http://www.glorymmaandfitness.com	Y			http://www.glorymmaandfitness.com	HAS_STORED	11441 Strang Line Rd			snippets/tjjm-gyms-data-16.liquid
MO	MO	K2L Martial Arts	Lee's Summit	http://www.kids2leaders.com/	Y			http://www.kids2leaders.com/	HAS_STORED	821 SW Lemans Ln			snippets/tjjm-gyms-data-16.liquid
MO	MO	New Star Martial Arts	Lee's Summit	http://newstarmartialarts.com/	Y			http://newstarmartialarts.com/	HAS_STORED	25110 E 97th St			snippets/tjjm-gyms-data-16.liquid
MO	MO	Ozark Mountain Brazilian Jiu Jitsu	Marshfield	http://www.ozarkmountainbjj.com/	Y			http://www.ozarkmountainbjj.com/	HAS_STORED	821b E 2nd St			snippets/tjjm-gyms-data-16.liquid
MO	MO	Grappling Concepts Nixa	Nixa	https://grapplingconceptsnixa.com/	Y			https://grapplingconceptsnixa.com/	HAS_STORED	1110 Gerald Dr			snippets/tjjm-gyms-data-16.liquid
MO	MO	Leake Brazilian Jiu Jitsu	Nixa	http://www.leakebjj.com/	Y			http://www.leakebjj.com/	HAS_STORED	904 N Main St Suite 5			snippets/tjjm-gyms-data-16.liquid
MO	MO	TCB Fight Factory 417	Nixa	http://tcbfightfactory417.com	Y		websites-2		HAS_STORED+BLANKED|RENDERS_BLANK	2075 N James River Ct			snippets/tjjm-gyms-data-16.liquid
MO	MO	Aegis Jiu Jitsu	North Kansas City	http://aegisjiujitsu.com/	Y		websites-2		HAS_STORED+BLANKED|RENDERS_BLANK	1617 Iron St			snippets/tjjm-gyms-data-16.liquid
MO	MO	Forged Jiu Jitsu	Ozark	https://forged-bjj.com	Y			https://forged-bjj.com	HAS_STORED	773 N 20th St			snippets/tjjm-gyms-data-16.liquid
MO	MO	21st Century Self Defense	Pacific		N				NO_W_KEY|RENDERS_BLANK	600 E Osage St			snippets/tjjm-gyms-data-16.liquid
MO	MO	Legends MMA	Park Hills	http://www.legendsmmaofparkhills.com/	Y			http://www.legendsmmaofparkhills.com/	HAS_STORED	512 E Main St suite c			snippets/tjjm-gyms-data-16.liquid
MO	MO	Aplomb Martial Arts of Parkville	Parkville	http://www.aplombmartialarts.com	Y			http://www.aplombmartialarts.com	HAS_STORED	6325 Lewis St Ste 118			snippets/tjjm-gyms-data-16.liquid
MO	MO	JD's Gym	Peculiar	http://www.jdsgym.com/	Y			http://www.jdsgym.com/	HAS_STORED	400 S Peculiar Dr			snippets/tjjm-gyms-data-16.liquid
MO	MO	Perryville Jiu Jitsu	Perryville		N				NO_W_KEY|RENDERS_BLANK	113 Perry Plaza			snippets/tjjm-gyms-data-16.liquid
MO	MO	Cast Iron Bjj	Pleasant Valley	http://libertybjj.com/	Y			http://libertybjj.com/	HAS_STORED	6603B Royal St			snippets/tjjm-gyms-data-16.liquid
MO	MO	Pak's Academy of Martial Arts	Raymore		N				NO_W_KEY|RENDERS_BLANK	411 W Pine St			snippets/tjjm-gyms-data-16.liquid
MO	MO	Caveman Crew MMA Gym	Raytown		N				NO_W_KEY|RENDERS_BLANK	6129 Blue Ridge Blvd			snippets/tjjm-gyms-data-16.liquid
MO	MO	MTA Republic	Republic	https://www.facebook.com/MTA-RepublicGillespies-Academy-of-Martial-Arts-229743763757836/	Y			https://www.facebook.com/MTA-RepublicGillespies-Academy-of-Martial-Arts-229743763757836/	HAS_STORED	824 E State Hwy 174			snippets/tjjm-gyms-data-16.liquid
MO	MO	JAMMA Jermaine Andre Mixed Martial Arts	Richmond Heights	http://www.jamma.pro/	Y			http://www.jamma.pro/	HAS_STORED	1500 S Big Bend Blvd			snippets/tjjm-gyms-data-16.liquid
MO	MO	Agoge Training Body and Mind	Rolla	http://www.facebook.com/agogetrainer	Y			http://www.facebook.com/agogetrainer	HAS_STORED	1230 N Oak St apartment b			snippets/tjjm-gyms-data-16.liquid
MO	MO	Eagle Gyms	Rolla		N				NO_W_KEY|RENDERS_BLANK	1230 N Oak St apartment b			snippets/tjjm-gyms-data-16.liquid
MO	MO	Honey Badger Training Facility	Rolla	https://honeybadgertrainingfacility.com	Y			https://honeybadgertrainingfacility.com	HAS_STORED	937 Parkwood Drive			snippets/tjjm-gyms-data-16.liquid
MO	MO	Kifaru Jitsu Martial Arts	Salem	http://www.kifarujitsu.com/	Y			http://www.kifarujitsu.com/	HAS_STORED	501 W 4th St			snippets/tjjm-gyms-data-16.liquid
MO	MO	10th Planet Sedalia MO	Sedalia	https://www.facebook.com/p/10th-Planet-Jiu-Jitsu-Sedalia-100027128487044/	Y			https://www.facebook.com/p/10th-Planet-Jiu-Jitsu-Sedalia-100027128487044/	HAS_STORED	510 S Ohio Ave			snippets/tjjm-gyms-data-16.liquid
MO	MO	Gracie Barra Springfield Fight Club	Springfield	http://www.springfieldfightclub.com/	Y		websites-2		HAS_STORED+BLANKED|RENDERS_BLANK	450 S Union Ave Unit L			snippets/tjjm-gyms-data-21.liquid
MO	MO	Revive BJJ	St Charles	https://www.revivebjj.com/	Y			https://www.revivebjj.com/	HAS_STORED	4135 N Peters Pkwy			snippets/tjjm-gyms-data-16.liquid
MO	MO	St. Charles MMA and BJJ	St Charles	http://www.stcharlesmma.com/	Y			http://www.stcharlesmma.com/	HAS_STORED	1861 Scherer Pkwy			snippets/tjjm-gyms-data-16.liquid
MO	MO	St. Joseph Brazilian Jiu Jitsu & Mixed Martial Arts	St Joseph	http://www.sjbjjmma.com/	Y			http://www.sjbjjmma.com/	HAS_STORED	3935 Sherman Ave b			snippets/tjjm-gyms-data-16.liquid
MO	MO	MAYSH Fitness	St Peters	http://mayshfit.com/	Y			http://mayshfit.com/	HAS_STORED	6720 Mexico Rd			snippets/tjjm-gyms-data-16.liquid
MO	MO	St. Joseph BJJ	St. Joseph	https://stjosephbjj.com	Y			https://stjosephbjj.com	HAS_STORED			Y	snippets/tjjm-gyms-data.liquid
MO	MO	Checkmat St. Louis	St. Louis	https://checkmatstl.com	Y		websites-2		HAS_STORED+BLANKED|RENDERS_BLANK				snippets/tjjm-gyms-data.liquid
MO	MO	Finney's MMA	St. Louis	http://finneyskickboxing.com/	Y			http://finneyskickboxing.com/	HAS_STORED	9744 Watson Rd			snippets/tjjm-gyms-data-16.liquid
MO	MO	GB Shrewsbury	St. Louis		N				NO_W_KEY|RENDERS_BLANK	7570 Watson Road			snippets/tjjm-gyms-data-16.liquid
MO	MO	Next Level STL	St. Louis	https://nextlevelstl.com	Y			https://nextlevelstl.com	HAS_STORED				snippets/tjjm-gyms-data.liquid
MO	MO	North Broadway Jiu-Jitsu	St. Louis	http://www.guidrytraining.com/	Y			http://www.guidrytraining.com/	HAS_STORED	2222 South Vandeventer			snippets/tjjm-gyms-data-16.liquid
MO	MO	Rgda Gracie Jiu-Jitsu St. Louis	St. Louis	http://grapplingconcepts.com/	Y			http://grapplingconcepts.com/	HAS_STORED	1070 Wolfram Rd			snippets/tjjm-gyms-data-16.liquid
MO	MO	Scr Fight Club	St. Louis	http://www.stlmuaythai.com/	Y			http://www.stlmuaythai.com/	HAS_STORED	4166 Olive St			snippets/tjjm-gyms-data-16.liquid
MO	MO	St. Louis Combat Institute	St. Louis	http://www.stlcombatinstitute.com/	Y		websites-2		HAS_STORED+BLANKED|RENDERS_BLANK	5017 Northrup Ave			snippets/tjjm-gyms-data-16.liquid
MO	MO	The Martial Arts Center (PACT MMA)	St. Louis	http://www.pactmma.com/	Y			http://www.pactmma.com/	HAS_STORED	3712 Lemay Ferry Rd			snippets/tjjm-gyms-data-16.liquid
MO	MO	Watson Martial Arts (BJJ and Muay Thai)	St. Louis	http://www.watsonbjj.com/	Y			http://www.watsonbjj.com/	HAS_STORED	2737 Papin St			snippets/tjjm-gyms-data-16.liquid
MO	MO	GB St. Peters, USA	St. Peters	https://graciebarrastpeters.com/schedule/	Y			https://graciebarrastpeters.com/schedule/	HAS_STORED	953 Jungermann Road			snippets/tjjm-gyms-data-16.liquid
MO	MO	Sullivan Athletic Club	Sullivan	http://www.sullivanathleticclub.net/	Y			http://www.sullivanathleticclub.net/	HAS_STORED	23 Taylor St			snippets/tjjm-gyms-data-16.liquid
MO	MO	Warrior Jiu-Jitsu	Warrensburg	http://www.warriorjujitsu.com	Y		websites-2		HAS_STORED+BLANKED|RENDERS_BLANK	121 East Pine St			snippets/tjjm-gyms-data-16.liquid
MO	MO	10th Planet St. Louis	Washington	http://www.10thplanetstl.com/	Y			http://www.10thplanetstl.com/	HAS_STORED	416 E Fifth St		Y	snippets/tjjm-gyms-data-16.liquid
MO	MO	Center of Defensive Arts	Washington	https://www.centerofdefensivearts.com/	Y			https://www.centerofdefensivearts.com/	HAS_STORED	416 E Fifth St			snippets/tjjm-gyms-data-16.liquid
MO	MO	Family Martial Arts Fitness Academy	Washington	http://clickheretobook.online/nfc	Y			http://clickheretobook.online/nfc	HAS_STORED	1330 W 5th St			snippets/tjjm-gyms-data-16.liquid
MO	MO	GB Washington	Washington	https://gbwashington.com/	Y			https://gbwashington.com/	HAS_STORED	1629 A Roy Dr			snippets/tjjm-gyms-data-16.liquid
MO	MO	A-Force BJJ Missouri	Webb City	http://www.aforcebjjmo.com/	Y			http://www.aforcebjjmo.com/	HAS_STORED	1206 W MacArthur Dr suite f			snippets/tjjm-gyms-data-16.liquid
MO	MO	Raven's Ridge MMA	Webster Groves	http://www.ravensridgemma.com/	Y		websites-2		HAS_STORED+BLANKED|RENDERS_BLANK	8045 Watson Rd			snippets/tjjm-gyms-data-16.liquid
MO	MO	Gracie Humaitá St Louis	Weldon Spring	https://www.graciestlouis.com	Y			https://www.graciestlouis.com	HAS_STORED	1070 Wolfrum Rd			snippets/tjjm-gyms-data-16.liquid
MO	MO	Gracie Humaita Wentzville	Wentzville	https://www.graciehumaitawentzville.com/	Y			https://www.graciehumaitawentzville.com/	HAS_STORED	1236 Continental Dr			snippets/tjjm-gyms-data-16.liquid
MO	MO	Team Fusion: West Plains	West Plains	http://fusion417.com/	Y			http://fusion417.com/	HAS_STORED	220 Kentucky Ave			snippets/tjjm-gyms-data-16.liquid
MO	MO	Gracie Barra Whiteman Afb	Whiteman AFB		N				NO_W_KEY|RENDERS_BLANK	777 Spirit Blvd			snippets/tjjm-gyms-data-16.liquid
MS	MS	Gracie United Hancock	Bay St. Louis	https://www.hancockbjj.com	Y			https://www.hancockbjj.com	HAS_STORED	835 US-90 Suite 22, Bay St Louis, MS 39520			snippets/tjjm-gyms-data-41.liquid
MS	MS	Delta BJJ	Biloxi	https://deltabjj.com	Y			https://deltabjj.com	HAS_STORED			Y	snippets/tjjm-gyms-data.liquid
MS	MS	Gracie Gulf Coast Brazilian Jiu-Jitsu	Biloxi	https://graciegc.com	Y			https://graciegc.com	HAS_STORED	1937 Pass Road, Biloxi, MS 39531			snippets/tjjm-gyms-data-41.liquid
MS	MS	Gulf Coast Jiu Jitsu	Biloxi	https://www.gulfcoastjiujitsu.net	Y			https://www.gulfcoastjiujitsu.net	HAS_STORED	2575 Pass Rd Ste A, Biloxi, MS 39531			snippets/tjjm-gyms-data-41.liquid
MS	MS	Leonardo Delgado Jiu-Jitsu Academy	Biloxi	https://selfdefensedibervillems.com	Y			https://selfdefensedibervillems.com	HAS_STORED	15513 Lemoyne Blvd, Biloxi, MS 39532			snippets/tjjm-gyms-data-41.liquid
MS	MS	Grapple Jiu Jitsu	Brandon	https://www.grapplejiujitsu.com	Y			https://www.grapplejiujitsu.com	HAS_STORED	1576 Old Fannin Road Suite D, Brandon, MS 39047			snippets/tjjm-gyms-data-41.liquid
MS	MS	Rankin Jiu-Jitsu Academy	Brandon	https://rankinjiujitsu.com	Y			https://rankinjiujitsu.com	HAS_STORED	114 E Business Park Dr Ste I, Brandon, MS 39042			snippets/tjjm-gyms-data-41.liquid
MS	MS	Pursuit Jiu Jitsu	Brookhaven	https://www.pursuitjj.com	Y			https://www.pursuitjj.com	HAS_STORED	929 West Chickasaw St, Brookhaven, MS 39601			snippets/tjjm-gyms-data-41.liquid
MS	MS	Columbus MS BJJ	Columbus	https://columbusmsbjj.com	Y		websites-2		HAS_STORED+BLANKED|RENDERS_BLANK			Y	snippets/tjjm-gyms-data.liquid
MS	MS	Relentless Mixed Martial Arts	Columbus	https://relentless-mma.com	Y			https://relentless-mma.com	HAS_STORED	128 S. McCrary Rd, Columbus, MS 39702			snippets/tjjm-gyms-data-41.liquid
MS	MS	Corinth BJJ	Corinth	https://corinthbjj.com	Y			https://corinthbjj.com	HAS_STORED			Y	snippets/tjjm-gyms-data.liquid
MS	MS	American Top Team D'Iberville	D'Iberville	https://attdiberville.com	Y			https://attdiberville.com	HAS_STORED				snippets/tjjm-gyms-data-41.liquid
MS	MS	Gracie United - Team Jucao Hancock County in Diamondhead	Diamondhead	https://www.hancockbjj.com/locations/diamondhead	Y			https://www.hancockbjj.com/locations/diamondhead	HAS_STORED	17077 Kapalama Dr Suite C, Pass Christian, MS 39571			snippets/tjjm-gyms-data-41.liquid
MS	MS	No Limit Combatives	Flowood	https://nolimitflowood.com	Y			https://nolimitflowood.com	HAS_STORED	1679 Old Fannin Road Suite I, Flowood, Mississippi 39232			snippets/tjjm-gyms-data-41.liquid
MS	MS	Precision Martial Arts Academy Flowood	Flowood	https://www.mississippijiujitsu.com	Y			https://www.mississippijiujitsu.com	HAS_STORED	901 Lakeland Pl., Flowood, MS 39232			snippets/tjjm-gyms-data-41.liquid
MS	MS	Greenville BJJ MS	Greenville	https://greenvillebjjms.com	Y		websites-2		HAS_STORED+BLANKED|RENDERS_BLANK			Y	snippets/tjjm-gyms-data.liquid
MS	MS	Coast BJJ	Gulfport	https://coastbjj.com	Y			https://coastbjj.com	HAS_STORED			Y	snippets/tjjm-gyms-data.liquid
MS	MS	Gracie United Hattiesburg	Hattiesburg	https://www.championfactory.com/gyms/hattiesburg	Y			https://www.championfactory.com/gyms/hattiesburg	HAS_STORED	5004 Lincoln Rd, Hattiesburg, MS 39402			snippets/tjjm-gyms-data-41.liquid
MS	MS	Southern Combat Arts	Hattiesburg	https://southerncombatarts.com	Y		websites-2		HAS_STORED+BLANKED|RENDERS_BLANK			Y	snippets/tjjm-gyms-data.liquid
MS	MS	Team Hopkins Hattiesburg	Hattiesburg	https://teamhopkinsjiujitsu.com	Y			https://teamhopkinsjiujitsu.com	HAS_STORED	22 Commercial Warehouse Drive, Hattiesburg, MS 39402			snippets/tjjm-gyms-data-41.liquid
MS	MS	Laurel BJJ	Laurel	https://laurelbjj.com	Y			https://laurelbjj.com	HAS_STORED			Y	snippets/tjjm-gyms-data.liquid
MS	MS	KC Jones Martial Arts	Long Beach	https://www.kcjonesmartialarts.com	Y			https://www.kcjonesmartialarts.com	HAS_STORED				snippets/tjjm-gyms-data-41.liquid
MS	MS	Anthony Mitchell Jiu Jitsu Studio	Madison	https://bigantbjj.com	Y			https://bigantbjj.com	HAS_STORED	316 Old Jackson Road, Madison, MS, USA			snippets/tjjm-gyms-data-41.liquid
MS	MS	Meridian BJJ	Meridian	https://meridianbjj.com	Y			https://meridianbjj.com	HAS_STORED			Y	snippets/tjjm-gyms-data.liquid
MS	MS	Relson Gracie 601 Jiu-Jitsu and MMA	Meridian		N				NO_W_KEY|RENDERS_BLANK	2210 Front St, Meridian, MS 39301			snippets/tjjm-gyms-data-41.liquid
MS	MS	Natchez BJJ	Natchez	https://natchezbjj.com	Y			https://natchezbjj.com	HAS_STORED			Y	snippets/tjjm-gyms-data.liquid
MS	MS	Gracie Jiu-Jitsu Ocean Springs	Ocean Springs	https://gracieoceansprings.com	Y			https://gracieoceansprings.com	HAS_STORED	2200 Bienville Blvd Suite D, Ocean Springs, MS 39564			snippets/tjjm-gyms-data-41.liquid
MS	MS	Shackelford's MMA Center	Olive Branch	https://shackelfordsmma.com	Y			https://shackelfordsmma.com	HAS_STORED	8804 Caroma St STE 155, Olive Branch, MS 38654			snippets/tjjm-gyms-data-41.liquid
MS	MS	Stratos Jiu Jitsu	Olive Branch	http://stratosbjj.com	Y			http://stratosbjj.com	HAS_STORED	4850 Goodman Rd, Suite 207, Olive Branch, MS 38654			snippets/tjjm-gyms-data-41.liquid
MS	MS	662 JiuJitsu	Oxford	https://www.jiujitsuoxford.com	Y			https://www.jiujitsuoxford.com	HAS_STORED	1903 University Ave Suite 11, Oxford, MS 38655			snippets/tjjm-gyms-data-41.liquid
MS	MS	Oxford BJJ	Oxford	https://oxfordbjj.com	Y			https://oxfordbjj.com	HAS_STORED			Y	snippets/tjjm-gyms-data.liquid
MS	MS	Gracie South Jiu-Jitsu of Pearl	Pearl	https://graciesouthjiujitsupearl.com	Y			https://graciesouthjiujitsupearl.com	HAS_STORED				snippets/tjjm-gyms-data-41.liquid
MS	MS	Graham MMA	Petal	https://grahammma.com	Y			https://grahammma.com	HAS_STORED	300 McInnis Street, Petal, Mississippi 39465			snippets/tjjm-gyms-data-41.liquid
MS	MS	Gracie South Jiu Jitsu Headquarters	Ridgeland	https://graciesouth.com	Y			https://graciesouth.com	HAS_STORED	775 Lake Harbour Dr Suite E, Ridgeland, MS 39157			snippets/tjjm-gyms-data-41.liquid
MS	MS	Mississippi BJJ	Ridgeland	https://mississippibjj.com	Y			https://mississippibjj.com	HAS_STORED			Y	snippets/tjjm-gyms-data.liquid
MS	MS	Starkville BJJ	Starkville	https://starkvillebjj.com	Y			https://starkvillebjj.com	HAS_STORED			Y	snippets/tjjm-gyms-data.liquid
MS	MS	Summit Fitness Kickboxing and Jiu Jitsu	Starkville	https://starkvillefitnesskickboxing.com	Y			https://starkvillefitnesskickboxing.com	HAS_STORED	400 Industrial Park Rd G, Starkville, MS 39759			snippets/tjjm-gyms-data-41.liquid
MS	MS	Tupelo BJJ	Tupelo	https://tupelobjj.com	Y			https://tupelobjj.com	HAS_STORED			Y	snippets/tjjm-gyms-data.liquid
MS	MS	Tupelo Jiu Jitsu Academy	Tupelo	https://tupelojiujitsuacademy.com	Y			https://tupelojiujitsuacademy.com	HAS_STORED	811b Varsity Drive, Tupelo, MS 38801			snippets/tjjm-gyms-data-41.liquid
MS	MS	Vicksburg BJJ	Vicksburg	https://vicksburgbjj.com	Y			https://vicksburgbjj.com	HAS_STORED			Y	snippets/tjjm-gyms-data.liquid
MS	MS	Gracie United Wiggins	Wiggins	https://www.championfactory.com/gyms/wiggins	Y			https://www.championfactory.com/gyms/wiggins	HAS_STORED	323 South Magnolia Drive, Wiggins, MS 39577			snippets/tjjm-gyms-data-41.liquid
MT	MT	Bozeman JuJitsu	Belgrade	https://bozemanjujitsu.com	Y			https://bozemanjujitsu.com	HAS_STORED	20900 Frontage Rd G2			snippets/tjjm-gyms-data-4.liquid
MT	MT	Kron Gracie Academy	Belgrade	https://www.facebook.com/KRONGRACIEACADEMY	Y			https://www.facebook.com/KRONGRACIEACADEMY	HAS_STORED	70 Motherlode Ln			snippets/tjjm-gyms-data-4.liquid
MT	MT	CEMA BJJ at BASE Big Sky	Big Sky	https://www.cemartialarts.com/big-sky	Y			https://www.cemartialarts.com/big-sky	HAS_STORED	285 Simkins Dr.			snippets/tjjm-gyms-data-4.liquid
MT	MT	Straight Blast Gym Bigfork	Bigfork	https://sbgmontana.com/gym-locations/bigfork-gym	Y			https://sbgmontana.com/gym-locations/bigfork-gym	HAS_STORED	108 Crestview Dr.			snippets/tjjm-gyms-data-4.liquid
MT	MT	Billings BJJ	Billings	https://billingsbjj.com	Y			https://billingsbjj.com	HAS_STORED			Y	snippets/tjjm-gyms-data.liquid
MT	MT	Billings Jiu Jitsu	Billings	http://billingsjiujitsu.com	Y			http://billingsjiujitsu.com	HAS_STORED	1116 Broadwater Ave			snippets/tjjm-gyms-data-4.liquid
MT	MT	Function Jiu Jitsu	Billings	https://functionjiujitsu.com	Y			https://functionjiujitsu.com	HAS_STORED	1313 Grand Ave. #8A			snippets/tjjm-gyms-data-4.liquid
MT	MT	Gracie Jiu-Jitsu Billings	Billings	http://graciejiujitsubillings.com	Y			http://graciejiujitsubillings.com	HAS_STORED	777 15th St W Ste D			snippets/tjjm-gyms-data-4.liquid
MT	MT	The Grindhouse Billings	Billings	http://mmabillings.com	Y			http://mmabillings.com	HAS_STORED	712 Carbon St ste C			snippets/tjjm-gyms-data-4.liquid
MT	MT	Gallatin Valley Martial Arts	Bozeman	http://www.gallatinvalleymma.com	Y			http://www.gallatinvalleymma.com	HAS_STORED	255 Village Center Lane Unit B			snippets/tjjm-gyms-data-4.liquid
MT	MT	Grizzly Combat Sports	Bozeman	https://grizzlycombatsports.com	Y		websites-2		HAS_STORED+BLANKED|RENDERS_BLANK				snippets/tjjm-gyms-data.liquid
MT	MT	Montana Mixed Martial Arts	Bozeman	https://www.facebook.com/montanamma	Y			https://www.facebook.com/montanamma	HAS_STORED	2010 N 7th Ave			snippets/tjjm-gyms-data-4.liquid
MT	MT	Straight Blast Gym Bozeman	Bozeman	https://sbgbozeman.com	Y			https://sbgbozeman.com	HAS_STORED	2320 W Main St. Unit 5			snippets/tjjm-gyms-data-4.liquid
MT	MT	Butte BJJ	Butte	https://buttebjj.com	Y			https://buttebjj.com	HAS_STORED			Y	snippets/tjjm-gyms-data.liquid
MT	MT	Grit Training Center	Butte	http://www.gritmartialarts.com	Y			http://www.gritmartialarts.com	HAS_STORED	1707 Continental Dr.			snippets/tjjm-gyms-data-4.liquid
MT	MT	Imperial BJJ	Butte	https://www.facebook.com/ImperialTruthBJJ	Y			https://www.facebook.com/ImperialTruthBJJ	HAS_STORED	1131 Utah Ave			snippets/tjjm-gyms-data-4.liquid
MT	MT	Bitterroot Warrior Arts Corvallis	Corvallis	https://www.bugoutmt.com/bitterrootwarriorarts	Y			https://www.bugoutmt.com/bitterrootwarriorarts	HAS_STORED	1200 Eastside Hwy Suite C			snippets/tjjm-gyms-data-4.liquid
MT	MT	GB Great Falls	Great Falls	https://www.dragonfirebrazilianjiujitsu.com	Y			https://www.dragonfirebrazilianjiujitsu.com	HAS_STORED	1200 10th Ave S			snippets/tjjm-gyms-data-4.liquid
MT	MT	Great Falls Jiu Jitsu	Great Falls	https://greatfallsjiujitsu.com	Y			https://greatfallsjiujitsu.com	HAS_STORED			Y	snippets/tjjm-gyms-data.liquid
MT	MT	Olsen Behring Vale Tudo/MMA	Hamilton	http://olsenmma.com	Y			http://olsenmma.com	HAS_STORED	404 S 1st St			snippets/tjjm-gyms-data-4.liquid
MT	MT	Havre BJJ	Havre	https://havrebjj.com	Y			https://havrebjj.com	HAS_STORED			Y	snippets/tjjm-gyms-data.liquid
MT	MT	Bear Hug Jiu-Jitsu	Helena	http://www.bearhugmt.com	Y			http://www.bearhugmt.com	HAS_STORED	685 Barney St Suite C			snippets/tjjm-gyms-data-4.liquid
MT	MT	Deliberate Jiu Jitsu at Valley Speedway Athletics	Helena	https://www.valleyspeedwayathletics.com/deliberate-jiu-jitsu	Y			https://www.valleyspeedwayathletics.com/deliberate-jiu-jitsu	HAS_STORED	1404 Valley Speedway Rd			snippets/tjjm-gyms-data-4.liquid
MT	MT	Helena Brazilian Jiu-Jitsu	Helena	http://helenabjj.com	Y			http://helenabjj.com	HAS_STORED	1350 Cherry Ave			snippets/tjjm-gyms-data-4.liquid
MT	MT	Montana BJJ	Helena	https://montanabjj.com	Y			https://montanabjj.com	HAS_STORED			Y	snippets/tjjm-gyms-data.liquid
MT	MT	Absolute Fight Factory	Kalispell	https://www.absolutefightfactory.com	Y			https://www.absolutefightfactory.com	HAS_STORED	465 Ash Rd Unit H			snippets/tjjm-gyms-data-4.liquid
MT	MT	Hughes' Grappling Academy	Kalispell	https://www.hughesgrapplingacademy.com	Y		websites-2		HAS_STORED+BLANKED|RENDERS_BLANK	20 North Main St Center Mall Suite 13			snippets/tjjm-gyms-data-4.liquid
MT	MT	Kalispell BJJ	Kalispell	https://kalispellbjj.com	Y			https://kalispellbjj.com	HAS_STORED			Y	snippets/tjjm-gyms-data.liquid
MT	MT	Straight Blast Gym Kalispell	Kalispell	https://sbgkalispell.com/bjj	Y			https://sbgkalispell.com/bjj	HAS_STORED	30 4th St E			snippets/tjjm-gyms-data-4.liquid
MT	MT	Livingston BJJ	Livingston	https://livingstonbjj.com	Y			https://livingstonbjj.com	HAS_STORED			Y	snippets/tjjm-gyms-data.liquid
MT	MT	Livingston Jiu-Jitsu	Livingston	https://www.facebook.com/livingstonjiujitsu	Y			https://www.facebook.com/livingstonjiujitsu	HAS_STORED	1014 W Park St. Ste. 3			snippets/tjjm-gyms-data-4.liquid
MT	MT	Miles City BJJ	Miles City	https://milescitybjj.com	Y			https://milescitybjj.com	HAS_STORED			Y	snippets/tjjm-gyms-data.liquid
MT	MT	Dojo USA South BJJ Missoula	Missoula	https://dojousa.co	Y			https://dojousa.co	HAS_STORED	3700 S Russell St Suite 122			snippets/tjjm-gyms-data-4.liquid
MT	MT	Missoula BJJ	Missoula	https://missoulabjj.com	Y			https://missoulabjj.com	HAS_STORED			Y	snippets/tjjm-gyms-data.liquid
MT	MT	Missoula Brazilian Jiu Jitsu	Missoula	http://www.mslabjj.com	Y			http://www.mslabjj.com	HAS_STORED	2301 Palmer St 12			snippets/tjjm-gyms-data-4.liquid
MT	MT	Sakura Warrior Arts	Missoula	https://sakurawarriorarts.com	Y			https://sakurawarriorarts.com	HAS_STORED	255 SW Higgins Ave			snippets/tjjm-gyms-data-4.liquid
MT	MT	Straight Blast Gym Missoula	Missoula	https://sbgmissoula.com	Y			https://sbgmissoula.com	HAS_STORED	218 W Main St			snippets/tjjm-gyms-data-4.liquid
MT	MT	Traphouse Jiu Jitsu	Missoula	https://www.traphousesociety.com	Y			https://www.traphousesociety.com	HAS_STORED	2825 Stockyard Rd Unit A20			snippets/tjjm-gyms-data-4.liquid
MT	MT	Zoo Brazilian Jiu Jitsu	Missoula	http://www.zoobjj.com	Y			http://www.zoobjj.com	HAS_STORED	1521 Cooper St			snippets/tjjm-gyms-data-4.liquid
MT	MT	Red Lodge Grindhouse Jiu Jitsu	Red Lodge	https://redlodgegrindhouse.com	Y			https://redlodgegrindhouse.com	HAS_STORED	111 Broadway Ave S			snippets/tjjm-gyms-data-4.liquid
MT	MT	Bitterroot Warrior Arts Stevensville	Stevensville	https://www.bugoutmt.com/bitterrootwarriorarts	Y			https://www.bugoutmt.com/bitterrootwarriorarts	HAS_STORED	4039 US Hwy N Suite D			snippets/tjjm-gyms-data-4.liquid
MT	MT	Whitefish BJJ	Whitefish	https://whitefishbjj.com	Y			https://whitefishbjj.com	HAS_STORED				snippets/tjjm-gyms-data.liquid
NB	NB	Campbellton BJJ	Campbellton	https://campbelltonbjj.com	Y			https://campbelltonbjj.com	HAS_STORED			Y	snippets/tjjm-gyms-data.liquid
NB	NB	Restigouche Dojo	Campbellton	https://restigouchedojo.com	Y			https://restigouchedojo.com	HAS_STORED				snippets/tjjm-gyms-data-44.liquid
NB	NB	Victory Jiu Jitsu Dieppe	Dieppe	https://victoryjjdieppe.com	Y	https://victoryjiujitsuacademy.ca	websites-2	https://victoryjiujitsuacademy.ca	HAS_STORED+REPOINTED				snippets/tjjm-gyms-data.liquid
NB	NB	Victory Jiu-Jitsu Edmundston	Edmundston	https://www.facebook.com/VictoryJJEdmundston	Y			https://www.facebook.com/VictoryJJEdmundston	HAS_STORED	12 Ben-Martin Avenue, Local 339, Edmundston, NB			snippets/tjjm-gyms-data-44.liquid
NB	NB	Evolution Training Centre	Fredericton	https://www.evolutiontrainingcenter.ca	Y			https://www.evolutiontrainingcenter.ca	HAS_STORED				snippets/tjjm-gyms-data.liquid
NB	NB	Fredericton BJJ	Fredericton	https://frederictonbjj.com	Y			https://frederictonbjj.com	HAS_STORED				snippets/tjjm-gyms-data.liquid
NB	NB	Synergy BJJ Fredericton	Fredericton	https://www.bjjfredericton.com	Y			https://www.bjjfredericton.com	HAS_STORED				snippets/tjjm-gyms-data.liquid
NB	NB	MXT BJJ Miramichi	Miramichi	https://mxt-bjj-miramichi.gymdesk.com	Y			https://mxt-bjj-miramichi.gymdesk.com	HAS_STORED	1745 Water St, Miramichi, NB E1N 1L9			snippets/tjjm-gyms-data-44.liquid
NB	NB	Miramichi BJJ	Miramichi	https://miramichibjj.com	Y			https://miramichibjj.com	HAS_STORED			Y	snippets/tjjm-gyms-data.liquid
NB	NB	Icon Combat	Moncton	https://iconcombat.com	Y			https://iconcombat.com	HAS_STORED				snippets/tjjm-gyms-data.liquid
NB	NB	Knots Jiu Jitsu	Moncton	https://knotsjj.ca	Y			https://knotsjj.ca	HAS_STORED				snippets/tjjm-gyms-data.liquid
NB	NB	Moncton BJJ	Moncton	https://monctonbjj.com	Y			https://monctonbjj.com	HAS_STORED			Y	snippets/tjjm-gyms-data.liquid
NB	NB	Quantum Jiu Jitsu	Moncton	https://www.quantumjj.com	Y			https://www.quantumjj.com	HAS_STORED				snippets/tjjm-gyms-data.liquid
NB	NB	Victory Jiu Jitsu	Quispamsis	https://victorykv.gymdesk.com	Y			https://victorykv.gymdesk.com	HAS_STORED				snippets/tjjm-gyms-data.liquid
NB	NB	Junglefowl Brazilian Jiu Jitsu	Sackville	https://junglefowlbjj.ca	Y			https://junglefowlbjj.ca	HAS_STORED				snippets/tjjm-gyms-data.liquid
NB	NB	MXT BJJ	Saint John	https://www.mxtbjj.com	Y			https://www.mxtbjj.com	HAS_STORED				snippets/tjjm-gyms-data.liquid
NB	NB	Saint John BJJ	Saint John	https://saintjohnbjj.com	Y			https://saintjohnbjj.com	HAS_STORED			Y	snippets/tjjm-gyms-data.liquid
NB	NB	Team Flow State	Saint John	https://www.facebook.com/FlowstateJJ	Y			https://www.facebook.com/FlowstateJJ	HAS_STORED				snippets/tjjm-gyms-data-44.liquid
NB	NB	B7 Jiu Jitsu	Woodstock	https://www.facebook.com/B7JiuJitsu	Y			https://www.facebook.com/B7JiuJitsu	HAS_STORED				snippets/tjjm-gyms-data-44.liquid
NB	NB	Woodstock NB BJJ	Woodstock	https://woodstocknbbjj.com	Y		websites-2		HAS_STORED+BLANKED|RENDERS_BLANK			Y	snippets/tjjm-gyms-data.liquid
NC	NC	Devine Jiu Jitsu and Team R.O.C MMA	Albemarle		Y				EMPTY_STORED|RENDERS_BLANK	461 W Main St			snippets/tjjm-gyms-data-26.liquid
NC	NC	Apex Jiu Jitsu NC	Apex	https://apexjiujitsunc.com	Y			https://apexjiujitsunc.com	HAS_STORED			Y	snippets/tjjm-gyms-data.liquid
NC	NC	Open Guard BJJ	Apex	https://openguardbjj.com/	Y			https://openguardbjj.com/	HAS_STORED	737 Center St			snippets/tjjm-gyms-data-26.liquid
NC	NC	Spangler Brazilian Jiu Jitsu Academy	Apex	https://www.carybjj.com	Y			https://www.carybjj.com	HAS_STORED	526 E Williams St			snippets/tjjm-gyms-data-26.liquid
NC	NC	Triad Brazilian Jiu-Jitsu	Archdale	http://www.triadbjj.com/	Y			http://www.triadbjj.com/	HAS_STORED	10134 N Main St			snippets/tjjm-gyms-data-26.liquid
NC	NC	American Top Team Asheville	Arden	http://www.americantopteamasheville.com/	Y			http://www.americantopteamasheville.com/	HAS_STORED	375 Rockwood Rd			snippets/tjjm-gyms-data-26.liquid
NC	NC	Fight to Win Jiu Jitsu Asheville	Arden	http://www.ftwbjjasheville.com/	Y			http://www.ftwbjjasheville.com/	HAS_STORED	15 Glenn Willow Dr Unit 77			snippets/tjjm-gyms-data-26.liquid
NC	NC	Warrior Life Martial Arts	Asheboro	http://warriorlifemartialarts.com/	Y			http://warriorlifemartialarts.com/	HAS_STORED	135 Sunset Ave			snippets/tjjm-gyms-data-27.liquid
NC	NC	Asheville BJJ	Asheville	https://ashevillebjj.com	Y			https://ashevillebjj.com	HAS_STORED				snippets/tjjm-gyms-data.liquid
NC	NC	GB Asheville	Asheville	https://graciebarra.com/asheville-nc/	Y			https://graciebarra.com/asheville-nc/	HAS_STORED	347 New Leicester Hwy A			snippets/tjjm-gyms-data-26.liquid
NC	NC	Open Source Jiu-Jitsu	Asheville	http://osbjj.net/	Y			http://osbjj.net/	HAS_STORED	357 Gorman Bridge Rd			snippets/tjjm-gyms-data-26.liquid
NC	NC	Rogue Combat Club	Asheville	http://www.roguecombatclub.com/	Y			http://www.roguecombatclub.com/	HAS_STORED	811 Tunnel Rd			snippets/tjjm-gyms-data-26.liquid
NC	NC	Burlington BJJ NC	Burlington	https://burlingtonbjjnc.com	Y			https://burlingtonbjjnc.com	HAS_STORED			Y	snippets/tjjm-gyms-data.liquid
NC	NC	CJJF North Carolina	Burlington	http://www.cjjfnorthcarolina.com/	Y			http://www.cjjfnorthcarolina.com/	HAS_STORED	625 N Park Ave			snippets/tjjm-gyms-data-26.liquid
NC	NC	Gracie Burlington Jiu Jitsu	Burlington	http://www.gracieburlington.com/	Y			http://www.gracieburlington.com/	HAS_STORED	2322-A S Church St			snippets/tjjm-gyms-data-26.liquid
NC	NC	Ancient Arts Family Karate and Ju-Jitsu Academy	Cary	http://www.aaafamilykarate.com/	Y			http://www.aaafamilykarate.com/	HAS_STORED	1985 High House Rd			snippets/tjjm-gyms-data-26.liquid
NC	NC	Cary Brazilian Jiu-Jitsu	Cary	https://caryjiujitsu.com/	Y			https://caryjiujitsu.com/	HAS_STORED	8316 Chapel Hill Rd			snippets/tjjm-gyms-data-26.liquid
NC	NC	G13 Brazilian Jiu Jitsu HQ US	Cary	http://g13bjj.us/hq/	Y			http://g13bjj.us/hq/	HAS_STORED	250 Nottingham Dr			snippets/tjjm-gyms-data-26.liquid
NC	NC	Royce Gracie Jiu Jitsu Cary	Cary	https://roycegraciecary.com/	Y			https://roycegraciecary.com/	HAS_STORED	339 Sembler Ln			snippets/tjjm-gyms-data-26.liquid
NC	NC	TFTC Academy Cary	Cary	https://carymma.com/	Y			https://carymma.com/	HAS_STORED	6426 Tryon Rd			snippets/tjjm-gyms-data-26.liquid
NC	NC	Team Casarez Jiu-Jitsu	Cary	https://casarezbjj.com/	Y			https://casarezbjj.com/	HAS_STORED	253 Grande Heights Dr			snippets/tjjm-gyms-data-26.liquid
NC	NC	Verity Brazilian Jiu-Jitsu	Cary	https://veritybjj.com/	Y		websites-2		HAS_STORED+BLANKED|RENDERS_BLANK	829 Bass Pro Ln			snippets/tjjm-gyms-data-26.liquid
NC	NC	Beacon Mixed Martial Arts	Chapel Hill	http://chapelhillmma.com/	Y			http://chapelhillmma.com/	HAS_STORED	40150 Moring			snippets/tjjm-gyms-data-26.liquid
NC	NC	Chapel Hill Gracie Jiu Jitsu	Chapel Hill	http://www.chapelhilljiujitsu.net/	Y			http://www.chapelhilljiujitsu.net/	HAS_STORED	1728 Fordham Blvd			snippets/tjjm-gyms-data-26.liquid
NC	NC	Chapel Hill Quest Martial Arts	Chapel Hill	http://chquestcenter.com/	Y			http://chquestcenter.com/	HAS_STORED	6118-J Farrington Rd			snippets/tjjm-gyms-data-26.liquid
NC	NC	Arte Suave Jiujitsu Academy	Charlotte	http://www.artesuavejiujitsuacademy.com/	Y			http://www.artesuavejiujitsuacademy.com/	HAS_STORED	13340 S Point Blvd			snippets/tjjm-gyms-data-26.liquid
NC	NC	Atos Jiu Jitsu of Charlotte	Charlotte	http://martialartscharlottenc.com/	Y			http://martialartscharlottenc.com/	HAS_STORED	11108 S Tryon St			snippets/tjjm-gyms-data-26.liquid
NC	NC	Charlotte Jiu-Jitsu Academy	Charlotte	https://charlottejiujitsuacademy.com	Y		websites-2		HAS_STORED+BLANKED|RENDERS_BLANK				snippets/tjjm-gyms-data.liquid
NC	NC	Checkmat Charlotte	Charlotte	https://checkmat.com/charlotte	Y			https://checkmat.com/charlotte	HAS_STORED		3415 Westinghouse Blvd Ste 10		snippets/tjjm-gyms-data.liquid
NC	NC	ECF Martial Arts & Fitness / Brazilian Top Team BTT Charlotte	Charlotte	http://www.eastcoastfighter.com	Y			http://www.eastcoastfighter.com	HAS_STORED	4311 South Blvd Ste A			snippets/tjjm-gyms-data-26.liquid
NC	NC	Fight Sports Charlotte	Charlotte	https://fightsportscharlotte.com	Y			https://fightsportscharlotte.com	HAS_STORED	15033 Ballancroft Pkwy #206			snippets/tjjm-gyms-data-26.liquid
NC	NC	Leadership Martial Arts	Charlotte	http://www.leadershipma.com/	Y			http://www.leadershipma.com/	HAS_STORED	9928 S Tryon St			snippets/tjjm-gyms-data-26.liquid
NC	NC	Lucas Lepri Jiu Jitsu Charlotte	Charlotte	https://lucasleprijiujitsu.com	Y			https://lucasleprijiujitsu.com	HAS_STORED			Y	snippets/tjjm-gyms-data.liquid
NC	NC	SMA Academy Martial Arts	Charlotte	http://smamartialarts.com/	Y			http://smamartialarts.com/	HAS_STORED	11914 Elm Ln #160			snippets/tjjm-gyms-data-26.liquid
NC	NC	Chuva Brazilian Jiu Jitsu	Clayton	http://chuvabjj.com/	Y			http://chuvabjj.com/	HAS_STORED	11671 US 70 Business			snippets/tjjm-gyms-data-26.liquid
NC	NC	Revolution Modern Martial Arts	Clayton	https://revolutionselfdefense.com/	Y			https://revolutionselfdefense.com/	HAS_STORED	8970 US-70 Bus			snippets/tjjm-gyms-data-27.liquid
NC	NC	TFTC Academy BJJ and Kickboxing	Clayton	http://www.tftcacademy.com/	Y			http://www.tftcacademy.com/	HAS_STORED	97 Anna Place Ste 101			snippets/tjjm-gyms-data-26.liquid
NC	NC	Fight To Win Brazilian Jiu Jitsu Concord	Concord	http://www.ftwbjjacademy.com	Y			http://www.ftwbjjacademy.com	HAS_STORED	8230 Poplar Tent Rd Unit 102			snippets/tjjm-gyms-data-26.liquid
NC	NC	Champions Judo	Cornelius	http://www.championsjudo.com	Y			http://www.championsjudo.com	HAS_STORED	18831 Statesville Rd			snippets/tjjm-gyms-data-26.liquid
NC	NC	Crossface MMA	Cornelius	http://www.crossface.net/	Y		websites-2		HAS_STORED+BLANKED|RENDERS_BLANK	20801 Torrence Chapel Road			snippets/tjjm-gyms-data-26.liquid
NC	NC	GB Lake Norman	Cornelius	https://gblakenorman.com/	Y			https://gblakenorman.com/	HAS_STORED	11020 Bailey Road			snippets/tjjm-gyms-data-26.liquid
NC	NC	Fight to Win Lake Norman	Denver	http://www.ftwlkn.com	Y			http://www.ftwlkn.com	HAS_STORED	7558 Hwy 73 Ste 101			snippets/tjjm-gyms-data-26.liquid
NC	NC	Bull City Brazilian Jiu Jitsu	Durham	http://bullcitybjj.com/	Y			http://bullcitybjj.com/	HAS_STORED	4015 University Dr			snippets/tjjm-gyms-data-26.liquid
NC	NC	Elevate MMA Academy	Durham	http://www.elevatemmaacademy.com/	Y			http://www.elevatemmaacademy.com/	HAS_STORED	2945 South Miami Boulevard Ste 116 & 117			snippets/tjjm-gyms-data-26.liquid
NC	NC	Gracie Jiu Jitsu Durham	Durham	http://www.graciejiujitsudurham.com/	Y			http://www.graciejiujitsudurham.com/	HAS_STORED	4908 Hillsborough Rd			snippets/tjjm-gyms-data-26.liquid
NC	NC	Pitbull Martial Arts Center-USA	Durham	http://pmacusamma.com/	Y		websites-2		HAS_STORED+BLANKED|RENDERS_BLANK	800 N Mangum St			snippets/tjjm-gyms-data-26.liquid
NC	NC	Pure1 MMA & Muay Thai	Durham	https://www.facebook.com/thePure1mma/	Y			https://www.facebook.com/thePure1mma/	HAS_STORED	3400 Westgate Dr			snippets/tjjm-gyms-data-26.liquid
NC	NC	Saunders Brazilian Jiu-Jitsu	Durham	http://www.saundersbjj.com/	Y			http://www.saundersbjj.com/	HAS_STORED	1725 Carpenter Fletcher Rd Suite #111			snippets/tjjm-gyms-data-26.liquid
NC	NC	TKF MMA	Durham	http://www.tkfmma.com/	Y			http://www.tkfmma.com/	HAS_STORED	4228 Garrett Rd			snippets/tjjm-gyms-data-26.liquid
NC	NC	Team Rubao Carioca BJJ	Durham	https://www.facebook.com/teamrubao/	Y			https://www.facebook.com/teamrubao/	HAS_STORED	3315 Guess Rd #8			snippets/tjjm-gyms-data-26.liquid
NC	NC	Triangle BJJ	Durham	https://trianglebjj.com	Y			https://trianglebjj.com	HAS_STORED			Y	snippets/tjjm-gyms-data.liquid
NC	NC	United Thai Boxing & MMA	Durham		Y				EMPTY_STORED|RENDERS_BLANK	4900 NC-55 Ste 485			snippets/tjjm-gyms-data-26.liquid
NC	NC	CTA BJJ MMA	East Flat Rock	http://www.ctabjjmma.com/	Y			http://www.ctabjjmma.com/	HAS_STORED	2115 Spartanburg Hwy B			snippets/tjjm-gyms-data-26.liquid
NC	NC	Kamicuozzi MMA & Fitness	Eden		Y				EMPTY_STORED|RENDERS_BLANK	224 The Blvd			snippets/tjjm-gyms-data-26.liquid
NC	NC	Team Luiz Palhares Gracie Jiu-Jitsu	Elizabeth City	http://www.tinsleyfamilymartialarts.com/	Y			http://www.tinsleyfamilymartialarts.com/	HAS_STORED	306 W Grice St			snippets/tjjm-gyms-data-26.liquid
NC	NC	Cornerstone Brazilian Jiu Jitsu	Fayetteville	http://www.cornerstonebjj.com/	Y			http://www.cornerstonebjj.com/	HAS_STORED	3724 Sycamore Dairy Rd #120			snippets/tjjm-gyms-data-26.liquid
NC	NC	DualForces 001 Brazilian Jiu-Jitsu	Fayetteville	https://dualforces.com/	Y			https://dualforces.com/	HAS_STORED	443 Franklin St			snippets/tjjm-gyms-data-26.liquid
NC	NC	Fayetteville BJJ	Fayetteville	https://fayettevillebjj.com	Y			https://fayettevillebjj.com	HAS_STORED				snippets/tjjm-gyms-data.liquid
NC	NC	Martial Arts of NC	Fayetteville	https://martialartsofnc.com/	Y			https://martialartsofnc.com/	HAS_STORED	839 Elm St			snippets/tjjm-gyms-data-26.liquid
NC	NC	Fusion Jiu Jitsu	Forest City	http://fusionjiujitsu.com/	Y			http://fusionjiujitsu.com/	HAS_STORED	671 Oak St Suite 208			snippets/tjjm-gyms-data-26.liquid
NC	NC	Schell Shock BJJ Martial Arts	Fuquay-Varina	https://www.schellshockbjj.com/	Y			https://www.schellshockbjj.com/	HAS_STORED	6109 NC-55 #133			snippets/tjjm-gyms-data-26.liquid
NC	NC	FTF Fitness and Self Defense	Gastonia	https://www.ftfgastonia.com	Y			https://www.ftfgastonia.com	HAS_STORED	1122 E Hudson Blvd Ste 1			snippets/tjjm-gyms-data-26.liquid
NC	NC	McGinnis Academy of Martial Arts	Gastonia	https://www.mcginnisacademyofmartialarts.com/	Y			https://www.mcginnisacademyofmartialarts.com/	HAS_STORED	5106 A Wilkinson Blvd			snippets/tjjm-gyms-data-26.liquid
NC	NC	Goldsboro BJJ	Goldsboro	https://goldsborobjj.com	Y			https://goldsborobjj.com	HAS_STORED			Y	snippets/tjjm-gyms-data.liquid
NC	NC	Marshall's MMA - American Brutality Fight Team	Goldsboro	http://graciegoldsboro.com/	Y			http://graciegoldsboro.com/	HAS_STORED	112 N Berkeley Blvd I			snippets/tjjm-gyms-data-26.liquid
NC	NC	Triangle Jiu-Jitsu Academy	Goldsboro	http://www.trianglejj.com/	Y		websites-2		HAS_STORED+BLANKED|RENDERS_BLANK	188 NC 581 Hwy South			snippets/tjjm-gyms-data-26.liquid
NC	NC	Alliance Jiu Jitsu Greensboro	Greensboro	https://alliancejiujitsugreensboro.com	Y			https://alliancejiujitsugreensboro.com	HAS_STORED			Y	snippets/tjjm-gyms-data.liquid
NC	NC	GB Greensboro	Greensboro	http://greensborojiujitsu.com/	Y			http://greensborojiujitsu.com/	HAS_STORED	901 Norwalk Street F			snippets/tjjm-gyms-data-26.liquid
NC	NC	Greensboro BJJ	Greensboro	https://greensborobjj.com	Y			https://greensborobjj.com	HAS_STORED			Y	snippets/tjjm-gyms-data.liquid
NC	NC	Octagon MMA & Krav Maga	Greensboro	http://www.octagongymgso.com/	Y			http://www.octagongymgso.com/	HAS_STORED	5223-A West Market St			snippets/tjjm-gyms-data-26.liquid
NC	NC	All-American Martial Arts Academy	Greenville	http://www.groundgrappling.com/	Y			http://www.groundgrappling.com/	HAS_STORED	427 Evans Street			snippets/tjjm-gyms-data-26.liquid
NC	NC	Crest Brazilian Jiu Jitsu	Hampstead	https://bjjhampstead.com/	Y			https://bjjhampstead.com/	HAS_STORED	15916 US-17			snippets/tjjm-gyms-data-26.liquid
NC	NC	Royce Gracie Jiu Jitsu Network of Charlotte	Harrisburg	http://graciecharlotte.com	Y			http://graciecharlotte.com	HAS_STORED	4947 North Carolina 49			snippets/tjjm-gyms-data-26.liquid
NC	NC	Atlantic MMA	Hickory	https://fightforitcompany.com/	Y			https://fightforitcompany.com/	HAS_STORED	1012 3rd Ave Dr NW			snippets/tjjm-gyms-data-26.liquid
NC	NC	Fenix Jiu Jitsu	Hickory	http://www.fenixjiujitsu.com/	Y			http://www.fenixjiujitsu.com/	HAS_STORED	841 8th Ave NE			snippets/tjjm-gyms-data-26.liquid
NC	NC	BJJ High Point (at Tiger Rock Martial Arts)	High Point	http://www.bjjhighpoint.com/	Y			http://www.bjjhighpoint.com/	HAS_STORED	3755 Admiral Dr #104			snippets/tjjm-gyms-data-26.liquid
NC	NC	Battle Born BJJ and MMA	High Point	http://www.battlebornbjjandmma.com/	Y			http://www.battlebornbjjandmma.com/	HAS_STORED	3798 Samet Dr			snippets/tjjm-gyms-data-26.liquid
NC	NC	Ecos BJJ	High Point	https://ecosgroups.com/jiu-jitsu	Y			https://ecosgroups.com/jiu-jitsu	HAS_STORED	3303 N Main St			snippets/tjjm-gyms-data-26.liquid
NC	NC	Edge Fitness and Combat Arts	High Point	http://www.edgefitnessllc.com/	Y			http://www.edgefitnessllc.com/	HAS_STORED	5250 High Point Rd			snippets/tjjm-gyms-data-26.liquid
NC	NC	Evolution Fight Academy	High Point	http://www.evolutionfightacademy.com/	Y			http://www.evolutionfightacademy.com/	HAS_STORED	274 Eastchester Suite 122			snippets/tjjm-gyms-data-26.liquid
NC	NC	High Point BJJ	High Point	https://highpointbjj.com	Y			https://highpointbjj.com	HAS_STORED			Y	snippets/tjjm-gyms-data.liquid
NC	NC	36 Chambers Martial Arts and Fitness	Holly Springs	http://36chambersnc.com/	Y			http://36chambersnc.com/	HAS_STORED	171 Tradition Trail Suite 204			snippets/tjjm-gyms-data-27.liquid
NC	NC	CXBJJ Academy	Hubert	http://www.cxbjjnc.com/	Y			http://www.cxbjjnc.com/	HAS_STORED	400 Hubert Blvd			snippets/tjjm-gyms-data-26.liquid
NC	NC	4M Fitness Indian Trail	Indian Trail	http://www.4mfit.com	Y			http://www.4mfit.com	HAS_STORED	2021 Van Buren Ave			snippets/tjjm-gyms-data-26.liquid
NC	NC	Art of Motion Jiu Jitsu	Indian Trail	http://www.aomjj.com/	Y			http://www.aomjj.com/	HAS_STORED	4400 Indian Trail Fairview Rd			snippets/tjjm-gyms-data-26.liquid
NC	NC	Carolina Combat Sports and Fitness	Indian Trail	https://www.carolinacombatsports.com/	Y			https://www.carolinacombatsports.com/	HAS_STORED	1221 Technology Dr Unit D			snippets/tjjm-gyms-data-26.liquid
NC	NC	Union Martial Arts	Indian Trail	http://unionmartialarts.com	Y			http://unionmartialarts.com	HAS_STORED	1501-B Waxhaw Indian Trail Rd			snippets/tjjm-gyms-data-26.liquid
NC	NC	Honest Grappling Company	Kannapolis	http://www.honestgrappling.com	Y			http://www.honestgrappling.com	HAS_STORED	1772 Dale Earnhardt Blvd			snippets/tjjm-gyms-data-26.liquid
NC	NC	GB Knightdale	Knightdale	https://gbknightdale.com/	Y			https://gbknightdale.com/	HAS_STORED	827 North Smithfield Road			snippets/tjjm-gyms-data-26.liquid
NC	NC	Team Raines Brazilian Jiu-Jitsu	Knightdale	http://www.facebook.com/teamrainesbjj	Y			http://www.facebook.com/teamrainesbjj	HAS_STORED	102 S First Ave			snippets/tjjm-gyms-data-26.liquid
NC	NC	Warrior Fitness Center Laurinburg	Laurinburg	http://www.laurinburgbjj.com/	Y		websites-2		HAS_STORED+BLANKED|RENDERS_BLANK	305 S Main St			snippets/tjjm-gyms-data-26.liquid
NC	NC	Alliance Wilmington	Leland	https://alliancewilmington.com	Y			https://alliancewilmington.com	HAS_STORED			Y	snippets/tjjm-gyms-data.liquid
NC	NC	SAGA Combat Systems	Lincolnton	http://www.sagacombat.com/	Y		websites-2		HAS_STORED+BLANKED|RENDERS_BLANK	625 N Aspen St			snippets/tjjm-gyms-data-26.liquid
NC	NC	BodyShot Combat & Fitness	Lowell	http://www.bodyshotcc.com/	Y			http://www.bodyshotcc.com/	HAS_STORED	188 W 3rd St			snippets/tjjm-gyms-data-27.liquid
NC	NC	Titan Brazilian Jiu Jitsu	Marion	https://www.facebook.com/p/Titan-Brazilian-Jiu-Jitsu-100049469036429/	Y			https://www.facebook.com/p/Titan-Brazilian-Jiu-Jitsu-100049469036429/	HAS_STORED	29 Logan St			snippets/tjjm-gyms-data-26.liquid
NC	NC	Hayastan MMA Charlotte	Matthews	http://www.hayastanmma.com/	Y			http://www.hayastanmma.com/	HAS_STORED	1307 Matthews-Mint Hill Rd B			snippets/tjjm-gyms-data-26.liquid
NC	NC	Satsuma Jiu Jitsu	Matthews	http://www.satsumaspiders.com	Y			http://www.satsumaspiders.com	HAS_STORED	2246C Stevens Mill Rd			snippets/tjjm-gyms-data-26.liquid
NC	NC	Blue Ridge Jiu Jitsu	Mills River	https://blueridgejj.com/	Y			https://blueridgejj.com/	HAS_STORED	6424 Boylston Hwy			snippets/tjjm-gyms-data-26.liquid
NC	NC	Gracie Jiu-Jitsu Monroe	Monroe	http://www.graciejiujitsumonroe.com	Y			http://www.graciejiujitsumonroe.com	HAS_STORED	1900-A W Roosevelt Blvd			snippets/tjjm-gyms-data-26.liquid
NC	NC	Zen Jiu-Jitsu & Fitness	Monroe	http://zenjiujitsucharlotte.com	Y			http://zenjiujitsucharlotte.com	HAS_STORED	4612 W Hwy 74 Ste E			snippets/tjjm-gyms-data-26.liquid
NC	NC	Gracie Lake Norman Brazilian Jiu-Jitsu	Mooresville	http://www.gracielakenorman.com/	Y			http://www.gracielakenorman.com/	HAS_STORED	148 Lugnut Ln Ste 202			snippets/tjjm-gyms-data-26.liquid
NC	NC	Moreno BJJ	New Bern	https://morenobjj.com/	Y			https://morenobjj.com/	HAS_STORED	201 Kale Rd			snippets/tjjm-gyms-data-26.liquid
NC	NC	New Bern BJJ	New Bern	https://newbernbjj.com	Y			https://newbernbjj.com	HAS_STORED			Y	snippets/tjjm-gyms-data.liquid
NC	NC	Walters Brazilian Jiu-Jitsu	New Bern	http://www.waltersjiujitsu.com/	Y			http://www.waltersjiujitsu.com/	HAS_STORED				snippets/tjjm-gyms-data-26.liquid
NC	NC	Top Martial Arts and Fitness	Pineville	http://tmacharlotte.com	Y			http://tmacharlotte.com	HAS_STORED	525 N Polk St			snippets/tjjm-gyms-data-26.liquid
NC	NC	Alliance Jiu Jitsu Raleigh	Raleigh	https://alliancejiujitsuraleigh.com	Y			https://alliancejiujitsuraleigh.com	HAS_STORED			Y	snippets/tjjm-gyms-data.liquid
NC	NC	Fight Flow Academy	Raleigh	http://fightflowmma.com/	Y			http://fightflowmma.com/	HAS_STORED	900 E Six Forks Rd			snippets/tjjm-gyms-data-26.liquid
NC	NC	Gracie Raleigh	Raleigh	https://gracieraleigh.com	Y			https://gracieraleigh.com	HAS_STORED				snippets/tjjm-gyms-data.liquid
NC	NC	Irongrip Jiu Jitsu	Raleigh	https://irongripjiujitsu.com/	Y			https://irongripjiujitsu.com/	HAS_STORED	731 W Hargett St			snippets/tjjm-gyms-data-26.liquid
NC	NC	Raleigh Institute of Martial Arts	Raleigh	http://4kickbox.com/	Y			http://4kickbox.com/	HAS_STORED	4821 Hargrove Rd			snippets/tjjm-gyms-data-27.liquid
NC	NC	Royce Gracie Jiu Jitsu Academy of Raleigh	Raleigh	https://roycegracienc.com/	Y			https://roycegracienc.com/	HAS_STORED	5243 Capital Blvd			snippets/tjjm-gyms-data-26.liquid
NC	NC	Gustavo Machado Brazilian Jiu-Jitsu Rocky Mount	Rocky Mount	http://www.gmbjjrm.com/	Y			http://www.gmbjjrm.com/	HAS_STORED	1155 Jeffreys Rd			snippets/tjjm-gyms-data-26.liquid
NC	NC	Rocky Mount BJJ	Rocky Mount	https://rockymountbjj.com	Y			https://rockymountbjj.com	HAS_STORED				snippets/tjjm-gyms-data.liquid
NC	NC	GB Sanford	Sanford	http://www.aresbjjsanford.com/	Y			http://www.aresbjjsanford.com/	HAS_STORED	2540 Lee Ave			snippets/tjjm-gyms-data-26.liquid
NC	NC	Groundstone Brazilian Jiu Jitsu	Sneads Ferry	http://www.groundstonebjj.com/	Y			http://www.groundstonebjj.com/	HAS_STORED	1031 Old Folkstone Rd			snippets/tjjm-gyms-data-26.liquid
NC	NC	Martial Arts Academy of Southern Pines	Southern Pines	http://www.maaspi.com/	Y			http://www.maaspi.com/	HAS_STORED	110 Pinehurst Ave			snippets/tjjm-gyms-data-27.liquid
NC	NC	Gracie Barra - Spring Lake	Spring Lake	http://gbspringlake.com/	Y		websites-2		HAS_STORED+BLANKED|RENDERS_BLANK	835 Whispering Pines Drive			snippets/tjjm-gyms-data-26.liquid
NC	NC	Gladiator Martial Arts	Statesville	https://www.facebook.com/Gladiator.MartialArt/	Y			https://www.facebook.com/Gladiator.MartialArt/	HAS_STORED	121 Mt Hermon Rd			snippets/tjjm-gyms-data-27.liquid
NC	NC	Glory Martial Arts and Fitness	Sylva	https://www.facebook.com/spencerthekingfisher/	Y			https://www.facebook.com/spencerthekingfisher/	HAS_STORED	58 A Sunrise Park			snippets/tjjm-gyms-data-27.liquid
NC	NC	School of Fighting Arts	Thomasville	http://www.schooloffightingarts.com/	Y			http://www.schooloffightingarts.com/	HAS_STORED	27 W Main St #200			snippets/tjjm-gyms-data-26.liquid
NC	NC	Embrace Jiu Jitsu	Wake Forest	https://embracemartialarts.com	Y			https://embracemartialarts.com	HAS_STORED	1608 Heritage Commerce Ct #100			snippets/tjjm-gyms-data-26.liquid
NC	NC	Inmortales MMA, Self Defense & Fitness	Wake Forest	http://www.inmortalesmma.com/	Y			http://www.inmortalesmma.com/	HAS_STORED	5101 Unicon Dr Suite M			snippets/tjjm-gyms-data-26.liquid
NC	NC	Pendergrass BJJ Academy	Wake Forest	http://www.bjjnc.com/	Y			http://www.bjjnc.com/	HAS_STORED	12339-104 Wake Union Church Road			snippets/tjjm-gyms-data-26.liquid
NC	NC	BC Kickboxing & BJJ	Waxhaw	http://www.bckickboxingbjj.com/	Y			http://www.bckickboxingbjj.com/	HAS_STORED	27292 Waxhaw Pkwy Unit C			snippets/tjjm-gyms-data-26.liquid
NC	NC	Basulto Academy Of Defense	Waynesville	http://www.wncbjj.com/	Y			http://www.wncbjj.com/	HAS_STORED	218 Branner Avenue			snippets/tjjm-gyms-data-26.liquid
NC	NC	Brunson's MMA & Fitness	Wilmington	http://brunsonsmmaandfitness.com/	Y			http://brunsonsmmaandfitness.com/	HAS_STORED	3500 Oleander Dr			snippets/tjjm-gyms-data-26.liquid
NC	NC	Ethos BJJ	Wilmington	https://ubjjnc.com/	Y		websites-2		HAS_STORED+BLANKED|RENDERS_BLANK	5424 Oleander Dr #6			snippets/tjjm-gyms-data-26.liquid
NC	NC	Martial Arts and More of Wilmington (Team JBM BJJ)	Wilmington	https://martialartswilmingtonnc.com/	Y			https://martialartswilmingtonnc.com/	HAS_STORED	4545 Technology Dr Unit 2			snippets/tjjm-gyms-data-26.liquid
NC	NC	Ravensguard BJJ Academy	Wilmington	http://ravensguardacademy.com/	Y		websites-2		HAS_STORED+BLANKED|RENDERS_BLANK	2010 N Kerr Ave			snippets/tjjm-gyms-data-26.liquid
NC	NC	SaltyDog Jiu Jitsu	Wilmington	https://portcitymmafitness.com/	Y			https://portcitymmafitness.com/	HAS_STORED	6500 Windmill Way E2			snippets/tjjm-gyms-data-26.liquid
NC	NC	The Jiu Jitsu Institute	Wilmington	https://www.thejji.com/	Y			https://www.thejji.com/	HAS_STORED	5208 Carolina Beach Rd, Suite 102			snippets/tjjm-gyms-data-26.liquid
NC	NC	Wilmington BJJ NC	Wilmington	https://wilmingtonbjjnc.com	Y			https://wilmingtonbjjnc.com	HAS_STORED			Y	snippets/tjjm-gyms-data.liquid
NC	NC	Gustavo Machado Brazilian Jiu Jitsu Wilson	Wilson	https://gmbjjwnc68.com/	Y		websites-2		HAS_STORED+BLANKED|RENDERS_BLANK	3475 Airport Blvd NW			snippets/tjjm-gyms-data-26.liquid
NC	NC	Ground Control BJJ And MMA	Winston-Salem		Y				EMPTY_STORED|RENDERS_BLANK	3800 Reynolda Rd #210			snippets/tjjm-gyms-data-26.liquid
NC	NC	R&D Academy of Self Defense (Gracie Humaita WSNC & Nito Judo Club)	Winston-Salem	http://myrdacademy.com/	Y			http://myrdacademy.com/	HAS_STORED	4755 Commercial Plaza Street			snippets/tjjm-gyms-data-26.liquid
NC	NC	Winston-Salem BJJ	Winston-Salem	https://winstonsalembjj.com	Y			https://winstonsalembjj.com	HAS_STORED			Y	snippets/tjjm-gyms-data.liquid
NC	NC	EC Fitness - East Carolina Brazilian Jiu Jitsu	Winterville	http://www.eastcarolinabjj.com/	Y			http://www.eastcarolinabjj.com/	HAS_STORED	4776-A Reedy Branch Rd			snippets/tjjm-gyms-data-26.liquid
NC	NC	Evolution MMA Academy	Wrightsville Beach	http://www.evolutionmixedmartialarts.com/	Y		websites-2		HAS_STORED+BLANKED|RENDERS_BLANK	38 North Lumina Ave			snippets/tjjm-gyms-data-26.liquid
ND	ND	Bismarck Jiu Jitsu	Bismarck	https://bismarckjiujitsu.com	Y			https://bismarckjiujitsu.com	HAS_STORED			Y	snippets/tjjm-gyms-data.liquid
ND	ND	Bismarck MMA	Bismarck	https://bismarckmma.com	Y			https://bismarckmma.com	HAS_STORED	1418 Airport Rd Shop #14, Bismarck ND 58504			snippets/tjjm-gyms-data-38.liquid
ND	ND	Ice Dragon Academy	Bismarck	https://icedragonacademy.com	Y			https://icedragonacademy.com	HAS_STORED	3007 Morrison Ave, Bismarck ND 58504			snippets/tjjm-gyms-data-38.liquid
ND	ND	Carlos Machado Jiu Jitsu Dickinson	Dickinson	https://carlosmachadojiujitsudickinson.com	Y			https://carlosmachadojiujitsudickinson.com	HAS_STORED	11 4th Ave E, Dickinson ND 58601			snippets/tjjm-gyms-data-38.liquid
ND	ND	Dickinson BJJ	Dickinson	https://dickinsonbjj.com	Y			https://dickinsonbjj.com	HAS_STORED			Y	snippets/tjjm-gyms-data.liquid
ND	ND	Elite BJJ	Dickinson	https://elitebjj.org	Y			https://elitebjj.org	HAS_STORED	71 12th St SE, Dickinson ND			snippets/tjjm-gyms-data-38.liquid
ND	ND	Academy of Combat Arts	Fargo	https://fmaca.com	Y			https://fmaca.com	HAS_STORED	3332 4th Ave S Ste D, Fargo ND 58103			snippets/tjjm-gyms-data-38.liquid
ND	ND	Fargo BJJ	Fargo	https://fargobjj.com	Y			https://fargobjj.com	HAS_STORED				snippets/tjjm-gyms-data.liquid
ND	ND	Grand Forks BJJ	Grand Forks	https://grandforksjj.com	Y			https://grandforksjj.com	HAS_STORED			Y	snippets/tjjm-gyms-data.liquid
ND	ND	Grand Forks Brazilian Jiu-jitsu Academy	Grand Forks	https://grandforksbjj.com	Y			https://grandforksbjj.com	HAS_STORED	2750 Gateway Dr, Grand Forks, ND 58203			snippets/tjjm-gyms-data-38.liquid
ND	ND	Progressive Martial Arts Grand Forks	Grand Forks	https://progressivemartialartsgf.com	Y			https://progressivemartialartsgf.com	HAS_STORED	1604 S Washington Ste B2, Grand Forks ND 58201			snippets/tjjm-gyms-data-38.liquid
ND	ND	Jamestown BJJ ND	Jamestown	https://jamestownbjjnd.com	Y		websites-2		HAS_STORED+BLANKED|RENDERS_BLANK			Y	snippets/tjjm-gyms-data.liquid
ND	ND	Mandan BJJ	Mandan	https://mandanbjj.com	Y			https://mandanbjj.com	HAS_STORED			Y	snippets/tjjm-gyms-data.liquid
ND	ND	Gracie Jiu-jitsu Minot	Minot	https://sites.google.com/view/minotgjj	Y			https://sites.google.com/view/minotgjj	HAS_STORED	2825 S Broadway Ste 1, Minot ND 58701			snippets/tjjm-gyms-data-38.liquid
ND	ND	Prairie Jiu Jitsu	Minot	https://prairiejiujitsu.com	Y		websites-2		HAS_STORED+BLANKED|RENDERS_BLANK			Y	snippets/tjjm-gyms-data.liquid
ND	ND	Valley City BJJ	Valley City	https://valleycitybjj.com	Y			https://valleycitybjj.com	HAS_STORED			Y	snippets/tjjm-gyms-data.liquid
ND	ND	Valley City Jiu-Jitsu and Self Defense Academy	Valley City	https://jiujitsuvc.wixsite.com/valley-city-jiujitsu	Y			https://jiujitsuvc.wixsite.com/valley-city-jiujitsu	HAS_STORED	200 Co Hwy 21, Valley City, ND 58072			snippets/tjjm-gyms-data-38.liquid
ND	ND	SBG Williston	Williston	https://sbgwilliston.com	Y			https://sbgwilliston.com	HAS_STORED	1135 2nd Ave W Ste 206, Williston, ND			snippets/tjjm-gyms-data-38.liquid
ND	ND	Williston BJJ	Williston	https://willistonbjj.com	Y			https://willistonbjj.com	HAS_STORED			Y	snippets/tjjm-gyms-data.liquid
NE	NE	10th Planet Jiu-Jitsu Auburn	Auburn	https://10thplanetauburn.com	Y			https://10thplanetauburn.com	HAS_STORED	1916 O Street, Auburn, NE 68305			snippets/tjjm-gyms-data-41.liquid
NE	NE	10th Planet Jiu-Jitsu Omaha	Bellevue	https://10thplanetomaha.com	Y			https://10thplanetomaha.com	HAS_STORED	1512 Harlan Drive, Bellevue, NE 68005			snippets/tjjm-gyms-data-41.liquid
NE	NE	Bellevue Academy of Brazilian Jiu Jitsu	Bellevue	https://bellevuebjj.com	Y			https://bellevuebjj.com	HAS_STORED	2851 Capehart Rd Suites I&J, Bellevue, NE 68123			snippets/tjjm-gyms-data-41.liquid
NE	NE	Kassebaum's Martial Arts	Bellevue	https://nebraskakma.com	Y			https://nebraskakma.com	HAS_STORED	2111 Harvell Dr, Bellevue, NE 68005			snippets/tjjm-gyms-data-41.liquid
NE	NE	Columbus NE BJJ	Columbus	https://columbusnebj.com	Y		websites-2		HAS_STORED+BLANKED|RENDERS_BLANK			Y	snippets/tjjm-gyms-data.liquid
NE	NE	Elkhorn BJJ	Elkhorn	https://www.elkhornbjj.com	Y			https://www.elkhornbjj.com	HAS_STORED	3203 N 204th St, Elkhorn, NE 68022			snippets/tjjm-gyms-data-41.liquid
NE	NE	Fremont BJJ	Fremont	https://fremontbjj.com	Y			https://fremontbjj.com	HAS_STORED			Y	snippets/tjjm-gyms-data.liquid
NE	NE	Grand Island BJJ	Grand Island	https://grandislandbjj.com	Y			https://grandislandbjj.com	HAS_STORED			Y	snippets/tjjm-gyms-data.liquid
NE	NE	Hastings BJJ	Hastings	https://hastingsbjj.com	Y			https://hastingsbjj.com	HAS_STORED			Y	snippets/tjjm-gyms-data.liquid
NE	NE	Kearney BJJ	Kearney	https://kearneybjj.com	Y			https://kearneybjj.com	HAS_STORED			Y	snippets/tjjm-gyms-data.liquid
NE	NE	Kearney Combat Sports and Fitness	Kearney	https://kearneycombatsports.com	Y			https://kearneycombatsports.com	HAS_STORED	2219 Central Ave, Kearney, NE 68847			snippets/tjjm-gyms-data-41.liquid
NE	NE	Husker Combat Club	Lincoln	https://huskercombatclub.com	Y		websites-2		HAS_STORED+BLANKED|RENDERS_BLANK			Y	snippets/tjjm-gyms-data.liquid
NE	NE	Lincoln BJJ	Lincoln	https://lincolnbjj.com	Y			https://lincolnbjj.com	HAS_STORED			Y	snippets/tjjm-gyms-data.liquid
NE	NE	Lincoln Brazilian Jiu-Jitsu Center - College View	Lincoln	https://lincolnbjj.com	Y			https://lincolnbjj.com	HAS_STORED	4707 Prescott Ave, Lincoln, NE 68506			snippets/tjjm-gyms-data-41.liquid
NE	NE	Lincoln Brazilian Jiu-Jitsu Center - Havelock	Lincoln	https://lincolnbjjnorth.com	Y			https://lincolnbjjnorth.com	HAS_STORED	6317 Havelock Ave, Lincoln, NE 68507			snippets/tjjm-gyms-data-41.liquid
NE	NE	West O Dojo	Lincoln	https://westodojo.com	Y			https://westodojo.com	HAS_STORED	201 Capitol Beach Blvd. Suite 10, Lincoln, NE 68528			snippets/tjjm-gyms-data-41.liquid
NE	NE	SIMS Dojo Nebraska City	Nebraska City	https://learn.simsdojo.net	Y			https://learn.simsdojo.net	HAS_STORED	1121 Central Avenue, Nebraska City, NE 68410			snippets/tjjm-gyms-data-41.liquid
NE	NE	Norfolk BJJ	Norfolk	https://norfolkbjjne.com	Y			https://norfolkbjjne.com	HAS_STORED			Y	snippets/tjjm-gyms-data.liquid
NE	NE	Norfolk NE BJJ	Norfolk	https://norfolknebjj.com	Y		websites-2		HAS_STORED+BLANKED|RENDERS_BLANK			Y	snippets/tjjm-gyms-data.liquid
NE	NE	North Platte BJJ	North Platte	https://northplattebjj.com	Y			https://northplattebjj.com	HAS_STORED			Y	snippets/tjjm-gyms-data.liquid
NE	NE	Top Tier MMA and Boxing	North Platte	http://www.toptier.ninja	Y			http://www.toptier.ninja	HAS_STORED	495 W State Farm Rd, North Platte, NE 69101			snippets/tjjm-gyms-data-41.liquid
NE	NE	Ares Brazilian Jiu-Jitsu Omaha	Omaha	https://nebraskabjj.com	Y			https://nebraskabjj.com	HAS_STORED	4307 S. 120th St, Omaha, NE 68137			snippets/tjjm-gyms-data-41.liquid
NE	NE	Carlson Gracie Omaha Coyote BJJ Team	Omaha	https://carlsongracieomaha.com	Y			https://carlsongracieomaha.com	HAS_STORED	10730 Pacific St Suite 060, Omaha, NE 68114			snippets/tjjm-gyms-data-41.liquid
NE	NE	Gracie Jiu-Jitsu Omaha	Omaha	https://gracieomaha.com	Y			https://gracieomaha.com	HAS_STORED	10605 Burt Circle, Omaha, NE 68116			snippets/tjjm-gyms-data-41.liquid
NE	NE	Lokahi Jiu-Jitsu Collective	Omaha	https://www.lokahiomaha.com	Y			https://www.lokahiomaha.com	HAS_STORED	14535 Industrial Rd, Omaha, NE 68144			snippets/tjjm-gyms-data-41.liquid
NE	NE	Mid America Martial Arts	Omaha	https://midamericamartialarts.com	Y			https://midamericamartialarts.com	HAS_STORED	14951 Chandler Rd, Omaha, NE 68138			snippets/tjjm-gyms-data-41.liquid
NE	NE	Narrow Path Martial Arts	Omaha	https://npmaomaha.com	Y			https://npmaomaha.com	HAS_STORED	18101 R. Plaza #103, Omaha, NE 68135			snippets/tjjm-gyms-data-41.liquid
NE	NE	Nebraska BJJ	Omaha	https://nebraskabjj.com	Y			https://nebraskabjj.com	HAS_STORED			Y	snippets/tjjm-gyms-data.liquid
NE	NE	Omaha's Academy of Brazilian Jiu Jitsu	Omaha	https://www.oabjj.com	Y			https://www.oabjj.com	HAS_STORED	4518 South 132nd Street, Omaha, NE 68137			snippets/tjjm-gyms-data-41.liquid
NE	NE	Premier Combat Center	Omaha	https://premiercombatcenter.com	Y			https://premiercombatcenter.com	HAS_STORED	13540 Discovery Drive, Omaha, NE 68137			snippets/tjjm-gyms-data-41.liquid
NE	NE	Gracie Humaita Omaha	Papillion	https://www.graciehumaitaomaha.com	Y			https://www.graciehumaitaomaha.com	HAS_STORED	823 Tara Plaza, Papillion, NE 68046			snippets/tjjm-gyms-data-41.liquid
NE	NE	Legacy BJJ Omaha	Papillion	https://legacybjjomaha.com	Y			https://legacybjjomaha.com	HAS_STORED	11446 Valley Ridge Drive, Papillion NE 68046			snippets/tjjm-gyms-data-41.liquid
NE	NE	Scottsbluff BJJ	Scottsbluff	https://scottsbluffbjj.com	Y			https://scottsbluffbjj.com	HAS_STORED			Y	snippets/tjjm-gyms-data.liquid
NH	NH	White Mtn. Brazilian Jiu-Jitsu and MMA Club	Ashland	http://www.whitemtbjj.com	Y			http://www.whitemtbjj.com	HAS_STORED	13 West Street, Ashland, NH 03217			snippets/tjjm-gyms-data-41.liquid
NH	NH	Claremont BJJ	Claremont	https://claremontbjj.com	Y			https://claremontbjj.com	HAS_STORED			Y	snippets/tjjm-gyms-data.liquid
NH	NH	National Institute of Modern Martial Arts	Claremont	https://nimmadojo.com	Y			https://nimmadojo.com	HAS_STORED	140 North Street, Claremont, New Hampshire, 03743			snippets/tjjm-gyms-data-41.liquid
NH	NH	Concord BJJ	Concord	https://concordbjj.com	Y			https://concordbjj.com	HAS_STORED			Y	snippets/tjjm-gyms-data.liquid
NH	NH	Leverage BJJ NH	Concord	https://www.leveragebjjnh.com	Y			https://www.leveragebjjnh.com	HAS_STORED	80 South Main St, Unit C, Concord, NH 03301			snippets/tjjm-gyms-data-41.liquid
NH	NH	New England BJJ Academy	Concord	https://www.nebjj.com	Y			https://www.nebjj.com	HAS_STORED	30 Henniker St. Unit 9, Concord, NH 03301			snippets/tjjm-gyms-data-41.liquid
NH	NH	Derry BJJ	Derry	https://derrybjj.com	Y			https://derrybjj.com	HAS_STORED			Y	snippets/tjjm-gyms-data.liquid
NH	NH	Primal Jiu Jitsu and Mixed Martial Arts	Derry	https://www.primaljiujitsuacademy.com	Y			https://www.primaljiujitsuacademy.com	HAS_STORED	6 A Street, Derry, NH 03038			snippets/tjjm-gyms-data-41.liquid
NH	NH	Professional Martial Arts Academy Derry	Derry	https://pmaderry.com	Y			https://pmaderry.com	HAS_STORED	15 E Broadway, Derry, NH 03038			snippets/tjjm-gyms-data-41.liquid
NH	NH	Dover BJJ	Dover	https://doverbjjnh.com	Y			https://doverbjjnh.com	HAS_STORED			Y	snippets/tjjm-gyms-data.liquid
NH	NH	Kevin Watson Brazilian Jiu-Jitsu	Dover	https://www.kwbjj.com	Y			https://www.kwbjj.com	HAS_STORED	1200 Industrial Park Drive, Dover, NH 03820			snippets/tjjm-gyms-data-41.liquid
NH	NH	Limitless Pride Martial Arts and Fitness Center	East Hampstead	https://www.limitlesspridemartialarts.com	Y			https://www.limitlesspridemartialarts.com	HAS_STORED	320 Sandown Rd, East Hampstead, NH 03826			snippets/tjjm-gyms-data-41.liquid
NH	NH	Upper Valley Brazilian Jiu Jitsu	Enfield	https://www.uppervalleybjj.com	Y			https://www.uppervalleybjj.com	HAS_STORED	Town Center Park, 502 US Route 4, Enfield, NH 03748			snippets/tjjm-gyms-data-41.liquid
NH	NH	Hero Jiu Jitsu	Exeter	https://herojiujitsu.com	Y			https://herojiujitsu.com	HAS_STORED	3 Holland Way, Exeter, NH 03833			snippets/tjjm-gyms-data-41.liquid
NH	NH	Renzo Gracie NH Exeter	Exeter	https://renzogracienh.org	Y			https://renzogracienh.org	HAS_STORED	34 Portsmouth Avenue, Exeter NH 03833			snippets/tjjm-gyms-data-41.liquid
NH	NH	Elements MMA	Keene	https://www.elements-mma.com	Y			https://www.elements-mma.com	HAS_STORED	310 Marlboro Street, Suite 264, Keene, NH 03431			snippets/tjjm-gyms-data-41.liquid
NH	NH	Keene BJJ	Keene	https://keenebjj.com	Y			https://keenebjj.com	HAS_STORED			Y	snippets/tjjm-gyms-data.liquid
NH	NH	Laconia BJJ	Laconia	https://laconiabjj.com	Y			https://laconiabjj.com	HAS_STORED			Y	snippets/tjjm-gyms-data.liquid
NH	NH	Infinity Gracie Brazilian Jiu Jitsu	Lebanon	https://www.gracieuppervalley.com	Y			https://www.gracieuppervalley.com	HAS_STORED	45 Hanover St. Penthouse STE, Lebanon, NH 03766			snippets/tjjm-gyms-data-41.liquid
NH	NH	Lebanon BJJ NH	Lebanon	https://lebanonbjjnh.com	Y		websites-2		HAS_STORED+BLANKED|RENDERS_BLANK			Y	snippets/tjjm-gyms-data.liquid
NH	NH	Brazilian Top Team Londonderry	Londonderry	https://bttlondonderry.com	Y			https://bttlondonderry.com	HAS_STORED	73 Rockingham Rd BLD Left, Londonderry, NH 03053			snippets/tjjm-gyms-data-41.liquid
NH	NH	Valle Brazilian Jiu Jitsu	Londonderry	https://vallebjj.com	Y			https://vallebjj.com	HAS_STORED	44 Nashua Road 20 B, Londonderry, NH 03053			snippets/tjjm-gyms-data-41.liquid
NH	NH	Bare Knuckle Murphy	Manchester	http://www.bareknucklemurphy.com	Y			http://www.bareknucklemurphy.com	HAS_STORED	163 Lake Avenue, Manchester, NH 03104			snippets/tjjm-gyms-data-41.liquid
NH	NH	Burgess Academy of BJJ and MMA	Manchester	https://burgessmma.com	Y			https://burgessmma.com	HAS_STORED	9 Old Falls Road, Manchester, New Hampshire 03103, United States			snippets/tjjm-gyms-data-41.liquid
NH	NH	Full Circle Martial Arts and Fitness Center	Manchester	https://fullcirclemafc.com	Y			https://fullcirclemafc.com	HAS_STORED	880 Page St, Manchester, NH 03109			snippets/tjjm-gyms-data-41.liquid
NH	NH	NH BJJ	Manchester	https://nhbjj.com	Y			https://nhbjj.com	HAS_STORED				snippets/tjjm-gyms-data.liquid
NH	NH	Renzo Gracie NH Manchester	Manchester	https://renzogracienh.org	Y			https://renzogracienh.org	HAS_STORED	590 Second Street, Manchester, NH 03102			snippets/tjjm-gyms-data-41.liquid
NH	NH	The Martial Arts Zone	Manchester	https://themartialartszone.com	Y			https://themartialartszone.com	HAS_STORED	31 Auburn St, Manchester, NH 03103			snippets/tjjm-gyms-data-41.liquid
NH	NH	Alliance Jiu Jitsu NH	Nashua	https://alliancejiujitsunh.com	Y		websites-2		HAS_STORED+BLANKED|RENDERS_BLANK			Y	snippets/tjjm-gyms-data.liquid
NH	NH	Bazzani BJJ	Nashua	https://bazzanibjj.com	Y			https://bazzanibjj.com	HAS_STORED	23 Dumaine Ave Unit 4, Nashua, NH 03063			snippets/tjjm-gyms-data-41.liquid
NH	NH	Blue Wave Brazilian Jiu Jitsu	Nashua	https://bluewavejiujitsu.com	Y			https://bluewavejiujitsu.com	HAS_STORED	1 Progress Ave, Nashua, NH, 03062			snippets/tjjm-gyms-data-41.liquid
NH	NH	Triumph Brazilian Jiu-Jitsu	Nashua	https://teamtriumphbjj.com	Y			https://teamtriumphbjj.com	HAS_STORED	2 Townsend West Unit 4, Nashua, NH 03063			snippets/tjjm-gyms-data-41.liquid
NH	NH	Granite State BJJ	North Hampton	https://granitestatebjj.com	Y			https://granitestatebjj.com	HAS_STORED	10 Lafayette Rd, North Hampton, NH 03862			snippets/tjjm-gyms-data-41.liquid
NH	NH	Heavy Mettle Jiu Jitsu	North Hampton	https://www.heavymettlejj.com	Y			https://www.heavymettlejj.com	HAS_STORED	69 Lafayette Road, Unit 7, North Hampton, NH 03862			snippets/tjjm-gyms-data-41.liquid
NH	NH	Professional Martial Arts Academy Plaistow	Plaistow	https://pmaplaistow.com	Y			https://pmaplaistow.com	HAS_STORED	37 Plaistow Rd, Plaistow, NH 03865			snippets/tjjm-gyms-data-41.liquid
NH	NH	Seacoast BJJ NH	Portsmouth	https://seacoastbjjnh.com	Y		websites-2		HAS_STORED+BLANKED|RENDERS_BLANK				snippets/tjjm-gyms-data.liquid
NH	NH	Sanders Jiu Jitsu	Rochester	https://www.sandersbjjacademy.com	Y			https://www.sandersbjjacademy.com	HAS_STORED	25 Old Dover Rd, Unit E, Rochester, NH 03867			snippets/tjjm-gyms-data-41.liquid
NH	NH	New England Top Team	Salem	https://www.newenglandtopteam.com	Y			https://www.newenglandtopteam.com	HAS_STORED	8D Industrial Way Unit 7, Salem, NH 03079			snippets/tjjm-gyms-data-41.liquid
NH	NH	Off Your Back BJJ Academy	Salem	https://offyourbackbjj.com	Y			https://offyourbackbjj.com	HAS_STORED	224 North Broadway, Salem, NH 03079			snippets/tjjm-gyms-data-41.liquid
NH	NH	Nostos MMA	Somersworth	https://www.nostos-mma.com	Y			https://www.nostos-mma.com	HAS_STORED	1 Somersworth Plaza, Somersworth, NH 03878			snippets/tjjm-gyms-data-41.liquid
NH	NH	Renzo Gracie NH Windham	Windham	https://renzogracienh.org	Y			https://renzogracienh.org	HAS_STORED	16 Rockingham Rd, Windham, NH 03087			snippets/tjjm-gyms-data-41.liquid
NJ	NJ	Modern Fighting Concepts	Absecon	http://www.mfcmma.com/	Y			http://www.mfcmma.com/	HAS_STORED	126 New Jersey Ave			snippets/tjjm-gyms-data-19.liquid
NJ	NJ	Atlantic City BJJ	Atlantic City	https://atlanticcitybjj.com	Y			https://atlanticcitybjj.com	HAS_STORED			Y	snippets/tjjm-gyms-data.liquid
NJ	NJ	Velez Jiujitsu	Avenel	http://www.dieseltrainingbjj.com/	Y			http://www.dieseltrainingbjj.com/	HAS_STORED	1252 St Georges Ave			snippets/tjjm-gyms-data-19.liquid
NJ	NJ	Green Dragon Warrior Arts	Barnegat	http://greendragonunlimited.com/Home_Page.php	Y		websites-2		HAS_STORED+BLANKED|RENDERS_BLANK	34 South Main street			snippets/tjjm-gyms-data-19.liquid
NJ	NJ	Prolific Brazilian Jiu Jitsu	Bayonne	http://prolificbjj.com/	Y			http://prolificbjj.com/	HAS_STORED	665 Broadway			snippets/tjjm-gyms-data-19.liquid
NJ	NJ	Senshi Tori Mixed Martial Arts	Bayonne	http://www.senshitori.com/	Y			http://www.senshitori.com/	HAS_STORED	789 Broadway			snippets/tjjm-gyms-data-19.liquid
NJ	NJ	TRA Jiu jitsu	Bayonne	http://www.trajiujitsu.com	Y			http://www.trajiujitsu.com	HAS_STORED	512 Broadway Ste 2a			snippets/tjjm-gyms-data-19.liquid
NJ	NJ	Tong Dragon Mixed Martial Arts	Bayville	http://www.tongdragon.com/	Y			http://www.tongdragon.com/	HAS_STORED	333 Atlantic City Blvd			snippets/tjjm-gyms-data-19.liquid
NJ	NJ	Montgomery Brazilian Jiu-Jitsu	Belle Mead	https://www.montgomerybjj.com/	Y			https://www.montgomerybjj.com/	HAS_STORED	21 Belle Mead Griggstown Road			snippets/tjjm-gyms-data-19.liquid
NJ	NJ	Buctown MMA	Belleville	http://www.buctown.org/	Y			http://www.buctown.org/	HAS_STORED	527 Washington Ave			snippets/tjjm-gyms-data-19.liquid
NJ	NJ	FastKick Martial Arts	Belleville	http://www.ifastkick.com	Y			http://www.ifastkick.com	HAS_STORED	356 Franklin Ave			snippets/tjjm-gyms-data-19.liquid
NJ	NJ	Abrecea BJJ	Bergenfield	https://www.abreceabjj.com	Y			https://www.abreceabjj.com	HAS_STORED	40 South Washington Ave.			snippets/tjjm-gyms-data-19.liquid
NJ	NJ	Team Curuma Brazilian Jiu-Jitsu Academy	Bergenfield	https://teamcuruma.com	Y			https://teamcuruma.com	HAS_STORED	9025 Old River Rd North			snippets/tjjm-gyms-data-19.liquid
NJ	NJ	Premier Fitness	Berkeley Heights	http://www.premierfitnessnj.com/	Y			http://www.premierfitnessnj.com/	HAS_STORED	654 Springfield Ave		Y	snippets/tjjm-gyms-data-19.liquid
NJ	NJ	RUSH Mixed Martial Arts Team Joe Moreira	Bernardsville	http://www.rushdefense.com/	Y			http://www.rushdefense.com/	HAS_STORED	1 Minebrook Rd			snippets/tjjm-gyms-data-19.liquid
NJ	NJ	Lobo Mixed Martial Arts	Blairstown	http://www.lobomma.com/	Y			http://www.lobomma.com/	HAS_STORED	187 NJ-94 Unit 2			snippets/tjjm-gyms-data-19.liquid
NJ	NJ	Rare Breed Mixed Martial Arts	Bloomfield	https://www.rarebreedmma.com/	Y			https://www.rarebreedmma.com/	HAS_STORED	65 Washington St			snippets/tjjm-gyms-data-19.liquid
NJ	NJ	Girl Fight	Brick Township	http://gfight.com/	Y			http://gfight.com/	HAS_STORED	60 Brick Blvd			snippets/tjjm-gyms-data-19.liquid
NJ	NJ	Misfits Muay Thai & Brazilian Jiu Jitsu	Brick Township	http://www.misfitsmuaythai.com/	Y		websites-2		HAS_STORED+BLANKED|RENDERS_BLANK	Inside Retro Fitness 60 Brick Blvd			snippets/tjjm-gyms-data-19.liquid
NJ	NJ	Nick Catone MMA & Fitness	Brick Township	https://www.mindbodyonline.com/explore/locations/nick-catone-s-mixed-martial-arts	Y			https://www.mindbodyonline.com/explore/locations/nick-catone-s-mixed-martial-arts	HAS_STORED	781 Brick Blvd			snippets/tjjm-gyms-data-19.liquid
NJ	NJ	Tiger Schulmann's Martial Arts Brick NJ	Brick Township	https://tsk.com/locations/nj/brick/	Y			https://tsk.com/locations/nj/brick/	HAS_STORED	905 NJ-70			snippets/tjjm-gyms-data-19.liquid
NJ	NJ	Alex Wilkie's Martial Arts Academy	Bridgewater	http://www.alexwilkiemma.com/	Y			http://www.alexwilkiemma.com/	HAS_STORED	783 E Main St #30E			snippets/tjjm-gyms-data-19.liquid
NJ	NJ	Clay Jiu Jitsu	Browns Mills	http://www.clayjiu-jitsu.com/	Y		websites-2		HAS_STORED+BLANKED|RENDERS_BLANK	519 Lakehurst Rd Suite L			snippets/tjjm-gyms-data-19.liquid
NJ	NJ	Guerrero BJJ & MMA	Caldwell	http://kneeonbelly.com/	Y			http://kneeonbelly.com/	HAS_STORED	373 Bloomfield Ave.			snippets/tjjm-gyms-data-19.liquid
NJ	NJ	AMA Fight Club	Cedar Knolls	https://www.amafightclubcedarknolls.com/	Y		websites-2		HAS_STORED+BLANKED|RENDERS_BLANK	8 E Frederick Pl			snippets/tjjm-gyms-data-19.liquid
NJ	NJ	AJW Martial Arts Academy & Fitness Center	City Of Orange	http://www.ajwmartialartsacademy.com	Y		websites-2		HAS_STORED+BLANKED|RENDERS_BLANK	302 Ridge Rd			snippets/tjjm-gyms-data-19.liquid
NJ	NJ	Kombat Brazilian Jiu-Jitsu	Clark	https://www.kombatbjj.com/	Y			https://www.kombatbjj.com/	HAS_STORED				snippets/tjjm-gyms-data.liquid
NJ	NJ	Bones Jiu Jitsu	Clifton	http://bonesjiujitsu.com	Y			http://bonesjiujitsu.com	HAS_STORED	247 Crooks Ave			snippets/tjjm-gyms-data-19.liquid
NJ	NJ	Carnicella MMA	Clifton	http://www.carnicellamma.com/	Y			http://www.carnicellamma.com/	HAS_STORED	308 Colfax Ave			snippets/tjjm-gyms-data-19.liquid
NJ	NJ	Immortals Jiu Jitsu	Clifton	http://www.immortalsjiujitsu.com/	Y			http://www.immortalsjiujitsu.com/	HAS_STORED	891 Bloomfield Ave			snippets/tjjm-gyms-data-19.liquid
NJ	NJ	Tiger Schulmann's Clifton	Clifton	https://tsk.com/	Y			https://tsk.com/	HAS_STORED			Y	snippets/tjjm-gyms-data.liquid
NJ	NJ	Unity Jiu Jitsu New Jersey	Clifton	http://unitybjjnj.com	Y			http://unitybjjnj.com	HAS_STORED	247 Crooks Ave			snippets/tjjm-gyms-data-19.liquid
NJ	NJ	Power Half Wrestling and Mixed Martial Arts	Cookstown	https://powerhalfwrestling.com/	Y			https://powerhalfwrestling.com/	HAS_STORED	39 Wrightstown Cookstown Rd			snippets/tjjm-gyms-data-19.liquid
NJ	NJ	Jfc Training Center	Cranford	http://www.jerseyfightclub.com/	Y		websites-2		HAS_STORED+BLANKED|RENDERS_BLANK	47 Alden St.			snippets/tjjm-gyms-data-19.liquid
NJ	NJ	Real World Martial Arts Team Renzo Gracie	Denville	http://rwmma.com/	Y		websites-2		HAS_STORED+BLANKED|RENDERS_BLANK	27 East Main Street			snippets/tjjm-gyms-data-19.liquid
NJ	NJ	Renzo Gracie Denville	Denville	https://renzograciedenville.com	Y			https://renzograciedenville.com	HAS_STORED				snippets/tjjm-gyms-data.liquid
NJ	NJ	Tiger Schulmann's Martial Arts East Brunswick NJ	East Brunswick	https://tsk.com/locations/nj/east-brunswick/	Y			https://tsk.com/locations/nj/east-brunswick/	HAS_STORED	510 NJ-18			snippets/tjjm-gyms-data-19.liquid
NJ	NJ	Amped Mixed Martial Arts & Fitness	East Hanover	http://ampedmma.com/	Y			http://ampedmma.com/	HAS_STORED	420 Ridgedale Ave			snippets/tjjm-gyms-data-19.liquid
NJ	NJ	Silver Fox Brazilian Jiu-Jitsu Academy [East Hanover]	East Hanover	http://www.silverfoxbjjeh.com/	Y			http://www.silverfoxbjjeh.com/	HAS_STORED	28 Littell Rd			snippets/tjjm-gyms-data-19.liquid
NJ	NJ	Notorious Mixed Martial Arts	East Rutherford	http://www.notoriousbjj.com/	Y			http://www.notoriousbjj.com/	HAS_STORED	126 Park Ave			snippets/tjjm-gyms-data-19.liquid
NJ	NJ	UFC GYM East Rutherford	East Rutherford	https://www.ufcgym.com/locations/east-rutherford/	Y			https://www.ufcgym.com/locations/east-rutherford/	HAS_STORED	85 NJ-17			snippets/tjjm-gyms-data-19.liquid
NJ	NJ	Tiger Schulmann's Martial Arts Eatontown NJ	Eatontown	https://tsk.com/locations/nj/eatontown/	Y			https://tsk.com/locations/nj/eatontown/	HAS_STORED	246 NJ-35			snippets/tjjm-gyms-data-19.liquid
NJ	NJ	JBMFIT - Fitness Center and & Brazilian Jiu Jitsu Academy	Edgewater Park	http://www.jbmfit.com/	Y		websites-2		HAS_STORED+BLANKED|RENDERS_BLANK	4237 US-130			snippets/tjjm-gyms-data-19.liquid
NJ	NJ	B Team Jiu Jitsu	Edison	https://www.bteamjiujitsu.com/	Y			https://www.bteamjiujitsu.com/	HAS_STORED				snippets/tjjm-gyms-data.liquid
NJ	NJ	Jaguar BJJ	Edison	http://jaguarbjj.com/	Y		websites-2		HAS_STORED+BLANKED|RENDERS_BLANK				snippets/tjjm-gyms-data-19.liquid
NJ	NJ	Satori Academy Brazilian Jiu Jitsu	Edison	http://www.satoriacademynj.com/	Y			http://www.satoriacademynj.com/	HAS_STORED	1199 Amboy Ave #5			snippets/tjjm-gyms-data-19.liquid
NJ	NJ	609 Jiu Jitsu	Egg Harbor Township	https://609jiujitsu.com/	Y			https://609jiujitsu.com/	HAS_STORED	3137 Fire Rd			snippets/tjjm-gyms-data-19.liquid
NJ	NJ	Harbor Jiu-Jitsu	Egg Harbor Township	https://www.harborjiujitsu.com/	Y			https://www.harborjiujitsu.com/	HAS_STORED	6718 E Black Horse Pike			snippets/tjjm-gyms-data-19.liquid
NJ	NJ	Golden Eagle Judo & Jiu-Jitsu	Elizabeth	http://www.goldeneaglejjj.com/	Y		websites-2		HAS_STORED+BLANKED|RENDERS_BLANK	313 1st Ave			snippets/tjjm-gyms-data-19.liquid
NJ	NJ	Team Jucão Elizabeth Brazilian Jiu Jitsu BJJ	Elizabeth		N				NO_W_KEY|RENDERS_BLANK	1033 N Broad St			snippets/tjjm-gyms-data-19.liquid
NJ	NJ	Tiger Schulmann's Martial Arts Elmwood Park NJ	Elmwood Park	https://tsk.com/locations/nj/elmwood-park/	Y			https://tsk.com/locations/nj/elmwood-park/	HAS_STORED	485 Mola Blvd			snippets/tjjm-gyms-data-19.liquid
NJ	NJ	Tiger Schulmann's Martial Arts Englewood NJ	Englewood	https://tsk.com/locations/nj/englewood/	Y			https://tsk.com/locations/nj/englewood/	HAS_STORED	38 S Dean St			snippets/tjjm-gyms-data-19.liquid
NJ	NJ	Blue Line Defense and Fitness	Ewing Township	http://www.bluelinedefenseandfitness.com/	Y		websites-2		HAS_STORED+BLANKED|RENDERS_BLANK	310 4th St			snippets/tjjm-gyms-data-19.liquid
NJ	NJ	MK Muay Thai	Fair Lawn	http://www.mkmuaythai.com/	Y			http://www.mkmuaythai.com/	HAS_STORED	34-02 Broadway			snippets/tjjm-gyms-data-19.liquid
NJ	NJ	Performance Jiu-Jitsu Academy	Fair Lawn	https://armlock.com	Y			https://armlock.com	HAS_STORED				snippets/tjjm-gyms-data.liquid
NJ	NJ	Elite Tactical Martial Arts	Flanders	http://www.elitetacticalmartialarts.com/	Y		websites-2		HAS_STORED+BLANKED|RENDERS_BLANK	230 Route 206 (Bldg. 2)			snippets/tjjm-gyms-data-19.liquid
NJ	NJ	Loftus Jiu Jitsu Academy	Flemington	http://www.loftusjiujitsu.com/	Y			http://www.loftusjiujitsu.com/	HAS_STORED	3 Walter E Foran Blvd Suite 311			snippets/tjjm-gyms-data-19.liquid
NJ	NJ	Matakas Jiu Jitsu	Florence	https://www.matakasbjj.com	Y			https://www.matakasbjj.com	HAS_STORED	2043 Rt. 130 South			snippets/tjjm-gyms-data-19.liquid
NJ	NJ	Radji Barrett Jiu Jitsu	Fords	http://radjibarrettjiujitsu.com/	Y			http://radjibarrettjiujitsu.com/	HAS_STORED	540 New Brunswick Ave			snippets/tjjm-gyms-data-19.liquid
NJ	NJ	Renzo Gracie Fort Lee / TEO BJJ	Fort Lee	https://teobjj.com	Y			https://teobjj.com	HAS_STORED				snippets/tjjm-gyms-data.liquid
NJ	NJ	Alliance Jiu Jitsu Freehold	Freehold	https://www.alliancejiujitsufreehold.com/	Y		websites-2		HAS_STORED+BLANKED|RENDERS_BLANK				snippets/tjjm-gyms-data.liquid
NJ	NJ	Dante Rivera Brazilian Jiu-Jitsu Academy	Freehold Township	https://danteriverabjj.com/	Y			https://danteriverabjj.com/	HAS_STORED	3333 US-9			snippets/tjjm-gyms-data-19.liquid
NJ	NJ	Tiger Schulmann's Martial Arts Freehold NJ	Freehold Township	https://tsk.com/locations/nj/freehold/	Y			https://tsk.com/locations/nj/freehold/	HAS_STORED	4345 US-9			snippets/tjjm-gyms-data-19.liquid
NJ	NJ	Gracie Jiu-Jitsu Galloway	Galloway		N				NO_W_KEY|RENDERS_BLANK	323 S Pitney Rd.			snippets/tjjm-gyms-data-19.liquid
NJ	NJ	Snake Pit U.S.A. MMA	Galloway	https://snakepitusamma.com	Y			https://snakepitusamma.com	HAS_STORED				snippets/tjjm-gyms-data.liquid
NJ	NJ	Trasso Jiu Jitsu & Wrestling	Glen Rock	https://trassojjw.com/	Y			https://trassojjw.com/	HAS_STORED	200 Rock Rd			snippets/tjjm-gyms-data-19.liquid
NJ	NJ	Hybrid Academy of Mixed Martial Arts	Green Brook Township	http://www.hybridacademymma.com/	Y			http://www.hybridacademymma.com/	HAS_STORED	207 Route 22 East			snippets/tjjm-gyms-data-19.liquid
NJ	NJ	Jiu-Jitsu Family Training Center	Guttenberg	http://www.jiujitsunewjersey.com/	Y			http://www.jiujitsunewjersey.com/	HAS_STORED	6807 Bergenline Ave.			snippets/tjjm-gyms-data-19.liquid
NJ	NJ	ROLLSTAR Jiu Jitsu (HQ)	Hackensack	http://www.rollstarbjj.com/	Y			http://www.rollstarbjj.com/	HAS_STORED	274 State St			snippets/tjjm-gyms-data-19.liquid
NJ	NJ	Evolutionary Martial Arts	Hackettstown	http://www.evolutionarymartialarts.com/	Y			http://www.evolutionarymartialarts.com/	HAS_STORED	111 Main Street			snippets/tjjm-gyms-data-19.liquid
NJ	NJ	NJ Ronin Jiu Jitsu and Striking Academy	Hackettstown	http://www.njronin.com/	Y			http://www.njronin.com/	HAS_STORED	110 Grand Ave			snippets/tjjm-gyms-data-19.liquid
NJ	NJ	Haduko	Haddonfield		N				NO_W_KEY|RENDERS_BLANK	21 Tanner St Suite 2		Y	snippets/tjjm-gyms-data-19.liquid
NJ	NJ	Ricardo Almeida BJJ Academy	Hamilton	https://ricardoalmeida.com	Y			https://ricardoalmeida.com	HAS_STORED				snippets/tjjm-gyms-data.liquid
NJ	NJ	Hamilton Martial Arts	Hamilton Square	http://www.hamiltonmartialarts.com/	Y		websites-2		HAS_STORED+BLANKED|RENDERS_BLANK	US Route 33 & Paxson Avenue			snippets/tjjm-gyms-data-19.liquid
NJ	NJ	Stray Dawgs Gym	Hamilton Township	http://straydawgsgym.com/	Y			http://straydawgsgym.com/	HAS_STORED	4445 Nottingham Way			snippets/tjjm-gyms-data-19.liquid
NJ	NJ	CE Jiu Jitsu, MMA, boxing, kickboxing Harrison	Harrison		N				NO_W_KEY|RENDERS_BLANK	210 Harrison Ave			snippets/tjjm-gyms-data-19.liquid
NJ	NJ	Cruz Mixed Martial Arts Academy Jiu-Jitsu BJJ Kickboxing	Harrison	http://www.cruzmma.com/	Y			http://www.cruzmma.com/	HAS_STORED	44 Harrison Ave			snippets/tjjm-gyms-data-19.liquid
NJ	NJ	Cutting Edge Brazilian Jiu Jitsu	Harrison	http://cuttingedgebjj.com	Y			http://cuttingedgebjj.com	HAS_STORED	756 Harrison Ave			snippets/tjjm-gyms-data-19.liquid
NJ	NJ	Nova Uniao Brazilian Jiu-Jitsu Academy	Harrison	http://www.jmbjj.com/	Y			http://www.jmbjj.com/	HAS_STORED	226 Harrison Ave			snippets/tjjm-gyms-data-19.liquid
NJ	NJ	Renzo Gracie Harrison	Harrison	https://www.renzograciecrowncollection.com	Y			https://www.renzograciecrowncollection.com	HAS_STORED				snippets/tjjm-gyms-data.liquid
NJ	NJ	Sidekick Martial Arts & Fitness	Hasbrouck Heights	https://sidekick-ma.maonrails.com/	Y			https://sidekick-ma.maonrails.com/	HAS_STORED	155 NJ-17			snippets/tjjm-gyms-data-19.liquid
NJ	NJ	Hillsborough Brazilian Jiu-Jitsu	Hillsborough Township	http://www.hillsboroughbjj.com/	Y			http://www.hillsboroughbjj.com/	HAS_STORED	15 Ilene Ct STE 13			snippets/tjjm-gyms-data-19.liquid
NJ	NJ	Nak Muay Gym	Hillsborough Township	http://www.nakmuaygym.com	Y			http://www.nakmuaygym.com	HAS_STORED	6 Ilene Ct. Building 9 Unit #9			snippets/tjjm-gyms-data-19.liquid
NJ	NJ	Stay Strong Brazilian Jiu Jitsu	Hillsborough Township	http://www.staystrongbjj.com/	Y			http://www.staystrongbjj.com/	HAS_STORED	409 US-206 Building B			snippets/tjjm-gyms-data-19.liquid
NJ	NJ	David Branch Jiu Jitsu	Hoboken	https://www.davidbranchbjj.com/	Y		websites-2		HAS_STORED+BLANKED|RENDERS_BLANK				snippets/tjjm-gyms-data.liquid
NJ	NJ	Edge Hoboken	Hoboken	http://www.edgehoboken.com/	Y			http://www.edgehoboken.com/	HAS_STORED	417 Newark St		Y	snippets/tjjm-gyms-data-19.liquid
NJ	NJ	Hoboken Fight Club	Hoboken	http://chuteboxela.com	Y			http://chuteboxela.com	HAS_STORED	50 Harrison St Ste 113			snippets/tjjm-gyms-data-19.liquid
NJ	NJ	Institute Of Defensive Methods	Hoboken	http://www.idmnj.com	Y			http://www.idmnj.com	HAS_STORED	49 Harrison St.			snippets/tjjm-gyms-data-19.liquid
NJ	NJ	Intrepid Gym	Hoboken	http://www.intrepidgym.com/	Y			http://www.intrepidgym.com/	HAS_STORED	51 Harrison St		Y	snippets/tjjm-gyms-data-19.liquid
NJ	NJ	Renzo Gracie Hoboken	Hoboken	https://www.renzograciehoboken.com/	Y		websites-2		HAS_STORED+BLANKED|RENDERS_BLANK				snippets/tjjm-gyms-data.liquid
NJ	NJ	Tiger Schulmann's Martial Arts Hoboken NJ	Hoboken	https://tsk.com/locations/nj/hoboken/	Y			https://tsk.com/locations/nj/hoboken/	HAS_STORED	84 Washington St			snippets/tjjm-gyms-data-19.liquid
NJ	NJ	Team Oliveira Brazilian Jiu Jitsu	Howell Township	http://www.teamoliveirabjj.com/	Y			http://www.teamoliveirabjj.com/	HAS_STORED	2905 US-9			snippets/tjjm-gyms-data-19.liquid
NJ	NJ	Tony Silva's Fusion Martial Arts & Brazilian Jiu Jitsu	Jackson Township	http://www.silvafusion.com/	Y			http://www.silvafusion.com/	HAS_STORED	707 Jackson Mills Rd			snippets/tjjm-gyms-data-19.liquid
NJ	NJ	CULTR BJJ	Jersey City	https://www.cultrbjj.com/	Y		websites-2		HAS_STORED+BLANKED|RENDERS_BLANK				snippets/tjjm-gyms-data.liquid
NJ	NJ	Cultr Fight Club	Jersey City	https://www.cultrfightclub.com/brazilianjiujitsu	Y			https://www.cultrfightclub.com/brazilianjiujitsu	HAS_STORED	315 15th St Ste 3A			snippets/tjjm-gyms-data-19.liquid
NJ	NJ	Family Fitness Mixed Martial Arts	Jersey City	http://www.ffmanj.com/	Y			http://www.ffmanj.com/	HAS_STORED	419 Central Ave			snippets/tjjm-gyms-data-19.liquid
NJ	NJ	Power House Gym	Jersey City	https://powerhousegym.com/jerseycity/	Y			https://powerhousegym.com/jerseycity/	HAS_STORED	859 Communipaw Ave		Y	snippets/tjjm-gyms-data-19.liquid
NJ	NJ	Procel Brazilian Jiu-Jitsu	Jersey City	https://procelbjj.com	Y			https://procelbjj.com	HAS_STORED				snippets/tjjm-gyms-data.liquid
NJ	NJ	Renzo Gracie Jersey City	Jersey City	http://renzograciejc.com/	Y			http://renzograciejc.com/	HAS_STORED	143 Columbus Drive			snippets/tjjm-gyms-data-19.liquid
NJ	NJ	Savarese BJJ Academy - Jersey City	Jersey City	https://njbjj.com/	Y			https://njbjj.com/	HAS_STORED				snippets/tjjm-gyms-data.liquid
NJ	NJ	Studio 1908 (Miyao Brothers)	Jersey City	https://www.studio1908bjj.com/	Y			https://www.studio1908bjj.com/	HAS_STORED		460 Grand St		snippets/tjjm-gyms-data.liquid
NJ	NJ	Survival Fitness	Jersey City	http://survivalfitnessusa.com/	Y			http://survivalfitnessusa.com/	HAS_STORED	335 West Side Ave		Y	snippets/tjjm-gyms-data-19.liquid
NJ	NJ	Team Endurance MMA/ Brazilian JiuJitsu & Kickboxing Academy	Jersey City	http://www.teamendurancemma.com/	Y		websites-2		HAS_STORED+BLANKED|RENDERS_BLANK	484 West Side Ave			snippets/tjjm-gyms-data-19.liquid
NJ	NJ	Thiago Rela BJJ	Jersey City	https://www.thiagorelateam.com/	Y		websites-2		HAS_STORED+BLANKED|RENDERS_BLANK				snippets/tjjm-gyms-data.liquid
NJ	NJ	Tiger Schulmann's Martial Arts Jersey City NJ	Jersey City	https://tsk.com/locations/nj/jersey-city/	Y			https://tsk.com/locations/nj/jersey-city/	HAS_STORED	170 Erie St			snippets/tjjm-gyms-data-19.liquid
NJ	NJ	Unity Jiu Jitsu Jersey City	Jersey City	https://unityjiujitsujc.com	Y			https://unityjiujitsujc.com	HAS_STORED		660 Grand St		snippets/tjjm-gyms-data.liquid
NJ	NJ	Bataille Jiu Jitsu Academy	Kinnelon	https://www.bataillejj.com/	Y			https://www.bataillejj.com/	HAS_STORED	10 Park Pl; Building 6b; Ste 213			snippets/tjjm-gyms-data-19.liquid
NJ	NJ	North Jersey Mixed Martial Arts	Lafayette	http://www.njmmaa.com/	Y			http://www.njmmaa.com/	HAS_STORED	11 Route 15 South			snippets/tjjm-gyms-data-19.liquid
NJ	NJ	Tiger Schulmann's Martial Arts Princeton	Lawrence Township	https://tsk.com/locations/nj/princeton/	Y			https://tsk.com/locations/nj/princeton/	HAS_STORED	3371 US-1 Unit 403			snippets/tjjm-gyms-data-19.liquid
NJ	NJ	Gracie Barra Princeton	Lawrenceville	https://gbprinceton.com	Y			https://gbprinceton.com	HAS_STORED				snippets/tjjm-gyms-data.liquid
NJ	NJ	Gracie New Jersey Academy	Lawrenceville	https://gracienewjersey.com	Y			https://gracienewjersey.com	HAS_STORED				snippets/tjjm-gyms-data.liquid
NJ	NJ	Pinelands Brazilian Jiu-Jitsu	Little Egg Harbor Township	http://pinelandsbjj.com/	Y			http://pinelandsbjj.com/	HAS_STORED	240 Mathistown Rd			snippets/tjjm-gyms-data-19.liquid
NJ	NJ	Rising MMA	Little Ferry	https://www.facebook.com/risingmma2010/	Y			https://www.facebook.com/risingmma2010/	HAS_STORED	4 E Joseph St			snippets/tjjm-gyms-data-19.liquid
NJ	NJ	Amorosi's Mixed Martial Arts	Livingston	http://www.amorosikarate.com/	Y		websites-2		HAS_STORED+BLANKED|RENDERS_BLANK				snippets/tjjm-gyms-data-19.liquid
NJ	NJ	Anaconda Brazilian Jiu Jitsu & MMA Academy	Lyndhurst	http://www.anacondabjjmma.com	Y		websites-2		HAS_STORED+BLANKED|RENDERS_BLANK	302 Ridge Rd			snippets/tjjm-gyms-data-19.liquid
NJ	NJ	Subforce BJJ	Lyndhurst	http://www.subforcebjj.com	Y			http://www.subforcebjj.com	HAS_STORED	718 Ridge Rd			snippets/tjjm-gyms-data-19.liquid
NJ	NJ	Gorilla Martial Arts	Mahwah	https://www.gorillabjjacademy.com/	Y			https://www.gorillabjjacademy.com/	HAS_STORED	31 Industrial Ave			snippets/tjjm-gyms-data-19.liquid
NJ	NJ	Renzo Gracie Ramapo Valley	Mahwah	https://ramapovalleyjiujitsu.com/	Y			https://ramapovalleyjiujitsu.com/	HAS_STORED	95 McKee Dr			snippets/tjjm-gyms-data-19.liquid
NJ	NJ	Outlawz Fitness	Manalapan Township		N				NO_W_KEY|RENDERS_BLANK	520 US 9 N		Y	snippets/tjjm-gyms-data-19.liquid
NJ	NJ	Red Dragon Martial Arts Academy	Manville	http://www.reddragonmaa.com/	Y		websites-2		HAS_STORED+BLANKED|RENDERS_BLANK	10 North Arlington Street			snippets/tjjm-gyms-data-19.liquid
NJ	NJ	The Inferno Training and Performance Center	Marlboro	http://infernotpc.com/	Y			http://infernotpc.com/	HAS_STORED	52 N Main St unit 7-8		Y	snippets/tjjm-gyms-data-19.liquid
NJ	NJ	Matawan School Of Martial Arts	Matawan	http://www.trianglechoke.com/	Y			http://www.trianglechoke.com/	HAS_STORED	112 Main Street			snippets/tjjm-gyms-data-19.liquid
NJ	NJ	Lentz Mixed Martial Arts and Boxing	Mays Landing	http://www.lentzmma.com/	Y			http://www.lentzmma.com/	HAS_STORED	6090 Danenhauer Lane			snippets/tjjm-gyms-data-19.liquid
NJ	NJ	Art of Movement: MMA, BJJ & Fitness	Medford	https://aommma.com/	Y			https://aommma.com/	HAS_STORED	682 Stokes Rd			snippets/tjjm-gyms-data-21.liquid
NJ	NJ	All In BJJ	Middlesex	https://www.allinbjj.com/contact	Y			https://www.allinbjj.com/contact	HAS_STORED	1317 Bound Brook Rd			snippets/tjjm-gyms-data-19.liquid
NJ	NJ	Zealous Nation MMA	Middlesex	https://zealousnationmma.com/	Y			https://zealousnationmma.com/	HAS_STORED	288 Lincoln Blvd			snippets/tjjm-gyms-data-19.liquid
NJ	NJ	Bayshore BJJ	Middletown	https://www.bayshorebjj.com/	Y			https://www.bayshorebjj.com/	HAS_STORED				snippets/tjjm-gyms-data.liquid
NJ	NJ	Renzo Gracie Middletown	Middletown Township	http://renzograciemiddletownmartialarts.com/	Y			http://renzograciemiddletownmartialarts.com/	HAS_STORED	205 Harmony Rd			snippets/tjjm-gyms-data-19.liquid
NJ	NJ	Puzon Jiu Jitsu	Milltown	http://www.puzonjiujitsu.com/	Y		websites-2		HAS_STORED+BLANKED|RENDERS_BLANK	75 N Main St			snippets/tjjm-gyms-data-19.liquid
NJ	NJ	Straight Blast Gym New Jersey	Montclair	https://www.sbgnj.com/	Y			https://www.sbgnj.com/	HAS_STORED				snippets/tjjm-gyms-data.liquid
NJ	NJ	Fatjo's Mixed Martial Arts	Morganville	http://www.fmacworld.com/	Y			http://www.fmacworld.com/	HAS_STORED	479 Route 79			snippets/tjjm-gyms-data-19.liquid
NJ	NJ	Jbm Brazilian Jiu-Jitsu Academy	Mt. Holly	http://www.jbmbjj.com/	Y		websites-2		HAS_STORED+BLANKED|RENDERS_BLANK	Shop #10; CR. 541			snippets/tjjm-gyms-data-19.liquid
NJ	NJ	Asbury Park Jiu Jitsu	Neptune City	https://www.mindbodyonline.com/explore/locations/asbury-park-jiu-jitsu	Y			https://www.mindbodyonline.com/explore/locations/asbury-park-jiu-jitsu	HAS_STORED	1111 11th Ave			snippets/tjjm-gyms-data-19.liquid
NJ	NJ	Madhouse Academy	Neptune City	http://www.madhouseacademy.com/	Y			http://www.madhouseacademy.com/	HAS_STORED	13 Boston Rd 1st Floor			snippets/tjjm-gyms-data-19.liquid
NJ	NJ	Southpaw Gym - Boxing, Muay Thai, Mixed Martial Arts	Neptune City	http://www.southpawgymnjusa.com/	Y			http://www.southpawgymnjusa.com/	HAS_STORED	32 NJ-35			snippets/tjjm-gyms-data-19.liquid
NJ	NJ	American Jiu Jitsu	Newark	https://www.americanjiujitsu.com/	Y			https://www.americanjiujitsu.com/	HAS_STORED				snippets/tjjm-gyms-data.liquid
NJ	NJ	Ironbound Fight Club	Newark	https://www.instagram.com/ifcnewarknj_2/	Y			https://www.instagram.com/ifcnewarknj_2/	HAS_STORED	165 Vanderpool St. 2nd Floor			snippets/tjjm-gyms-data-19.liquid
NJ	NJ	Renzo Gracie Newark	Newark	https://www.renzogracienj.com	Y			https://www.renzogracienj.com	HAS_STORED				snippets/tjjm-gyms-data.liquid
NJ	NJ	Roberto Gordo BJJ	Newark	https://www.robertogordo.com/	Y		websites-2		HAS_STORED+BLANKED|RENDERS_BLANK				snippets/tjjm-gyms-data.liquid
NJ	NJ	Team Jucao Newark Brazilian Jiu Jitsu	Newark	https://www.facebook.com/teamjucaonewark/	Y			https://www.facebook.com/teamjucaonewark/	HAS_STORED	269 Oliver St 3rd Fl			snippets/tjjm-gyms-data-19.liquid
NJ	NJ	Martial Way MMA	Newton	https://martialwaymma.com/	Y			https://martialwaymma.com/	HAS_STORED	274 Spring St #5			snippets/tjjm-gyms-data-21.liquid
NJ	NJ	Anaconda Brazilian Jiu-Jitsu North Bergen	North Bergen	https://anacondabjjnjny.com/	Y			https://anacondabjjnjny.com/	HAS_STORED				snippets/tjjm-gyms-data-19.liquid
NJ	NJ	Advanced Martial Arts	North Brunswick Township	http://advancedbjj.com/	Y		websites-2		HAS_STORED+BLANKED|RENDERS_BLANK	1777 US-130			snippets/tjjm-gyms-data-19.liquid
NJ	NJ	Garry Tonon Jiu Jitsu	North Brunswick Township	https://www.garrytononjiujitsu.com/	Y			https://www.garrytononjiujitsu.com/	HAS_STORED	1846 US-1			snippets/tjjm-gyms-data-19.liquid
NJ	NJ	UFC GYM North Brunswick	North Brunswick Township	https://www.ufcgym.com/locations/north-brunswick-township/	Y			https://www.ufcgym.com/locations/north-brunswick-township/	HAS_STORED	1846 US-1			snippets/tjjm-gyms-data-19.liquid
NJ	NJ	Hibiscus Brazilian Jiu-Jitsu	North Haledon	https://www.hibiscusbjj.com/	Y			https://www.hibiscusbjj.com/	HAS_STORED	527 High Mountain Rd			snippets/tjjm-gyms-data-19.liquid
NJ	NJ	Believe MMA	North Plainfield	https://believemma.com/	Y			https://believemma.com/	HAS_STORED	385 Somerset St suite b			snippets/tjjm-gyms-data-19.liquid
NJ	NJ	Tiger Schulmann's Martial Arts North Plainfield NJ	North Plainfield	https://tsk.com/locations/nj/north-plainfield/	Y			https://tsk.com/locations/nj/north-plainfield/	HAS_STORED	579 US-22			snippets/tjjm-gyms-data-19.liquid
NJ	NJ	Renzo Gracie Northern Valley	Northvale	https://nvbjj.com	Y			https://nvbjj.com	HAS_STORED				snippets/tjjm-gyms-data.liquid
NJ	NJ	Spartan Mixed Martial Arts	Ocean Township	https://oceantownshipmartialarts.com/	Y			https://oceantownshipmartialarts.com/	HAS_STORED	11 Cindy Ln Ste 3			snippets/tjjm-gyms-data-19.liquid
NJ	NJ	Rolles Gracie Academy	Old Bridge	https://rollesgracieacademy.com/	Y			https://rollesgracieacademy.com/	HAS_STORED	2333 County Rd 516			snippets/tjjm-gyms-data-19.liquid
NJ	NJ	Strategic Combat Academy	Old Bridge	http://strategicmma.com/	Y			http://strategicmma.com/	HAS_STORED	4450 Bordentown Ave			snippets/tjjm-gyms-data-19.liquid
NJ	NJ	Tiger Schulmann's Martial Arts Paramus NJ	Paramus	https://tsk.com/locations/nj/paramus/	Y			https://tsk.com/locations/nj/paramus/	HAS_STORED	176A NJ-17			snippets/tjjm-gyms-data-19.liquid
NJ	NJ	UFC GYM Paramus	Paramus	https://www.ufcgym.com/locations/paramus	Y			https://www.ufcgym.com/locations/paramus	HAS_STORED	49 E Midland Ave			snippets/tjjm-gyms-data-19.liquid
NJ	NJ	Kao Muay Thai	Pennsauken Township	http://kaomuaythai.com/	Y			http://kaomuaythai.com/	HAS_STORED	7710 Maple Ave			snippets/tjjm-gyms-data-19.liquid
NJ	NJ	Gracie Jiu-Jitsu Phillipsburg	Phillipsburg		N				NO_W_KEY|RENDERS_BLANK	101 Foch Blvd			snippets/tjjm-gyms-data-19.liquid
NJ	NJ	Bill Scott BJJ Shore Academy	Point Pleasant	http://billscottbjj.com/	Y			http://billscottbjj.com/	HAS_STORED	654 Ocean Rd			snippets/tjjm-gyms-data-19.liquid
NJ	NJ	Precision MMA	Poughkeepsie	https://www.precisionmma.com/	Y			https://www.precisionmma.com/	HAS_STORED			Y	snippets/tjjm-gyms-data.liquid
NJ	NJ	Gracie Barra North Princeton Brazilian Jiu Jitsu and Self Defense	Princeton	https://www.gb-northprinceton.com/north-princeton-classes	Y			https://www.gb-northprinceton.com/north-princeton-classes	HAS_STORED	4437 NJ-27 #1b			snippets/tjjm-gyms-data-19.liquid
NJ	NJ	Princeton Brazilian Jiu Jitsu	Princeton	https://www.princetonbjj.com	Y			https://www.princetonbjj.com	HAS_STORED				snippets/tjjm-gyms-data.liquid
NJ	NJ	Princeton Academy Of Martial Arts	Princeton Junction	http://www.pamausa.com/	Y			http://www.pamausa.com/	HAS_STORED	51 Everett Dr a50			snippets/tjjm-gyms-data-19.liquid
NJ	NJ	Bergen County Brazilian Jiu-Jitsu	Ramsey	https://www.jiujitsutrainingnj.com/	Y			https://www.jiujitsutrainingnj.com/	HAS_STORED	91 Interstate Shop Center			snippets/tjjm-gyms-data-19.liquid
NJ	NJ	Bill Stevens Karate	Ramsey	https://www.stevenskarate.com/brazilian-jiu-jitsu/	Y			https://www.stevenskarate.com/brazilian-jiu-jitsu/	HAS_STORED	91 Interstate Shopping Center			snippets/tjjm-gyms-data-19.liquid
NJ	NJ	Tiger Schulmann's Martial Arts Ramsey NJ	Ramsey	https://tsk.com/locations/nj/ramsey/	Y			https://tsk.com/locations/nj/ramsey/	HAS_STORED	885 NJ-17			snippets/tjjm-gyms-data-19.liquid
NJ	NJ	Tiger Schulmann's Martial Arts Randolph NJ	Randolph	https://tsk.com/locations/nj/randolph/	Y			https://tsk.com/locations/nj/randolph/	HAS_STORED	Randolph Square Shopping Center, 140 NJ-10			snippets/tjjm-gyms-data-19.liquid
NJ	NJ	Garden State Brazilian Jiu-Jitsu Academy	Red Bank	https://gardenstatebjj.com/	Y			https://gardenstatebjj.com/	HAS_STORED	336 State Route 35			snippets/tjjm-gyms-data-19.liquid
NJ	NJ	Tiger Schulmann's Martial Arts Red Bank NJ	Red Bank	https://tsk.com/locations/nj/red-bank/	Y			https://tsk.com/locations/nj/red-bank/	HAS_STORED	500 NJ-35 Unit 18			snippets/tjjm-gyms-data-19.liquid
NJ	NJ	Tribe MMA Ridgefield	Ridgefield	http://www.mmatribenj.com/contact-us-2	Y			http://www.mmatribenj.com/contact-us-2	HAS_STORED	632B NJ-63			snippets/tjjm-gyms-data-19.liquid
NJ	NJ	Rising Sun Brazilian Jiu Jitsu Academy	Ridgefield Park	https://www.risingsunacademy.com	Y			https://www.risingsunacademy.com	HAS_STORED				snippets/tjjm-gyms-data.liquid
NJ	NJ	Cape May Brazilian Jiu Jitsu	Rio Grande	https://capemaybjj.com/	Y			https://capemaybjj.com/	HAS_STORED	1304 NJ-47			snippets/tjjm-gyms-data-19.liquid
NJ	NJ	Ricardo Almeida Brazilian Jiu-Jitsu	Robbinsville Twp	https://rabjjacademy.as.me/	Y			https://rabjjacademy.as.me/	HAS_STORED	1167 US-130			snippets/tjjm-gyms-data-19.liquid
NJ	NJ	Pure Mixed Martial Arts	Rockaway	http://www.puremixedmartialarts.com/	Y			http://www.puremixedmartialarts.com/	HAS_STORED	41 Pine St			snippets/tjjm-gyms-data-19.liquid
NJ	NJ	Gael Force Jiu Jitsu	Roxbury Township	https://www.gaelforcejiujitsu.com/	Y			https://www.gaelforcejiujitsu.com/	HAS_STORED	3 Gold Mine Rd #2			snippets/tjjm-gyms-data-19.liquid
NJ	NJ	Silver Fox Brazilian Jiu-Jitsu Academy	Saddle Brook	http://www.silverfoxbjj.com/	Y			http://www.silverfoxbjj.com/	HAS_STORED	380 Market St			snippets/tjjm-gyms-data-19.liquid
NJ	NJ	The Edge Ultimate Martial Arts	Saddle Brook	http://theedgemma.com/	Y			http://theedgemma.com/	HAS_STORED	350 Market St			snippets/tjjm-gyms-data-19.liquid
NJ	NJ	Yeti MMA	Scotch Plains	https://www.shaolinbjj.com/	Y			https://www.shaolinbjj.com/	HAS_STORED	2507 US-22			snippets/tjjm-gyms-data-19.liquid
NJ	NJ	Tiger Schulmann's Martial Arts Short Hills NJ	Short Hills	https://tsk.com/locations/nj/short-hills/	Y			https://tsk.com/locations/nj/short-hills/	HAS_STORED	531 Millburn Ave			snippets/tjjm-gyms-data-19.liquid
NJ	NJ	Zephyr Performance Training	Shrewsbury	https://www.zephyrperformancetraining.com/	Y			https://www.zephyrperformancetraining.com/	HAS_STORED	150 Shrewsbury Plaza		Y	snippets/tjjm-gyms-data-19.liquid
NJ	NJ	Wolf Brazilian Jiu Jitsu	Sicklerville	http://teamwolfbjj.com/	Y			http://teamwolfbjj.com/	HAS_STORED	1707 Sicklerville Rd			snippets/tjjm-gyms-data-19.liquid
NJ	NJ	New Journey MMA Somerset NJ	Somerset	https://www.newjourneymma.com/	Y			https://www.newjourneymma.com/	HAS_STORED	2 John F Kennedy Blvd			snippets/tjjm-gyms-data-19.liquid
NJ	NJ	Lionheart MMA	South Amboy	http://www.lionheartmixedmartialarts.com/	Y		websites-2		HAS_STORED+BLANKED|RENDERS_BLANK	1866 NJ-35			snippets/tjjm-gyms-data-19.liquid
NJ	NJ	Advantage MMA	South Pennsauken	http://www.advantagemixedmartialarts.com/	Y		websites-2		HAS_STORED+BLANKED|RENDERS_BLANK	1585 Rt. 73			snippets/tjjm-gyms-data-19.liquid
NJ	NJ	Method BJJ	South Plainfield	https://www.methodbjj.com/	Y			https://www.methodbjj.com/	HAS_STORED				snippets/tjjm-gyms-data.liquid
NJ	NJ	Renzo Gracie South Plainfield	South Plainfield	https://www.renzograciesouthplainfield.com/	Y		websites-2		HAS_STORED+BLANKED|RENDERS_BLANK				snippets/tjjm-gyms-data.liquid
NJ	NJ	Sussex County Mixed Martial Arts	Sparta	http://www.sussexcountymma.com/	Y			http://www.sussexcountymma.com/	HAS_STORED	22 Gail Ct			snippets/tjjm-gyms-data-19.liquid
NJ	NJ	Stafford Mixed Martial Arts	Stafford Township	http://www.staffordmma.com/	Y			http://www.staffordmma.com/	HAS_STORED	511 NJ-72 E			snippets/tjjm-gyms-data-19.liquid
NJ	NJ	Core Brazilian Jiu Jitsu Academy	Stanhope	http://corebjjnj.com/	Y			http://corebjjnj.com/	HAS_STORED	8 US-206			snippets/tjjm-gyms-data-19.liquid
NJ	NJ	Touro MMA	Stockholm	http://www.touromma.com/	Y			http://www.touromma.com/	HAS_STORED	2741 NJ-23			snippets/tjjm-gyms-data-19.liquid
NJ	NJ	Echo Alpha Gracie Jiu Jitsu	Succasunna	http://www.echoalphabjj.com/	Y			http://www.echoalphabjj.com/	HAS_STORED	19 NJ-10 Unit 22			snippets/tjjm-gyms-data-19.liquid
NJ	NJ	Zen Jiu Jitsu	Summit	https://www.zenjiujitsu.com/	Y			https://www.zenjiujitsu.com/	HAS_STORED				snippets/tjjm-gyms-data.liquid
NJ	NJ	Martial Maxx MMA	Teterboro	http://www.martialmaxxmma.com/	Y		websites-2		HAS_STORED+BLANKED|RENDERS_BLANK	100 Hollister Road			snippets/tjjm-gyms-data-19.liquid
NJ	NJ	Checkmates Boxing and MMA Striking Skills	Toms River	http://www.checkmates-boxing.com/	Y			http://www.checkmates-boxing.com/	HAS_STORED	1861 Hooper Ave			snippets/tjjm-gyms-data-19.liquid
NJ	NJ	Girl Fight Martial Arts Center	Toms River	http://www.thegirlfight.com/	Y			http://www.thegirlfight.com/	HAS_STORED	1001 Fischer Blvd			snippets/tjjm-gyms-data-19.liquid
NJ	NJ	Gracie Barra Toms River	Toms River	https://www.gbtomsriver.com/	Y		websites-2		HAS_STORED+BLANKED|RENDERS_BLANK				snippets/tjjm-gyms-data.liquid
NJ	NJ	Madama Jiu-Jitsu Academy	Toms River	http://madamajj.com/	Y			http://madamajj.com/	HAS_STORED	1174 Fischer Blvd.			snippets/tjjm-gyms-data-19.liquid
NJ	NJ	Ocean County BJJ	Toms River	https://www.oceancountybjj.com/	Y			https://www.oceancountybjj.com/	HAS_STORED				snippets/tjjm-gyms-data.liquid
NJ	NJ	Training Center Of New Jersey	Toms River	http://www.trainingcenternj.com	Y			http://www.trainingcenternj.com	HAS_STORED	3324 Route 37 East		Y	snippets/tjjm-gyms-data-19.liquid
NJ	NJ	NJ United Mixed Martial Arts	Totowa	http://www.njunitedmma.com/	Y			http://www.njunitedmma.com/	HAS_STORED	265 US-46			snippets/tjjm-gyms-data-19.liquid
NJ	NJ	Loyalty BJJ	Township of Washington	http://loyaltybjjnj.com/	Y			http://loyaltybjjnj.com/	HAS_STORED	257 Pascack Rd			snippets/tjjm-gyms-data-19.liquid
NJ	NJ	Trenton BJJ	Trenton	https://trentonbjj.com	Y			https://trentonbjj.com	HAS_STORED			Y	snippets/tjjm-gyms-data.liquid
NJ	NJ	AllStar BJJ/MMA Training	Union	http://allstarbjjmma.com/	Y			http://allstarbjjmma.com/	HAS_STORED	1166 W Chestnut St			snippets/tjjm-gyms-data-19.liquid
NJ	NJ	Elijah Brazilian Jiu Jitsu	Union	http://ebjj.com/	Y			http://ebjj.com/	HAS_STORED	1330 Stuyvesant Ave			snippets/tjjm-gyms-data-19.liquid
NJ	NJ	Sheridan Brazillian Jiu Jitsu	Vauxhall	https://www.sheridanbjj.com/home-adult-jiu-jitsu	Y			https://www.sheridanbjj.com/home-adult-jiu-jitsu	HAS_STORED	863 Valley St			snippets/tjjm-gyms-data-19.liquid
NJ	NJ	Legion Mixed Martial Arts	Vineland	http://legionmixedmartialarts.com/	Y			http://legionmixedmartialarts.com/	HAS_STORED	1672 N Delsea Dr			snippets/tjjm-gyms-data-19.liquid
NJ	NJ	The Shark Tank BJJ	Vineland	http://sharktankbjj.com/	Y			http://sharktankbjj.com/	HAS_STORED	950 N Main Rd			snippets/tjjm-gyms-data-19.liquid
NJ	NJ	US Martial Arts Academy Inc	Vineland	http://www.usmartialarts.biz/	Y		websites-2		HAS_STORED+BLANKED|RENDERS_BLANK	3430 E Oak Rd			snippets/tjjm-gyms-data-19.liquid
NJ	NJ	Vineland BJJ	Vineland	https://vinelandbjj.com	Y			https://vinelandbjj.com	HAS_STORED			Y	snippets/tjjm-gyms-data.liquid
NJ	NJ	Jiu Jitsu North Jersey / Otimo JJ	Waldwick	https://otimojj.com	Y			https://otimojj.com	HAS_STORED				snippets/tjjm-gyms-data.liquid
NJ	NJ	Rival Jiu-Jitsu	Waldwick	https://www.rivalbjj.com/	Y			https://www.rivalbjj.com/	HAS_STORED	4 North Street			snippets/tjjm-gyms-data-19.liquid
NJ	NJ	Kurt Pellegrino MMA	Wall Township		N				NO_W_KEY|RENDERS_BLANK	2400 Belmar Blvd			snippets/tjjm-gyms-data-19.liquid
NJ	NJ	Esoteric Jiu Jitsu Academy	Washington	http://www.esotericjiujitsu.com/	Y			http://www.esotericjiujitsu.com/	HAS_STORED	1 E Washington Ave			snippets/tjjm-gyms-data-19.liquid
NJ	NJ	Tiger Schulmann's Martial Arts Wayne NJ	Wayne	https://tsk.com/locations/nj/wayne/	Y			https://tsk.com/locations/nj/wayne/	HAS_STORED	1605 NJ-23			snippets/tjjm-gyms-data-19.liquid
NJ	NJ	Up Top Martial Arts Academy	Wayne	http://www.martialartswaynenj.com/	Y		websites-2		HAS_STORED+BLANKED|RENDERS_BLANK	87 Berdan Ave #1			snippets/tjjm-gyms-data-19.liquid
NJ	NJ	White Tiger Martial Arts	Wayne	http://wtma-nj.com/	Y			http://wtma-nj.com/	HAS_STORED	30 Galesi Drive Ste 200			snippets/tjjm-gyms-data-19.liquid
NJ	NJ	Rolles Gracie Academy - Long Branch Jiu Jitsu & Muay Thai	West Long Branch	https://rollesgracielongbranchnj.com/	Y		websites-2		HAS_STORED+BLANKED|RENDERS_BLANK	175 Locust Ave #8			snippets/tjjm-gyms-data-19.liquid
NJ	NJ	High Impact Martial Arts	West New York	http://www.highimpactma.com/	Y			http://www.highimpactma.com/	HAS_STORED	421 54th St			snippets/tjjm-gyms-data-19.liquid
NJ	NJ	BeltQuest Jiu Jitsu	West Orange	http://www.beltquestjiujitsu.com	Y			http://www.beltquestjiujitsu.com	HAS_STORED	395 Pleasant Valley Way			snippets/tjjm-gyms-data-19.liquid
NJ	NJ	Tiger Schulmann's Martial Arts West Orange NJ	West Orange	https://tsk.com/locations/nj/westorange/	Y			https://tsk.com/locations/nj/westorange/	HAS_STORED	495 Prospect Ave			snippets/tjjm-gyms-data-19.liquid
NJ	NJ	Gracie Barra Westfield	Westfield	https://www.gbwestfield.com/	Y		websites-2		HAS_STORED+BLANKED|RENDERS_BLANK				snippets/tjjm-gyms-data.liquid
NJ	NJ	Close Quarters Brazilian Jiu Jitsu	Westville	http://www.cqbjjfit.com/	Y			http://www.cqbjjfit.com/	HAS_STORED	1999 Gateway Blvd			snippets/tjjm-gyms-data-19.liquid
NJ	NJ	Training Grounds MMA & Gjj	Westwood	http://www.njtraininggrounds.com/	Y			http://www.njtraininggrounds.com/	HAS_STORED	24 Booker st			snippets/tjjm-gyms-data-19.liquid
NJ	NJ	Gym-Jitsu Mobile Martial Arts	Whippany		N				NO_W_KEY|RENDERS_BLANK	156 Algonquin Pkwy			snippets/tjjm-gyms-data-19.liquid
NJ	NJ	Whippany Athletic Club	Whippany	http://www.whippanyac.com/	Y			http://www.whippanyac.com/	HAS_STORED	156 Algonquin Pkwy		Y	snippets/tjjm-gyms-data-19.liquid
NJ	NJ	Brazen Martial Arts	Windsor	http://www.brazenmartialarts.com/bmablog/	Y			http://www.brazenmartialarts.com/bmablog/	HAS_STORED	92 North Main Street			snippets/tjjm-gyms-data-19.liquid
NJ	NJ	Driven Gym	Woodbridge	https://www.mindbodyonline.com/explore/locations/driven-gym	Y			https://www.mindbodyonline.com/explore/locations/driven-gym	HAS_STORED	97 Main St		Y	snippets/tjjm-gyms-data-19.liquid
NJ	NJ	Camal Judo	Woodland	http://camaljudo.com/	Y		websites-2		HAS_STORED+BLANKED|RENDERS_BLANK	86 Lakawanna Ave Suite #104			snippets/tjjm-gyms-data-19.liquid
NJ	NJ	Extreme Fight Club	Woodland Park	http://www.efcchampion.com/	Y		websites-2		HAS_STORED+BLANKED|RENDERS_BLANK	10 Squirrelwood Rd.			snippets/tjjm-gyms-data-19.liquid
NL	NE	Velocity Martial Arts Academy	Clarenville	https://www.velocitynl.com	Y			https://www.velocitynl.com	HAS_STORED				snippets/tjjm-gyms-data.liquid
NL	NE	Jason Foley Martial Arts	Conception Bay South	https://www.jasonfoleyma.com	Y			https://www.jasonfoleyma.com	HAS_STORED				snippets/tjjm-gyms-data.liquid
NL	NE	Anchor Combat Academy	Corner Brook	https://www.anchorcombatacademy.com	Y			https://www.anchorcombatacademy.com	HAS_STORED				snippets/tjjm-gyms-data.liquid
NL	NE	Corner Brook BJJ	Corner Brook	https://cornerbrookbjj.com	Y			https://cornerbrookbjj.com	HAS_STORED			Y	snippets/tjjm-gyms-data.liquid
NL	NE	Golden Rule Jiu Jitsu	Flat Bay	https://golden-rule-jiu-jitsu-ltd.gymdesk.com	Y			https://golden-rule-jiu-jitsu-ltd.gymdesk.com	HAS_STORED				snippets/tjjm-gyms-data-44.liquid
NL	NE	Gander BJJ	Gander	https://ganderbjj.com	Y			https://ganderbjj.com	HAS_STORED			Y	snippets/tjjm-gyms-data.liquid
NL	NE	New Found TAO BJJ	Grand Falls-Windsor	https://www.newfoundtaobjj.ca	Y			https://www.newfoundtaobjj.ca	HAS_STORED				snippets/tjjm-gyms-data.liquid
NL	NE	Labrador City BJJ	Labrador City	https://www.novauniao.ca/lab-city	Y			https://www.novauniao.ca/lab-city	HAS_STORED				snippets/tjjm-gyms-data.liquid
NL	NE	Foley's Martial Arts	Paradise	https://foleysmartialarts.com	Y			https://foleysmartialarts.com	HAS_STORED				snippets/tjjm-gyms-data.liquid
NL	NE	Alex Foley's Academy of Martial Arts	St. John's	https://www.alexfoley.ca	Y			https://www.alexfoley.ca	HAS_STORED				snippets/tjjm-gyms-data.liquid
NL	NE	Evolution Martial Arts NL	St. John's	https://www.evolutionbjjstjohns.com	Y	https://evolutionmartialartsnl.com	websites-3	https://evolutionmartialartsnl.com	HAS_STORED+REPOINTED				snippets/tjjm-gyms-data.liquid
NL	NE	Michael Foley's Academy of Martial Arts	St. John's	https://michaelfoley.ca	Y			https://michaelfoley.ca	HAS_STORED				snippets/tjjm-gyms-data.liquid
NL	NE	NL BJJ Academy	St. John's	https://nlbjj.com	Y			https://nlbjj.com	HAS_STORED			Y	snippets/tjjm-gyms-data.liquid
NL	NE	Republic BJJ	St. John's	https://www.republicbjj.com	Y			https://www.republicbjj.com	HAS_STORED				snippets/tjjm-gyms-data.liquid
NL	NE	St. John's BJJ	St. John's	https://stjohnsbjj.com	Y	https://stjohnsbjj.ca	websites-3	https://stjohnsbjj.ca	HAS_STORED+REPOINTED				snippets/tjjm-gyms-data.liquid
NL	NE	Tera BJJ	St. John's	https://www.terabjj.com	Y			https://www.terabjj.com	HAS_STORED				snippets/tjjm-gyms-data.liquid
NM	NM	Alamogordo BJJ	Alamogordo	https://alamogordobjj.com	Y			https://alamogordobjj.com	HAS_STORED			Y	snippets/tjjm-gyms-data.liquid
NM	NM	Desert Dynasty MMA	Alamogordo	https://www.desertdynastymma.com	Y			https://www.desertdynastymma.com	HAS_STORED	700 E 1st St #720/#721, Alamogordo, NM 88310			snippets/tjjm-gyms-data-40.liquid
NM	NM	Otero Combat Sports	Alamogordo	https://oterocombatsports.com	Y			https://oterocombatsports.com	HAS_STORED	700 E 1st St # 749, Alamogordo, NM 88310			snippets/tjjm-gyms-data-40.liquid
NM	NM	10th Planet Jiu Jitsu Albuquerque	Albuquerque	https://10pabq.com	Y			https://10pabq.com	HAS_STORED	237 Eubank Blvd NE, Albuquerque, NM 87123			snippets/tjjm-gyms-data-40.liquid
NM	NM	Coyote Brazilian Jiu Jitsu Academy	Albuquerque	https://coyotebjj.com	Y			https://coyotebjj.com	HAS_STORED	8430 Washington Pl NE, Albuquerque, NM 87113			snippets/tjjm-gyms-data-40.liquid
NM	NM	Duke City BJJ	Albuquerque	https://dukecitybjj.com	Y		websites-2		HAS_STORED+BLANKED|RENDERS_BLANK			Y	snippets/tjjm-gyms-data.liquid
NM	NM	Gracie Barra Albuquerque	Albuquerque	https://gbalbuquerque.com	Y			https://gbalbuquerque.com	HAS_STORED	12251 Academy Rd NE #103, Albuquerque, NM 87120			snippets/tjjm-gyms-data-40.liquid
NM	NM	Gracie Barra New Mexico	Albuquerque	https://gbnewmexico.com	Y			https://gbnewmexico.com	HAS_STORED	1504 San Pedro Dr NE, Albuquerque, NM 87110			snippets/tjjm-gyms-data-40.liquid
NM	NM	Gracie Barra Westside	Albuquerque	https://gbwestside.com	Y			https://gbwestside.com	HAS_STORED	3200 La Orilla Rd NW, Albuquerque, NM 87120			snippets/tjjm-gyms-data-40.liquid
NM	NM	Impact Jiu Jitsu Albuquerque	Albuquerque	https://impactjjabq.com	Y			https://impactjjabq.com	HAS_STORED	6509 Lomas Blvd NE, Albuquerque, NM 87110			snippets/tjjm-gyms-data-40.liquid
NM	NM	Invictus Brazilian Jiu Jitsu and Muay Thai Academy	Albuquerque	https://www.invictusmartialarts.com	Y			https://www.invictusmartialarts.com	HAS_STORED	1453 Wyoming Blvd NE, Albuquerque, NM 87112			snippets/tjjm-gyms-data-40.liquid
NM	NM	Jackson-Wink MMA	Albuquerque	https://jacksonwink.com	Y			https://jacksonwink.com	HAS_STORED			Y	snippets/tjjm-gyms-data.liquid
NM	NM	New Mexico Jiujitsu Academy	Albuquerque	https://nmjiujitsu.com	Y			https://nmjiujitsu.com	HAS_STORED	5600 San Francisco Rd NE, Albuquerque, NM 87109			snippets/tjjm-gyms-data-40.liquid
NM	NM	Sindalu Brazilian Jiu-Jitsu Albuquerque	Albuquerque	https://www.sindalubjj.com	Y			https://www.sindalubjj.com	HAS_STORED	3614 High St NE, Albuquerque, NM 87107			snippets/tjjm-gyms-data-40.liquid
NM	NM	SmartJits Brazilian Jiu Jitsu Academy	Albuquerque	https://smartjits.life	Y			https://smartjits.life	HAS_STORED	8520 Pan American Fwy NE, Albuquerque, NM 87113			snippets/tjjm-gyms-data-40.liquid
NM	NM	Round 2 Martial Arts	Aztec	https://round2martialarts.com	Y			https://round2martialarts.com	HAS_STORED	218 N Main Ave, Aztec, NM 87410			snippets/tjjm-gyms-data-40.liquid
NM	NM	San Juan Brazilian Jiu Jitsu	Aztec	https://www.sanjuanbjj.com	Y			https://www.sanjuanbjj.com	HAS_STORED	1409 W Aztec Blvd Suites 4 and 5, Aztec, NM 87410			snippets/tjjm-gyms-data-40.liquid
NM	NM	Carlsbad BJJ	Carlsbad	https://carlsbadbjj.com	Y			https://carlsbadbjj.com	HAS_STORED			Y	snippets/tjjm-gyms-data.liquid
NM	NM	Kingdom Jiu Jitsu Academy	Carlsbad	https://kingdombjj.com	Y			https://kingdombjj.com	HAS_STORED	113 S Canyon St, Carlsbad, NM 88220			snippets/tjjm-gyms-data-40.liquid
NM	NM	Clovis BJJ	Clovis	https://clovisbjj.com	Y			https://clovisbjj.com	HAS_STORED			Y	snippets/tjjm-gyms-data.liquid
NM	NM	Silverback Jiu Jitsu	Clovis	https://www.silverbacksoulbjj.com	Y			https://www.silverbacksoulbjj.com	HAS_STORED	1012 Main St, Clovis, NM 88101			snippets/tjjm-gyms-data-40.liquid
NM	NM	Apex Grappling Academy	Deming	https://ufdeming.com/apex	Y			https://ufdeming.com/apex	HAS_STORED	700 E Florida St, Deming, NM 88030			snippets/tjjm-gyms-data-40.liquid
NM	NM	Gracie Barra Espanola	Espanola	https://graciebarra.com/espanola-nm	Y			https://graciebarra.com/espanola-nm	HAS_STORED	1227 N Railroad Ave A5, Espanola, NM 87532			snippets/tjjm-gyms-data-40.liquid
NM	NM	Farmington BJJ	Farmington	https://farmingtonbjj.com	Y			https://farmingtonbjj.com	HAS_STORED			Y	snippets/tjjm-gyms-data.liquid
NM	NM	Farmington Jiu Jitsu Academy	Farmington	https://farmingtonjiujitsu.com	Y			https://farmingtonjiujitsu.com	HAS_STORED	2501 E 20th St #17, Farmington, NM 87401			snippets/tjjm-gyms-data-40.liquid
NM	NM	Megaton Gallup Jiu-Jitsu	Gallup	https://gallupjiujitsu.com	Y			https://gallupjiujitsu.com	HAS_STORED	804 S 2nd St, Gallup, NM 87301			snippets/tjjm-gyms-data-40.liquid
NM	NM	Kings Jiu Jitsu	Las Cruces	https://www.kingsjiujitsucruces.com	Y			https://www.kingsjiujitsucruces.com	HAS_STORED	1001 W Picacho Ave, Ste B, Las Cruces, NM 88005			snippets/tjjm-gyms-data-40.liquid
NM	NM	Las Cruces BJJ	Las Cruces	https://lascrucesbjj.com	Y			https://lascrucesbjj.com	HAS_STORED			Y	snippets/tjjm-gyms-data.liquid
NM	NM	Zia Martial Arts	Las Cruces	https://ziamartialarts.com	Y			https://ziamartialarts.com	HAS_STORED	102 W Conway Ave, Las Cruces, NM 88005			snippets/tjjm-gyms-data-40.liquid
NM	NM	Las Vegas NM BJJ	Las Vegas	https://lasvegasnmbjj.com	Y		websites-2		HAS_STORED+BLANKED|RENDERS_BLANK			Y	snippets/tjjm-gyms-data.liquid
NM	NM	Los Alamos Brazilian Jiu-Jitsu Academy	Los Alamos	http://www.losalamosbjj.com	Y			http://www.losalamosbjj.com	HAS_STORED	1183 Diamond Drive Suite C, Los Alamos, NM 87544			snippets/tjjm-gyms-data-40.liquid
NM	NM	Portales BJJ	Portales	https://portalesbjj.com	Y			https://portalesbjj.com	HAS_STORED			Y	snippets/tjjm-gyms-data.liquid
NM	NM	Sindalu Brazilian Jiu-Jitsu Portales	Portales	https://www.sindalubjj.com	Y			https://www.sindalubjj.com	HAS_STORED	1608 E Spruce St #400, Portales, NM 88130			snippets/tjjm-gyms-data-40.liquid
NM	NM	Gracie Barra Rio Rancho	Rio Rancho	https://gbriorancho.com	Y			https://gbriorancho.com	HAS_STORED	1000 Golf Course Rd Suite 109, Rio Rancho, NM 87124			snippets/tjjm-gyms-data-40.liquid
NM	NM	Next Move Jiu Jitsu	Rio Rancho	https://www.nmjj.com	Y			https://www.nmjj.com	HAS_STORED	3301 Southern Blvd SE Ste 501, Rio Rancho, NM 87124			snippets/tjjm-gyms-data-40.liquid
NM	NM	Academy Jiu Jitsu	Roswell	https://academyjiujitsu.net	Y			https://academyjiujitsu.net	HAS_STORED	4501 N Main St Ste 9, Roswell, NM 88201			snippets/tjjm-gyms-data-40.liquid
NM	NM	Gracie Barra Roswell	Roswell	https://graciebarra.com/roswell-nm	Y			https://graciebarra.com/roswell-nm	HAS_STORED	2801 N Main Suite D, Roswell, NM 88201			snippets/tjjm-gyms-data-40.liquid
NM	NM	Roswell BJJ	Roswell	https://roswellbjj.com	Y			https://roswellbjj.com	HAS_STORED			Y	snippets/tjjm-gyms-data.liquid
NM	NM	10th Planet Jiu Jitsu Santa Fe	Santa Fe	https://10thplanetsantafe.com	Y			https://10thplanetsantafe.com	HAS_STORED	1221 Flagman Way Ste B-1, Santa Fe, NM 87505			snippets/tjjm-gyms-data-40.liquid
NM	NM	Gracie Barra Santa Fe	Santa Fe	https://santafebjj.com	Y			https://santafebjj.com	HAS_STORED	2801 Rodeo Rd, Suite A6, Santa Fe, NM 87507			snippets/tjjm-gyms-data-40.liquid
NM	NM	Jesse Jacquez Brazilian Jiu-Jitsu Santa Fe	Santa Fe	https://jessejacquezbjj.com	Y			https://jessejacquezbjj.com	HAS_STORED	2235 Henry Lynch Road, Santa Fe, NM 87507			snippets/tjjm-gyms-data-40.liquid
NM	NM	New Mexico BJJ	Santa Fe	https://newmexicobjj.com	Y		websites-2		HAS_STORED+BLANKED|RENDERS_BLANK			Y	snippets/tjjm-gyms-data.liquid
NM	NM	Jesse Jacquez Brazilian Jiu-Jitsu Taos	Taos	https://jessejacquezbjj.com	Y			https://jessejacquezbjj.com	HAS_STORED	216 Paseo Del Canon, Taos, NM 87571			snippets/tjjm-gyms-data-40.liquid
NM	NM	Mata Leao Brazilian Jiu Jitsu	Taos		N				NO_W_KEY|RENDERS_BLANK	112 Dona Ana Dr, Taos, NM 87571			snippets/tjjm-gyms-data-40.liquid
NM	NM	Taos BJJ	Taos	https://taosbjj.com	Y			https://taosbjj.com	HAS_STORED			Y	snippets/tjjm-gyms-data.liquid
NM	NM	G13 Jiu-Jitsu New Mexico	Tijeras	https://www.g13bjjnewmexico.com	Y			https://www.g13bjjnewmexico.com	HAS_STORED	500 Hwy 333 Ste A, Tijeras, NM 87059			snippets/tjjm-gyms-data-40.liquid
NS	NS	Breakthrough BJJ	Amherst	https://www.breakthroughbjj.ca	Y			https://www.breakthroughbjj.ca	HAS_STORED				snippets/tjjm-gyms-data.liquid
NS	NS	Woodshop Jiu-Jitsu	Antigonish	https://www.facebook.com/woodshopjits	Y			https://www.facebook.com/woodshopjits	HAS_STORED	400 Williams Point Road, Antigonish			snippets/tjjm-gyms-data-44.liquid
NS	NS	Team Fortitude NS	Bridgewater	https://teamfortitudens.com	Y	https://www.facebook.com/FortitudeJiujitsu	websites-3	https://www.facebook.com/FortitudeJiujitsu	HAS_STORED+REPOINTED				snippets/tjjm-gyms-data.liquid
NS	NS	Cheticamp Martial Arts	Chéticamp	https://www.cheticampmartialarts.com	Y			https://www.cheticampmartialarts.com	HAS_STORED				snippets/tjjm-gyms-data-44.liquid
NS	NS	Atlantic BJJ	Dartmouth	https://atlanticbjj.com	Y		websites-2		HAS_STORED+BLANKED|RENDERS_BLANK			Y	snippets/tjjm-gyms-data.liquid
NS	NS	Fit Plus MMA	Dartmouth	https://fitplusmma.com	Y			https://fitplusmma.com	HAS_STORED				snippets/tjjm-gyms-data.liquid
NS	NS	Grant's Martial Arts	Dartmouth	https://www.grantsmartialarts.ca	Y			https://www.grantsmartialarts.ca	HAS_STORED				snippets/tjjm-gyms-data.liquid
NS	NS	Tower 1 Combat Sports	Dartmouth	https://www.tower1combatsports.com	Y			https://www.tower1combatsports.com	HAS_STORED				snippets/tjjm-gyms-data.liquid
NS	NS	Abhaya Mixed Martial Arts	Greenwich	https://abhaya.ca	Y			https://abhaya.ca	HAS_STORED				snippets/tjjm-gyms-data.liquid
NS	NS	374 MMA	Halifax	https://374mma.com	Y			https://374mma.com	HAS_STORED				snippets/tjjm-gyms-data.liquid
NS	NS	Halifax BJJ	Halifax	https://halifaxbjj.com	Y			https://halifaxbjj.com	HAS_STORED			Y	snippets/tjjm-gyms-data.liquid
NS	NS	Halifax BJJ Society	Halifax	https://www.halifaxbjj.ca	Y			https://www.halifaxbjj.ca	HAS_STORED				snippets/tjjm-gyms-data.liquid
NS	NS	Jake MacKenzie School of Jiu Jitsu	Halifax	https://jakemackenziebjj.com	Y			https://jakemackenziebjj.com	HAS_STORED				snippets/tjjm-gyms-data.liquid
NS	NS	Maritime Jiu-Jitsu	Halifax	https://www.maritimejiujitsu.ca	Y			https://www.maritimejiujitsu.ca	HAS_STORED				snippets/tjjm-gyms-data.liquid
NS	NS	Titan's Martial Arts and Fitness	Halifax	https://titansmaaf.ca	Y			https://titansmaaf.ca	HAS_STORED				snippets/tjjm-gyms-data.liquid
NS	NS	True Leverage Alliance BJJ	Kingston	https://www.instagram.com/tla_bjj	Y			https://www.instagram.com/tla_bjj	HAS_STORED				snippets/tjjm-gyms-data-44.liquid
NS	NS	Bulldog Martial Arts	Lantz	https://www.facebook.com/groups/206127349417091	Y			https://www.facebook.com/groups/206127349417091	HAS_STORED	1076 Hwy 2, Lantz			snippets/tjjm-gyms-data-44.liquid
NS	NS	Clinch Training Centre	Lower Sackville	https://clinchtrainingcenter.ca	Y			https://clinchtrainingcenter.ca	HAS_STORED				snippets/tjjm-gyms-data.liquid
NS	NS	Manimal Athletics Training Center	Lucasville	https://www.facebook.com/ManimalTraining	Y			https://www.facebook.com/ManimalTraining	HAS_STORED	495 Lucasville Road, Lucasville			snippets/tjjm-gyms-data-44.liquid
NS	NS	The Tap Room Grappling Group	Middle Sackville	https://www.facebook.com/p/The-Tap-Room-Grappling-Group-61571256489758	Y			https://www.facebook.com/p/The-Tap-Room-Grappling-Group-61571256489758	HAS_STORED	55 Hanwell Drive, Middle Sackville			snippets/tjjm-gyms-data-44.liquid
NS	NS	Pictou County Jiu Jitsu	New Glasgow	https://www.tapology.com/gyms/8759-pictou-county-jiu-jitsu	Y			https://www.tapology.com/gyms/8759-pictou-county-jiu-jitsu	HAS_STORED				snippets/tjjm-gyms-data.liquid
NS	NS	Shiretown Grappling Club	Pictou	https://www.instagram.com/shiretownbjj	Y			https://www.instagram.com/shiretownbjj	HAS_STORED	31 Naylor Drive, Pictou			snippets/tjjm-gyms-data-44.liquid
NS	NS	Workhorse Mixed Martial Arts	Port Hawkesbury	https://workhorse-mma.gymdesk.com	Y			https://workhorse-mma.gymdesk.com	HAS_STORED				snippets/tjjm-gyms-data-44.liquid
NS	NS	Porters Lake Brazilian Jiujitsu	Porters Lake	https://www.facebook.com/averageday	Y			https://www.facebook.com/averageday	HAS_STORED				snippets/tjjm-gyms-data-44.liquid
NS	NS	Shelburne BJJ NS	Shelburne	https://shelburnebjjns.com	Y		websites-2		HAS_STORED+BLANKED|RENDERS_BLANK			Y	snippets/tjjm-gyms-data.liquid
NS	NS	Stellarton BJJ	Stellarton	https://stellartonbjj.com	Y			https://stellartonbjj.com	HAS_STORED			Y	snippets/tjjm-gyms-data.liquid
NS	NS	Cape Breton BJJ	Sydney	https://capebretonbjj.com	Y		websites-2		HAS_STORED+BLANKED|RENDERS_BLANK			Y	snippets/tjjm-gyms-data.liquid
NS	NS	Integrity Martial Arts	Sydney	https://www.integritymartialarts.ca	Y			https://www.integritymartialarts.ca	HAS_STORED				snippets/tjjm-gyms-data.liquid
NS	NS	Zombie Proof BJJ	Sydney	https://www.zombieproofbjj.com	Y			https://www.zombieproofbjj.com	HAS_STORED				snippets/tjjm-gyms-data.liquid
NS	NS	Marmac Athletics	Truro	https://www.facebook.com/marmacathletics	Y			https://www.facebook.com/marmacathletics	HAS_STORED	36 Inglis Place, Truro			snippets/tjjm-gyms-data-44.liquid
NS	NS	Truro BJJ	Truro	https://trurojiujitsu.com	Y			https://trurojiujitsu.com	HAS_STORED				snippets/tjjm-gyms-data.liquid
NS	NS	Presley BJJ	Wellington	https://www.presleybjj.com	Y			https://www.presleybjj.com	HAS_STORED				snippets/tjjm-gyms-data.liquid
NS	NS	Abhaya Martial Arts Academy	Windsor	https://www.abhaya.ca/windsor	Y			https://www.abhaya.ca/windsor	HAS_STORED				snippets/tjjm-gyms-data-44.liquid
NS	NS	Yarmouth BJJ	Yarmouth	https://yarmouthbjj.com	Y	https://www.yarmouthbjj.ca	websites-3	https://www.yarmouthbjj.ca	HAS_STORED+REPOINTED				snippets/tjjm-gyms-data.liquid
NV	NV	Rebel Jiujitsu	Boulder City	http://rebeljiujitsu.com	Y			http://rebeljiujitsu.com	HAS_STORED	806 Buchanan Blvd Ste 106			snippets/tjjm-gyms-data-2.liquid
NV	NV	Adrenaline Training Center	Carson City	http://www.adrenalinetc.com	Y			http://www.adrenalinetc.com	HAS_STORED	135 E Clearview Dr Suite 137			snippets/tjjm-gyms-data-2.liquid
NV	NV	Carson City BJJ	Carson City	https://carsoncitybjj.com	Y			https://carsoncitybjj.com	HAS_STORED			Y	snippets/tjjm-gyms-data.liquid
NV	NV	Fight Camp Nv	Carson City		N				NO_W_KEY|RENDERS_BLANK	315 N Carson St			snippets/tjjm-gyms-data-2.liquid
NV	NV	Gary Grate Brazilian Jiu-Jitsu Academy of Carson City NV	Carson City	http://www.bjjcarsoncity.com	Y			http://www.bjjcarsoncity.com	HAS_STORED	301 Hot Springs Rd #5			snippets/tjjm-gyms-data-2.liquid
NV	NV	JREAM Academy	Carson City	https://www.jreamacademy.com	Y			https://www.jreamacademy.com	HAS_STORED	2009 N Carson St			snippets/tjjm-gyms-data-2.liquid
NV	NV	No Limits Martial Arts	Carson City		N				NO_W_KEY|RENDERS_BLANK	444 E William St Suite #1			snippets/tjjm-gyms-data-2.liquid
NV	NV	Wild West Training Center	Carson City	https://calendly.com/d/dkt-s43-wm4	Y			https://calendly.com/d/dkt-s43-wm4	HAS_STORED	3140 Research Way Unit 74			snippets/tjjm-gyms-data-2.liquid
NV	NV	Elko BJJ	Elko	https://elkobjj.com	Y			https://elkobjj.com	HAS_STORED			Y	snippets/tjjm-gyms-data.liquid
NV	NV	Komainu/Yemaso Brazilian Jiujitsu/MMA Academy	Elko	http://jreamacademy.com	Y			http://jreamacademy.com	HAS_STORED	559 W Silver St Suite 303			snippets/tjjm-gyms-data-2.liquid
NV	NV	Loyalty Brazilian Jiu-Jitsu	Elko	http://www.loyaltybjj.com	Y			http://www.loyaltybjj.com	HAS_STORED	2719 Argent Ave			snippets/tjjm-gyms-data-2.liquid
NV	NV	University of Grappling: Elko	Elko		N				NO_W_KEY|RENDERS_BLANK	452 Idaho St			snippets/tjjm-gyms-data-2.liquid
NV	NV	Douglas County Jiu Jitsu	Gardnerville	http://www.dcjiujitsunv.com	Y			http://www.dcjiujitsunv.com	HAS_STORED	1540 Main St Unit 8			snippets/tjjm-gyms-data-2.liquid
NV	NV	10th Planet Jiu Jitsu Las Vegas	Henderson	https://www.10thplanetlasvegas.com	Y			https://www.10thplanetlasvegas.com	HAS_STORED	1225 W Warm Springs Rd Ste 140			snippets/tjjm-gyms-data-2.liquid
NV	NV	Altruist Mixed Martial Arts	Henderson	https://www.altruistmixedmartialarts.com	Y			https://www.altruistmixedmartialarts.com	HAS_STORED	1031 Whitney Ranch Dr			snippets/tjjm-gyms-data-2.liquid
NV	NV	American Top Team Nevada	Henderson	http://www.attnevada.com	Y			http://www.attnevada.com	HAS_STORED	1450 W Horizon Ridge Pkwy Suite C209			snippets/tjjm-gyms-data-2.liquid
NV	NV	American Wrestling Club	Henderson	http://www.americanwrestlingclub.com	Y			http://www.americanwrestlingclub.com	HAS_STORED	270 E Horizon Dr suite 102			snippets/tjjm-gyms-data-2.liquid
NV	NV	Carlson Gracie Green Valley	Henderson	http://carlsongraciegreenvalley.com	Y			http://carlsongraciegreenvalley.com	HAS_STORED	1483 W Horizon Ridge Pkwy			snippets/tjjm-gyms-data-2.liquid
NV	NV	Chris Engle Brazilian Jiu Jitsu	Henderson	https://www.cebjj.net	Y			https://www.cebjj.net	HAS_STORED	2871 N Green Valley Pkwy			snippets/tjjm-gyms-data-2.liquid
NV	NV	Core Fitness & Martial Arts	Henderson	https://www.mystudio.academy/cs	Y			https://www.mystudio.academy/cs	HAS_STORED	183 N Gibson Rd #130			snippets/tjjm-gyms-data-2.liquid
NV	NV	Ftcc	Henderson	http://www.ftcclv.com	Y			http://www.ftcclv.com	HAS_STORED	10670 S Maryland Pkwy Ste 135			snippets/tjjm-gyms-data-2.liquid
NV	NV	Gracie Barra Henderson	Henderson	http://www.gblasvegas.com	Y		websites-2		HAS_STORED+BLANKED|RENDERS_BLANK	55 S Gibson Rd Ste 117			snippets/tjjm-gyms-data-2.liquid
NV	NV	Gracie Jiu Jitsu Henderson	Henderson	http://www.gracielasvegas.com	Y			http://www.gracielasvegas.com	HAS_STORED	11251 S Eastern Ave #110			snippets/tjjm-gyms-data-2.liquid
NV	NV	Henderson BJJ	Henderson	https://hendersonbjj.com	Y			https://hendersonbjj.com	HAS_STORED			Y	snippets/tjjm-gyms-data.liquid
NV	NV	Relson Gracie Jiu Jitsu Team HK Las Vegas	Henderson	http://relsongracielv.com	Y		websites-2		HAS_STORED+BLANKED|RENDERS_BLANK	693 N Valle Verde Dr #7			snippets/tjjm-gyms-data-2.liquid
NV	NV	Renzo Gracie Henderson Jiu Jitsu	Henderson	https://www.renzograciehenderson.com	Y		websites-2		HAS_STORED+BLANKED|RENDERS_BLANK	1481 W Warm Springs Rd #145			snippets/tjjm-gyms-data-2.liquid
NV	NV	Rico's Martial Arts	Henderson	http://ricosmartialarts.com	Y			http://ricosmartialarts.com	HAS_STORED	10880 S Eastern Ave # 103			snippets/tjjm-gyms-data-2.liquid
NV	NV	Ryoku Judo Club	Henderson	http://www.ryokujudo.com	Y			http://www.ryokujudo.com	HAS_STORED	Slam Academy 1091 Fielders Street			snippets/tjjm-gyms-data-2.liquid
NV	NV	Samurai Brazilian Jiu Jitsu Academy	Henderson	https://samuraitc.com	Y		websites-2		HAS_STORED+BLANKED|RENDERS_BLANK	6100 S Mountain Vista St Suite 130			snippets/tjjm-gyms-data-2.liquid
NV	NV	UFC Gym Green Valley	Henderson	http://ufcgym.com/greenvalley	Y			http://ufcgym.com/greenvalley	HAS_STORED	2265 N Green Valley Pkwy			snippets/tjjm-gyms-data-2.liquid
NV	NV	Veritas Combat Arts And Fitness Academy	Henderson	http://veritascombatarts.com	Y		websites-2		HAS_STORED+BLANKED|RENDERS_BLANK	980 American Pacific Drive #107			snippets/tjjm-gyms-data-2.liquid
NV	NV	10th Planet Downtown	Las Vegas	http://10thplanetdtlv.com	Y			http://10thplanetdtlv.com	HAS_STORED	124 S 6th St Ste 180			snippets/tjjm-gyms-data-2.liquid
NV	NV	9th Isle BJJ Inc	Las Vegas	https://www.9thislebjj.com	Y			https://www.9thislebjj.com	HAS_STORED	2430 N Decatur Blvd. STE 130			snippets/tjjm-gyms-data-2.liquid
NV	NV	AE Brazilian Jiu Jitsu	Las Vegas		N				NO_W_KEY|RENDERS_BLANK	1631 Sunset Rd Suite C112			snippets/tjjm-gyms-data-2.liquid
NV	NV	Alliance Jiu Jitsu Las Vegas	Las Vegas	https://alliancejiujitsulasvegas.com	Y			https://alliancejiujitsulasvegas.com	HAS_STORED				snippets/tjjm-gyms-data.liquid
NV	NV	Asylum Fight Team	Las Vegas	http://www.asylumfightteam.com	Y			http://www.asylumfightteam.com	HAS_STORED	4510 W Hacienda Ave			snippets/tjjm-gyms-data-2.liquid
NV	NV	Atlas Grappling	Las Vegas	http://www.AtlasGrappling.com	Y			http://www.AtlasGrappling.com	HAS_STORED	9272 Tamarus St. Ste 115			snippets/tjjm-gyms-data-2.liquid
NV	NV	Atos Jiu Jitsu Las Vegas	Las Vegas	http://www.atosjiujitsulv.com	Y			http://www.atosjiujitsulv.com	HAS_STORED	9325 S Cimarron Rd Ste 115-120			snippets/tjjm-gyms-data-2.liquid
NV	NV	Carlson Gracie Las Vegas	Las Vegas	http://carlsongracielv.com	Y			http://carlsongracielv.com	HAS_STORED	121 Sunset Rd			snippets/tjjm-gyms-data-2.liquid
NV	NV	Carlson Gracie Training Center - Cavalcanti Jiu Jitsu	Las Vegas	http://www.rcjiujitsu.com	Y			http://www.rcjiujitsu.com	HAS_STORED	1335 E Sunset Rd Ste I			snippets/tjjm-gyms-data-2.liquid
NV	NV	Cascao Evolution BJJ	Las Vegas		N				NO_W_KEY|RENDERS_BLANK	9660 W Tropicana Ave			snippets/tjjm-gyms-data-2.liquid
NV	NV	Cascao Jiu Jitsu	Las Vegas	http://www.cascaojiujitsu.com	Y		websites-2		HAS_STORED+BLANKED|RENDERS_BLANK	4180 S Sandhills Rd Ste B5 / B6			snippets/tjjm-gyms-data-2.liquid
NV	NV	Cephas Brazilian Jiu Jitsu Academy	Las Vegas	http://cephasbjj.com	Y			http://cephasbjj.com	HAS_STORED	7703 N El Capitan Way #120			snippets/tjjm-gyms-data-2.liquid
NV	NV	Cobra Kai Jiu Jitsu South	Las Vegas	http://www.simgojj.com	Y			http://www.simgojj.com	HAS_STORED	7060 W Sunset Rd			snippets/tjjm-gyms-data-2.liquid
NV	NV	Cobrinha Brazilian Jiu Jitsu Academy	Las Vegas	http://www.cobrinhabjjlasvegas.com	Y			http://www.cobrinhabjjlasvegas.com	HAS_STORED	7310 Smoke Ranch Rd			snippets/tjjm-gyms-data-2.liquid
NV	NV	Destiny Health & MMA	Las Vegas		N				NO_W_KEY|RENDERS_BLANK	4343 N Rancho Dr Ste 208			snippets/tjjm-gyms-data-2.liquid
NV	NV	Drysdale Fight For Us Jiu Jitsu	Las Vegas	http://www.drysdalefightforus.com	Y			http://www.drysdalefightforus.com	HAS_STORED	7135 West Ann Rd Ste 140			snippets/tjjm-gyms-data-2.liquid
NV	NV	FASI Sports	Las Vegas	http://www.fasisports.com	Y			http://www.fasisports.com	HAS_STORED	1725 N Rainbow Blvd Ste 105			snippets/tjjm-gyms-data-2.liquid
NV	NV	Fight Capital Gym	Las Vegas	http://www.fightcapital.com	Y			http://www.fightcapital.com	HAS_STORED	3071 S Valley View Blvd			snippets/tjjm-gyms-data-2.liquid
NV	NV	Fredson Paixao Academy	Las Vegas	http://fredsonpaixaobjj.com	Y		websites-1		HAS_STORED+BLANKED|RENDERS_BLANK	6365 Montessouri St #105			snippets/tjjm-gyms-data-2.liquid
NV	NV	Freestyle MMA & Jiu Jitsu	Las Vegas	https://freestylemmalv.com	Y			https://freestylemmalv.com	HAS_STORED	5230 S Valley View Blvd F			snippets/tjjm-gyms-data-2.liquid
NV	NV	GB Las Vegas	Las Vegas	https://graciebarra.com/las-vegas-nv	Y			https://graciebarra.com/las-vegas-nv	HAS_STORED	8665 W Flamingo Suite 112			snippets/tjjm-gyms-data-2.liquid
NV	NV	Gracie Jiu - Jitsu Summerlin	Las Vegas	http://GracieLasVegas.com	Y	https://graciejiujitsusummerlin.com/	websites-1	https://graciejiujitsusummerlin.com/	HAS_STORED+REPOINTED	5375 S Fort Apache Rd Ste 104			snippets/tjjm-gyms-data-2.liquid
NV	NV	Gracie Las Vegas	Las Vegas	https://gracielasvegas.com	Y			https://gracielasvegas.com	HAS_STORED				snippets/tjjm-gyms-data.liquid
NV	NV	Gracie Nevada	Las Vegas	https://gracie-nevada.business.site	Y			https://gracie-nevada.business.site	HAS_STORED	4250 S Rainbow Blvd #1008			snippets/tjjm-gyms-data-2.liquid
NV	NV	Hard Knocks Muay Thai & Judo	Las Vegas	http://www.hkmtkickboxing.com	Y		websites-2		HAS_STORED+BLANKED|RENDERS_BLANK	9660 W Tropicana Rd Ste 300			snippets/tjjm-gyms-data-2.liquid
NV	NV	Hybrid Jiujitsu	Las Vegas	https://hybridjiujitsulv.com	Y			https://hybridjiujitsulv.com	HAS_STORED	7925 W Sahara Ave			snippets/tjjm-gyms-data-2.liquid
NV	NV	Jiu-Jitsu Methods	Las Vegas	http://jiujitsumethods.com	Y			http://jiujitsumethods.com	HAS_STORED	8645 S Rainbow Blvd			snippets/tjjm-gyms-data-2.liquid
NV	NV	Lagasca Brazilian Jiu Jitsu	Las Vegas	https://www.lagascabjj.com	Y			https://www.lagascabjj.com	HAS_STORED	5255 S Decatur Blvd Unit 109			snippets/tjjm-gyms-data-2.liquid
NV	NV	Las Vegas Fight Center	Las Vegas	https://lasvegasfightcenter.com	Y		websites-2		HAS_STORED+BLANKED|RENDERS_BLANK				snippets/tjjm-gyms-data.liquid
NV	NV	Las Vegas Fight Club	Las Vegas	http://www.thelasvegasfightclub.com	Y		websites-2		HAS_STORED+BLANKED|RENDERS_BLANK	4640 E Flamingo Rd			snippets/tjjm-gyms-data-2.liquid
NV	NV	Legend Mixed Martial Arts	Las Vegas	http://www.legendmixedmartialarts.com	Y			http://www.legendmixedmartialarts.com	HAS_STORED	7501 W Lake Mead Blvd Ste 107			snippets/tjjm-gyms-data-2.liquid
NV	NV	MC Unit jiu jitsu Academy	Las Vegas		N				NO_W_KEY|RENDERS_BLANK	60 N 25th St			snippets/tjjm-gyms-data-2.liquid
NV	NV	Milestone Martial Arts	Las Vegas	http://www.milestonemartialarts.com	Y			http://www.milestonemartialarts.com	HAS_STORED	6255 W Maule Ave Ste- 150			snippets/tjjm-gyms-data-2.liquid
NV	NV	Nova Uniao Las Vegas	Las Vegas	http://www.ryukotrainingcenter.com	Y			http://www.ryukotrainingcenter.com	HAS_STORED	7770 S Dean Martin Blvd Ste 304			snippets/tjjm-gyms-data-2.liquid
NV	NV	Odin's Halls Brazilian Jiu Jitsu	Las Vegas	https://www.bjjvegas.com	Y			https://www.bjjvegas.com	HAS_STORED	7501 N Cimarron Rd #111			snippets/tjjm-gyms-data-2.liquid
NV	NV	Power Martial Arts & Fitness	Las Vegas	https://www.powermartialarts.vegas	Y			https://www.powermartialarts.vegas	HAS_STORED	2466 E Desert Inn Rd			snippets/tjjm-gyms-data-2.liquid
NV	NV	Results Martial Arts	Las Vegas	https://martialartslv.net	Y			https://martialartslv.net	HAS_STORED	9890 S Maryland Pkwy Ste 2			snippets/tjjm-gyms-data-2.liquid
NV	NV	Reylson Gracie Jiu-Jitsu Health & Wellness Center	Las Vegas		N				NO_W_KEY|RENDERS_BLANK	West Cheyenne Plaza 7350 W Cheyenne Ave #102			snippets/tjjm-gyms-data-2.liquid
NV	NV	Ribeiro Jiu-Jitsu - Las Vegas	Las Vegas	http://www.ribeirojiujitsulasvegas.com	Y		websites-2		HAS_STORED+BLANKED|RENDERS_BLANK	4275 W Bell Dr Unit 6			snippets/tjjm-gyms-data-2.liquid
NV	NV	Ronin Jiu-Jitsu Las Vegas	Las Vegas	https://www.roninjiujitsu.com	Y			https://www.roninjiujitsu.com	HAS_STORED	2575 E Craig Rd Unit G			snippets/tjjm-gyms-data-2.liquid
NV	NV	Roninjitsu Martial Arts	Las Vegas	https://smashironfitness.com/roninjitsu-martial-arts	Y			https://smashironfitness.com/roninjitsu-martial-arts	HAS_STORED	4215 S Grand Canyon Dr Suite 105			snippets/tjjm-gyms-data-2.liquid
NV	NV	Ryuko Training Center	Las Vegas	http://www.ryukotrainingcenter.com	Y			http://www.ryukotrainingcenter.com	HAS_STORED	7770 Dean Martin Dr Ste 304			snippets/tjjm-gyms-data-2.liquid
NV	NV	SHOSHINKAN - Las Vegas Martial Arts	Las Vegas	http://www.shoshinkanlv.com	Y			http://www.shoshinkanlv.com	HAS_STORED	4450 N Tenaya Way			snippets/tjjm-gyms-data-2.liquid
NV	NV	SIMGO Academy	Las Vegas	http://ckjj.com	Y			http://ckjj.com	HAS_STORED	7060 W Sunset Rd Ste 110			snippets/tjjm-gyms-data-2.liquid
NV	NV	Sergio Penha	Las Vegas	http://sergiopenha.com	Y			http://sergiopenha.com	HAS_STORED	3904 Schiff Dr			snippets/tjjm-gyms-data-2.liquid
NV	NV	Summerlin BJJ	Las Vegas	https://summerlinbjj.com	Y			https://summerlinbjj.com	HAS_STORED				snippets/tjjm-gyms-data.liquid
NV	NV	Syndicate Mixed Martial Arts	Las Vegas	http://www.syndicatemmavegas.com	Y			http://www.syndicatemmavegas.com	HAS_STORED	6315 S Rainbow Blvd Ste 103			snippets/tjjm-gyms-data-2.liquid
NV	NV	Tapout Research & Development Training Center	Las Vegas	http://www.tapoutlasvegas.com	Y		websites-1		HAS_STORED+BLANKED|RENDERS_BLANK	4040 West Hacienda Suite 130			snippets/tjjm-gyms-data-2.liquid
NV	NV	The Academy of Brazilian Jiu Jitsu	Las Vegas		N				NO_W_KEY|RENDERS_BLANK	10020 W Cheyenne Ave ste 110			snippets/tjjm-gyms-data-2.liquid
NV	NV	Throwdown Training Center	Las Vegas		N				NO_W_KEY|RENDERS_BLANK	7575 W Sunset Rd Ste 110			snippets/tjjm-gyms-data-2.liquid
NV	NV	Torres MMA Sport	Las Vegas	http://www.torresmmasport.com/Contact-Us.html	Y			http://www.torresmmasport.com/Contact-Us.html	HAS_STORED	5000 W Oakey Blvd			snippets/tjjm-gyms-data-2.liquid
NV	NV	Tribe Fitness and Martial Arts	Las Vegas	https://www.tribevegas.com	Y			https://www.tribevegas.com	HAS_STORED	5752 S Fort Apache Rd #125			snippets/tjjm-gyms-data-2.liquid
NV	NV	Tristar Las Vegas	Las Vegas	https://tristarlasvegas.com	Y		websites-2		HAS_STORED+BLANKED|RENDERS_BLANK				snippets/tjjm-gyms-data.liquid
NV	NV	Vegas Combat	Las Vegas	http://www.vegascombat.com	Y			http://www.vegascombat.com	HAS_STORED	2223 S Rainbow Blvd			snippets/tjjm-gyms-data-2.liquid
NV	NV	Vills Bros Brazilian Jiu-Jitsu	Las Vegas	http://www.villsbrosbjj.com	Y			http://www.villsbrosbjj.com	HAS_STORED	8360 N Decatur Blvd Ste 106			snippets/tjjm-gyms-data-2.liquid
NV	NV	Wand Fight Team	Las Vegas	https://www.wandfightteam.vegas	Y		websites-2		HAS_STORED+BLANKED|RENDERS_BLANK	3061 Business Ln			snippets/tjjm-gyms-data-2.liquid
NV	NV	Wayne's Martial Arts School	Las Vegas	http://waynelacno5.wixsite.com	Y			http://waynelacno5.wixsite.com	HAS_STORED	7980 W Sahara Ave			snippets/tjjm-gyms-data-2.liquid
NV	NV	Xtreme Couture MMA	Las Vegas	https://xtremecouture.tv	Y			https://xtremecouture.tv	HAS_STORED		4055 W Sunset Rd		snippets/tjjm-gyms-data.liquid
NV	NV	Zangief Jiu Jitsu	Las Vegas	https://www.zangiefjiujitsu.com	Y			https://www.zangiefjiujitsu.com	HAS_STORED	7380 S. Eastern Ave. Suite 109A			snippets/tjjm-gyms-data-2.liquid
NV	NV	Zenith By Robert Drysdale	Las Vegas	http://www.drysdalejiujitsu.com	Y			http://www.drysdalejiujitsu.com	HAS_STORED	2000 S Rainbow Blvd Ste A-108			snippets/tjjm-gyms-data-2.liquid
NV	NV	Mesquite BJJ	Mesquite	https://mesquitebjj.com	Y			https://mesquitebjj.com	HAS_STORED			Y	snippets/tjjm-gyms-data.liquid
NV	NV	Gracie Humaita West Craig	North Las Vegas	http://jiujitsulv.com	Y			http://jiujitsulv.com	HAS_STORED	4600 W Craig Rd #601			snippets/tjjm-gyms-data-2.liquid
NV	NV	K Jutsu Do Fights System	North Las Vegas	https://k-jutsu-do-fights-system.negocio.site	Y			https://k-jutsu-do-fights-system.negocio.site	HAS_STORED	3100 E Lake Mead Blvd			snippets/tjjm-gyms-data-2.liquid
NV	NV	Kifaru Jitsu Academy of Martial Arts	North Las Vegas	http://www.kifarujitsu.com	Y			http://www.kifarujitsu.com	HAS_STORED	Neighborhood Center 1638 N Bruce St			snippets/tjjm-gyms-data-2.liquid
NV	NV	North Las Vegas BJJ	North Las Vegas	https://northlasvegasbjj.com	Y			https://northlasvegasbjj.com	HAS_STORED			Y	snippets/tjjm-gyms-data.liquid
NV	NV	Ronin Jiu-Jitsu North Las Vegas	North Las Vegas	http://www.roninbjj.org	Y			http://www.roninbjj.org	HAS_STORED				snippets/tjjm-gyms-data-2.liquid
NV	NV	Uprising MMA	North Las Vegas	http://www.uprisingmma.com	Y			http://www.uprisingmma.com	HAS_STORED	6325 N Commerce St			snippets/tjjm-gyms-data-2.liquid
NV	NV	Mix-It-Up Kickboxing & Brazilian Jiu-Jitsu	Pahrump	http://www.mixitupacademy.com	Y			http://www.mixitupacademy.com	HAS_STORED	2400 E Basin #3			snippets/tjjm-gyms-data-2.liquid
NV	NV	Pahrump BJJ	Pahrump	https://pahrumpbjj.com	Y			https://pahrumpbjj.com	HAS_STORED			Y	snippets/tjjm-gyms-data.liquid
NV	NV	Orient Jiu Jitsu	Paradise		N				NO_W_KEY|RENDERS_BLANK	3110 E Sunset Rd Ste L			snippets/tjjm-gyms-data-2.liquid
NV	NV	360 Martial Arts Academy	Reno	http://360martialarts.com	Y			http://360martialarts.com	HAS_STORED	8745 Technology Way STE A			snippets/tjjm-gyms-data-2.liquid
NV	NV	Alexandre Garcia Brazilian Jiu-Jitsu	Reno	https://www.agjiujitsu.com	Y			https://www.agjiujitsu.com	HAS_STORED	8975 Double Diamond Parkway #A5			snippets/tjjm-gyms-data-2.liquid
NV	NV	Ares BJJ Reno	Reno	http://aresbjjreno.com	Y			http://aresbjjreno.com	HAS_STORED	1065 S Virginia St			snippets/tjjm-gyms-data-2.liquid
NV	NV	Ascend Jiu-Jitsu	Reno	https://cp.mystudio.io/t	Y			https://cp.mystudio.io/t	HAS_STORED	3697B Kings Row			snippets/tjjm-gyms-data-2.liquid
NV	NV	Battle Born MMA	Reno	http://www.battlebornmma.com	Y		websites-2		HAS_STORED+BLANKED|RENDERS_BLANK	265 Keystone Avenue			snippets/tjjm-gyms-data-2.liquid
NV	NV	Black Diamond Brazilian Jiu-Jitsu	Reno	https://blackdiamondbjj.com/schedule	Y			https://blackdiamondbjj.com/schedule	HAS_STORED	1445 S Meadows Pkwy Ste 209			snippets/tjjm-gyms-data-2.liquid
NV	NV	Freestyle Martial Arts Academy	Reno	http://www.freestylema.com	Y			http://www.freestylema.com	HAS_STORED	9590 McCarran Blvd			snippets/tjjm-gyms-data-2.liquid
NV	NV	Gary Grate Brazilian Jiu-Jitsu Academy of Reno NV	Reno	https://www.bjjreno.com	Y			https://www.bjjreno.com	HAS_STORED	1335 Airmotive Way			snippets/tjjm-gyms-data-2.liquid
NV	NV	Guerrilla Jiu Jitsu Academy Reno	Reno	http://www.renojiujitsu.com	Y			http://www.renojiujitsu.com	HAS_STORED	6275 Sharlands Ave #1			snippets/tjjm-gyms-data-2.liquid
NV	NV	Komainu Gym	Reno	http://www.komainuapparel.com	Y			http://www.komainuapparel.com	HAS_STORED	1351 Corporate Blvd			snippets/tjjm-gyms-data-2.liquid
NV	NV	Life Jiu Jitsu Reno	Reno	http://lifebjjreno.com	Y			http://lifebjjreno.com	HAS_STORED	S McCarran Blvd #3993			snippets/tjjm-gyms-data-2.liquid
NV	NV	Lion's Den MMA & Fitness Center	Reno	http://www.lionsdenreno.com	Y		websites-2		HAS_STORED+BLANKED|RENDERS_BLANK	4690 Longley Ln Ste 7			snippets/tjjm-gyms-data-2.liquid
NV	NV	Momentum Martial Arts	Reno	http://momentumreno.com	Y			http://momentumreno.com	HAS_STORED	920 Matley Ln #5			snippets/tjjm-gyms-data-2.liquid
NV	NV	Reno BJJ	Reno	https://renobjj.com	Y			https://renobjj.com	HAS_STORED			Y	snippets/tjjm-gyms-data.liquid
NV	NV	Renzo Gracie Academy Reno	Reno	http://www.renzograciereno.com	Y			http://www.renzograciereno.com	HAS_STORED	6370 Mae Anne Ave #6			snippets/tjjm-gyms-data-2.liquid
NV	NV	Team Reno	Reno	https://www.momentumreno.com/brazilian-jiu-jitsu	Y			https://www.momentumreno.com/brazilian-jiu-jitsu	HAS_STORED	920 Matley Ln			snippets/tjjm-gyms-data-2.liquid
NV	NV	UFC GYM Reno	Reno	https://www.ufcgym.com/locations/reno	Y			https://www.ufcgym.com/locations/reno	HAS_STORED	4875 Kietzke Ln D			snippets/tjjm-gyms-data-2.liquid
NV	NV	Zai Martial Arts Academy	Reno	http://www.zaixma.com	Y			http://www.zaixma.com	HAS_STORED	7520 Longley Ln Ste. 101			snippets/tjjm-gyms-data-2.liquid
NV	NV	Atos Jiu Jitsu Reno	Sparks	http://www.atosjiujitsureno.com	Y		websites-2		HAS_STORED+BLANKED|RENDERS_BLANK	1295 Greg St			snippets/tjjm-gyms-data-2.liquid
NV	NV	Combat Sport and Fitness	Sparks	https://m.facebook.com/combatsportandfitnessreno	Y			https://m.facebook.com/combatsportandfitnessreno	HAS_STORED	416 Greenbrae Dr			snippets/tjjm-gyms-data-2.liquid
NV	NV	Evolution Martial Arts Academy	Sparks	http://evomaa.com	Y			http://evomaa.com	HAS_STORED	4848 Sparks Blvd.			snippets/tjjm-gyms-data-2.liquid
NV	NV	Gracie Humaitá Jiu-Jitsu of Sparks NV	Sparks	https://agjiujitsu.com	Y			https://agjiujitsu.com	HAS_STORED	5275 Vista Blvd A-3			snippets/tjjm-gyms-data-2.liquid
NV	NV	Sparks BJJ	Sparks	https://sparksbjj.com	Y			https://sparksbjj.com	HAS_STORED			Y	snippets/tjjm-gyms-data.liquid
NV	NV	The Komainu Collective Brazilian Jiu Jitsu	Sparks	http://bjjrenotahoe.com	Y			http://bjjrenotahoe.com	HAS_STORED	165 Design Place Suite 104			snippets/tjjm-gyms-data-2.liquid
NV	NV	Loyalty Brazilian Jiu-Jitsu Winnemucca	Winnemucca	http://www.loyaltybjj.com	Y			http://www.loyaltybjj.com	HAS_STORED	125 Melarkey St			snippets/tjjm-gyms-data-2.liquid
NY	NY	Brandon Abdullah's Martial Arts and Fitness	Albany	https://www.albanybjj.com/	Y			https://www.albanybjj.com/	HAS_STORED				snippets/tjjm-gyms-data.liquid
NY	NY	Brian Beury Jiu Jitsu	Albany	https://www.brianbeury.com/	Y	https://brianbeauryjiujitsu.com/	websites-1	https://brianbeauryjiujitsu.com/	HAS_STORED+REPOINTED				snippets/tjjm-gyms-data.liquid
NY	NY	Victory BJJ	Albany	https://victoryjj.com	Y			https://victoryjj.com	HAS_STORED	1095C Central Avenue			snippets/tjjm-gyms-data-36.liquid
NY	NY	Gentle Art Studio Lotus Club	Astoria	https://www.gentleartstudio.com/	Y			https://www.gentleartstudio.com/	HAS_STORED				snippets/tjjm-gyms-data.liquid
NY	NY	LifeStyle Brazilian Jiu Jitsu Academy	Astoria	http://lifestyle-mma.com	Y			http://lifestyle-mma.com	HAS_STORED	30-89 38th St			snippets/tjjm-gyms-data-36.liquid
NY	NY	Queens Jiu-Jitsu	Astoria	https://www.queensjiujitsu.com/	Y			https://www.queensjiujitsu.com/	HAS_STORED				snippets/tjjm-gyms-data.liquid
NY	NY	Tiger Schulmann's Martial Arts Astoria (Queens) NY	Astoria	https://tsk.com/locations/ny/queens-astoria	Y			https://tsk.com/locations/ny/queens-astoria	HAS_STORED	34 East 23rd Street 2nd and 3rd Floor			snippets/tjjm-gyms-data-36.liquid
NY	NY	CNY MMA	Baldwinsville	https://www.cnymma.com/	Y			https://www.cnymma.com/	HAS_STORED			Y	snippets/tjjm-gyms-data.liquid
NY	NY	Renzo Gracie Bayside	Bayside	https://renzograciebayside.com	Y			https://renzograciebayside.com	HAS_STORED				snippets/tjjm-gyms-data.liquid
NY	NY	Bellmore Kickboxing Academy	Bellmore	https://www.bellmorekickboxing.com/	Y	https://bellmorekickboxingmma.com/	websites-1	https://bellmorekickboxingmma.com/	HAS_STORED+REPOINTED				snippets/tjjm-gyms-data.liquid
NY	NY	Binghamton Brazilian Jiu Jitsu	Binghamton	https://www.binghamtonbjj.com/	Y	https://broomecountymartialarts.com/	websites-1	https://broomecountymartialarts.com/	HAS_STORED+REPOINTED				snippets/tjjm-gyms-data.liquid
NY	NY	Bronx Jiu-Jitsu	Bronx	http://bronxjiujitsu.com	Y			http://bronxjiujitsu.com	HAS_STORED	1621 Crosby Ave			snippets/tjjm-gyms-data-36.liquid
NY	NY	Bronx Martial Arts Academy	Bronx	https://www.bronxmartialarts.com	Y			https://www.bronxmartialarts.com	HAS_STORED	1051 Allerton Ave			snippets/tjjm-gyms-data-36.liquid
NY	NY	Gracie Jiu-Jitsu New York	Bronx	https://gracieny.com	Y			https://gracieny.com	HAS_STORED	3223 E Tremont Ave			snippets/tjjm-gyms-data-36.liquid
NY	NY	Jungle Gym Martial Arts - Bronx	Bronx	http://junglegymbronx.com	Y			http://junglegymbronx.com	HAS_STORED	1526 Unionport Rd			snippets/tjjm-gyms-data-36.liquid
NY	NY	Kaizen Brazilian Jiu-Jitsu	Bronx	http://www.kaizen-jiujitsu.com	Y			http://www.kaizen-jiujitsu.com	HAS_STORED	1005B Morris Park Ave			snippets/tjjm-gyms-data-36.liquid
NY	NY	MCF Warpath Boxing and MMA Academy	Bronx	http://mcfmma.com	Y			http://mcfmma.com	HAS_STORED	801 Bartholdi St			snippets/tjjm-gyms-data-36.liquid
NY	NY	Brooklyn Brazilian Jiu Jitsu	Brooklyn	https://brooklynbjj.com	Y			https://brooklynbjj.com	HAS_STORED				snippets/tjjm-gyms-data.liquid
NY	NY	Brooklyn Mixed Martial Arts & Fitness	Brooklyn	https://www.brooklynmixedmartialarts.com	Y			https://www.brooklynmixedmartialarts.com	HAS_STORED	2418 Ralph Ave			snippets/tjjm-gyms-data-36.liquid
NY	NY	Brooklyn Motumbaxé Capoeira Jiu Jitsu--Mestre Lampréia	Brooklyn	https://lampreiamotumbaxe.com/membership	Y			https://lampreiamotumbaxe.com/membership	HAS_STORED	76 Nevins St			snippets/tjjm-gyms-data-36.liquid
NY	NY	Chop & Chops MMA	Brooklyn	http://www.chopandchopsmma.com	Y			http://www.chopandchopsmma.com	HAS_STORED	862 DeKalb Ave			snippets/tjjm-gyms-data-36.liquid
NY	NY	Darfight Martial Arts	Brooklyn	https://darfight.com	Y			https://darfight.com	HAS_STORED	130 Brighton Beach Ave 2nd Floor			snippets/tjjm-gyms-data-36.liquid
NY	NY	Fight Factory	Brooklyn	http://www.fightfactoryny.com	Y			http://www.fightfactoryny.com	HAS_STORED	2915 Ocean Parkway Service Rd			snippets/tjjm-gyms-data-36.liquid
NY	NY	Gregor Gracie Academy Brooklyn	Brooklyn	https://www.gregorgracie.com/	Y			https://www.gregorgracie.com/	HAS_STORED				snippets/tjjm-gyms-data.liquid
NY	NY	JAO Martial Arts Academy/Caio Terra Brazilian Jiu Jitsu NY	Brooklyn	http://www.jao-maa.com	Y			http://www.jao-maa.com	HAS_STORED	2651 Coney Island Ave			snippets/tjjm-gyms-data-36.liquid
NY	NY	JG Monster Jiujitsu Fitness	Brooklyn	http://www.jgmonsterjiujitsufitness.com	Y			http://www.jgmonsterjiujitsufitness.com	HAS_STORED	117 14th St Ste B			snippets/tjjm-gyms-data-36.liquid
NY	NY	Kings Combat	Brooklyn	https://kingscombat.com/	Y	https://kingscombatwillyb.com/	websites-1	https://kingscombatwillyb.com/	HAS_STORED+REPOINTED				snippets/tjjm-gyms-data.liquid
NY	NY	Park Slope Academy of Brazilian Jiu-Jitsu	Brooklyn	https://www.psabjj.com	Y			https://www.psabjj.com	HAS_STORED	518 5th Ave			snippets/tjjm-gyms-data-36.liquid
NY	NY	Renzo Gracie Bay Ridge	Brooklyn	http://renzograciebayridge.com	Y			http://renzograciebayridge.com	HAS_STORED	7914 3rd Ave Fl 2			snippets/tjjm-gyms-data-36.liquid
NY	NY	Renzo Gracie Brooklyn	Brooklyn	https://renzograciebrooklynnyc.com	Y			https://renzograciebrooklynnyc.com	HAS_STORED		100 Bayard St		snippets/tjjm-gyms-data.liquid
NY	NY	Sheepshead Bay Roll	Brooklyn	http://sheepsheadbayroll.com/contact.html	Y			http://sheepsheadbayroll.com/contact.html	HAS_STORED	2565 E 17th St			snippets/tjjm-gyms-data-36.liquid
NY	NY	TD Athletics	Brooklyn	https://tdathletics.net	Y			https://tdathletics.net	HAS_STORED	713 Snediker Ave			snippets/tjjm-gyms-data-36.liquid
NY	NY	Team Diamond Heart	Brooklyn	https://teamdiamondheart.com	Y			https://teamdiamondheart.com	HAS_STORED	1 White St			snippets/tjjm-gyms-data-36.liquid
NY	NY	The Dojo NYC	Brooklyn	https://www.thedonycny.com/	Y	https://thedojonyc.com/	websites-1	https://thedojonyc.com/	HAS_STORED+REPOINTED				snippets/tjjm-gyms-data.liquid
NY	NY	The Grappling Club	Brooklyn	https://thegrapplingclubnyc.com	Y			https://thegrapplingclubnyc.com	HAS_STORED	370 S 4th St			snippets/tjjm-gyms-data-36.liquid
NY	NY	Tiger Schulmann's Martial Arts Greenpoint (Brooklyn) NY	Brooklyn	https://tsk.com/locations/ny/brooklyn-greenpoint	Y			https://tsk.com/locations/ny/brooklyn-greenpoint	HAS_STORED	211 McGuinness Blvd			snippets/tjjm-gyms-data-36.liquid
NY	NY	UFC GYM Park Slope	Brooklyn	http://www.ufcgym.com	Y			http://www.ufcgym.com	HAS_STORED	340 4th Ave floor 2			snippets/tjjm-gyms-data-36.liquid
NY	NY	Unlimited Martial Arts	Brooklyn	https://unlimitedmartialartsacademy.com	Y			https://unlimitedmartialartsacademy.com	HAS_STORED	505 Union Ave			snippets/tjjm-gyms-data-36.liquid
NY	NY	Williamsburg MMA	Brooklyn	https://www.williamsburgmma.com	Y			https://www.williamsburgmma.com	HAS_STORED	42A Dobbin St			snippets/tjjm-gyms-data-36.liquid
NY	NY	Zero Gravity Jiu-Jitsu Academy	Brooklyn	https://zerogbjj.com	Y			https://zerogbjj.com	HAS_STORED	319 Columbia Street			snippets/tjjm-gyms-data-36.liquid
NY	NY	Buffalo Brazilian Jiu Jitsu Academy	Buffalo	http://www.buffalobjj.com	Y	https://www.buffalobjj.com/	websites-1	https://www.buffalobjj.com/	HAS_STORED+REPOINTED				snippets/tjjm-gyms-data.liquid
NY	NY	Buffalo United Martial Arts	Buffalo	https://buffalounitedmartialarts.com	Y			https://buffalounitedmartialarts.com	HAS_STORED	359 Ganson Street			snippets/tjjm-gyms-data-36.liquid
NY	NY	WNY MMA & Fitness	Buffalo	http://www.wnymma.com	Y			http://www.wnymma.com	HAS_STORED	255 Great Arrow Ave #114			snippets/tjjm-gyms-data-36.liquid
NY	NY	Seven Tigers Martial Arts Academy	Cheektowaga	https://www.seventigersmartialarts.com/	Y			https://www.seventigersmartialarts.com/	HAS_STORED			Y	snippets/tjjm-gyms-data.liquid
NY	NY	Swan's Martial Arts Academy	Cheektowaga	https://www.swansmartialarts.com/	Y			https://www.swansmartialarts.com/	HAS_STORED			Y	snippets/tjjm-gyms-data.liquid
NY	NY	Curtis Tillman's Mixed Martial Arts Academy	Cicero	http://tillman-mma.com	Y			http://tillman-mma.com	HAS_STORED	5885 E Circle Dr			snippets/tjjm-gyms-data-36.liquid
NY	NY	Clobber Jiu Jitsu Academy	Cohoes	https://www.clobberbjj.com/	Y	https://clobberjiujitsu.com/	websites-1	https://clobberjiujitsu.com/	HAS_STORED+REPOINTED				snippets/tjjm-gyms-data.liquid
NY	NY	American Academy Of Self Defense	Deer Park	http://www.aaofsd.com	Y			http://www.aaofsd.com	HAS_STORED	297 Bay Shore Rd			snippets/tjjm-gyms-data-36.liquid
NY	NY	Lake Effect Martial Arts	Depew	https://lakeeffectbjj.com	Y			https://lakeeffectbjj.com	HAS_STORED	2106 George Urban Blvd			snippets/tjjm-gyms-data-36.liquid
NY	NY	Behring Jiu Jitsu NY	Evans Mills	https://behringjiujitsuny.com	Y			https://behringjiujitsuny.com	HAS_STORED	22519 NYS Route 342			snippets/tjjm-gyms-data-36.liquid
NY	NY	Una Brazilian Jiujitsu	Forest Hills	https://www.unabjj.com	Y			https://www.unabjj.com	HAS_STORED	100-33 Metropolitan Ave			snippets/tjjm-gyms-data-36.liquid
NY	NY	Progressive Martial Arts	Fresh Meadows	http://www.progressivemartialarts.com	Y			http://www.progressivemartialarts.com	HAS_STORED	175-25 Horace Expressway			snippets/tjjm-gyms-data-36.liquid
NY	NY	Red Dawn Combat Club- Fresh Meadows	Fresh Meadows	https://reddawnbjj.com	Y			https://reddawnbjj.com	HAS_STORED	186-12 Union Turnpike			snippets/tjjm-gyms-data-36.liquid
NY	NY	Longo and Weidman MMA	Garden City	http://lawmma.com	Y			http://lawmma.com	HAS_STORED	1 Commercial Ave			snippets/tjjm-gyms-data-36.liquid
NY	NY	Tiger Schulmann's Martial Arts Garden City NY	Garden City	https://tsk.com/locations/ny/garden-city	Y			https://tsk.com/locations/ny/garden-city	HAS_STORED	650 Stewart Ave			snippets/tjjm-gyms-data-36.liquid
NY	NY	A-Force BJJ Academy	Great Neck	https://www.aforcebjj.com	Y			https://www.aforcebjj.com	HAS_STORED				snippets/tjjm-gyms-data.liquid
NY	NY	Sub Zero Brazilian Jiu Jitsu	Hamburg	https://subzerobjj.com	Y			https://subzerobjj.com	HAS_STORED				snippets/tjjm-gyms-data.liquid
NY	NY	Vamos MMA	Holbrook	https://www.vamosmma.com	Y			https://www.vamosmma.com	HAS_STORED	1708 Church St			snippets/tjjm-gyms-data-36.liquid
NY	NY	Maxum BJJ Long Island	Huntington	https://www.maxumbjj.com	Y			https://www.maxumbjj.com	HAS_STORED				snippets/tjjm-gyms-data.liquid
NY	NY	Tiger Schulmann's Martial Arts Huntington NY	Huntington	https://tsk.com/locations/ny/huntington	Y			https://tsk.com/locations/ny/huntington	HAS_STORED	1842 E Jericho Turnpike			snippets/tjjm-gyms-data-36.liquid
NY	NY	Rochester Jiu Jitsu	Irondequoit	https://rochesterjiujitsu.com	Y			https://rochesterjiujitsu.com	HAS_STORED				snippets/tjjm-gyms-data.liquid
NY	NY	Ithaca BJJ	Ithaca	https://www.ithacabjj.com/	Y	https://www.ithacabjjschool.com/	websites-1	https://www.ithacabjjschool.com/	HAS_STORED+REPOINTED				snippets/tjjm-gyms-data.liquid
NY	NY	Long Island MMA	Lake Grove	https://limixedmartialarts.com/	Y			https://limixedmartialarts.com/	HAS_STORED				snippets/tjjm-gyms-data.liquid
NY	NY	LockDown BJJ	Lake Ronkonkoma	https://lockdownbjj.com	Y			https://lockdownbjj.com	HAS_STORED	733 Hawkins Ave			snippets/tjjm-gyms-data-36.liquid
NY	NY	Renzo Gracie Latham	Latham	https://renzogracielatham.com/	Y			https://renzogracielatham.com/	HAS_STORED				snippets/tjjm-gyms-data.liquid
NY	NY	Serra BJJ Academy	Levittown	https://serrabjj.com/	Y	https://serrabjjacademy.com/	websites-1	https://serrabjjacademy.com/	HAS_STORED+REPOINTED				snippets/tjjm-gyms-data.liquid
NY	NY	Long Beach Jiu Jitsu	Long Beach	https://lbnyjj.com	Y			https://lbnyjj.com	HAS_STORED	162 W Park Ave Ste 200			snippets/tjjm-gyms-data-36.liquid
NY	NY	City Jiu Jitsu Academy	Long Island City	https://cityjiujitsuacademy.com	Y			https://cityjiujitsuacademy.com	HAS_STORED				snippets/tjjm-gyms-data.liquid
NY	NY	International Training Center of New York	Long Island City	https://www.itcny.com/	Y			https://www.itcny.com/	HAS_STORED				snippets/tjjm-gyms-data.liquid
NY	NY	Kfm Martial Arts & Fitness Academy	Lynbrook	http://www.kfmnewyork.com	Y			http://www.kfmnewyork.com	HAS_STORED	453 Sunrise Highway			snippets/tjjm-gyms-data-36.liquid
NY	NY	Savarese BJJ Academy	Lynbrook	https://www.savarese.com/	Y			https://www.savarese.com/	HAS_STORED			Y	snippets/tjjm-gyms-data.liquid
NY	NY	Tiger Schulmann's Martial Arts Manhasset NY	Manhasset	https://tsk.com/locations/ny/manhasset	Y			https://tsk.com/locations/ny/manhasset	HAS_STORED	1205 Northern Blvd			snippets/tjjm-gyms-data-36.liquid
NY	NY	Next Level Athletic Performance	Marcy	http://www.nxtleveltraining.com	Y			http://www.nxtleveltraining.com	HAS_STORED	9225 River Rd.			snippets/tjjm-gyms-data-36.liquid
NY	NY	Tiger Schulmann's Martial Arts Merrick NY	Merrick	https://tsk.com/locations/ny/merrick	Y			https://tsk.com/locations/ny/merrick	HAS_STORED	2128 Merrick Ave			snippets/tjjm-gyms-data-36.liquid
NY	NY	Middletown BJJ NY	Middletown	https://middletownbjjny.com	Y			https://middletownbjjny.com	HAS_STORED			Y	snippets/tjjm-gyms-data.liquid
NY	NY	Westchester Mixed Martial Arts & Fitness	Mount Kisco	http://www.westchestermmafit.com	Y			http://www.westchestermmafit.com	HAS_STORED	333 North Bedford Rd; Suite 228			snippets/tjjm-gyms-data-36.liquid
NY	NY	Rockland Brazilian Jiu-Jitsu	Nanuet	http://www.rocklandbjj.com	Y			http://www.rocklandbjj.com	HAS_STORED	134 Middletown Rd.			snippets/tjjm-gyms-data-36.liquid
NY	NY	Tiger Schulmann's Martial Arts Nanuet NY	Nanuet	https://tsk.com/locations/ny/nanuet	Y			https://tsk.com/locations/ny/nanuet	HAS_STORED	419 Market St			snippets/tjjm-gyms-data-36.liquid
NY	NY	Renzo Gracie Rockland	New City	https://www.renzogracierockland.com	Y			https://www.renzogracierockland.com	HAS_STORED				snippets/tjjm-gyms-data.liquid
NY	NY	Gracie Barra Long Island	New Hyde Park	https://gblongisland.com	Y			https://gblongisland.com	HAS_STORED	24 Jericho Tpke			snippets/tjjm-gyms-data-36.liquid
NY	NY	UFC GYM Long Island	New Hyde Park	https://www.ufcgym.com/locations/long-island	Y			https://www.ufcgym.com/locations/long-island	HAS_STORED	2020 Jericho Turnpike			snippets/tjjm-gyms-data-36.liquid
NY	NY	Igor Gracie Jiu Jitsu Academy	New Rochelle	https://igorgraciejiujitsu.com	Y			https://igorgraciejiujitsu.com	HAS_STORED				snippets/tjjm-gyms-data.liquid
NY	NY	Jungle Gym Martial Arts	New Rochelle	https://junglegym.com/	Y	https://junglegymnewroc.com/	websites-1	https://junglegymnewroc.com/	HAS_STORED+REPOINTED				snippets/tjjm-gyms-data.liquid
NY	NY	Westchester Fight Club	New Rochelle	https://westchesterfightclub.com	Y			https://westchesterfightclub.com	HAS_STORED	11 S Division St			snippets/tjjm-gyms-data-36.liquid
NY	NY	Tiger Schulmann's Martial Arts New Windsor NY	New Windsor	https://tsk.com/locations/ny/new-windsor	Y			https://tsk.com/locations/ny/new-windsor	HAS_STORED	317 Windsor Hwy			snippets/tjjm-gyms-data-36.liquid
NY	NY	10th Planet Jiu Jitsu NYC	New York	https://www.10thplanetjjnyc.com	Y			https://www.10thplanetjjnyc.com	HAS_STORED		35 W 43rd St Fl 4		snippets/tjjm-gyms-data.liquid
NY	NY	Anderson's Martial Arts Academy	New York	https://www.andersonsmartialarts.com	Y			https://www.andersonsmartialarts.com	HAS_STORED		12 E 14th St		snippets/tjjm-gyms-data.liquid
NY	NY	Big Apple BJJ Open	New York	http://bigapplebjjopen.com	Y			http://bigapplebjjopen.com	HAS_STORED	122 Amsterdam Ave			snippets/tjjm-gyms-data-36.liquid
NY	NY	Brazilian Jiu Jitsu of Washington Heights	New York	http://bjjofwashingtonheights.com	Y			http://bjjofwashingtonheights.com	HAS_STORED	4450 Broadway 2nd floor			snippets/tjjm-gyms-data-36.liquid
NY	NY	Buzz Martial Arts	New York	https://buzzma.com	Y			https://buzzma.com	HAS_STORED	173 E 91st St			snippets/tjjm-gyms-data-36.liquid
NY	NY	Bwarrior MMA	New York	http://bwarrior.com	Y			http://bwarrior.com	HAS_STORED	226 E 54th St 3rd floor			snippets/tjjm-gyms-data-36.liquid
NY	NY	Church Street Boxing Gym	New York	http://csboxinggym.com	Y			http://csboxinggym.com	HAS_STORED	25 Park Pl			snippets/tjjm-gyms-data-36.liquid
NY	NY	Clockwork Brazilian Jiu-Jitsu	New York	https://www.clockworkbjj.com	Y			https://www.clockworkbjj.com	HAS_STORED		650 Broadway Fl 2		snippets/tjjm-gyms-data.liquid
NY	NY	David Kaplan Martial Arts	New York	https://www.davidkaplanmartialarts.com	Y			https://www.davidkaplanmartialarts.com	HAS_STORED	79 MacDougal St			snippets/tjjm-gyms-data-36.liquid
NY	NY	Evolution Muay Thai	New York	http://evolutionmuaythai.com	Y			http://evolutionmuaythai.com	HAS_STORED	213 W 35th St Ground Floor			snippets/tjjm-gyms-data-36.liquid
NY	NY	Five Points Academy	New York	http://www.academyfivepoints.com	Y			http://www.academyfivepoints.com	HAS_STORED	148 Lafayette St Ground Fl			snippets/tjjm-gyms-data-36.liquid
NY	NY	Gotham Jiu Jitsu	New York	http://www.gothamjiujitsu.com	Y			http://www.gothamjiujitsu.com	HAS_STORED	210 5th Ave			snippets/tjjm-gyms-data-36.liquid
NY	NY	Jiu Livre NYC	New York	https://www.jiulivrenyc.com/	Y	https://jiulivre.com/	websites-1	https://jiulivre.com/	HAS_STORED+REPOINTED		383 5th Ave Fl 3		snippets/tjjm-gyms-data.liquid
NY	NY	Jkd NYC	New York	https://jkdnyc.com	Y			https://jkdnyc.com	HAS_STORED	W 46th ST 6th ave 2nd Floor			snippets/tjjm-gyms-data-36.liquid
NY	NY	Jon Calestine BJJ	New York	https://www.joncalestinebjj.com/	Y	https://calestinejj.com/	websites-1	https://calestinejj.com/	HAS_STORED+REPOINTED				snippets/tjjm-gyms-data.liquid
NY	NY	Kioto Brazilian Jiu Jitsu	New York	https://www.kiotobjj.com/	Y			https://www.kiotobjj.com/	HAS_STORED				snippets/tjjm-gyms-data.liquid
NY	NY	Marcelo Garcia Academy	New York	https://www.marcelogarciajj.com/	Y			https://www.marcelogarciajj.com/	HAS_STORED		250 W 26th St Fl 3		snippets/tjjm-gyms-data.liquid
NY	NY	Modern Martial Arts NYC	New York	https://modernmartialarts.com/	Y	https://www.mmanewyorkcity.com/	websites-1	https://www.mmanewyorkcity.com/	HAS_STORED+REPOINTED				snippets/tjjm-gyms-data.liquid
NY	NY	Modern Martial Arts NYC Upper Eastside	New York	https://www.mmanewyorkcity.com/locations/upper-eastside	Y			https://www.mmanewyorkcity.com/locations/upper-eastside	HAS_STORED	220 E 86th St			snippets/tjjm-gyms-data-36.liquid
NY	NY	Modern Martial Arts Tribeca	New York	https://www.mmanewyorkcity.com/locations/tribeca	Y			https://www.mmanewyorkcity.com/locations/tribeca	HAS_STORED	78 Reade St			snippets/tjjm-gyms-data-36.liquid
NY	NY	NY Combat Club	New York	http://www.nycombatclub.com	Y			http://www.nycombatclub.com	HAS_STORED	107 Chambers St			snippets/tjjm-gyms-data-36.liquid
NY	NY	Next Evolution Martial Arts	New York	https://nextevolutionma.com/	Y	https://nextevolutionmartialarts.com/	websites-1	https://nextevolutionmartialarts.com/	HAS_STORED+REPOINTED		1786 3rd Ave		snippets/tjjm-gyms-data.liquid
NY	NY	Paxibellum	New York	https://www.paxibellum.com/	Y	https://paxibellum.com/	websites-1	https://paxibellum.com/	HAS_STORED+REPOINTED		4 W 18th St Fl 3		snippets/tjjm-gyms-data.liquid
NY	NY	Radical MMA	New York	https://radicalmmanyc.com	Y			https://radicalmmanyc.com	HAS_STORED	235 W 29th St			snippets/tjjm-gyms-data-36.liquid
NY	NY	Range Brazilian Jiu-Jitsu	New York	https://www.rangebjj.com	Y			https://www.rangebjj.com	HAS_STORED		328 E 61st St Ground Fl		snippets/tjjm-gyms-data.liquid
NY	NY	Renzo Gracie Academy	New York	https://renzogracieacademy.com	Y			https://renzogracieacademy.com	HAS_STORED		224 W 30th St		snippets/tjjm-gyms-data.liquid
NY	NY	Renzo Gracie East Side	New York	https://www.renzogracieeastside.com	Y			https://www.renzogracieeastside.com	HAS_STORED		1264 Lexington Ave Fl 2		snippets/tjjm-gyms-data.liquid
NY	NY	Renzo Gracie Jiu-Jitsu Upper West Side	New York	https://www.renzogracieuws.com	Y			https://www.renzogracieuws.com	HAS_STORED	Subcellar 246 Columbus Ave			snippets/tjjm-gyms-data-36.liquid
NY	NY	Ronin Athletics	New York	https://roninathletics.com	Y			https://roninathletics.com	HAS_STORED		265 Madison Ave Fl 5		snippets/tjjm-gyms-data.liquid
NY	NY	Square Circle New York	New York	https://squarecirclenewyork.com	Y			https://squarecirclenewyork.com	HAS_STORED	139 Fulton St #706			snippets/tjjm-gyms-data-36.liquid
NY	NY	Studio X	New York	https://www.studiox.nyc/	Y			https://www.studiox.nyc/	HAS_STORED		6 St Marks Pl Fl 2		snippets/tjjm-gyms-data.liquid
NY	NY	Team Jucao Brazilian Jiu Jitsu	New York	https://teamjucao.com	Y			https://teamjucao.com	HAS_STORED	7 2067 Broadway			snippets/tjjm-gyms-data-36.liquid
NY	NY	Tiger Schulmann's Martial Arts Chelsea (New York City) NY	New York	https://tsk.com/locations/ny/chelsea	Y			https://tsk.com/locations/ny/chelsea	HAS_STORED	688 Avenue of the Americas 2nd and 3rd Floor			snippets/tjjm-gyms-data-36.liquid
NY	NY	Tiger Schulmann's Martial Arts Upper East Side (New York City) NY	New York	https://tsk.com/locations/ny/upper-east-side	Y			https://tsk.com/locations/ny/upper-east-side	HAS_STORED	1470 1st Avenue			snippets/tjjm-gyms-data-36.liquid
NY	NY	Unity Jiu Jitsu	New York	https://unityjiujitsu.com	Y			https://unityjiujitsu.com	HAS_STORED		144 W 14th St		snippets/tjjm-gyms-data.liquid
NY	NY	Upper West Side Brazilian Jiu-Jitsu	New York	http://www.uwskenshikai.com/bjj	Y			http://www.uwskenshikai.com/bjj	HAS_STORED	928 Columbus Ave			snippets/tjjm-gyms-data-36.liquid
NY	NY	Valor Mixed Martial Arts	New York	https://valormmanyc.com	Y			https://valormmanyc.com	HAS_STORED	2067 Broadway			snippets/tjjm-gyms-data-36.liquid
NY	NY	Vitor Shaolin BJJ NYC	New York	https://www.bjjnewyorkcity.com	Y			https://www.bjjnewyorkcity.com	HAS_STORED		780 8th Ave		snippets/tjjm-gyms-data.liquid
NY	NY	Workshop NYC	New York	http://www.workshop-nyc.com	Y			http://www.workshop-nyc.com	HAS_STORED	92 Delancey St			snippets/tjjm-gyms-data-36.liquid
NY	NY	Yojimbo BJJ	New York	http://www.yojimbonyc.com	Y			http://www.yojimbonyc.com	HAS_STORED	125 W 31st St			snippets/tjjm-gyms-data-36.liquid
NY	NY	Newburgh BJJ	Newburgh	https://newburghbjj.com	Y			https://newburghbjj.com	HAS_STORED			Y	snippets/tjjm-gyms-data.liquid
NY	NY	Fight-Sport Training Center	Niagara Falls	https://www.fightsporttrainingcenter.com/	Y			https://www.fightsporttrainingcenter.com/	HAS_STORED				snippets/tjjm-gyms-data.liquid
NY	NY	Gracie Barra North Babylon	North Babylon	https://gbnorthbabylon.com	Y			https://gbnorthbabylon.com	HAS_STORED	1486 Deer Pk Ave			snippets/tjjm-gyms-data-36.liquid
NY	NY	Oneonta Jiu Jitsu Academy	Oneonta	https://oneontajiujitsuacademy.com	Y			https://oneontajiujitsuacademy.com	HAS_STORED	5366 Main Street			snippets/tjjm-gyms-data-36.liquid
NY	NY	D'Arce Brazilian Jiu-Jitsu	Patchogue	http://www.darcejiujitsu.com	Y			http://www.darcejiujitsu.com	HAS_STORED	208-12 East Main St			snippets/tjjm-gyms-data-36.liquid
NY	NY	Peak Jiu-Jitsu	Patchogue	https://www.peakjj.com	Y			https://www.peakjj.com	HAS_STORED	176 W Main Street			snippets/tjjm-gyms-data-36.liquid
NY	NY	Plattsburgh BJJ	Plattsburgh	https://plattsburghbjj.com	Y			https://plattsburghbjj.com	HAS_STORED			Y	snippets/tjjm-gyms-data.liquid
NY	NY	Gracie Jiu-Jitsu Point Lookout	Point Lookout	https://graciejiujitsuli.com	Y			https://graciejiujitsuli.com	HAS_STORED	5 lido blvd.			snippets/tjjm-gyms-data-36.liquid
NY	NY	The Jiu Jitsu Mill	Port Chester	https://thejiujitsumill.com	Y			https://thejiujitsumill.com	HAS_STORED				snippets/tjjm-gyms-data.liquid
NY	NY	Gracie Jiu-Jitsu Poughkeepsie	Poughkeepsie	https://nationalmartialartsandfitness.com	Y			https://nationalmartialartsandfitness.com	HAS_STORED	473 violet ave.			snippets/tjjm-gyms-data-36.liquid
NY	NY	At Jiu-Jitsu NYC	Queens	http://www.atjiujitsunyc.com	Y			http://www.atjiujitsunyc.com	HAS_STORED	80-22 Northern Blvd			snippets/tjjm-gyms-data-36.liquid
NY	NY	Butch's Boxing & MMA	Queens	http://www.ny-mma.com	Y			http://www.ny-mma.com	HAS_STORED	203-18 35th Ave			snippets/tjjm-gyms-data-36.liquid
NY	NY	Hidden Fist Mixed Martial Arts Academy	Queens	https://www.hiddenfistacademy.com	Y			https://www.hiddenfistacademy.com	HAS_STORED	41-25 Bell Blvd			snippets/tjjm-gyms-data-36.liquid
NY	NY	IJC Martial Arts	Queens	https://ijcnyc.com	Y			https://ijcnyc.com	HAS_STORED	28-20 120th St 2nd Floor			snippets/tjjm-gyms-data-36.liquid
NY	NY	Krystek School of Judo, BJJ, Self Defense and Fitness	Queens	https://krystekjudo.com	Y			https://krystekjudo.com	HAS_STORED	96-25 Linden Blvd			snippets/tjjm-gyms-data-36.liquid
NY	NY	Lotus Jiu Jitsu Flushing	Queens	http://www.flushingjiujitsu.com	Y			http://www.flushingjiujitsu.com	HAS_STORED	150-15 Northern Blvd			snippets/tjjm-gyms-data-36.liquid
NY	NY	Mayo Kickboxing & MMA Academy	Queens	http://mayomma.com	Y			http://mayomma.com	HAS_STORED	84-33 Jamaica Ave 2nd floor			snippets/tjjm-gyms-data-36.liquid
NY	NY	Modern Martial Arts Astoria	Queens		Y				EMPTY_STORED|RENDERS_BLANK	3508 Ditmars Blvd			snippets/tjjm-gyms-data-36.liquid
NY	NY	Spirit Martial Arts	Queens	https://spiritmma.com	Y			https://spiritmma.com	HAS_STORED	103-11 101st Ave			snippets/tjjm-gyms-data-36.liquid
NY	NY	Striking 101 Mixed Martial Arts - Forest Hills	Queens	https://s101hq.com	Y			https://s101hq.com	HAS_STORED	96-21 69th Ave			snippets/tjjm-gyms-data-36.liquid
NY	NY	Tiger Schulmann's Martial Arts Bayside (Queens) NY	Queens	https://tsk.com/locations/ny/queens-bayside	Y			https://tsk.com/locations/ny/queens-bayside	HAS_STORED	215-15 Northern Blvd			snippets/tjjm-gyms-data-36.liquid
NY	NY	Tiger Schulmann's Martial Arts Bellerose (Queens) NY	Queens	https://tsk.com/locations/ny/bellerose	Y			https://tsk.com/locations/ny/bellerose	HAS_STORED	251-73 Jericho Turnpike			snippets/tjjm-gyms-data-36.liquid
NY	NY	Tiger Schulmann's Martial Arts Fresh Meadows (Queens) NY	Queens	https://tsk.com/locations/ny/queens-fresh-meadows	Y			https://tsk.com/locations/ny/queens-fresh-meadows	HAS_STORED	162-16 Union Tpke			snippets/tjjm-gyms-data-36.liquid
NY	NY	Tiger Schulmann's Martial Arts Glendale (Queens) NY	Queens	https://tsk.com/locations/ny/queens-glendale	Y			https://tsk.com/locations/ny/queens-glendale	HAS_STORED	The Shops at Atlas Park, 8000 Cooper Ave			snippets/tjjm-gyms-data-36.liquid
NY	NY	Tiger Schulmann's Martial Arts Jackson Heights (Queens) NY	Queens	https://tsk.com/locations/ny/queens-jackson-heights	Y			https://tsk.com/locations/ny/queens-jackson-heights	HAS_STORED	8710 Northern Blvd Suite 210			snippets/tjjm-gyms-data-36.liquid
NY	NY	Tiger Schulmann's Martial Arts Middle Village (Queens) NY	Queens	https://tsk.com/locations/ny/queens-middle-village	Y			https://tsk.com/locations/ny/queens-middle-village	HAS_STORED	61-22 Fresh Pond Rd			snippets/tjjm-gyms-data-36.liquid
NY	NY	Tiger Schulmann's Martial Arts Rego Park (Queens) NY	Queens	https://tsk.com/locations/ny/queens-rego-park	Y			https://tsk.com/locations/ny/queens-rego-park	HAS_STORED	97-27 Queens Blvd			snippets/tjjm-gyms-data-36.liquid
NY	NY	Touro Fajardo Brazilian Jiu Jitsu	Queens	https://www.tourofajardobrazilianjiujitsu.com	Y			https://www.tourofajardobrazilianjiujitsu.com	HAS_STORED	8927 37th Ave			snippets/tjjm-gyms-data-36.liquid
NY	NY	Training Zone NYC - Ozone Park	Queens	https://www.tznyc.com	Y			https://www.tznyc.com	HAS_STORED	94-00 Liberty Ave			snippets/tjjm-gyms-data-36.liquid
NY	NY	Yin Yang Jiu Jitsu	Queens		Y				EMPTY_STORED|RENDERS_BLANK	42-05 Parsons Blvd			snippets/tjjm-gyms-data-36.liquid
NY	NY	Kings Combat Fitness	Rego Park	https://kingscombatfitness.com	Y			https://kingscombatfitness.com	HAS_STORED	98-120 Queens Blvd			snippets/tjjm-gyms-data-36.liquid
NY	NY	10th Planet Rochester	Rochester	http://www.10thplanetjiujitsurochester.com	Y			http://www.10thplanetjiujitsurochester.com	HAS_STORED	Rear Entrance Door H			snippets/tjjm-gyms-data-36.liquid
NY	NY	Bedroc MMA & Fitness	Rochester	https://www.bedrocmma.com	Y			https://www.bedrocmma.com	HAS_STORED	1942 Ridge Road W.			snippets/tjjm-gyms-data-36.liquid
NY	NY	Crossfit 585 BJJ	Rochester	http://www.crossfit585bjj.com/home	Y			http://www.crossfit585bjj.com/home	HAS_STORED	22 Winston Place			snippets/tjjm-gyms-data-36.liquid
NY	NY	Elite Fitness & Martial Arts	Rochester	https://www.elitefitnessmartialarts.com/	Y			https://www.elitefitnessmartialarts.com/	HAS_STORED			Y	snippets/tjjm-gyms-data.liquid
NY	NY	Nova Jiu Jitsu Rochester	Rochester	https://novajiujitsu.com	Y			https://novajiujitsu.com	HAS_STORED				snippets/tjjm-gyms-data.liquid
NY	NY	Rochester Fitness Martial Arts	Rochester	https://www.rochesterfitnessmartialarts.com/	Y			https://www.rochesterfitnessmartialarts.com/	HAS_STORED			Y	snippets/tjjm-gyms-data.liquid
NY	NY	Synthesis Brazilian Jiu-Jitsu	Rochester	https://synthesisbjj.com	Y			https://synthesisbjj.com	HAS_STORED				snippets/tjjm-gyms-data.liquid
NY	NY	Alpha Omega MMA	Rockville Centre	http://www.alphaomegamma.com	Y			http://www.alphaomegamma.com	HAS_STORED	279 Sunrise Highway			snippets/tjjm-gyms-data-36.liquid
NY	NY	Tiger Schulmann's Martial Arts Rockville Centre NY	Rockville Centre	https://tsk.com/locations/ny/rockville-centre	Y			https://tsk.com/locations/ny/rockville-centre	HAS_STORED	274 Sunrise Hwy			snippets/tjjm-gyms-data-36.liquid
NY	NY	East West MMA	Seldon	http://www.circleofoneny.com	Y			http://www.circleofoneny.com	HAS_STORED	600 Middle County Road			snippets/tjjm-gyms-data-36.liquid
NY	NY	Tiger Schulmann's Martial Arts Smithtown NY	Smithtown	https://tsk.com/locations/ny/smithtown	Y			https://tsk.com/locations/ny/smithtown	HAS_STORED	10 Miller Pl			snippets/tjjm-gyms-data-36.liquid
NY	NY	Atlas Jiu Jitsu Glens Falls	South Glens Falls	https://www.atlasjiujitsu.com/glenns-falls	Y			https://www.atlasjiujitsu.com/glenns-falls	HAS_STORED	10 Main St			snippets/tjjm-gyms-data-36.liquid
NY	NY	Peloton Martial Arts Center	Spencerport	http://www.peloton-bjj.com	Y			http://www.peloton-bjj.com	HAS_STORED	2139 North Union St.; Ste.7			snippets/tjjm-gyms-data-36.liquid
NY	NY	Codella Brazilian Jiu Jitsu Academy	Staten Island	http://codellaacademy.com	Y			http://codellaacademy.com	HAS_STORED	3755 Victory Blvd			snippets/tjjm-gyms-data-36.liquid
NY	NY	Renzo Gracie Staten Island	Staten Island	https://sinybjj.com	Y			https://sinybjj.com	HAS_STORED	4349 Hylan Boulevard			snippets/tjjm-gyms-data-36.liquid
NY	NY	Staten Island Brazilian Jiu-Jitsu/MMA	Staten Island	http://sibjjmma.com	Y			http://sibjjmma.com	HAS_STORED	1230 Castleton Ave			snippets/tjjm-gyms-data-36.liquid
NY	NY	Team Real USA	Staten Island	https://teamrealusa.com/wp	Y			https://teamrealusa.com/wp	HAS_STORED	2298 Arthur Kill Rd			snippets/tjjm-gyms-data-36.liquid
NY	NY	Tiger Schulmann's Martial Arts New Dorp (Staten Island) NY	Staten Island	https://tsk.com/locations/ny/staten-island-new-dorp	Y			https://tsk.com/locations/ny/staten-island-new-dorp	HAS_STORED	363 New Dorp Ln			snippets/tjjm-gyms-data-36.liquid
NY	NY	Tiger Schulmann's Martial Arts Tottenville (Staten Island) NY	Staten Island	https://tsk.com/locations/ny/staten-island-tottenville	Y			https://tsk.com/locations/ny/staten-island-tottenville	HAS_STORED	2955 Veterans Rd W 2nd Floor			snippets/tjjm-gyms-data-36.liquid
NY	NY	Marlon Colorado BJJ NYC	Sunnyside	https://www.marloncoloradobjjnyc.com/	Y			https://www.marloncoloradobjjnyc.com/	HAS_STORED				snippets/tjjm-gyms-data.liquid
NY	NY	Tiger Schulmann's Martial Arts Syosset NY	Syosset	https://tsk.com/locations/ny/syosset	Y			https://tsk.com/locations/ny/syosset	HAS_STORED	354 Jericho Turnpike			snippets/tjjm-gyms-data-36.liquid
NY	NY	Haven Jiu Jitsu	Syracuse	https://cnyjiujitsu.com	Y			https://cnyjiujitsu.com	HAS_STORED				snippets/tjjm-gyms-data.liquid
NY	NY	Miori Martial Arts	Syracuse	https://www.miorimartialarts.com/	Y			https://www.miorimartialarts.com/	HAS_STORED				snippets/tjjm-gyms-data.liquid
NY	NY	Sas Jiu Jitsu Syracuse	Syracuse	https://www.sasteamsyracuse.com	Y			https://www.sasteamsyracuse.com	HAS_STORED	3507B JAMES ST, (EASTWOOD PLAZA)			snippets/tjjm-gyms-data-36.liquid
NY	NY	Precision Brazilian Jiu Jitsu	Utica	https://www.precisionbjj.com/	Y			https://www.precisionbjj.com/	HAS_STORED			Y	snippets/tjjm-gyms-data.liquid
NY	NY	Utica Combat Athletics	Utica	http://www.uticacombat.com	Y			http://www.uticacombat.com	HAS_STORED	800 Broad St			snippets/tjjm-gyms-data-36.liquid
NY	NY	Gracie Jiu-Jitsu Victor	Victor	https://gracievictor.com	Y			https://gracievictor.com	HAS_STORED	8050 Victor Mendon Rd Suite 500			snippets/tjjm-gyms-data-36.liquid
NY	NY	Black Hole Jiu Jitsu	Wappingers Falls	https://blackholejj.com	Y			https://blackholejj.com	HAS_STORED	1285 US-9			snippets/tjjm-gyms-data-36.liquid
NY	NY	American Top Team Watertown	Watertown	http://americantopteamwatertown.com	Y			http://americantopteamwatertown.com	HAS_STORED	1291 Faichney Dr			snippets/tjjm-gyms-data-36.liquid
NY	NY	Watertown BJJ NY	Watertown	https://watertownbjjny.com	Y			https://watertownbjjny.com	HAS_STORED			Y	snippets/tjjm-gyms-data.liquid
NY	NY	Dark Arts Muay Thai and Brazilian Jiu Jitsu	Webster	http://darkartsroc.com	Y			http://darkartsroc.com	HAS_STORED	1217 Bay Rd			snippets/tjjm-gyms-data-36.liquid
NY	NY	Shōgun Jiu Jitsu Academy	Webster	http://www.shogunma.com	Y			http://www.shogunma.com	HAS_STORED	60 Barrett Dr			snippets/tjjm-gyms-data-36.liquid
NY	NY	Brazilian Power Team Westchester	White Plains	https://www.bptwestchester.com/	Y			https://www.bptwestchester.com/	HAS_STORED			Y	snippets/tjjm-gyms-data.liquid
NY	NY	East Coast United Queens Academy of Brazilian Jiu Jitsu	Whitestone	http://www.ecuqueensbjj.com	Y			http://www.ecuqueensbjj.com	HAS_STORED	12-40A Clintonville St			snippets/tjjm-gyms-data-36.liquid
NY	NY	Renzo Gracie Whitestone	Whitestone	http://renzogracie-whitestone.com	Y			http://renzogracie-whitestone.com	HAS_STORED	150-33 14th Ave			snippets/tjjm-gyms-data-36.liquid
NY	NY	Glory Mixed Martial Arts	Woodside	http://www.glorymma.com	Y			http://www.glorymma.com	HAS_STORED	45-35 47th St			snippets/tjjm-gyms-data-36.liquid
NY	NY	Peak Performance MMA	Yonkers	https://peakperformancemma.com/	Y			https://peakperformancemma.com/	HAS_STORED				snippets/tjjm-gyms-data.liquid
NY	NY	Tiger Schulmann's Martial Arts Yonkers NY	Yonkers	https://tsk.com/locations/ny/yonkers	Y			https://tsk.com/locations/ny/yonkers	HAS_STORED	2361B Central Park Ave			snippets/tjjm-gyms-data-36.liquid
OH	OH	Akron BJJ	Akron	https://akronbjj.com	Y			https://akronbjj.com	HAS_STORED			Y	snippets/tjjm-gyms-data.liquid
OH	OH	Apex Fight Systems	Akron		N				NO_W_KEY|RENDERS_BLANK	21 N Arlington St			snippets/tjjm-gyms-data-15.liquid
OH	OH	Dudu Barros Jiu Jitsu Academy	Akron		N				NO_W_KEY|RENDERS_BLANK	1900 W Market St			snippets/tjjm-gyms-data-15.liquid
OH	OH	GT Brazilian Jiu-Jitsu	Akron	https://www.gtbjjohio.com/	Y			https://www.gtbjjohio.com/	HAS_STORED	1220 E Tallmadge Ave			snippets/tjjm-gyms-data-15.liquid
OH	OH	Gotham Gym/ Savage MMA and Fitness LLC	Akron	http://gothamgym.gymmasteronline.com/	Y			http://gothamgym.gymmasteronline.com/	HAS_STORED	1946 Buchholzer Blvd			snippets/tjjm-gyms-data-15.liquid
OH	OH	McLeod Jiu-Jitsu Predator Martial Arts Royce Gracie Jiu-Jitsu	Akron		N				NO_W_KEY|RENDERS_BLANK	1900 W Market St			snippets/tjjm-gyms-data-15.liquid
OH	OH	Zahand's Martial Arts	Akron	http://www.zahands.com/	Y			http://www.zahands.com/	HAS_STORED	1576 Akron Peninsula Rd			snippets/tjjm-gyms-data-15.liquid
OH	OH	Next Level Martial Arts Alliance	Alliance	http://www.mountunionbjj.com/	Y			http://www.mountunionbjj.com/	HAS_STORED	22019 Harrisburg Westville Rd			snippets/tjjm-gyms-data-15.liquid
OH	OH	G-Force MMA	Amelia	http://gforcemma.com/	Y			http://gforcemma.com/	HAS_STORED	1726 E Ohio Pike			snippets/tjjm-gyms-data-15.liquid
OH	OH	Consecution Jiu-Jitsu	Austinburg	http://consecutionjiujitsu.com/	Y			http://consecutionjiujitsu.com/	HAS_STORED	2877 OH-307			snippets/tjjm-gyms-data-15.liquid
OH	OH	Next Level Martial Arts Academy	Austintown	http://youngstownmartialarts.com/	Y			http://youngstownmartialarts.com/	HAS_STORED	5013 Mahoning Ave			snippets/tjjm-gyms-data-15.liquid
OH	OH	Rio Pro Brazilian Jiu Jitsu	Beachwood	https://rioprobjj.com	Y			https://rioprobjj.com	HAS_STORED	24000 Mercantile Rd Suite 5			snippets/tjjm-gyms-data-15.liquid
OH	OH	Dayton Mixed Martial Arts Academy	Beavercreek	http://www.daytonmma.com/	Y			http://www.daytonmma.com/	HAS_STORED	3329 Seajay Dr			snippets/tjjm-gyms-data-15.liquid
OH	OH	Rising Dragon Mixed Martial Arts & Fitness	Bedford Heights	http://risingdragonmma.com/	Y			http://risingdragonmma.com/	HAS_STORED	24565 Aurora Rd			snippets/tjjm-gyms-data-15.liquid
OH	OH	Ohio Fitness & Martial Arts	Bellefontaine		N				NO_W_KEY|RENDERS_BLANK	304 E Lake Ave			snippets/tjjm-gyms-data-15.liquid
OH	OH	Jujitsu School Of Self Defense	Big Prairie	http://jujitsuschool.net/	Y			http://jujitsuschool.net/	HAS_STORED	13559 Shreve Rd			snippets/tjjm-gyms-data-15.liquid
OH	OH	Gracie Cincinnati Jiu-Jitsu	Blue Ash	http://graciecincinnati.com/	Y			http://graciecincinnati.com/	HAS_STORED	11263 Williamson Rd			snippets/tjjm-gyms-data-15.liquid
OH	OH	Brazilian Jiu-Jitsu & Self Defense Academy	Boardman	http://youngstownjiujitsu.com/	Y			http://youngstownjiujitsu.com/	HAS_STORED	8302 Southern Blvd			snippets/tjjm-gyms-data-15.liquid
OH	OH	1-Up BJJ/Team Chard West (inside Old School Iron Gym)	Brook Park	http://www.1upjiujitsu.com/	Y			http://www.1upjiujitsu.com/	HAS_STORED	5139 W 140th St			snippets/tjjm-gyms-data-15.liquid
OH	OH	RTSC Training Center	Brook Park	https://sasclevelandohio.com	Y		websites-2		HAS_STORED+BLANKED|RENDERS_BLANK	6511 Eastland Road Suite 109			snippets/tjjm-gyms-data-15.liquid
OH	OH	Bryan Jiu-Jitsu Academy	Bryan	http://jiujitsubryan.ninja/	Y		websites-2		HAS_STORED+BLANKED|RENDERS_BLANK	120 W High St			snippets/tjjm-gyms-data-15.liquid
OH	OH	Infinity Arts	Cambridge	https://www.facebook.com/InfinityArtsMartialArts/	Y			https://www.facebook.com/InfinityArtsMartialArts/	HAS_STORED	61573 Moores Ln			snippets/tjjm-gyms-data-15.liquid
OH	OH	Mario Sperry Jiu-Jitsu of Ohio	Canfield	http://www.msjjo.com/	Y			http://www.msjjo.com/	HAS_STORED	64 Cardinal Dr Unit B			snippets/tjjm-gyms-data-15.liquid
OH	OH	Canton BJJ	Canton	https://cantonbjj.com	Y			https://cantonbjj.com	HAS_STORED			Y	snippets/tjjm-gyms-data.liquid
OH	OH	Sabatino MMA and Fitness	Canton	http://facebook.com/sabatinomma	Y			http://facebook.com/sabatinomma	HAS_STORED	3045 Cleveland Ave SW S			snippets/tjjm-gyms-data-15.liquid
OH	OH	Victory MMA Jujitsu Sbmssn	Canton	http://www.victorymmasubmissionfighting.org/	Y		websites-2		HAS_STORED+BLANKED|RENDERS_BLANK	1223 30th St NW			snippets/tjjm-gyms-data-15.liquid
OH	OH	Brown Institute	Centerville	http://www.browninstitute.com/	Y			http://www.browninstitute.com/	HAS_STORED	912 E Franklin St			snippets/tjjm-gyms-data-21.liquid
OH	OH	Chillicothe BJJ	Chillicothe	https://chillicothebjj.com	Y			https://chillicothebjj.com	HAS_STORED			Y	snippets/tjjm-gyms-data.liquid
OH	OH	Monster Brazilian Jiu Jitsu	Chillicothe	https://monsterbjj.com/contact-us/	Y			https://monsterbjj.com/contact-us/	HAS_STORED	79 N Mulberry St			snippets/tjjm-gyms-data-15.liquid
OH	OH	Club MMA: Mixed Martial Arts	Cincinnati	http://www.club-mma.com/	Y			http://www.club-mma.com/	HAS_STORED	3285 Westbourne Dr			snippets/tjjm-gyms-data-15.liquid
OH	OH	GB Kenwood	Cincinnati		N				NO_W_KEY|RENDERS_BLANK	7720 Montgomery Road			snippets/tjjm-gyms-data-15.liquid
OH	OH	Kombat Arts Ohio	Cincinnati	https://kombatartsohio.com	Y		websites-2		HAS_STORED+BLANKED|RENDERS_BLANK				snippets/tjjm-gyms-data.liquid
OH	OH	Limitless BJJ Cincinnati	Cincinnati	https://limitlessbjj.com	Y			https://limitlessbjj.com	HAS_STORED				snippets/tjjm-gyms-data.liquid
OH	OH	Powell MMA and Fitness (Jiu Jitsu, Kickboxing, Wrestling)	Cincinnati	http://powellmmaandfitness.com/	Y			http://powellmmaandfitness.com/	HAS_STORED	1213 York St			snippets/tjjm-gyms-data-15.liquid
OH	OH	School of Combative Arts	Cincinnati	https://www.schoolcombativearts.com/schedule-a-class	Y			https://www.schoolcombativearts.com/schedule-a-class	HAS_STORED	4385 Creek Rd			snippets/tjjm-gyms-data-15.liquid
OH	OH	US Martial Arts Academy	Cincinnati	http://usmartialartsacademy.com/	Y			http://usmartialartsacademy.com/	HAS_STORED	834 Ohio Pike			snippets/tjjm-gyms-data-15.liquid
OH	OH	Vision Fitness & MMA	Cincinnati	http://www.visionmma.com/	Y			http://www.visionmma.com/	HAS_STORED	3470 Cardiff Ave			snippets/tjjm-gyms-data-15.liquid
OH	OH	RoundTown Brazilian Jiu-Jitsu Academy	Circleville	http://www.roundtownjiujitsu.com/	Y			http://www.roundtownjiujitsu.com/	HAS_STORED	520 S Court St			snippets/tjjm-gyms-data-15.liquid
OH	OH	Alliance Jiu Jitsu Ohio	Cleveland	https://alliancejiujitsuohio.com	Y			https://alliancejiujitsuohio.com	HAS_STORED			Y	snippets/tjjm-gyms-data.liquid
OH	OH	Cal Crowell Fitness, Athletic & MMA Training Center	Cleveland	http://www.clevelandmmatraining.com/	Y		websites-2		HAS_STORED+BLANKED|RENDERS_BLANK	5275 Commerce Pkwy W			snippets/tjjm-gyms-data-15.liquid
OH	OH	Hillcrest Academy of Goshin	Cleveland	https://www.hillcrestjujitsu.com/	Y			https://www.hillcrestjujitsu.com/	HAS_STORED	4431 Mayfield Rd			snippets/tjjm-gyms-data-15.liquid
OH	OH	Hurricane Jiu Jitsu	Cleveland	http://www.hurricanejj.com/	Y			http://www.hurricanejj.com/	HAS_STORED	3328 Warren Rd			snippets/tjjm-gyms-data-15.liquid
OH	OH	Renzo Gracie Cleveland	Cleveland	https://renzograciecleveland.com	Y		websites-2		HAS_STORED+BLANKED|RENDERS_BLANK				snippets/tjjm-gyms-data.liquid
OH	OH	Revolution Fight and Fitness	Cleveland	http://revolutionfightandfitness.com/	Y			http://revolutionfightandfitness.com/	HAS_STORED	20001 Euclid Ave			snippets/tjjm-gyms-data-15.liquid
OH	OH	Izzah Combat Sports & Fitness Eastside Brasa Bjj	Cleveland Heights	http://www.izzahsports.com/	Y			http://www.izzahsports.com/	HAS_STORED	2490 Lee Blvd			snippets/tjjm-gyms-data-15.liquid
OH	OH	Iron & Soul	Clyde	https://ironsouljiujitsu.com/	Y			https://ironsouljiujitsu.com/	HAS_STORED	1710 W McPherson Hwy			snippets/tjjm-gyms-data-15.liquid
OH	OH	Resistance Lab Brazilian Jiu Jitsu	Columbia Station	http://resistancelabbjj.com/	Y		websites-2		HAS_STORED+BLANKED|RENDERS_BLANK	23005 Sprague Rd			snippets/tjjm-gyms-data-15.liquid
OH	OH	Alliance Jiu Jitsu Columbus	Columbus	https://alliancejiujitsucolumbus.com	Y			https://alliancejiujitsucolumbus.com	HAS_STORED			Y	snippets/tjjm-gyms-data.liquid
OH	OH	Buckeye Mixed Martial Arts & Fitness	Columbus	http://www.buckeyemma.com/	Y			http://www.buckeyemma.com/	HAS_STORED	950 Taylor Station Rd Suite P			snippets/tjjm-gyms-data-15.liquid
OH	OH	Bushido Martial Arts Club	Columbus	http://www.graciebushido.com/	Y		websites-2		HAS_STORED+BLANKED|RENDERS_BLANK	2859 S High St			snippets/tjjm-gyms-data-15.liquid
OH	OH	Ernie Reyes' Midwest Martial Arts	Columbus	http://www.columbus-martial-arts.com/	Y		websites-2		HAS_STORED+BLANKED|RENDERS_BLANK	2544 Bethel Road			snippets/tjjm-gyms-data-15.liquid
OH	OH	Mat Lab Brazilian JiuJitsu	Columbus	http://matlabbjj.com/	Y			http://matlabbjj.com/	HAS_STORED	6903 E Broad St			snippets/tjjm-gyms-data-15.liquid
OH	OH	Relson Gracie Jiu-Jitsu Columbus	Columbus	http://www.gracieohio.com/	Y			http://www.gracieohio.com/	HAS_STORED	6819 Flags Center Drive			snippets/tjjm-gyms-data-15.liquid
OH	OH	The Technician Dojo	Columbus	http://www.thetechniciandojo.com	Y			http://www.thetechniciandojo.com	HAS_STORED	1991 Parsons Ave			snippets/tjjm-gyms-data-15.liquid
OH	OH	Leverage Brazilian Jiu-Jitsu	Cortland	http://www.leveragebjjohio.com/	Y			http://www.leveragebjjohio.com/	HAS_STORED	1000 Fowler St			snippets/tjjm-gyms-data-21.liquid
OH	OH	Cuyahoga Falls BJJ	Cuyahoga Falls	https://cuyahogafallsbjj.com	Y			https://cuyahogafallsbjj.com	HAS_STORED			Y	snippets/tjjm-gyms-data.liquid
OH	OH	Top Level Martial Arts	Cuyahoga Falls	http://www.toplevelmartialarts.com/	Y			http://www.toplevelmartialarts.com/	HAS_STORED	2674 N Haven Blvd			snippets/tjjm-gyms-data-15.liquid
OH	OH	Dayton BJJ	Dayton	https://daytonbjj.com	Y			https://daytonbjj.com	HAS_STORED			Y	snippets/tjjm-gyms-data.liquid
OH	OH	Dayton Brazilian Jiu Jitsu	Dayton	https://daytonbrazilianjiujitsu.com/	Y			https://daytonbrazilianjiujitsu.com/	HAS_STORED	1753 Woodman Dr			snippets/tjjm-gyms-data-15.liquid
OH	OH	Ilimitadas Brazilian Jiu-Jitsu	Dayton	https://www.facebook.com/limitlessbjjmma/	Y			https://www.facebook.com/limitlessbjjmma/	HAS_STORED	500 E Main St			snippets/tjjm-gyms-data-15.liquid
OH	OH	Ohio Budokan Martial Arts	Dayton	http://www.ohiobudokan.org/	Y			http://www.ohiobudokan.org/	HAS_STORED	601 E 5th St			snippets/tjjm-gyms-data-15.liquid
OH	OH	S&G Brazilian Jiu Jitsu	Dayton	http://www.sgbjj.com/	Y			http://www.sgbjj.com/	HAS_STORED	2050 S Alex Rd			snippets/tjjm-gyms-data-15.liquid
OH	OH	Soma Gracie Brazilian Jiu-Jitsu of Dayton	Dayton	http://www.somajj.com/	Y			http://www.somajj.com/	HAS_STORED	691 Lyons Rd			snippets/tjjm-gyms-data-15.liquid
OH	OH	TAMA Family Martial Arts	Dayton	http://tamamartialarts.com/	Y			http://tamamartialarts.com/	HAS_STORED	1753 Woodman Dr			snippets/tjjm-gyms-data-15.liquid
OH	OH	Tenbears Martial Arts Academy	Dayton	http://www.tenbearsmma.com/	Y			http://www.tenbearsmma.com/	HAS_STORED	2810 Wayne Ave			snippets/tjjm-gyms-data-15.liquid
OH	OH	The Dirty Gym	Dayton	http://thedirtygym.com/	Y			http://thedirtygym.com/	HAS_STORED	1111 E 2nd St			snippets/tjjm-gyms-data-15.liquid
OH	OH	Rise Ohio	Delaware	http://www.riseohio.com	Y		websites-2		HAS_STORED+BLANKED|RENDERS_BLANK	5 East Winter St Ste 300			snippets/tjjm-gyms-data-15.liquid
OH	OH	Summit Martial Arts	Delaware	http://summitmartialartsacademy.com/	Y			http://summitmartialartsacademy.com/	HAS_STORED	425 S Sandusky St			snippets/tjjm-gyms-data-15.liquid
OH	OH	GB Columbus	Dublin	https://graciebarra.com/dublin-oh/	Y			https://graciebarra.com/dublin-oh/	HAS_STORED	5899 Karric Square Drive			snippets/tjjm-gyms-data-15.liquid
OH	OH	Martial Arts Alliance	Dublin	http://www.martialartsalliance.net/	Y		websites-2		HAS_STORED+BLANKED|RENDERS_BLANK	6655 Dublin Center Dr			snippets/tjjm-gyms-data-15.liquid
OH	OH	Super System BJJ	Dublin	http://supersystembjj.com	Y			http://supersystembjj.com	HAS_STORED	6365 Shier Rings Rd Ste F			snippets/tjjm-gyms-data-15.liquid
OH	OH	Meltons Jiujitsu/MMA	Elyria	https://m.facebook.com/MeltonsJiuJitsuAcademyOhio/	Y			https://m.facebook.com/MeltonsJiuJitsuAcademyOhio/	HAS_STORED	419 E Broad St			snippets/tjjm-gyms-data-15.liquid
OH	OH	Zenith Ohio BJJ	Elyria		N				NO_W_KEY|RENDERS_BLANK	626 Leona St			snippets/tjjm-gyms-data-15.liquid
OH	OH	Dayton Vision MMA	Fairborn		N				NO_W_KEY|RENDERS_BLANK	1168 Kauffman Ave			snippets/tjjm-gyms-data-15.liquid
OH	OH	True Art Jiu Jitsu	Fairlawn	http://www.trueartbjj.com/	Y			http://www.trueartbjj.com/	HAS_STORED	2855 W Market St #218			snippets/tjjm-gyms-data-15.liquid
OH	OH	Black Lotus Brazilian Jiu Jitsu Academy	Fairview Park	http://www.blacklotusbjja.com/	Y			http://www.blacklotusbjja.com/	HAS_STORED	22241 Lorain Rd			snippets/tjjm-gyms-data-15.liquid
OH	OH	Findlay BJJ	Findlay	https://findlaybjj.com	Y			https://findlaybjj.com	HAS_STORED			Y	snippets/tjjm-gyms-data.liquid
OH	OH	Hess' Oriental Martial Arts	Fremont	https://hessma.com/	Y			https://hessma.com/	HAS_STORED	815 Croghan St			snippets/tjjm-gyms-data-15.liquid
OH	OH	Ruffhouse Jiu Jitsu Columbus	Gahanna	http://ruffhousecolumbus.com/	Y			http://ruffhousecolumbus.com/	HAS_STORED	965 E Johnstown Rd			snippets/tjjm-gyms-data-15.liquid
OH	OH	Castro-Brasa Jiu-Jitsu	Grafton	https://www.facebook.com/McCrillisBJJ/	Y			https://www.facebook.com/McCrillisBJJ/	HAS_STORED	416 Main St			snippets/tjjm-gyms-data-15.liquid
OH	OH	Columbus MMA	Grove City	http://www.columbusmma.com/	Y			http://www.columbusmma.com/	HAS_STORED	3663 Garden Ct			snippets/tjjm-gyms-data-15.liquid
OH	OH	Grove City Brazilian Jiu-Jitsu Academy	Grove City	https://www.grovecityjiujitsu.com/	Y			https://www.grovecityjiujitsu.com/	HAS_STORED	4070 Hoover Rd			snippets/tjjm-gyms-data-15.liquid
OH	OH	Legacy Martial Arts Academy	Hamilton	http://www.legacy-ohio.com/	Y			http://www.legacy-ohio.com/	HAS_STORED	835 NW Washington Blvd			snippets/tjjm-gyms-data-15.liquid
OH	OH	Waterhouse Brazilian Jiu-Jitsu Academy	Hartville	http://www.waterhousebjj.com/	Y			http://www.waterhousebjj.com/	HAS_STORED	880 Sunnyside St SW			snippets/tjjm-gyms-data-15.liquid
OH	OH	10th Planet Jiu Jitsu Newark (Heath OH)	Heath	https://10thplanetnewark.com	Y			https://10thplanetnewark.com	HAS_STORED	409 S 22nd St Suite 6			snippets/tjjm-gyms-data-15.liquid
OH	OH	Delta Team Jiu Jitsu	Heath	http://deltagrapplingacademy.com/	Y			http://deltagrapplingacademy.com/	HAS_STORED	381 S 30th St unit i			snippets/tjjm-gyms-data-15.liquid
OH	OH	Endeavor Defense & Fitness	Hilliard	http://www.gymhilliard.com	Y		websites-2		HAS_STORED+BLANKED|RENDERS_BLANK	5040 Nike Dr Ste D			snippets/tjjm-gyms-data-15.liquid
OH	OH	Integrated Combative Arts Academy	Hilliard	http://www.icaacademy.com/	Y			http://www.icaacademy.com/	HAS_STORED	3919 Parkway Ln Unit #2			snippets/tjjm-gyms-data-15.liquid
OH	OH	Team Chitwood North	Hinckley	https://www.teamchitwoodnorth.com/	Y			https://www.teamchitwoodnorth.com/	HAS_STORED	2571 Center Rd			snippets/tjjm-gyms-data-15.liquid
OH	OH	Immortal Martial Arts Center	Lewis Center	http://www.immortalmartialartscenter.com/	Y			http://www.immortalmartialartscenter.com/	HAS_STORED	8938 Cotter St			snippets/tjjm-gyms-data-15.liquid
OH	OH	Team Chitwood Martial Arts & Fitness Lewis Center OH	Lewis Center	http://www.teamchitwood.com/	Y			http://www.teamchitwood.com/	HAS_STORED	7719 Graphics Wy e2			snippets/tjjm-gyms-data-15.liquid
OH	OH	Danger Zone Gym	Lima	http://www.dangerzonegym.com/contact-us	Y		websites-2		HAS_STORED+BLANKED|RENDERS_BLANK	250 S Cool Rd			snippets/tjjm-gyms-data-15.liquid
OH	OH	Lima BJJ	Lima	https://limabjj.com	Y			https://limabjj.com	HAS_STORED			Y	snippets/tjjm-gyms-data.liquid
OH	OH	Lima's Total Revolution Training Facility	Lima	http://trmartialarts.com/	Y			http://trmartialarts.com/	HAS_STORED	2400 Elida Rd Suite 704			snippets/tjjm-gyms-data-15.liquid
OH	OH	Ares Combat Training Center	Macedonia	https://www.arescombatsportacademy.com/	Y			https://www.arescombatsportacademy.com/	HAS_STORED	420 Highland Rd			snippets/tjjm-gyms-data-15.liquid
OH	OH	Mansfield BJJ	Mansfield	https://mansfieldbjj.com	Y			https://mansfieldbjj.com	HAS_STORED			Y	snippets/tjjm-gyms-data.liquid
OH	OH	Ground Zero MMA	Massillon	http://groundzeromma.com/	Y			http://groundzeromma.com/	HAS_STORED	133 1st St NE			snippets/tjjm-gyms-data-15.liquid
OH	OH	Finishers Jiu Jitsu	Masury	https://business.facebook.com/10thplanetmasury/	Y			https://business.facebook.com/10thplanetmasury/	HAS_STORED	847 Brookfield Avenue			snippets/tjjm-gyms-data-15.liquid
OH	OH	Ohio Martial Arts	Maumee	http://ohiomartialarts.com/	Y			http://ohiomartialarts.com/	HAS_STORED	3100 Main St Suite 1145			snippets/tjjm-gyms-data-15.liquid
OH	OH	Mayfield Karate & Minna Jiu Jitsu	Mayfield Heights	http://themayfieldacademy.com/	Y			http://themayfieldacademy.com/	HAS_STORED	5815 Mayfield Rd			snippets/tjjm-gyms-data-15.liquid
OH	OH	Combat CFMA - Functional Martial Arts	Medina	http://combatcfma.com/	Y			http://combatcfma.com/	HAS_STORED	313 Medina Rd			snippets/tjjm-gyms-data-15.liquid
OH	OH	Medina BJJ	Medina	https://medinabjj.com	Y			https://medinabjj.com	HAS_STORED			Y	snippets/tjjm-gyms-data.liquid
OH	OH	Griffonrawl MMA	Mentor	http://www.ohio-mma.com/	Y			http://www.ohio-mma.com/	HAS_STORED	6090 Pinecone Dr			snippets/tjjm-gyms-data-15.liquid
OH	OH	GB Middleburg	Middleburg Heights		N				NO_W_KEY|RENDERS_BLANK	6849B Pearl Rd			snippets/tjjm-gyms-data-15.liquid
OH	OH	Bullpen Fight Club Morristown OH	Morristown	http://bullpenfightclub.com/	Y			http://bullpenfightclub.com/	HAS_STORED	201 W Cross St			snippets/tjjm-gyms-data-15.liquid
OH	OH	McCabe Militia - Mixed Martial arts training	New Holland		N				NO_W_KEY|RENDERS_BLANK	47 Circle Ave			snippets/tjjm-gyms-data-15.liquid
OH	OH	Impact Family Martial Arts Newark	Newark	http://www.impactdojo.com/	Y			http://www.impactdojo.com/	HAS_STORED	1056 Mt Vernon Rd			snippets/tjjm-gyms-data-15.liquid
OH	OH	Newark BJJ Ohio	Newark	https://newarkbjjoh.com	Y			https://newarkbjjoh.com	HAS_STORED			Y	snippets/tjjm-gyms-data.liquid
OH	OH	Underground Gym	Newark	https://www.facebook.com/NewarkUnderground/	Y			https://www.facebook.com/NewarkUnderground/	HAS_STORED	55 W Church St			snippets/tjjm-gyms-data-15.liquid
OH	OH	VO2 Fitness (BJJ by Delta Grappling Academy)	Newark	http://vo2fitnessnewark.com/	Y			http://vo2fitnessnewark.com/	HAS_STORED	2074 Cherry Valley Road			snippets/tjjm-gyms-data-15.liquid
OH	OH	Synergy Martial Arts Academy	Newton Falls	http://www.synergymartialartsohio.com/	Y		websites-2		HAS_STORED+BLANKED|RENDERS_BLANK	26 S Canal St 2nd floor			snippets/tjjm-gyms-data-15.liquid
OH	OH	Hill Jiu Jitsu Academy	North Canton	http://hilljiujitsuacademy.com/	Y			http://hilljiujitsuacademy.com/	HAS_STORED	1664 N Main St 9 & #10			snippets/tjjm-gyms-data-15.liquid
OH	OH	Hooligans Boxing & MMA	North Ridgeville	https://hooligans.business.site/	Y			https://hooligans.business.site/	HAS_STORED	39041 Center Ridge Rd			snippets/tjjm-gyms-data-15.liquid
OH	OH	Gracie Orwell Jiu Jitsu Academy	Orwell	http://www.gracieorwell.com/	Y			http://www.gracieorwell.com/	HAS_STORED	535 E Main St			snippets/tjjm-gyms-data-15.liquid
OH	OH	4Point Base BJJ	Ostrander	http://www.4pointbase.com/	Y			http://www.4pointbase.com/	HAS_STORED	10 W North St			snippets/tjjm-gyms-data-15.liquid
OH	OH	Adventure BJJ & Sambo	Parma	https://adventuremma.com/bjj	Y			https://adventuremma.com/bjj	HAS_STORED	5785 Ridge Rd			snippets/tjjm-gyms-data-15.liquid
OH	OH	Parma Family Martial Arts Center	Parma	https://www.pfmac.com/	Y			https://www.pfmac.com/	HAS_STORED	5596 Ridge Rd			snippets/tjjm-gyms-data-15.liquid
OH	OH	Second Nature Brazilian Jiu Jitsu	Port Clinton	https://www.facebook.com/secondnaturebrazilianjiujitsu/	Y			https://www.facebook.com/secondnaturebrazilianjiujitsu/	HAS_STORED	115 Madison St Suite A			snippets/tjjm-gyms-data-15.liquid
OH	OH	JW Brazilian Jiu-Jitsu	Ravenna	https://jwbrazilianjiujitsu.wixsite.com/website	Y			https://jwbrazilianjiujitsu.wixsite.com/website	HAS_STORED	4948 S Prospect St			snippets/tjjm-gyms-data-15.liquid
OH	OH	South Prospect Martial Arts Gym	Ravenna	https://southprospectgym.quest/	Y			https://southprospectgym.quest/	HAS_STORED	4948 S Prospect St			snippets/tjjm-gyms-data-15.liquid
OH	OH	Columbus Brazilian Jiu-Jitsu	Reynoldsburg	http://www.columbusbjj.com/	Y			http://www.columbusbjj.com/	HAS_STORED	6475 E Main St			snippets/tjjm-gyms-data-15.liquid
OH	OH	Ohio Combat Sports Academy	Reynoldsburg	http://www.ohiocombatacademy.com/	Y			http://www.ohiocombatacademy.com/	HAS_STORED	6956 Americana Pkwy			snippets/tjjm-gyms-data-15.liquid
OH	OH	Adrenaline Academy	Sandusky		N				NO_W_KEY|RENDERS_BLANK	2525 W Monroe St			snippets/tjjm-gyms-data-15.liquid
OH	OH	Sandusky BJJ	Sandusky	https://sanduskybjj.com	Y			https://sanduskybjj.com	HAS_STORED			Y	snippets/tjjm-gyms-data.liquid
OH	OH	Springfield BJJ Ohio	Springfield	https://springfieldbjjoh.com	Y			https://springfieldbjjoh.com	HAS_STORED			Y	snippets/tjjm-gyms-data.liquid
OH	OH	Edge Fitness Studio	St Clairsville	http://www.theedgefit.com/	Y			http://www.theedgefit.com/	HAS_STORED	51342 National Rd E suite l			snippets/tjjm-gyms-data-15.liquid
OH	OH	Young Guardians MMA	St Marys	https://young-guardians-mma.business.site/	Y			https://young-guardians-mma.business.site/	HAS_STORED	1238 Indiana Ave			snippets/tjjm-gyms-data-15.liquid
OH	OH	Steubenville BJJ	Steubenville	https://steubenvillebjj.com	Y			https://steubenvillebjj.com	HAS_STORED			Y	snippets/tjjm-gyms-data.liquid
OH	OH	Vanyo Martial Arts	Strongsville	https://www.vanyomma.com/	Y			https://www.vanyomma.com/	HAS_STORED	19654 W 130th St			snippets/tjjm-gyms-data-15.liquid
OH	OH	Koguryo Martial Arts Academy	Sunbury	http://www.koguryoma.com/	Y		websites-2		HAS_STORED+BLANKED|RENDERS_BLANK	35 E Granville St			snippets/tjjm-gyms-data-15.liquid
OH	OH	Bobcat MMA	The Plains	https://www.starbrickbjj.com/bobcat-mma	Y			https://www.starbrickbjj.com/bobcat-mma	HAS_STORED	70 N Plains Rd			snippets/tjjm-gyms-data-15.liquid
OH	OH	Adamas Brazilian Jiu Jitsu Academy	Toledo	https://adamasjiujitsutoledo.com/	Y			https://adamasjiujitsutoledo.com/	HAS_STORED	5201 Monroe St			snippets/tjjm-gyms-data-15.liquid
OH	OH	North American Martial Arts Institute	Toledo	http://namai.us/	Y			http://namai.us/	HAS_STORED	3613 Monroe St			snippets/tjjm-gyms-data-15.liquid
OH	OH	Ohio Brasa/Deon Thompson Brazilian Jiu Jitsu	Toledo	http://ohiobrasajiujitsu.com/	Y			http://ohiobrasajiujitsu.com/	HAS_STORED	3350 W Laskey Rd			snippets/tjjm-gyms-data-15.liquid
OH	OH	Rudo Jiu-Jitsu	Toledo	http://rudojiujitsu.com/	Y			http://rudojiujitsu.com/	HAS_STORED	5810 Southwyck Blvd			snippets/tjjm-gyms-data-15.liquid
OH	OH	Toledo BJJ	Toledo	https://toledobj.com	Y			https://toledobj.com	HAS_STORED			Y	snippets/tjjm-gyms-data.liquid
OH	OH	Toledo Jiu Jitsu Center	Toledo	http://toledojiujitsu.com/	Y			http://toledojiujitsu.com/	HAS_STORED	5222 Tractor Rd			snippets/tjjm-gyms-data-15.liquid
OH	OH	U A Jiu Jitsu	Upper Arlington	https://uajiujitsu.com	Y			https://uajiujitsu.com	HAS_STORED				snippets/tjjm-gyms-data.liquid
OH	OH	MPower Gym LLC	Vandalia	https://www.mpowergymllc.com/	Y			https://www.mpowergymllc.com/	HAS_STORED	270 N Dixie Dr			snippets/tjjm-gyms-data-15.liquid
OH	OH	Team Chard BJJ	Walton Hills	http://ohiobjjc.com/	Y			http://ohiobjjc.com/	HAS_STORED	20437 Hannan Parkway Suite 2			snippets/tjjm-gyms-data-15.liquid
OH	OH	Team Bundy Gracie Jiu-Jitsu	Warren	http://teambundymma.com/	Y			http://teambundymma.com/	HAS_STORED	160 Clifton Ave NE			snippets/tjjm-gyms-data-21.liquid
OH	OH	Ground Up Brazilian Jiu-Jitsu	Warrensville Heights	http://mpcle.com/class/ground-up-bjj/	Y			http://mpcle.com/class/ground-up-bjj/	HAS_STORED	4509 Taylor Ln			snippets/tjjm-gyms-data-15.liquid
OH	OH	Love And Chokes Jiu Jitsu Academy	Warrensville Heights	http://loveandchokes.com/	Y		websites-1		HAS_STORED+BLANKED|RENDERS_BLANK	4518 Renaissance Pkwy			snippets/tjjm-gyms-data-15.liquid
OH	OH	GB Cincinnati	West Chester	https://cincymma.com/	Y			https://cincymma.com/	HAS_STORED	4845 Premier Way Suite 3			snippets/tjjm-gyms-data-15.liquid
OH	OH	Jorge Gurgel Martial Arts Center West Chester	West Chester	https://jgmma.com/	Y			https://jgmma.com/	HAS_STORED	6875 Fountains Blvd Suite K			snippets/tjjm-gyms-data-15.liquid
OH	OH	Sacan Martial Arts	West Chester	http://sacanmartialarts.com/	Y			http://sacanmartialarts.com/	HAS_STORED	9090 Cox Rd			snippets/tjjm-gyms-data-15.liquid
OH	OH	Meyer Martial Arts	West Chester Township	http://www.meyermartialarts.com/	Y			http://www.meyermartialarts.com/	HAS_STORED	4845 Premier Way			snippets/tjjm-gyms-data-15.liquid
OH	OH	GB Lewis Center	Westerville		N				NO_W_KEY|RENDERS_BLANK	1156 East Powell Road			snippets/tjjm-gyms-data-15.liquid
OH	OH	Relson Gracie Jiu-Jitsu Cleveland	Willoughby	http://www.graciecleveland.com/	Y			http://www.graciecleveland.com/	HAS_STORED	4128 Erie St			snippets/tjjm-gyms-data-15.liquid
OH	OH	Team Torque Mixed Martial Arts	Wilmington		N				NO_W_KEY|RENDERS_BLANK	1550 W Main St			snippets/tjjm-gyms-data-15.liquid
OH	OH	Ohio Academy of Martial Arts	Wooster	https://ohioacademyofmartialarts.com/	Y			https://ohioacademyofmartialarts.com/	HAS_STORED	2889 Cleveland Rd			snippets/tjjm-gyms-data-15.liquid
OH	OH	Gladiator Training Center	Xenia	https://www.gladiatortrained.com/	Y			https://www.gladiatortrained.com/	HAS_STORED	59 E 2nd St			snippets/tjjm-gyms-data-15.liquid
OH	OH	Youngstown BJJ	Youngstown	https://youngstownbjj.com	Y			https://youngstownbjj.com	HAS_STORED			Y	snippets/tjjm-gyms-data.liquid
OH	OH	Gracie Allegiance Ohio	Zanesville	http://www.zanesville-jiujitsu.com/	Y			http://www.zanesville-jiujitsu.com/	HAS_STORED	3575 Maple Ave #214 J			snippets/tjjm-gyms-data-15.liquid
OH	OH	Zanesville BJJ	Zanesville	https://zanesvillebjj.com	Y			https://zanesvillebjj.com	HAS_STORED			Y	snippets/tjjm-gyms-data.liquid
OK	OK	Conquer BJJ Mixed Martial Arts Academy	Ada	conquerbjjada.com	Y		websites-2		HAS_STORED+BLANKED|RENDERS_BLANK	315 W 12th St			snippets/tjjm-gyms-data-31.liquid
OK	OK	Rebellion Martial Arts	Ada		Y				EMPTY_STORED|RENDERS_BLANK	1408 S Main			snippets/tjjm-gyms-data-31.liquid
OK	OK	10th Planet Jiu-Jitsu Altus	Altus	altusmartialarts.ninja	Y		websites-2		HAS_STORED+BLANKED|RENDERS_BLANK	321 W Commerce St			snippets/tjjm-gyms-data-31.liquid
OK	OK	Hensley Jiu Jitsu	Ardmore	hensleybjj.com	Y			hensleybjj.com	HAS_STORED	2 W Main St			snippets/tjjm-gyms-data-31.liquid
OK	OK	Kraken Jiu Jitsu - Ardmore OK	Ardmore	krakenardmore.com	Y			krakenardmore.com	HAS_STORED	19 W Broadway St			snippets/tjjm-gyms-data-31.liquid
OK	OK	Bartlesville BJJ	Bartlesville	https://bartlesvillebjj.com	Y			https://bartlesvillebjj.com	HAS_STORED			Y	snippets/tjjm-gyms-data.liquid
OK	OK	Platypus BJJ	Bartlesville		Y				EMPTY_STORED|RENDERS_BLANK	715 Dewey Ave			snippets/tjjm-gyms-data-31.liquid
OK	OK	Omar French Brazilian Jiu Jitsu	Bixby	omarfrench.com	Y			omarfrench.com	HAS_STORED	8307 East 111th St S suite o			snippets/tjjm-gyms-data-31.liquid
OK	OK	Munoz BJJ and Combat Sports	Blanchard		Y				EMPTY_STORED|RENDERS_BLANK	109 SE 3rd St			snippets/tjjm-gyms-data-31.liquid
OK	OK	Broken Arrow BJJ	Broken Arrow	https://brokenarrowbjj.com	Y			https://brokenarrowbjj.com	HAS_STORED			Y	snippets/tjjm-gyms-data.liquid
OK	OK	Brothers Jiu Jitsu	Broken Arrow	brothersjiujitsu.com	Y		websites-2		HAS_STORED+BLANKED|RENDERS_BLANK	3081 W Albany St STE #117			snippets/tjjm-gyms-data-31.liquid
OK	OK	Cohesion Brazilian Jiu-Jitsu & Judo Academy	Broken Arrow		Y				EMPTY_STORED|RENDERS_BLANK	804 S 8th St			snippets/tjjm-gyms-data-31.liquid
OK	OK	Forza Combat Sports	Broken Arrow	forzacombatsports.com	Y			forzacombatsports.com	HAS_STORED	2121 N Beech Ave			snippets/tjjm-gyms-data-31.liquid
OK	OK	Team Impact Martial Arts & Fitness	Broken Arrow	teamimpactok.com	Y		websites-2		HAS_STORED+BLANKED|RENDERS_BLANK	2336 W New Orleans St			snippets/tjjm-gyms-data-31.liquid
OK	OK	Havoc Brazilian Jiu-Jitsu	Claremore	havocbjj.com	Y			havocbjj.com	HAS_STORED	613 W Ramm Rd #601			snippets/tjjm-gyms-data-31.liquid
OK	OK	Pejak Martial Arts	Claremore	pejakmartialarts.com	Y			pejakmartialarts.com	HAS_STORED	401 E 5th St			snippets/tjjm-gyms-data-31.liquid
OK	OK	Northside Brazilian Jiu Jitsu	Collinsville	thenorthsidebjj.com	Y		websites-2		HAS_STORED+BLANKED|RENDERS_BLANK	924 W Main St			snippets/tjjm-gyms-data-31.liquid
OK	OK	Team Impact Brazilian Jiu Jitsu & Kickboxing	Coweta	teamimpactbjj.com	Y			teamimpactbjj.com	HAS_STORED	13019 OK-51			snippets/tjjm-gyms-data-31.liquid
OK	OK	The Cage Training Center	Cushing	htc918.com	Y			htc918.com	HAS_STORED	311 E Broadway St			snippets/tjjm-gyms-data-31.liquid
OK	OK	Top Dawg BJJ	Del City	topdawgbjj.com	Y			topdawgbjj.com	HAS_STORED	4330 SE 29th St Suite 3013			snippets/tjjm-gyms-data-31.liquid
OK	OK	Lucas Martial Arts	Duncan		Y				EMPTY_STORED|RENDERS_BLANK	708 W Main St			snippets/tjjm-gyms-data-31.liquid
OK	OK	Empire Jiu-Jitsu Durant	Durant	empirejiujitsudurant.com	Y		websites-2		HAS_STORED+BLANKED|RENDERS_BLANK	143 W Main St			snippets/tjjm-gyms-data-31.liquid
OK	OK	American Elite Mixed Martial Arts	Edmond	edmondbjj.com	Y		websites-2		HAS_STORED+BLANKED|RENDERS_BLANK	25 Fretz Ave			snippets/tjjm-gyms-data-31.liquid
OK	OK	Christian Karate & Jiu-Jitsu Academy	Edmond	christiankarateacademy.com	Y			christiankarateacademy.com	HAS_STORED	2217 NW 178th St			snippets/tjjm-gyms-data-31.liquid
OK	OK	Edmond BJJ	Edmond	https://edmondbjj.com	Y			https://edmondbjj.com	HAS_STORED			Y	snippets/tjjm-gyms-data.liquid
OK	OK	Killer Bees Kickboxing	Edmond	killerbeeskickboxing.com	Y			killerbeeskickboxing.com	HAS_STORED	241 Garage Dr Unit 104			snippets/tjjm-gyms-data-31.liquid
OK	OK	Kudos	Edmond		Y				EMPTY_STORED|RENDERS_BLANK	2000 W Danforth Rd Suite 126			snippets/tjjm-gyms-data-31.liquid
OK	OK	Legacy Martial Arts BJJ & Kickboxing	Edmond	legacyma.com	Y			legacyma.com	HAS_STORED	3825 NW 166th St B13			snippets/tjjm-gyms-data-31.liquid
OK	OK	Mana Martial Arts	Edmond	mmaok.com	Y			mmaok.com	HAS_STORED	441 S Fretz Ave			snippets/tjjm-gyms-data-31.liquid
OK	OK	Prodigy Jiu-Jitsu	Edmond	peopleclimbers.com	Y		websites-2		HAS_STORED+BLANKED|RENDERS_BLANK	6775 Boucher Dr Ste 4			snippets/tjjm-gyms-data-31.liquid
OK	OK	Raptor Jiu Jitsu & A Game MMA	Edmond	raptorjj.com	Y			raptorjj.com	HAS_STORED	2800 E Danforth Rd			snippets/tjjm-gyms-data-31.liquid
OK	OK	Redline Jiu-Jitsu	Edmond	redlinebjj.com	Y			redlinebjj.com	HAS_STORED	745 Enterprise Dr Ste 100			snippets/tjjm-gyms-data-31.liquid
OK	OK	The Forge Brazilian Jiu Jitsu	Edmond	theforgebjj.com	Y			theforgebjj.com	HAS_STORED	1125 S Broadway			snippets/tjjm-gyms-data-31.liquid
OK	OK	KMG Martial Arts Inc	El Reno	kmgmartialarts.com	Y		websites-2		HAS_STORED+BLANKED|RENDERS_BLANK	1621 E Highway 66 Suite I			snippets/tjjm-gyms-data-31.liquid
OK	OK	Enid BJJ	Enid	https://enidbjj.com	Y			https://enidbjj.com	HAS_STORED			Y	snippets/tjjm-gyms-data.liquid
OK	OK	Shah Mat Brazilian Jiu Jitsu	Enid		Y				EMPTY_STORED|RENDERS_BLANK	213 W Randolph Ave			snippets/tjjm-gyms-data-31.liquid
OK	OK	Burdette BJJ	Glenpool	https://burdettebjj.com	Y			https://burdettebjj.com	HAS_STORED			Y	snippets/tjjm-gyms-data.liquid
OK	OK	Burdette Jiu Jitsu	Glenpool	burdettejiujitsu.com	Y			burdettejiujitsu.com	HAS_STORED	15085 S Elwood Ave #105			snippets/tjjm-gyms-data-31.liquid
OK	OK	Ground Control Jiu-Jitsu	Glenpool	groundcontroljiu-jitsu.com	Y			groundcontroljiu-jitsu.com	HAS_STORED	811 E 141st St			snippets/tjjm-gyms-data-31.liquid
OK	OK	Grand Lake Martial Arts	Grove	grand-lake-martial-arts.maonrails.com	Y			grand-lake-martial-arts.maonrails.com	HAS_STORED	63157 E 290 Rd			snippets/tjjm-gyms-data-31.liquid
OK	OK	Top Tier Martial Arts	Guthrie	toptiermartialarts.com	Y			toptiermartialarts.com	HAS_STORED	107 E Oklahoma Ave			snippets/tjjm-gyms-data-31.liquid
OK	OK	Jenks Martial Arts Academy	Jenks	maausa.net	Y			maausa.net	HAS_STORED	728 W Main St			snippets/tjjm-gyms-data-31.liquid
OK	OK	Strike Martial Arts Academy	Jenks	teamstrikemartialarts.com	Y			teamstrikemartialarts.com	HAS_STORED	385 E Main St			snippets/tjjm-gyms-data-31.liquid
OK	OK	Dreadnought Brazilian Jiu-Jitsu	Lawton	dreadnought-bjj.com	Y			dreadnought-bjj.com	HAS_STORED	1912 nw Lawton Ave.			snippets/tjjm-gyms-data-31.liquid
OK	OK	Lawton BJJ	Lawton	https://lawtonbjj.com	Y			https://lawtonbjj.com	HAS_STORED			Y	snippets/tjjm-gyms-data.liquid
OK	OK	Ricardo Cavalcanti Brazilian jiu jitsu Lawton/Alpha MMA	Lawton	lawtonmma.com	Y			lawtonmma.com	HAS_STORED	502 SW F Ave Suite A			snippets/tjjm-gyms-data-31.liquid
OK	OK	Marlow Martial Arts Academy	Marlow	marlowmartialartsacademy.com	Y			marlowmartialartsacademy.com	HAS_STORED	1407 S Broadway St			snippets/tjjm-gyms-data-31.liquid
OK	OK	True Grit Jiu Jitsu and Defense	McAlester	truegritjiu-jitsu.com	Y		websites-2		HAS_STORED+BLANKED|RENDERS_BLANK	210 E Choctaw Ave			snippets/tjjm-gyms-data-31.liquid
OK	OK	Midwest City BJJ	Midwest City	https://midwestcitybjj.com	Y			https://midwestcitybjj.com	HAS_STORED			Y	snippets/tjjm-gyms-data.liquid
OK	OK	Blackout Jiu Jitsu	Moore	https://blackoutjiujitsu.com	Y			https://blackoutjiujitsu.com	HAS_STORED				snippets/tjjm-gyms-data.liquid
OK	OK	Integrity Martial Arts	Moore	integrityma.ninja	Y			integrityma.ninja	HAS_STORED	1991 Tower Dr Suite E		Y	snippets/tjjm-gyms-data-31.liquid
OK	OK	Integrity Martial Arts Moore	Moore	https://integrityma.ninja	Y			https://integrityma.ninja	HAS_STORED	1991 Tower Dr Suite E			snippets/tjjm-gyms-data-45.liquid
OK	OK	Church BJJ	Muskogee		Y				EMPTY_STORED|RENDERS_BLANK	324 East Side Blvd			snippets/tjjm-gyms-data-31.liquid
OK	OK	Mega Church Jiu Jitsu	Muskogee		Y				EMPTY_STORED|RENDERS_BLANK	2250 East Shawnee Bypass			snippets/tjjm-gyms-data-31.liquid
OK	OK	Muskogee BJJ	Muskogee	https://muskogeebjj.com	Y			https://muskogeebjj.com	HAS_STORED			Y	snippets/tjjm-gyms-data.liquid
OK	OK	Soaring Eagle Jiu Jitsu	Muskogee	soaringeaglebjj.com	Y			soaringeaglebjj.com	HAS_STORED	804 Callahan St			snippets/tjjm-gyms-data-31.liquid
OK	OK	Thunder MMA	Muskogee		Y				EMPTY_STORED|RENDERS_BLANK	304 Eastside Blvd			snippets/tjjm-gyms-data-31.liquid
OK	OK	Black Flag BJJ	Mustang	blackflagok.com	Y			blackflagok.com	HAS_STORED	193 N Centennial Way, Unit 1			snippets/tjjm-gyms-data-31.liquid
OK	OK	F-5 Grappling	Mustang		Y				EMPTY_STORED|RENDERS_BLANK	317 N Trade Center Terrace Suite 205			snippets/tjjm-gyms-data-31.liquid
OK	OK	Peaceful Warriors Black Belt Academy	Newcastle	oklakicks.com	Y			oklakicks.com	HAS_STORED	3597 NW 32nd St			snippets/tjjm-gyms-data-31.liquid
OK	OK	Empire Jiu Jitsu	Norman	empirebjjok.com	Y			empirebjjok.com	HAS_STORED	2843 W Indian Hills Rd suite 103			snippets/tjjm-gyms-data-31.liquid
OK	OK	Fight or Flight Fitness LLC	Norman	fightorflightnorman.com	Y			fightorflightnorman.com	HAS_STORED	1309 24th Ave SW			snippets/tjjm-gyms-data-31.liquid
OK	OK	Kaizen Performance LLC	Norman	kaizenperformance.net	Y		websites-2		HAS_STORED+BLANKED|RENDERS_BLANK	1811 Industrial Blvd Suite 105			snippets/tjjm-gyms-data-31.liquid
OK	OK	National Martial Arts of Norman	Norman	nmanorman.com	Y		websites-2		HAS_STORED+BLANKED|RENDERS_BLANK	3525 Wellsite Dr Unit 101			snippets/tjjm-gyms-data-31.liquid
OK	OK	Norman BJJ	Norman	https://normanbjj.com	Y			https://normanbjj.com	HAS_STORED			Y	snippets/tjjm-gyms-data.liquid
OK	OK	Quest Grappling Academy	Norman	questgrapplingacademy.com	Y			questgrapplingacademy.com	HAS_STORED	4150 28th Ave NW #145			snippets/tjjm-gyms-data-31.liquid
OK	OK	American Top Team OKC	Oklahoma City	americantopteamokc.com	Y			americantopteamokc.com	HAS_STORED	7001 W Wilshire Blvd			snippets/tjjm-gyms-data-31.liquid
OK	OK	Culture Brazilian Jiu Jitsu	Oklahoma City	culturebjjok.com	Y			culturebjjok.com	HAS_STORED	9520 SW 15th St STE 600			snippets/tjjm-gyms-data-31.liquid
OK	OK	Gorilla Judo and BJJ Club	Oklahoma City	gorillajudoandbjjclub.com	Y			gorillajudoandbjjclub.com	HAS_STORED	6201 Camille Ave			snippets/tjjm-gyms-data-31.liquid
OK	OK	Lovato Jiu-Jitsu Southside	Oklahoma City	okbjjsouth.com	Y			okbjjsouth.com	HAS_STORED	932 SW 104th St			snippets/tjjm-gyms-data-31.liquid
OK	OK	Lovato’s School Of Brazilian Jiu-Jitsu and MMA	Oklahoma City	okbjj.com	Y			okbjj.com	HAS_STORED	10944 N May Ave			snippets/tjjm-gyms-data-31.liquid
OK	OK	New Limits Academy - Mixed Martial Arts in OKC	Oklahoma City	newlimitsmma.com	Y			newlimitsmma.com	HAS_STORED	11621 N Santa Fe Ave A-5			snippets/tjjm-gyms-data-31.liquid
OK	OK	OKC Combat Sports	Oklahoma City	okccombatsports.com	Y			okccombatsports.com	HAS_STORED	306 N Klein Ave			snippets/tjjm-gyms-data-31.liquid
OK	OK	Oklahoma Martial Arts Academy	Oklahoma City	s4oma.com	Y			s4oma.com	HAS_STORED	14701 N Kelley Ave			snippets/tjjm-gyms-data-31.liquid
OK	OK	Outsiders Combat Club	Oklahoma City	outsiderscombat.com	Y			outsiderscombat.com	HAS_STORED	7701 Broadway Ext Unit A-07			snippets/tjjm-gyms-data-31.liquid
OK	OK	Sandro Sampaio Brazilian Jiu-Jitsu Academy	Oklahoma City	bjjokc.com	Y			bjjokc.com	HAS_STORED	12121 S Western Ave			snippets/tjjm-gyms-data-31.liquid
OK	OK	Sen Shin Kan Dojo	Oklahoma City	senshinkandojo.com	Y		websites-2		HAS_STORED+BLANKED|RENDERS_BLANK	3629 NW 23rd St			snippets/tjjm-gyms-data-31.liquid
OK	OK	Yu'ki MMA	Oklahoma City		Y				EMPTY_STORED|RENDERS_BLANK	2934 NW 17th St			snippets/tjjm-gyms-data-31.liquid
OK	OK	Prowess Brazilian Jiu-Jitsu	Okmulgee	prowessbjj.com	Y		websites-2		HAS_STORED+BLANKED|RENDERS_BLANK	813 E 6th St			snippets/tjjm-gyms-data-31.liquid
OK	OK	Clinch Martial Arts Academy - Owasso	Owasso	teamclinch.com	Y		websites-2		HAS_STORED+BLANKED|RENDERS_BLANK	1309 N Main St			snippets/tjjm-gyms-data-31.liquid
OK	OK	Owasso BJJ	Owasso	https://owassobjj.com	Y			https://owassobjj.com	HAS_STORED			Y	snippets/tjjm-gyms-data.liquid
OK	OK	Rogue Martial Arts	Owasso	rogueowasso.com	Y			rogueowasso.com	HAS_STORED	12808 East 86th St N			snippets/tjjm-gyms-data-31.liquid
OK	OK	Combat Syndicate	Ponca City		Y				EMPTY_STORED|RENDERS_BLANK	405 E Grand Ave St			snippets/tjjm-gyms-data-31.liquid
OK	OK	Oklahoma Combat Sports / KORE BJJ	Poteau	site.oklahomacombatsports.com	Y		websites-2		HAS_STORED+BLANKED|RENDERS_BLANK	103 N Broadway St			snippets/tjjm-gyms-data-31.liquid
OK	OK	Trinity Martial Arts	Pryor	trinitypryor.com	Y		websites-2		HAS_STORED+BLANKED|RENDERS_BLANK	1030 W Graham Ave			snippets/tjjm-gyms-data-31.liquid
OK	OK	Thunderkick Jiu-Jitsu and MMA	Sapulpa	thunderkickgym.com	Y			thunderkickgym.com	HAS_STORED	216 S Main St			snippets/tjjm-gyms-data-31.liquid
OK	OK	Alexander Jiu-Jitsu	Seminole	https://alexanderjiujitsu.com	Y		websites-2		HAS_STORED+BLANKED|RENDERS_BLANK				snippets/tjjm-gyms-data.liquid
OK	OK	Shawnee BJJ	Shawnee	https://shawneebjj.com	Y			https://shawneebjj.com	HAS_STORED			Y	snippets/tjjm-gyms-data.liquid
OK	OK	Elite Combat Systems	Stillwater	elitecombatsystems.com	Y			elitecombatsystems.com	HAS_STORED	202 S Main			snippets/tjjm-gyms-data-31.liquid
OK	OK	Jackson Academy Martial Art Fitness	Stillwater	jacksonacademymartialarts.com	Y		websites-2		HAS_STORED+BLANKED|RENDERS_BLANK	1401 S Western Rd			snippets/tjjm-gyms-data-31.liquid
OK	OK	Jiu Jitsu Academy Of Stillwater	Stillwater	bjjstillwater.com	Y			bjjstillwater.com	HAS_STORED	1116 1/2 S Main St			snippets/tjjm-gyms-data-31.liquid
OK	OK	Stillwater BJJ	Stillwater	https://stillwaterbjj.com	Y			https://stillwaterbjj.com	HAS_STORED			Y	snippets/tjjm-gyms-data.liquid
OK	OK	Stillwater Martial Arts	Stillwater	stillwatermartialarts.com	Y			stillwatermartialarts.com	HAS_STORED	824 S Main St			snippets/tjjm-gyms-data-31.liquid
OK	OK	Relevant Martial Arts	Tahlequah	relevantmartialarts.com	Y			relevantmartialarts.com	HAS_STORED	22 South St			snippets/tjjm-gyms-data-31.liquid
OK	OK	Carson Fight & Fitness	Tulsa	https://carsonfightfitness.com	Y			https://carsonfightfitness.com	HAS_STORED				snippets/tjjm-gyms-data.liquid
OK	OK	Gracie Jiu-Jitsu Tulsa	Tulsa	gracietulsa.com	Y			gracietulsa.com	HAS_STORED	8160 S Harvard Ave			snippets/tjjm-gyms-data-31.liquid
OK	OK	Jedi Jiu-Jitsu	Tulsa	jjjtulsajiu-jitsu.com	Y			jjjtulsajiu-jitsu.com	HAS_STORED	7008 S Utica Ave			snippets/tjjm-gyms-data-31.liquid
OK	OK	Primate Brazilian Jiu Jitsu	Tulsa	primatebjj.com	Y			primatebjj.com	HAS_STORED	4622 E 31st St			snippets/tjjm-gyms-data-31.liquid
OK	OK	Relentless Martial Arts	Tulsa	relentlessmartialarts.com	Y			relentlessmartialarts.com	HAS_STORED	6202 S Sheridan Rd			snippets/tjjm-gyms-data-31.liquid
OK	OK	Ryan Brazilian Jiu Jitsu	Tulsa		Y				EMPTY_STORED|RENDERS_BLANK	216 S Trenton Ave			snippets/tjjm-gyms-data-31.liquid
OK	OK	Sheepdog Jiu-Jitsu	Tulsa	sheepdogtulsa.com	Y			sheepdogtulsa.com	HAS_STORED	10846 S Memorial Dr Suite 106			snippets/tjjm-gyms-data-31.liquid
OK	OK	Tulsa BJJ	Tulsa	https://tulsabjj.com	Y			https://tulsabjj.com	HAS_STORED			Y	snippets/tjjm-gyms-data.liquid
OK	OK	Tulsa Judo and Jiu Jitsu	Tulsa	tulsajudoclub.com	Y		websites-2		HAS_STORED+BLANKED|RENDERS_BLANK	4343 S Memorial Dr			snippets/tjjm-gyms-data-31.liquid
OK	OK	Apex Fitness & Martial Arts	Tuttle	okcbjj.co	Y			okcbjj.co	HAS_STORED	7508 E Highway 37			snippets/tjjm-gyms-data-31.liquid
OK	OK	Highland Jiu Jitsu	Warr Acres	bethanybjj.com	Y			bethanybjj.com	HAS_STORED	5557 Northwest Expy			snippets/tjjm-gyms-data-31.liquid
OK	OK	3 Feathers MMA Muay Thai Warriors 4 Christ	Wilburton		Y				EMPTY_STORED|RENDERS_BLANK	147 E Main St			snippets/tjjm-gyms-data-31.liquid
OK	OK	RYSE Academy of Martial Arts	Woodward	rysemma.com	Y			rysemma.com	HAS_STORED	1116 40th St			snippets/tjjm-gyms-data-31.liquid
OK	OK	Conquest	Yukon	conquestok.com	Y			conquestok.com	HAS_STORED	322 Elm Ave			snippets/tjjm-gyms-data-31.liquid
OK	OK	Highland Martial Arts – Yukon	Yukon	tsmayukon.com	Y			tsmayukon.com	HAS_STORED	1093 Cornwell Dr Ste B			snippets/tjjm-gyms-data-31.liquid
OK	OK	Solid MMA	Yukon	solidmma.pro	Y			solidmma.pro	HAS_STORED	12301 Merritt Ave			snippets/tjjm-gyms-data-31.liquid
OK	OK	Transform Jiu-Jitsu	Yukon	transformbjj.com	Y			transformbjj.com	HAS_STORED	831 N Cemetery Rd Suite B-1			snippets/tjjm-gyms-data-31.liquid
OK	OK	Yukon Martial Arts	Yukon	yukonokmartialarts.com	Y			yukonokmartialarts.com	HAS_STORED	949 Cornwell Dr			snippets/tjjm-gyms-data-31.liquid
ON	ON	Ajax BJJ	Ajax	https://ajaxbjj.com	Y			https://ajaxbjj.com	HAS_STORED			Y	snippets/tjjm-gyms-data.liquid
ON	ON	Elemental Jiu Jitsu	Ajax	https://elementaljiujitsu.com	Y			https://elementaljiujitsu.com	HAS_STORED	845 Westney Road South Unit 4			snippets/tjjm-gyms-data-37.liquid
ON	ON	Karma Jiu Jitsu	Ajax	https://karmajiujitsu.com	Y			https://karmajiujitsu.com	HAS_STORED	487 Westney Rd Unit 4			snippets/tjjm-gyms-data-37.liquid
ON	ON	Moyo Jiu-Jitsu Academy	Ajax	https://moyojiujitsu.com	Y			https://moyojiujitsu.com	HAS_STORED	55 Mills Rd Unit 6			snippets/tjjm-gyms-data-37.liquid
ON	ON	905 Brazilian Jiujitsu	Aurora	https://905brazilianjiujitsu.com	Y			https://905brazilianjiujitsu.com	HAS_STORED	10 Furbacher Ln Unit 2			snippets/tjjm-gyms-data-37.liquid
ON	ON	Barrie BJJ	Barrie	https://barriebjj.com	Y	https://705bjj.com/	websites-2	https://705bjj.com/	HAS_STORED+REPOINTED				snippets/tjjm-gyms-data.liquid
ON	ON	Champs Academy	Barrie	https://champsacademy.ca	Y			https://champsacademy.ca	HAS_STORED	131 Commerce Park Dr			snippets/tjjm-gyms-data-37.liquid
ON	ON	Legacy Fight Club	Barrie	https://legacyfightclub.com	Y			https://legacyfightclub.com	HAS_STORED	351 King St. Unit 7			snippets/tjjm-gyms-data-37.liquid
ON	ON	Submission Arts Academy	Barrie	https://submissionartsacademy.com	Y			https://submissionartsacademy.com	HAS_STORED	112 Commerce Park Dr			snippets/tjjm-gyms-data-37.liquid
ON	ON	Alcateia Brazilian Jiu Jitsu	Belleville	https://alcateiabjj.com	Y			https://alcateiabjj.com	HAS_STORED	40 Hanna Court			snippets/tjjm-gyms-data-37.liquid
ON	ON	Belleville BJJ	Belleville	https://bellevillebjj.com	Y			https://bellevillebjj.com	HAS_STORED				snippets/tjjm-gyms-data.liquid
ON	ON	Brampton Brazilian Jiu Jitsu Academy	Brampton	https://bramptonbjj.com	Y			https://bramptonbjj.com	HAS_STORED				snippets/tjjm-gyms-data.liquid
ON	ON	Brantford BJJ	Brantford	https://brantfordbjj.com	Y			https://brantfordbjj.com	HAS_STORED				snippets/tjjm-gyms-data.liquid
ON	ON	Burlington BJJ	Burlington	https://burlingtonbjj.ca	Y			https://burlingtonbjj.ca	HAS_STORED				snippets/tjjm-gyms-data.liquid
ON	ON	MN Brazilian Jiu Jitsu Academy	Burlington	https://mnbjj.ca	Y			https://mnbjj.ca	HAS_STORED	5230 South Service Rd Unit 301			snippets/tjjm-gyms-data-37.liquid
ON	ON	Octa BJJ Burlington	Burlington	https://burlington.octabjj.com	Y			https://burlington.octabjj.com	HAS_STORED	1176 Blair Road			snippets/tjjm-gyms-data-37.liquid
ON	ON	Cambridge BJJ	Cambridge	https://cambridgebjj.com	Y	https://cambridgebjj.ca/	websites-2	https://cambridgebjj.ca/	HAS_STORED+REPOINTED				snippets/tjjm-gyms-data.liquid
ON	ON	Grand River BJJ	Cambridge	https://grandriverbjj.ca	Y			https://grandriverbjj.ca	HAS_STORED	26-1 Main Street			snippets/tjjm-gyms-data-37.liquid
ON	ON	MAS Academy of Martial Arts	Cambridge	https://masthaiboxing.com	Y			https://masthaiboxing.com	HAS_STORED	695 Bishop Street North			snippets/tjjm-gyms-data-37.liquid
ON	ON	Octa BJJ Cambridge	Cambridge	https://cambridge.octabjj.com	Y			https://cambridge.octabjj.com	HAS_STORED	90 Pinebush Rd			snippets/tjjm-gyms-data-37.liquid
ON	ON	King Jiu Jitsu Vaughan	Concord	https://kingjiujitsuvaughan.com	Y			https://kingjiujitsuvaughan.com	HAS_STORED	207 Edgeley Blvd #19			snippets/tjjm-gyms-data-37.liquid
ON	ON	BJJ Battalion	Etobicoke	https://bjjbattalion.com	Y			https://bjjbattalion.com	HAS_STORED				snippets/tjjm-gyms-data.liquid
ON	ON	Etobicoke BJJ	Etobicoke	https://etobicoke-bjj.com	Y			https://etobicoke-bjj.com	HAS_STORED	2918 Lake Shore Blvd W			snippets/tjjm-gyms-data-37.liquid
ON	ON	Guelph BJJ	Guelph	https://guelphbjj.com	Y			https://guelphbjj.com	HAS_STORED				snippets/tjjm-gyms-data.liquid
ON	ON	Omerta BJJ	Guelph	https://omertabjj.com	Y			https://omertabjj.com	HAS_STORED	101-121 Wyndham St N			snippets/tjjm-gyms-data-37.liquid
ON	ON	Royal City BJJ	Guelph	https://royalcitybjj.com	Y			https://royalcitybjj.com	HAS_STORED	20 Cowan Place Unit 3			snippets/tjjm-gyms-data-37.liquid
ON	ON	Bora Jiu-Jitsu	Hamilton	https://borabjj.com	Y			https://borabjj.com	HAS_STORED	625 Greenhill Ave Unit 7			snippets/tjjm-gyms-data-37.liquid
ON	ON	Hamilton Brazilian Jiu-Jitsu	Hamilton	https://hamiltonbjj.com	Y			https://hamiltonbjj.com	HAS_STORED				snippets/tjjm-gyms-data.liquid
ON	ON	Hamilton School of Martial Arts	Hamilton	https://hsma1.com	Y			https://hsma1.com	HAS_STORED	1085 Barton Street East			snippets/tjjm-gyms-data-37.liquid
ON	ON	Joslin's MMA	Hamilton	https://joslinsmma.com	Y			https://joslinsmma.com	HAS_STORED	436 Concession St			snippets/tjjm-gyms-data-37.liquid
ON	ON	The Grappling Garden	Hamilton	https://grapplinggarden.ca	Y			https://grapplinggarden.ca	HAS_STORED	100 Frid St. Unit #15			snippets/tjjm-gyms-data-37.liquid
ON	ON	Valens Jiu Jitsu Academy	Hamilton	https://valensjiujitsu.com	Y		websites-2		HAS_STORED+BLANKED|RENDERS_BLANK				snippets/tjjm-gyms-data.liquid
ON	ON	Silver 7 Martial Arts	Kanata	https://silver7martialarts.com	Y			https://silver7martialarts.com	HAS_STORED	737 Silver Seven Rd			snippets/tjjm-gyms-data-37.liquid
ON	ON	Kingston BJJ	Kingston	https://kingstonbjj.ca	Y			https://kingstonbjj.ca	HAS_STORED			Y	snippets/tjjm-gyms-data.liquid
ON	ON	Guardhouse BJJ	Kitchener	https://guardhousebjj.ca	Y			https://guardhousebjj.ca	HAS_STORED	41 Ardelt Place #1b			snippets/tjjm-gyms-data-37.liquid
ON	ON	Octa BJJ Kitchener	Kitchener	https://octabjjkitchener.com	Y			https://octabjjkitchener.com	HAS_STORED	Unit 5-6, 248 Stirling Ave S			snippets/tjjm-gyms-data-37.liquid
ON	ON	Olympus Martial Arts	Kitchener	https://olympusmma.com	Y			https://olympusmma.com	HAS_STORED	50 Ottawa St S Unit 201			snippets/tjjm-gyms-data-37.liquid
ON	ON	Return of the Dragon	Kitchener	https://rotdma.com	Y			https://rotdma.com	HAS_STORED	900 Guelph St #108			snippets/tjjm-gyms-data-37.liquid
ON	ON	Alliance Jiu Jitsu London Ontario	London	https://alliancejiujitsulondon.ca	Y		websites-2		HAS_STORED+BLANKED|RENDERS_BLANK				snippets/tjjm-gyms-data.liquid
ON	ON	Bindner Academy	London	https://bindner.academy	Y			https://bindner.academy	HAS_STORED	19-1615 North Routledge Park			snippets/tjjm-gyms-data-37.liquid
ON	ON	Gracie Barra London	London	https://graciebarra.com	Y			https://graciebarra.com	HAS_STORED	1712 Hyde Park Rd #104			snippets/tjjm-gyms-data-37.liquid
ON	ON	The Submission Academy	London	https://subacademyldn.com	Y			https://subacademyldn.com	HAS_STORED	1068 Dundas St.			snippets/tjjm-gyms-data-37.liquid
ON	ON	88 BJJ	Markham	https://eighteightbjj.com	Y			https://eighteightbjj.com	HAS_STORED	Unit 17 - 50 Anderson Ave			snippets/tjjm-gyms-data-37.liquid
ON	ON	AMA Dojo	Mississauga	https://amadojo.ca	Y			https://amadojo.ca	HAS_STORED	Unit 8 - 6790 Kitimat Rd			snippets/tjjm-gyms-data-37.liquid
ON	ON	Core Jiu-Jitsu	Mississauga	https://bjjmississauga.com	Y			https://bjjmississauga.com	HAS_STORED	966 Dundas Street East Unit 13			snippets/tjjm-gyms-data-37.liquid
ON	ON	Current Jiu Jitsu	Mississauga	https://currentbjj.com	Y			https://currentbjj.com	HAS_STORED	6810 Kitimat Rd Units 8 & 9			snippets/tjjm-gyms-data-37.liquid
ON	ON	Kombat Arts Training Academy	Mississauga	https://kombatarts.com	Y			https://kombatarts.com	HAS_STORED				snippets/tjjm-gyms-data.liquid
ON	ON	Mississauga Jiu Jitsu	Mississauga	https://mississaugajiujitsu.com	Y			https://mississaugajiujitsu.com	HAS_STORED				snippets/tjjm-gyms-data.liquid
ON	ON	New Valor Brazilian Jiu-Jitsu Academy	Mississauga	https://newvalorbjj.com	Y			https://newvalorbjj.com	HAS_STORED	3250 Ridgeway Dr Unit 7			snippets/tjjm-gyms-data-37.liquid
ON	ON	Octa BJJ Mississauga	Mississauga	https://mississauga.octabjj.com	Y			https://mississauga.octabjj.com	HAS_STORED	3065 Ridgeway Dr Unit 46 & 47			snippets/tjjm-gyms-data-37.liquid
ON	ON	Santos Brothers BJJ	Mississauga	https://santosbrothersbjj.com	Y			https://santosbrothersbjj.com	HAS_STORED				snippets/tjjm-gyms-data.liquid
ON	ON	South Mississauga Jiu Jitsu	Mississauga	https://southmississaugabjj.com	Y		websites-2		HAS_STORED+BLANKED|RENDERS_BLANK				snippets/tjjm-gyms-data.liquid
ON	ON	Passador BJJ	Niagara Falls	https://passadorbjj.com	Y			https://passadorbjj.com	HAS_STORED	4536 Portage Road			snippets/tjjm-gyms-data-37.liquid
ON	ON	Grounded Studios	North Bay	https://grounded.ca	Y			https://grounded.ca	HAS_STORED	945 Stockdale Road			snippets/tjjm-gyms-data-37.liquid
ON	ON	North Bay BJJ	North Bay	https://northbaybjj.com	Y			https://northbaybjj.com	HAS_STORED			Y	snippets/tjjm-gyms-data.liquid
ON	ON	The Garden Brazilian Jiu Jitsu	North Bay	https://thegardenbjj.ca	Y			https://thegardenbjj.ca	HAS_STORED	397 Wyld Street			snippets/tjjm-gyms-data-37.liquid
ON	ON	Toronto Top Team Martial Arts and Fitness	North York	https://torontommateam.com	Y			https://torontommateam.com	HAS_STORED	161 Bartley Drive Unit 3 and 4			snippets/tjjm-gyms-data-37.liquid
ON	ON	Oakville Brazilian Jiu-Jitsu	Oakville	https://oakvillejiujitsu.ca	Y			https://oakvillejiujitsu.ca	HAS_STORED	2828 Kingsway Drive			snippets/tjjm-gyms-data-37.liquid
ON	ON	Octa BJJ Oakville	Oakville	https://octabjj.com	Y			https://octabjj.com	HAS_STORED	220 Wyecroft Road Unit 41			snippets/tjjm-gyms-data-37.liquid
ON	ON	VS Brazilian Jiu-Jitsu	Oakville	https://vsbjj.com	Y			https://vsbjj.com	HAS_STORED	3114 Dundas St W			snippets/tjjm-gyms-data-37.liquid
ON	ON	Big Country - Orillia	Orillia	https://bigcountryorillia.gymdesk.com	Y			https://bigcountryorillia.gymdesk.com	HAS_STORED	27 West St S			snippets/tjjm-gyms-data-37.liquid
ON	ON	Orillia BJJ	Orillia	https://orilliabjj.com	Y			https://orilliabjj.com	HAS_STORED			Y	snippets/tjjm-gyms-data.liquid
ON	ON	Resolve Martial Arts Academy Orillia	Orillia	https://resolvemartialartsorillia.com	Y			https://resolvemartialartsorillia.com	HAS_STORED	300 Peter St N			snippets/tjjm-gyms-data-37.liquid
ON	ON	Mamute Martial Arts	Oshawa	https://mamutemaa.com	Y			https://mamutemaa.com	HAS_STORED	907 Simcoe St N			snippets/tjjm-gyms-data-37.liquid
ON	ON	Oshawa BJJ	Oshawa	https://oshawawbjj.com	Y	https://oshawabjj.com/	websites-2	https://oshawabjj.com/	HAS_STORED+REPOINTED				snippets/tjjm-gyms-data.liquid
ON	ON	Alliance Jiu Jitsu Ottawa	Ottawa	https://alliancejiujitsuottawa.com	Y		websites-2		HAS_STORED+BLANKED|RENDERS_BLANK				snippets/tjjm-gyms-data.liquid
ON	ON	Brave Martial Arts Institute	Ottawa	https://bravemai.com	Y			https://bravemai.com	HAS_STORED	2161 Thurston Dr			snippets/tjjm-gyms-data-37.liquid
ON	ON	Gracie Barra Ottawa	Ottawa	https://gb-ottawa.com	Y			https://gb-ottawa.com	HAS_STORED	250 Avenue City Centre			snippets/tjjm-gyms-data-37.liquid
ON	ON	Ground X Jiu Jitsu Ottawa	Ottawa	https://groundxjiujitsu.com	Y			https://groundxjiujitsu.com	HAS_STORED				snippets/tjjm-gyms-data.liquid
ON	ON	Jiujitsu Culture	Ottawa	https://jiujitsuculture.ca	Y			https://jiujitsuculture.ca	HAS_STORED	2-397b Richmond Road			snippets/tjjm-gyms-data-37.liquid
ON	ON	Ottawa Academy of Martial Arts	Ottawa	https://oama.ca	Y			https://oama.ca	HAS_STORED	1810 Carling Ave			snippets/tjjm-gyms-data-37.liquid
ON	ON	Ottawa Jiu Jitsu	Ottawa	https://ottawajiujitsu.com	Y			https://ottawajiujitsu.com	HAS_STORED				snippets/tjjm-gyms-data.liquid
ON	ON	The Ottawa Jiu Jitsu Club	Ottawa	https://theottawajiujitsuclub.com	Y			https://theottawajiujitsuclub.com	HAS_STORED	1484 Scott St			snippets/tjjm-gyms-data-37.liquid
ON	ON	Zen MMA	Ottawa	https://zenmma.ca	Y			https://zenmma.ca	HAS_STORED	32 Colonnade Rd N #1000, Ottawa (Nepean)			snippets/tjjm-gyms-data-37.liquid
ON	ON	Eris Martial Arts Academy	Peterborough	https://erismartialarts.com	Y			https://erismartialarts.com	HAS_STORED	306 George St N			snippets/tjjm-gyms-data-37.liquid
ON	ON	Kawartha Combat	Peterborough	https://kawarthacombat.com	Y			https://kawarthacombat.com	HAS_STORED	910 High St Unit 15			snippets/tjjm-gyms-data-37.liquid
ON	ON	Peterborough BJJ	Peterborough	https://peterboroughbjj.com	Y			https://peterboroughbjj.com	HAS_STORED			Y	snippets/tjjm-gyms-data.liquid
ON	ON	AACE Martial Arts Academy	Pickering	https://aacemartialartsacademy.com	Y			https://aacemartialartsacademy.com	HAS_STORED	633 Kingston Road			snippets/tjjm-gyms-data-37.liquid
ON	ON	Action & Reaction MMA Pickering	Pickering	https://actionreactionmma.com	Y			https://actionreactionmma.com	HAS_STORED	821 Brock Rd Unit 9			snippets/tjjm-gyms-data-37.liquid
ON	ON	Pickering BJJ	Pickering	https://pickeringbjj.com	Y			https://pickeringbjj.com	HAS_STORED			Y	snippets/tjjm-gyms-data.liquid
ON	ON	Richmond Hill Jiu-Jitsu	Richmond Hill	https://rh-bjj.com	Y			https://rh-bjj.com	HAS_STORED	132 King Rd			snippets/tjjm-gyms-data-37.liquid
ON	ON	Forge Training Centre	Sarnia	https://forgetrainingcentre.com	Y			https://forgetrainingcentre.com	HAS_STORED	1880 London Line			snippets/tjjm-gyms-data-37.liquid
ON	ON	The Butcher Shop	Sarnia	https://butchershopjiujitsu.ca	Y			https://butchershopjiujitsu.ca	HAS_STORED	Unit 7, 110 East Street S			snippets/tjjm-gyms-data-37.liquid
ON	ON	Gracie Jiu-Jitsu Sault Ste. Marie	Sault Ste. Marie	https://graciejiujitsusaultstemarie.com	Y			https://graciejiujitsusaultstemarie.com	HAS_STORED	274 Lake St			snippets/tjjm-gyms-data-37.liquid
ON	ON	Sault Ste. Marie BJJ	Sault Ste. Marie	https://saultbjj.com	Y			https://saultbjj.com	HAS_STORED			Y	snippets/tjjm-gyms-data.liquid
ON	ON	Steel City MMA	Sault Ste. Marie	https://steelcitymma.com	Y			https://steelcitymma.com	HAS_STORED	258 Queen St E			snippets/tjjm-gyms-data-37.liquid
ON	ON	Salvosa Jiu-Jitsu Academy	Scarborough	https://salvosabjj.com	Y			https://salvosabjj.com	HAS_STORED				snippets/tjjm-gyms-data.liquid
ON	ON	Evolve MMA & Fitness	St. Catharines	https://evolvemma.ca	Y			https://evolvemma.ca	HAS_STORED	325 Welland Ave			snippets/tjjm-gyms-data-37.liquid
ON	ON	Niagara BJJ	St. Catharines	https://niagarabjj.com	Y			https://niagarabjj.com	HAS_STORED				snippets/tjjm-gyms-data.liquid
ON	ON	Renzo Gracie Niagara	St. Catharines	https://renzogracieniagara.com	Y			https://renzogracieniagara.com	HAS_STORED	486 Grantham Ave			snippets/tjjm-gyms-data-37.liquid
ON	ON	SBG Niagara	St. Catharines	https://sbgniagara.ca	Y			https://sbgniagara.ca	HAS_STORED	11 Seapark Drive			snippets/tjjm-gyms-data-37.liquid
ON	ON	St. Catharines BJJ	St. Catharines	https://stcatharinesbjj.com	Y			https://stcatharinesbjj.com	HAS_STORED				snippets/tjjm-gyms-data.liquid
ON	ON	Hamilton BJJ	Stoney Creek	https://hamilton-bjj.com	Y			https://hamilton-bjj.com	HAS_STORED	166 Green Mountain Rd E			snippets/tjjm-gyms-data-37.liquid
ON	ON	Stratford BJJ Ontario	Stratford	https://stratfordbjjon.com	Y		websites-2		HAS_STORED+BLANKED|RENDERS_BLANK				snippets/tjjm-gyms-data.liquid
ON	ON	Sudbury BJJ	Sudbury	https://sudburybjj.com	Y			https://sudburybjj.com	HAS_STORED				snippets/tjjm-gyms-data.liquid
ON	ON	Caique Jiu-Jitsu Academy Windsor Essex	Tecumseh	https://cjjwe.com	Y			https://cjjwe.com	HAS_STORED	11700 County Rd 42			snippets/tjjm-gyms-data-37.liquid
ON	ON	Leading Edge MMA	Thunder Bay	https://leadingedgemma.ca	Y			https://leadingedgemma.ca	HAS_STORED	340A Waterloo St N			snippets/tjjm-gyms-data-37.liquid
ON	ON	Thunder Bay BJJ	Thunder Bay	https://thunderbaybjj.com	Y			https://thunderbaybjj.com	HAS_STORED			Y	snippets/tjjm-gyms-data.liquid
ON	ON	Thunder Valley Martial Arts	Thunder Bay	https://thundervalleymartialarts.com	Y			https://thundervalleymartialarts.com	HAS_STORED	910 Memorial Avenue unit C			snippets/tjjm-gyms-data-37.liquid
ON	ON	Gracie Barra Toronto East	Toronto	https://graciebarra.com	Y			https://graciebarra.com	HAS_STORED	68 Railside Rd Unit B			snippets/tjjm-gyms-data-37.liquid
ON	ON	Greenwood Jiu-Jitsu	Toronto	https://brazilianjiujitsutoronto.com	Y			https://brazilianjiujitsutoronto.com	HAS_STORED		416 Moore Ave Ste 102		snippets/tjjm-gyms-data.liquid
ON	ON	JT6 Academy	Toronto	https://jt6.ca	Y			https://jt6.ca	HAS_STORED	28 Industrial Street Unit 218			snippets/tjjm-gyms-data-37.liquid
ON	ON	Junction Academy	Toronto	https://www.junctionacademy.ca	Y			https://www.junctionacademy.ca	HAS_STORED		417 Keele St		snippets/tjjm-gyms-data.liquid
ON	ON	Toronto BJJ	Toronto	https://www.torontobjj.com	Y			https://www.torontobjj.com	HAS_STORED		813 Bloor St W		snippets/tjjm-gyms-data.liquid
ON	ON	Toronto Jiu Jitsu Club	Toronto	https://torontojiujitsuclub.com	Y			https://torontojiujitsuclub.com	HAS_STORED		2073 Danforth Ave		snippets/tjjm-gyms-data.liquid
ON	ON	Yorkdale Martial Arts	Toronto	https://yorkdalemartialarts.com	Y			https://yorkdalemartialarts.com	HAS_STORED		62 Clarkson Ave		snippets/tjjm-gyms-data.liquid
ON	ON	Vaughan Jiu-Jitsu Academy	Vaughan	https://vaughanbjj.com	Y			https://vaughanbjj.com	HAS_STORED	130 Racco Parkway Unit 5			snippets/tjjm-gyms-data-37.liquid
ON	ON	The Jiu-Jitsu Lab	Waterloo	https://labjiujitsu.com	Y			https://labjiujitsu.com	HAS_STORED	420 Weber St N			snippets/tjjm-gyms-data-37.liquid
ON	ON	DNA Brazilian Jiu Jitsu	Whitby	https://dnabjj.com	Y			https://dnabjj.com	HAS_STORED	2001 Thickson Road South Unit 15			snippets/tjjm-gyms-data-37.liquid
ON	ON	Four-Eleven Brazilian Jiu Jitsu	Whitby	https://foureleven-bjj.com	Y	https://fourelevenbjj.ca/	websites-2	https://fourelevenbjj.ca/	HAS_STORED+REPOINTED				snippets/tjjm-gyms-data.liquid
ON	ON	APEX MMA	Windsor	https://apexmma.ca	Y			https://apexmma.ca	HAS_STORED	1529 Highland Ave			snippets/tjjm-gyms-data-37.liquid
ON	ON	META BJJ Windsor	Windsor	https://metabjj.ca	Y			https://metabjj.ca	HAS_STORED	956 McDougall St			snippets/tjjm-gyms-data-37.liquid
ON	ON	Maximum Training Centre	Windsor	https://mtcwindsor.ca	Y			https://mtcwindsor.ca	HAS_STORED	1929 Provincial Rd			snippets/tjjm-gyms-data-37.liquid
ON	ON	Windsor BJJ	Windsor	https://windsorbjj.com	Y	https://windsorbrazilianjiujitsu.com/	websites-2	https://windsorbrazilianjiujitsu.com/	HAS_STORED+REPOINTED				snippets/tjjm-gyms-data.liquid
ON	ON	Woodstock BJJ Ontario	Woodstock	https://woodstockbjjon.com	Y		websites-2		HAS_STORED+BLANKED|RENDERS_BLANK				snippets/tjjm-gyms-data.liquid
OR	OR	Albany BJJ Oregon	Albany	https://albanybjjor.com	Y			https://albanybjjor.com	HAS_STORED			Y	snippets/tjjm-gyms-data.liquid
OR	OR	Integrity Martial Arts and Fitness, LLC	Albany	http://www.integritymaf.com/	Y			http://www.integritymaf.com/	HAS_STORED	1193 Santiam Rd SE			snippets/tjjm-gyms-data-35.liquid
OR	OR	Oregon Triad Jiu-Jitsu	Albany	https://www.facebook.com/OregonTriadJiuJitsu/	Y			https://www.facebook.com/OregonTriadJiuJitsu/	HAS_STORED	1245 SW Washington St			snippets/tjjm-gyms-data-35.liquid
OR	OR	Full Force Mma	Aloha		Y				EMPTY_STORED|RENDERS_BLANK	20795 SW Tualatin Valley Hwy			snippets/tjjm-gyms-data-35.liquid
OR	OR	Ashland BJJ	Ashland	https://ashlandbjj.com	Y			https://ashlandbjj.com	HAS_STORED		1287 Oak St		snippets/tjjm-gyms-data.liquid
OR	OR	Ashland Mixed Martial Art	Ashland	https://ashlandheroacademy.com/	Y			https://ashlandheroacademy.com/	HAS_STORED	1287 Oak St			snippets/tjjm-gyms-data-35.liquid
OR	OR	Men's JIUJITSU School	Astoria	http://mensjiujitsu.com/	Y			http://mensjiujitsu.com/	HAS_STORED	1465 Grand Ave			snippets/tjjm-gyms-data-35.liquid
OR	OR	White Panther Tae Kwon Do Boxing and Filipino Martial Arts	Astoria	http://www.whitepantherastoria.com/	Y			http://www.whitepantherastoria.com/	HAS_STORED	1465 Grand Ave			snippets/tjjm-gyms-data-35.liquid
OR	OR	Aim High Academy Of Martial Arts	Beaverton	http://www.aimhighma.org/	Y			http://www.aimhighma.org/	HAS_STORED	16205 NW Bethany Ct #100			snippets/tjjm-gyms-data-35.liquid
OR	OR	EchoValor Striking & MMA	Beaverton	http://www.echovalor.com	Y			http://www.echovalor.com	HAS_STORED	4370 SW Lloyd Ave		Y	snippets/tjjm-gyms-data-35.liquid
OR	OR	EchoValor Striking & MMA Beaverton	Beaverton	http://www.echovalor.com	Y			http://www.echovalor.com	HAS_STORED	4370 SW Lloyd Ave			snippets/tjjm-gyms-data-45.liquid
OR	OR	Impact Jiu Jitsu HQ Beaverton	Beaverton	https://www.impactjj.com/	Y			https://www.impactjj.com/	HAS_STORED	10720 SW Beaverton Hillsdale Highway			snippets/tjjm-gyms-data-35.liquid
OR	OR	Invictus Defense Academy	Beaverton	http://invictusdefenseacademy.com/	Y			http://invictusdefenseacademy.com/	HAS_STORED	10195 SW Beaverton Hillsdale Hwy			snippets/tjjm-gyms-data-35.liquid
OR	OR	Kilian's Martial Arts Center	Beaverton	http://www.kmacoregon.com/	Y			http://www.kmacoregon.com/	HAS_STORED	9640 SW Sunshine Ct #500			snippets/tjjm-gyms-data-35.liquid
OR	OR	Bend BJJ	Bend	https://bendbjj.com	Y			https://bendbjj.com	HAS_STORED			Y	snippets/tjjm-gyms-data.liquid
OR	OR	Clarks University of Martial Arts	Bend	https://clark-s-university-of-martial-arts.mykajabi.com/	Y			https://clark-s-university-of-martial-arts.mykajabi.com/	HAS_STORED	62971 Plateau Dr #300			snippets/tjjm-gyms-data-35.liquid
OR	OR	Connection Rio Jiu-Jitsu Academy	Bend	https://connectionriobjj.com/	Y			https://connectionriobjj.com/	HAS_STORED	1620 A NE 3rd St.			snippets/tjjm-gyms-data-35.liquid
OR	OR	Danzig MMA	Bend	http://www.danzigmixedmartialarts.com	Y			http://www.danzigmixedmartialarts.com	HAS_STORED	20340 Empire Ave			snippets/tjjm-gyms-data-35.liquid
OR	OR	High Desert Martial Arts	Bend	http://www.highdesertmartialartsbend.com/	Y			http://www.highdesertmartialartsbend.com/	HAS_STORED	63056 Lower Meadow Dr Ste 120			snippets/tjjm-gyms-data-35.liquid
OR	OR	Ralph Gracie Brazilian Jiu-Jitsu (BJJ) - Bend	Bend	http://www.ralphgraciebend.com/	Y			http://www.ralphgraciebend.com/	HAS_STORED	1310 SE Reed Market Rd #120			snippets/tjjm-gyms-data-35.liquid
OR	OR	Straight Blast Gym of Bend	Bend	http://www.sbgbend.com/	Y			http://www.sbgbend.com/	HAS_STORED	550 NW Franklin Ave ste 338			snippets/tjjm-gyms-data-35.liquid
OR	OR	Sunshine Athletics	Canby	http://canbyjiujitsu.com	Y			http://canbyjiujitsu.com	HAS_STORED	207 SW 1st Ave			snippets/tjjm-gyms-data-35.liquid
OR	OR	Brazilian Top Team Happy Valley	Clackamas	http://www.btthappyvalley.com/	Y			http://www.btthappyvalley.com/	HAS_STORED	9844 SE Empire Ct			snippets/tjjm-gyms-data-35.liquid
OR	OR	Impact Jiu Jitsu Clackamas	Clackamas	https://www.impactjj.com/	Y			https://www.impactjj.com/	HAS_STORED	16116 SE 82nd Dr			snippets/tjjm-gyms-data-35.liquid
OR	OR	Coos Bay BJJ	Coos Bay	https://coosbaybjj.com	Y			https://coosbaybjj.com	HAS_STORED			Y	snippets/tjjm-gyms-data.liquid
OR	OR	The Coos Bay Dojo	Coos Bay	http://www.coquilletkd.com/	Y			http://www.coquilletkd.com/	HAS_STORED	158 Market St			snippets/tjjm-gyms-data-35.liquid
OR	OR	10th Planet Corvallis	Corvallis	https://www.facebook.com/10PCorvallis/	Y			https://www.facebook.com/10PCorvallis/	HAS_STORED	195 SE Crystal Lake Dr			snippets/tjjm-gyms-data-35.liquid
OR	OR	Corvallis BJJ	Corvallis	https://corvallisbjj.com	Y			https://corvallisbjj.com	HAS_STORED			Y	snippets/tjjm-gyms-data.liquid
OR	OR	Art Of War MMA	Eugene	http://www.artofwar-mma.com/	Y			http://www.artofwar-mma.com/	HAS_STORED	251 B West Seventh Ave			snippets/tjjm-gyms-data-35.liquid
OR	OR	Atos Jiu Jitsu Northwest	Eugene	http://www.atosjiujitsunw.com/	Y			http://www.atosjiujitsunw.com/	HAS_STORED	2101 Bailey Hill Rd			snippets/tjjm-gyms-data-35.liquid
OR	OR	Bigfoot Gym	Eugene	http://www.bigfootmuaythai.com/	Y			http://www.bigfootmuaythai.com/	HAS_STORED	1123 Bailey Hill Rd # 32			snippets/tjjm-gyms-data-35.liquid
OR	OR	Eugene Jiu Jitsu Club	Eugene	http://www.eugenejiujitsuclub.com/	Y		websites-2		HAS_STORED+BLANKED|RENDERS_BLANK	577 River Rd			snippets/tjjm-gyms-data-35.liquid
OR	OR	Gracie Jiu Jitsu Eugene	Eugene	http://graciejiujitsueugene.com/	Y			http://graciejiujitsueugene.com/	HAS_STORED	125 Silver Ln			snippets/tjjm-gyms-data-35.liquid
OR	OR	Grey Wolf Brazilian Jiu-Jitsu - Martial Arts	Eugene	https://www.greywolfbjj.com/	Y			https://www.greywolfbjj.com/	HAS_STORED	1199 Fairfield Ave			snippets/tjjm-gyms-data-35.liquid
OR	OR	Jujitsu-Do Martial Art Center	Eugene	http://jujitsu-do.com/	Y			http://jujitsu-do.com/	HAS_STORED	2490 Hilyard St			snippets/tjjm-gyms-data-35.liquid
OR	OR	Northwest Martial Arts	Eugene	http://www.nwmaacademy.com/	Y			http://www.nwmaacademy.com/	HAS_STORED	755 Charnelton St			snippets/tjjm-gyms-data-35.liquid
OR	OR	Oregon BJJ	Eugene	https://oregonbjj.com	Y			https://oregonbjj.com	HAS_STORED			Y	snippets/tjjm-gyms-data.liquid
OR	OR	RISE Mixed Martial Arts - Eugene	Eugene	http://risemixedmartialartseugene.com/	Y		websites-2		HAS_STORED+BLANKED|RENDERS_BLANK	125 Silver Ln			snippets/tjjm-gyms-data-35.liquid
OR	OR	CTA Forest Grove Jiu Jitsu	Forest Grove	https://www.forestgrovebjj.com/	Y		websites-2		HAS_STORED+BLANKED|RENDERS_BLANK	2835 19th Ave Suite 600			snippets/tjjm-gyms-data-35.liquid
OR	OR	10th Planet Jiu Jitsu Grants Pass	Grants Pass	http://www.10thplanetgrantspass.com/	Y			http://www.10thplanetgrantspass.com/	HAS_STORED	2185 NE Spalding Ave			snippets/tjjm-gyms-data-35.liquid
OR	OR	Grants Pass BJJ	Grants Pass	https://grantspassbjj.com	Y			https://grantspassbjj.com	HAS_STORED			Y	snippets/tjjm-gyms-data.liquid
OR	OR	Wayne Owen Fighting Arts	Grants Pass	https://www.facebook.com/Wayne-Owen-Fighting-Arts-174709395877709/	Y			https://www.facebook.com/Wayne-Owen-Fighting-Arts-174709395877709/	HAS_STORED	113 SE K St			snippets/tjjm-gyms-data-35.liquid
OR	OR	Anibal Lobo Jiu Jitsu	Gresham	http://lobojiujitsu.com/	Y			http://lobojiujitsu.com/	HAS_STORED	839 E Powell Blvd			snippets/tjjm-gyms-data-35.liquid
OR	OR	Checkmat Portland	Gresham	https://checkmatportland.com/	Y			https://checkmatportland.com/	HAS_STORED	400 NW Eastman Pkwy			snippets/tjjm-gyms-data-35.liquid
OR	OR	Dynamic Martial Arts	Gresham	http://www.dmapdx.com/	Y			http://www.dmapdx.com/	HAS_STORED	421 NE Burnside Rd			snippets/tjjm-gyms-data-35.liquid
OR	OR	Fabiano Scherner Brazilian Jiu Jitsu	Gresham	http://www.greshamjiujitsu.com/	Y			http://www.greshamjiujitsu.com/	HAS_STORED	39 NW 3rd St			snippets/tjjm-gyms-data-35.liquid
OR	OR	Impact Next Generation	Gresham	http://impactnextgeneration.com	Y		websites-2		HAS_STORED+BLANKED|RENDERS_BLANK	1080 NE 8th St			snippets/tjjm-gyms-data-35.liquid
OR	OR	Porrada Jiu Jitsu Academy	Gresham	http://www.porradajiujitsu.com/	Y			http://www.porradajiujitsu.com/	HAS_STORED	1466 NE Burnside Rd			snippets/tjjm-gyms-data-35.liquid
OR	OR	US World Class Taekwondo	Gresham	http://www.greshamtkd.com	Y			http://www.greshamtkd.com	HAS_STORED	2332 E Powell Blvd			snippets/tjjm-gyms-data-35.liquid
OR	OR	Morizi Jiu-Jitsu	Hermiston	http://morizijiujitsu.com/	Y			http://morizijiujitsu.com/	HAS_STORED	80872 US-395			snippets/tjjm-gyms-data-35.liquid
OR	OR	CTA Hillsboro Jiu Jitsu and Boxing	Hillsboro	http://www.oregonbjj.com/	Y			http://www.oregonbjj.com/	HAS_STORED	2020 NW Aloclek Dr #105			snippets/tjjm-gyms-data-35.liquid
OR	OR	Ernie Reyes World Martial Arts	Hillsboro	http://www.erniereyes.com/	Y			http://www.erniereyes.com/	HAS_STORED	3075 SE Century Blvd Ste 103			snippets/tjjm-gyms-data-35.liquid
OR	OR	Impact Jiu Jitsu Hillsboro	Hillsboro	https://impacthillsboro.com/	Y			https://impacthillsboro.com/	HAS_STORED	1001 SE Tualatin Valley Highway Suite A-29			snippets/tjjm-gyms-data-35.liquid
OR	OR	Impact Jiu Jitsu Hood River	Hood River	https://www.impacthoodriver.com/	Y			https://www.impacthoodriver.com/	HAS_STORED	1531 Osprey Drive			snippets/tjjm-gyms-data-35.liquid
OR	OR	Animals MMA Oregon	Hubbard		Y				EMPTY_STORED|RENDERS_BLANK	17761 Dunn Rd NE			snippets/tjjm-gyms-data-35.liquid
OR	OR	Counter Point Martial Arts	Hubbard	https://www.facebook.com/CPMATKD	Y			https://www.facebook.com/CPMATKD	HAS_STORED	17761 Dunn Rd NE			snippets/tjjm-gyms-data-35.liquid
OR	OR	Impact Jiu Jitsu Keizer	Keizer	https://salemimpactjj.com/	Y			https://salemimpactjj.com/	HAS_STORED	117 McNary Estates Dr N			snippets/tjjm-gyms-data-35.liquid
OR	OR	Klamath Falls BJJ	Klamath Falls	https://klamathfallsbjj.com	Y			https://klamathfallsbjj.com	HAS_STORED			Y	snippets/tjjm-gyms-data.liquid
OR	OR	Mountain Warrior Academy Of Martial Arts (Impact JJ)	Klamath Falls	https://www.mwama.com/	Y			https://www.mwama.com/	HAS_STORED	1323 Elm Ave b			snippets/tjjm-gyms-data-35.liquid
OR	OR	Academy of Modern Martial Arts	Lake Oswego	http://www.martialarts-fitness.com/invitation.php	Y			http://www.martialarts-fitness.com/invitation.php	HAS_STORED	17253 Pilkington Rd			snippets/tjjm-gyms-data-35.liquid
OR	OR	Lebanon Gracie Jiu-Jitsu & Hollywood Dance Studios	Lebanon	http://www.hollywoodclasses.com/	Y			http://www.hollywoodclasses.com/	HAS_STORED	853 S Main St			snippets/tjjm-gyms-data-35.liquid
OR	OR	Impact Jiu Jitsu McMinnville	McMinnville	http://www.impactjjmac.com/	Y			http://www.impactjjmac.com/	HAS_STORED	1290 NE HWY 99W			snippets/tjjm-gyms-data-35.liquid
OR	OR	Cauliflower Ear Family	Medford	http://cauliflowerearfamily.com/	Y		websites-2		HAS_STORED+BLANKED|RENDERS_BLANK	503 N Fir St			snippets/tjjm-gyms-data-35.liquid
OR	OR	Fudoshin Brazilian Jiu Jitsu	Medford	http://www.fudoshinbjj.com/	Y			http://www.fudoshinbjj.com/	HAS_STORED	535 Stewart st			snippets/tjjm-gyms-data-35.liquid
OR	OR	Lotus Academy Brazilian Jiu Jitsu	Medford	http://www.lotusacademymedford.com/	Y			http://www.lotusacademymedford.com/	HAS_STORED	259 E Barnett Rd			snippets/tjjm-gyms-data-35.liquid
OR	OR	Medford BJJ	Medford	https://medfordbjj.com	Y			https://medfordbjj.com	HAS_STORED			Y	snippets/tjjm-gyms-data.liquid
OR	OR	Medford Oregon Kung Fu & JuJitsu	Medford	http://www.medfordoregonkungfu.com/	Y			http://www.medfordoregonkungfu.com/	HAS_STORED	1128 Court St			snippets/tjjm-gyms-data-35.liquid
OR	OR	Rogue Jiu Jitsu	Medford		Y				EMPTY_STORED|RENDERS_BLANK	1220 Corona Ave STE 101			snippets/tjjm-gyms-data-35.liquid
OR	OR	Spartan Team Brazilian Jiu-Jitsu	Medford	http://spartanboxinggym.com/	Y			http://spartanboxinggym.com/	HAS_STORED	729 Welch St			snippets/tjjm-gyms-data-35.liquid
OR	OR	Krav Maga Self Defense & Fitness	Milwaukie	http://www.kravmagaportland.com	Y		websites-2		HAS_STORED+BLANKED|RENDERS_BLANK	5484 SE International Way			snippets/tjjm-gyms-data-35.liquid
OR	OR	Impact Jiu Jitsu Newberg	Newberg	https://www.impactnewberg.com/	Y			https://www.impactnewberg.com/	HAS_STORED	2751 E 9th St, Suite B			snippets/tjjm-gyms-data-35.liquid
OR	OR	Walkers Martial Arts Academy	Newberg		Y				EMPTY_STORED|RENDERS_BLANK	1126 N Springbrook Rd			snippets/tjjm-gyms-data-35.liquid
OR	OR	Newport BJJ Oregon	Newport	https://newportbjjor.com	Y			https://newportbjjor.com	HAS_STORED			Y	snippets/tjjm-gyms-data.liquid
OR	OR	Tsunami Training Center	Newport	http://tsunamitc.com/	Y			http://tsunamitc.com/	HAS_STORED	5280 NE Shell World Pl			snippets/tjjm-gyms-data-35.liquid
OR	OR	Northwest Martial Arts Coos Bay	North Bend	http://www.nwmacoosbay.com/	Y			http://www.nwmacoosbay.com/	HAS_STORED	1955 Union Ave			snippets/tjjm-gyms-data-35.liquid
OR	OR	Grit MMA	Oak Grove	http://gritmmallc.com/	Y			http://gritmmallc.com/	HAS_STORED	16101 SE McLoughlin Blvd			snippets/tjjm-gyms-data-35.liquid
OR	OR	Brazilian Top Team Oregon City	Oregon City	http://www.bttoregoncity.com/	Y			http://www.bttoregoncity.com/	HAS_STORED	1678 S Beavercreek Rd k			snippets/tjjm-gyms-data-35.liquid
OR	OR	Enso Jiu Jitsu	Oregon City	http://ensojj.com	Y			http://ensojj.com	HAS_STORED	517 Main St			snippets/tjjm-gyms-data-35.liquid
OR	OR	Copperhead Jiu Jitsu	Pendleton	https://copperheadjiujitsu.com/	Y			https://copperheadjiujitsu.com/	HAS_STORED	253 S Main St			snippets/tjjm-gyms-data-35.liquid
OR	OR	Pendleton BJJ	Pendleton	https://pendletonbjj.com	Y			https://pendletonbjj.com	HAS_STORED			Y	snippets/tjjm-gyms-data.liquid
OR	OR	Defense Training Institute	Philomath		Y				EMPTY_STORED|RENDERS_BLANK	1229 Main St			snippets/tjjm-gyms-data-35.liquid
OR	OR	The Fight System	Philomath	http://thefightsystem.com/	Y			http://thefightsystem.com/	HAS_STORED	1130 Main St Unit D			snippets/tjjm-gyms-data-35.liquid
OR	OR	Grappletown Wrestling & Jiujitsu	Phoenix	http://grappletown.com	Y			http://grappletown.com	HAS_STORED	140 N. Main St			snippets/tjjm-gyms-data-35.liquid
OR	OR	Alive MMA	Portland	http://www.alivemma.com	Y			http://www.alivemma.com	HAS_STORED	5607 SE Woodstock Blvd			snippets/tjjm-gyms-data-35.liquid
OR	OR	Alliance Jiu Jitsu Portland	Portland	https://alliancejiujitsuportland.com	Y			https://alliancejiujitsuportland.com	HAS_STORED			Y	snippets/tjjm-gyms-data.liquid
OR	OR	Five Rings Jiu Jitsu	Portland	http://5rjj.com/	Y			http://5rjj.com/	HAS_STORED	8775 SW Canyon Lane			snippets/tjjm-gyms-data-35.liquid
OR	OR	GIRLS Gym	Portland	http://www.girlsgympdx.com	Y			http://www.girlsgympdx.com	HAS_STORED	7427 SE 52nd Ave			snippets/tjjm-gyms-data-35.liquid
OR	OR	Go Hard MMA & Fitness	Portland	https://www.facebook.com/Gohardmmafitness/	Y			https://www.facebook.com/Gohardmmafitness/	HAS_STORED	10534 NE SANDY Blvd			snippets/tjjm-gyms-data-35.liquid
OR	OR	Gracie Jiu-Jitsu Portland	Portland	https://www.graciepdx.com/	Y			https://www.graciepdx.com/	HAS_STORED	124 SW Yamhill St			snippets/tjjm-gyms-data-35.liquid
OR	OR	Industrial Strength Gym BJJ (Impact JJ)	Portland	https://industrialstrengthgym.com/brazilian-jiu-jitsu/	Y			https://industrialstrengthgym.com/brazilian-jiu-jitsu/	HAS_STORED	8709 N Lombard St			snippets/tjjm-gyms-data-35.liquid
OR	OR	Mata Leao Combat Sports	Portland	http://www.mataleaocs.com/	Y			http://www.mataleaocs.com/	HAS_STORED	1115 SE Stephens St			snippets/tjjm-gyms-data-35.liquid
OR	OR	Northwest Fighting Arts	Portland	http://nwfighting.com/	Y			http://nwfighting.com/	HAS_STORED	1200 SE Morrison St			snippets/tjjm-gyms-data-35.liquid
OR	OR	Portland BJJ	Portland	https://portlandbjj.com	Y			https://portlandbjj.com	HAS_STORED			Y	snippets/tjjm-gyms-data.liquid
OR	OR	Portland Small Circle Jujitsu	Portland	http://www.portlandjujitsu.com/	Y		websites-1		HAS_STORED+BLANKED|RENDERS_BLANK	4030 NE Broadway			snippets/tjjm-gyms-data-35.liquid
OR	OR	Recreate Fitness	Portland	https://recreatefitness.com/	Y			https://recreatefitness.com/	HAS_STORED	2573 NW Thurman St			snippets/tjjm-gyms-data-35.liquid
OR	OR	Renzo Gracie Jiu Jitsu Portland	Portland	https://www.renzogracieportland.com/contact/	Y			https://www.renzogracieportland.com/contact/	HAS_STORED	833 N Shaver St			snippets/tjjm-gyms-data-35.liquid
OR	OR	School of Budo	Portland	https://www.ecoledebudo.com/classes/jiu-jitsu/	Y			https://www.ecoledebudo.com/classes/jiu-jitsu/	HAS_STORED	7506 N Chicago Ave			snippets/tjjm-gyms-data-35.liquid
OR	OR	Southwest Portland Martial Arts and CrossFit Hillsdale	Portland	http://www.southwestportlandmartialarts.com	Y			http://www.southwestportlandmartialarts.com	HAS_STORED	6309 SW Capitol Hwy			snippets/tjjm-gyms-data-35.liquid
OR	OR	Straight Blast Gym Portland	Portland	http://www.sbgi-pdx.com	Y			http://www.sbgi-pdx.com	HAS_STORED	1812 NE 43rd			snippets/tjjm-gyms-data-35.liquid
OR	OR	Team Quest MMA & Fitness	Portland	http://www.tqmma.com	Y			http://www.tqmma.com	HAS_STORED	18206 SE Stark St			snippets/tjjm-gyms-data-35.liquid
OR	OR	TigerStyle Combat Sports	Portland	https://tigersden.club/classes/Brazilian-Jiu-Jitsu	Y			https://tigersden.club/classes/Brazilian-Jiu-Jitsu	HAS_STORED	5308 SE Foster Rd			snippets/tjjm-gyms-data-35.liquid
OR	OR	Unicorn Jiu Jitsu	Portland	https://www.unicornjiujitsu.com/	Y			https://www.unicornjiujitsu.com/	HAS_STORED	9220 SE Stark Street			snippets/tjjm-gyms-data-35.liquid
OR	OR	Joint Lock BJJ - Brazilian Jiu Jitsu	Redmond	https://www.facebook.com/jointlockbjj	Y			https://www.facebook.com/jointlockbjj	HAS_STORED	1998 SW Canal Blvd			snippets/tjjm-gyms-data-35.liquid
OR	OR	Rockaway Brazilian Jiu Jitsu	Rockaway Beach	http://rockawaybjj.net/	Y		websites-2		HAS_STORED+BLANKED|RENDERS_BLANK	2310 Oregon Coast Highway N Hwy 101			snippets/tjjm-gyms-data-35.liquid
OR	OR	Dynamic MMA	Roseburg	http://www.dynamicjudo.com/	Y			http://www.dynamicjudo.com/	HAS_STORED	2666 NE Stephens Street			snippets/tjjm-gyms-data-35.liquid
OR	OR	Roseburg BJJ	Roseburg	https://roseburgbjj.com	Y			https://roseburgbjj.com	HAS_STORED			Y	snippets/tjjm-gyms-data.liquid
OR	OR	Roseburg Martial Arts Academy	Roseburg	http://www.roseburgmartialarts.com/	Y			http://www.roseburgmartialarts.com/	HAS_STORED	1523 NE Vine St			snippets/tjjm-gyms-data-35.liquid
OR	OR	Alliance Jiu Jitsu Salem	Salem	https://alliancejiujitsusalem.com	Y			https://alliancejiujitsusalem.com	HAS_STORED			Y	snippets/tjjm-gyms-data.liquid
OR	OR	Combat Sports Center	Salem	http://www.combatsportscenters.com	Y			http://www.combatsportscenters.com	HAS_STORED	156 Lancaster Dr SE			snippets/tjjm-gyms-data-35.liquid
OR	OR	Impact Jiu Jitsu Salem	Salem	https://salemimpactjj.com/	Y			https://salemimpactjj.com/	HAS_STORED	2975 River Rd S			snippets/tjjm-gyms-data-35.liquid
OR	OR	Impact Jiu Jitsu Salem (Lancaster)	Salem	https://courthousefit.com/impact-jiu-jitsu/	Y			https://courthousefit.com/impact-jiu-jitsu/	HAS_STORED	4132 Devonshire Ct NE			snippets/tjjm-gyms-data-35.liquid
OR	OR	Krav Maga Salem	Salem	http://www.kravsalem.com/schedule	Y			http://www.kravsalem.com/schedule	HAS_STORED	2050 Vista Ave SE			snippets/tjjm-gyms-data-35.liquid
OR	OR	Salem-Keizer Brazilian Jiu-Jitsu Academy	Salem	http://www.skbjj.com/	Y			http://www.skbjj.com/	HAS_STORED	2345 McGilchrist St SE Suite 2			snippets/tjjm-gyms-data-35.liquid
OR	OR	Zanshin Martial Arts	Salem	http://www.zanshinarts.com/	Y			http://www.zanshinarts.com/	HAS_STORED	1127 Broadway St NE			snippets/tjjm-gyms-data-35.liquid
OR	OR	Mt. Hood Impact Jiu Jitsu	Sandy	http://www.impactmthood.com/	Y			http://www.impactmthood.com/	HAS_STORED	17151 University Ave			snippets/tjjm-gyms-data-35.liquid
OR	OR	Adamson Bros Jiu Jitsu Academy	Seaside	http://orbjj.com/	Y			http://orbjj.com/	HAS_STORED	1601 S Roosevelt Dr			snippets/tjjm-gyms-data-35.liquid
OR	OR	Valhalla Combat	Seaside	http://valhallacombat.com/	Y			http://valhallacombat.com/	HAS_STORED	1380 11th Ave			snippets/tjjm-gyms-data-35.liquid
OR	OR	Impact Jiu Jitsu Sherwood	Sherwood	http://impactjjsherwood.com	Y			http://impactjjsherwood.com	HAS_STORED	20746 SW Olds Pl Ste 201			snippets/tjjm-gyms-data-35.liquid
OR	OR	Sherwood MUSA	Sherwood	http://musasherwood.com	Y			http://musasherwood.com	HAS_STORED	16410 SW Langer Dr			snippets/tjjm-gyms-data-35.liquid
OR	OR	Checkered Past MMA Gym	Springfield	https://www.checkeredpastmma.com/	Y			https://www.checkeredpastmma.com/	HAS_STORED	2600 Main St Unit D			snippets/tjjm-gyms-data-35.liquid
OR	OR	Mendez Boxing Gym	Springfield	http://www.facebook.com/mendezboxingclub/	Y			http://www.facebook.com/mendezboxingclub/	HAS_STORED	2140 Main St			snippets/tjjm-gyms-data-35.liquid
OR	OR	Performance Martial Arts Academy	Springfield	http://pgbjj.com/	Y			http://pgbjj.com/	HAS_STORED	869 Shelley St			snippets/tjjm-gyms-data-35.liquid
OR	OR	Superhero Jiu Jitsu Academy	Springfield	http://www.superherojj.com/	Y			http://www.superherojj.com/	HAS_STORED	1820 N 42nd St #8			snippets/tjjm-gyms-data-35.liquid
OR	OR	Stayton Self Defense	Stayton		Y				EMPTY_STORED|RENDERS_BLANK	1171 N First Ave			snippets/tjjm-gyms-data-35.liquid
OR	OR	Salvos Training	The Dalles	http://salvostraining.com/	Y			http://salvostraining.com/	HAS_STORED	3721 Klindt Dr			snippets/tjjm-gyms-data-35.liquid
OR	OR	CrossFit Tigard - PAW	Tigard	http://www.crossfittigardpaw.com	Y			http://www.crossfittigardpaw.com	HAS_STORED	12120 SW Garden Pl			snippets/tjjm-gyms-data-35.liquid
OR	OR	Gracie Barra Sw Portland	Tigard	https://graciebarra.com/sw-portland-or/	Y			https://graciebarra.com/sw-portland-or/	HAS_STORED	9975 SW Frewing St Suite 120			snippets/tjjm-gyms-data-35.liquid
OR	OR	Next Level Martial Arts & Fitness	Tigard	http://nextlevelmartialartsgym.com/	Y			http://nextlevelmartialartsgym.com/	HAS_STORED	14865 SW 74th Ave #110			snippets/tjjm-gyms-data-35.liquid
OR	OR	Pacific Rim Martial Arts Academy	Tigard	http://www.prmaa.com/	Y			http://www.prmaa.com/	HAS_STORED	8970 SW Burnham St			snippets/tjjm-gyms-data-35.liquid
OR	OR	River City Warriors	Tigard	http://www.rivercitywarrior.com/	Y			http://www.rivercitywarrior.com/	HAS_STORED	14935 SW 72nd Ave			snippets/tjjm-gyms-data-35.liquid
OR	OR	Gracie Technics Jiu-Jitsu	Troutdale	http://www.selfdefenseoregon.com	Y			http://www.selfdefenseoregon.com	HAS_STORED	3220 S Troutdale Rd Unit 1			snippets/tjjm-gyms-data-35.liquid
OR	OR	Resolution Jiu Jitsu	Tualatin	http://www.resolutionjiujitsu.com/	Y			http://www.resolutionjiujitsu.com/	HAS_STORED	18435 SW Pacific Hwy			snippets/tjjm-gyms-data-35.liquid
OR	OR	Impact Jiu Jitsu at Crossfit Wilsonville	Wilsonville	https://www.crossfitwilsonville.com/jiu-jitsu-at-cfw	Y			https://www.crossfitwilsonville.com/jiu-jitsu-at-cfw	HAS_STORED	25589 SW Canyon Creek Suite 100			snippets/tjjm-gyms-data-35.liquid
PA	PA	10th Planet Jiu Jitsu Allentown	Allentown	https://www.10thplanetallentown.com/	Y			https://www.10thplanetallentown.com/	HAS_STORED	349 S Cedar Crest Blvd			snippets/tjjm-gyms-data-22.liquid
PA	PA	Carlson Gracie Pennsylvania	Allentown	https://carlsongracieteam.com/pa	Y			https://carlsongracieteam.com/pa	HAS_STORED			Y	snippets/tjjm-gyms-data.liquid
PA	PA	Padilla Brazilian Jiu Jitsu	Allentown	http://padillabjj.com/	Y			http://padillabjj.com/	HAS_STORED	2125 28th St SW #150			snippets/tjjm-gyms-data-22.liquid
PA	PA	Tiger Schulmann's Mixed Martial Arts Allentown	Allentown	https://tsk.com/jiu-jitsu-classes/allentown-jiu-jitsu/	Y			https://tsk.com/jiu-jitsu-classes/allentown-jiu-jitsu/	HAS_STORED	4654 Broadway			snippets/tjjm-gyms-data-22.liquid
PA	PA	Zombie Brazilian Jiu-Jitsu and MMA	Allentown	http://zombiebjjpa.com/	Y			http://zombiebjjpa.com/	HAS_STORED	1801 Union Blvd h2		Y	snippets/tjjm-gyms-data-22.liquid
PA	PA	Zombie Brazilian Jiu-Jitsu and MMA Allentown	Allentown	http://zombiebjjpa.com/	Y			http://zombiebjjpa.com/	HAS_STORED	1801 Union Blvd h2			snippets/tjjm-gyms-data-45.liquid
PA	PA	Pa-Grappling	Altoona	http://www.pa-grappling.com/	Y			http://www.pa-grappling.com/	HAS_STORED	750 Park Avenue			snippets/tjjm-gyms-data-22.liquid
PA	PA	Ataraxis Brazilian Jiu-Jitsu & Self Defense	Ambler	http://www.ataraxisbjj.com/	Y			http://www.ataraxisbjj.com/	HAS_STORED	913 E Butler Pike			snippets/tjjm-gyms-data-22.liquid
PA	PA	5 Stones Fight Club	Annville	http://5stonesfightclub.org/	Y			http://5stonesfightclub.org/	HAS_STORED	25 E Main St			snippets/tjjm-gyms-data-22.liquid
PA	PA	Main Line United Brazilian Jiu-Jitsu	Ardmore	http://www.mainlineunited.com/	Y			http://www.mainlineunited.com/	HAS_STORED	52 Greenfield Ave			snippets/tjjm-gyms-data-22.liquid
PA	PA	Apgar Mixed Martial Arts	Bath	http://www.apgarmma.com/	Y		websites-2		HAS_STORED+BLANKED|RENDERS_BLANK	5755 Nor Bath Blvd			snippets/tjjm-gyms-data-22.liquid
PA	PA	GB Beaver County	Beaver County	https://graciebarra.com/beaver-pa/	Y			https://graciebarra.com/beaver-pa/	HAS_STORED	500 Dutch Ridge Road			snippets/tjjm-gyms-data-22.liquid
PA	PA	Raptor Academy of Martial Arts	Bellefonte	http://www.raptorbjj.com/	Y			http://www.raptorbjj.com/	HAS_STORED	220 W High St			snippets/tjjm-gyms-data-22.liquid
PA	PA	Ryan Wagner's Martial Arts & Fitness	Bensalem	http://www.martialarts4bensalem.com	Y			http://www.martialarts4bensalem.com	HAS_STORED	1336 Bristol Pike Ste 200			snippets/tjjm-gyms-data-22.liquid
PA	PA	Jade Studio	Berwyn	http://www.jademovementstudio.com	Y		websites-2		HAS_STORED+BLANKED|RENDERS_BLANK	616 Lancaster Ave			snippets/tjjm-gyms-data-22.liquid
PA	PA	10th Planet Jiu-Jitsu Bethlehem	Bethlehem	http://finishersmma.com/	Y			http://finishersmma.com/	HAS_STORED	3713 Linden St			snippets/tjjm-gyms-data-22.liquid
PA	PA	Bethlehem BJJ	Bethlehem	https://bethlehembjj.com	Y			https://bethlehembjj.com	HAS_STORED			Y	snippets/tjjm-gyms-data.liquid
PA	PA	Inverted Gear Academy	Bethlehem	https://invertedgearacademy.com/	Y			https://invertedgearacademy.com/	HAS_STORED	1114 W Broad St			snippets/tjjm-gyms-data-22.liquid
PA	PA	Tiger Schulmann's Mixed Martial Arts Bethlehem	Bethlehem	https://tsk.com/locations/pa/bethlehem/	Y			https://tsk.com/locations/pa/bethlehem/	HAS_STORED	3926 Linden St			snippets/tjjm-gyms-data-22.liquid
PA	PA	No Limits Grappling Academy	Blakely	https://www.nolimitsgrapplingacademy.com/	Y			https://www.nolimitsgrapplingacademy.com/	HAS_STORED	3189 Scranton Carbondale Hwy			snippets/tjjm-gyms-data-22.liquid
PA	PA	10th Planet BJJ Bloomsburg at Mid World Martial Arts	Bloomsburg	https://www.midworldmartialarts.com/	Y			https://www.midworldmartialarts.com/	HAS_STORED	32 E Ridge Ave			snippets/tjjm-gyms-data-22.liquid
PA	PA	Bloomsburg Martial Arts Academy	Bloomsburg	https://bloommma.com/	Y			https://bloommma.com/	HAS_STORED	917 E 7th St			snippets/tjjm-gyms-data-22.liquid
PA	PA	World Class Martial Arts	Boothwyn	http://www.wcma-usa.com/	Y			http://www.wcma-usa.com/	HAS_STORED	812 Conchester Hwy			snippets/tjjm-gyms-data-22.liquid
PA	PA	Hellfish Mixed Martial Arts	Bridgeport	http://hellfishmma.com	Y			http://hellfishmma.com	HAS_STORED	104 Dekalb St			snippets/tjjm-gyms-data-22.liquid
PA	PA	Zezinho's Mota Jiu-Jitsu School	Bridgeville	http://www.zzmbjj.com/	Y		websites-2		HAS_STORED+BLANKED|RENDERS_BLANK	183 Firwood Dr			snippets/tjjm-gyms-data-22.liquid
PA	PA	Keystone Boxing & MMA Gym	Bristol	http://keystoneboxingmma.com	Y			http://keystoneboxingmma.com	HAS_STORED	247 Mill St Unit 5			snippets/tjjm-gyms-data-22.liquid
PA	PA	Keystone Brazilian Jiu-Jitsu & Mixed Martial Arts	Bristol		N				NO_W_KEY|RENDERS_BLANK	10 Canal St Suite 137			snippets/tjjm-gyms-data-22.liquid
PA	PA	Butler BJJ	Butler	https://butlerbjj.com	Y			https://butlerbjj.com	HAS_STORED			Y	snippets/tjjm-gyms-data.liquid
PA	PA	Gracie Barra Carlisle	Carlisle	http://www.gbcarlisle.com/	Y		websites-2		HAS_STORED+BLANKED|RENDERS_BLANK	229 Petersburg Rd			snippets/tjjm-gyms-data-22.liquid
PA	PA	Delaware Jiu Jitsu	Chadds Ford	http://www.delawarejiujitsu.com/	Y			http://www.delawarejiujitsu.com/	HAS_STORED	1290 Baltimore Pike STE 103			snippets/tjjm-gyms-data-22.liquid
PA	PA	Rosendo Diaz Brazilian Jiu-Jitsu	Chalfont	http://www.graciepa.com/	Y			http://www.graciepa.com/	HAS_STORED	27 W Butler Avenue			snippets/tjjm-gyms-data-22.liquid
PA	PA	Chester PA BJJ	Chester	https://chesterpabjj.com	Y			https://chesterpabjj.com	HAS_STORED			Y	snippets/tjjm-gyms-data.liquid
PA	PA	Clarion MMA	Clarion	https://clarionmma.com/	Y			https://clarionmma.com/	HAS_STORED	1130 E Main St			snippets/tjjm-gyms-data-22.liquid
PA	PA	Tiger Schulmann's Mixed Martial Arts Colmar	Colmar	https://tsk.com/locations/pa/colmar/	Y			https://tsk.com/locations/pa/colmar/	HAS_STORED	160 Bethlehem Pike			snippets/tjjm-gyms-data-22.liquid
PA	PA	Hart Jiu Jitsu, Kickboxing and Mixed Martial Arts	Conshohocken	http://www.hartbjj.com	Y			http://www.hartbjj.com	HAS_STORED	1050 Colwell Ln Ste 400			snippets/tjjm-gyms-data-22.liquid
PA	PA	Rise 8 Training Academy	Coraopolis	http://www.facebook.com/Rise8bjj	Y			http://www.facebook.com/Rise8bjj	HAS_STORED	400 Main St			snippets/tjjm-gyms-data-22.liquid
PA	PA	Paramount Brazilian Jiu-Jitsu	Downingtown	http://www.paramountbjj.com/	Y			http://www.paramountbjj.com/	HAS_STORED	530 Trestle Pl			snippets/tjjm-gyms-data-22.liquid
PA	PA	Combat Fitness Martial Arts	Doylestown	http://www.combatfitnessmartialarts.com/	Y			http://www.combatfitnessmartialarts.com/	HAS_STORED	4339 West Swamp Road			snippets/tjjm-gyms-data-22.liquid
PA	PA	REAKT - Team Renzo Gracie	DuBois	http://reaktbjj.com/	Y			http://reaktbjj.com/	HAS_STORED	301 Aspen Way			snippets/tjjm-gyms-data-22.liquid
PA	PA	Gracie Sports Team	Dunmore		N				NO_W_KEY|RENDERS_BLANK	212 E Drinker St B			snippets/tjjm-gyms-data-22.liquid
PA	PA	Scranton MMA	Dunmore	https://scrantonmma.com/	Y			https://scrantonmma.com/	HAS_STORED	1000 Dunham Dr Suite C			snippets/tjjm-gyms-data-22.liquid
PA	PA	Easton PA BJJ	Easton	https://eastonpabjj.com	Y			https://eastonpabjj.com	HAS_STORED			Y	snippets/tjjm-gyms-data.liquid
PA	PA	NEPA Mixed Martial Arts	Edwardsville		N				NO_W_KEY|RENDERS_BLANK	681 Main St			snippets/tjjm-gyms-data-22.liquid
PA	PA	Ephrata Martial Arts	Ephrata	https://www.ephratamartialarts.com/	Y			https://www.ephratamartialarts.com/	HAS_STORED	248 W Fulton St			snippets/tjjm-gyms-data-22.liquid
PA	PA	Lancaster Brazilian Jiu Jitsu	Ephrata	http://www.lancasterbjj.com/	Y			http://www.lancasterbjj.com/	HAS_STORED	342 N Reading Rd			snippets/tjjm-gyms-data-22.liquid
PA	PA	Crush Crew Jiu Jitsu	Erdenheim	http://crushcrewjiujitsu.com	Y			http://crushcrewjiujitsu.com	HAS_STORED	631 Bethlehem Pike			snippets/tjjm-gyms-data-22.liquid
PA	PA	Erie BJJ	Erie	https://eriebjj.com	Y			https://eriebjj.com	HAS_STORED			Y	snippets/tjjm-gyms-data.liquid
PA	PA	Mata Leão Jiu-Jitsu	Erie	https://eriebjj.com	Y			https://eriebjj.com	HAS_STORED				snippets/tjjm-gyms-data-22.liquid
PA	PA	Grindhouse MMA & Fitness	Feasterville-Trevose	http://www.grindhousemma.com/	Y			http://www.grindhousemma.com/	HAS_STORED	1040 Mill Creek Dr			snippets/tjjm-gyms-data-22.liquid
PA	PA	Tiger Schulmann's Mixed Martial Arts Feasterville	Feasterville-Trevose	https://tsk.com/locations/pa/feasterville/	Y			https://tsk.com/locations/pa/feasterville/	HAS_STORED	1140 Bustleton Pike			snippets/tjjm-gyms-data-22.liquid
PA	PA	Quintella MMA	Folsom	http://www.quintellajiujitsu.com	Y			http://www.quintellajiujitsu.com	HAS_STORED	412 W Mcdade Blvd			snippets/tjjm-gyms-data-22.liquid
PA	PA	Tsunami Academy of Martial Arts	Gettysburg	https://tsunami.academy/	Y			https://tsunami.academy/	HAS_STORED	1700 Proline Pl			snippets/tjjm-gyms-data-22.liquid
PA	PA	Sentry Jiu-Jitsu	Gilbertsville	https://www.facebook.com/SentryBJJ/	Y			https://www.facebook.com/SentryBJJ/	HAS_STORED	311 County Line Rd #15b			snippets/tjjm-gyms-data-22.liquid
PA	PA	Fundamental Jiujitsu	Glenside	http://www.fundamentaljiujitsu.com	Y			http://www.fundamentaljiujitsu.com	HAS_STORED	1100 E Mermaid Ln			snippets/tjjm-gyms-data-22.liquid
PA	PA	Tactical Combat Academy MMA - Greencastle	Greencastle	https://www.tcamma.com/	Y			https://www.tcamma.com/	HAS_STORED	120 S Antrim Way			snippets/tjjm-gyms-data-22.liquid
PA	PA	High Ground Jiu-Jitsu	Greensburg	http://highgroundbjj.com/	Y			http://highgroundbjj.com/	HAS_STORED	2155 US-119			snippets/tjjm-gyms-data-22.liquid
PA	PA	Pennsylvania Combat Sports	Greensburg	http://www.pacombatsports.com/	Y			http://www.pacombatsports.com/	HAS_STORED	114 E Otterman St			snippets/tjjm-gyms-data-22.liquid
PA	PA	Deep Water Brazilian Jiu Jitsu	Harrisburg	http://deepwaterbjjacademy.com/	Y			http://deepwaterbjjacademy.com/	HAS_STORED	732 Colonial Rd			snippets/tjjm-gyms-data-22.liquid
PA	PA	Harrisburg BJJ	Harrisburg	https://harrisburgbjj.com	Y			https://harrisburgbjj.com	HAS_STORED			Y	snippets/tjjm-gyms-data.liquid
PA	PA	Harrisburg Mixed Martial Arts	Harrisburg		N				NO_W_KEY|RENDERS_BLANK	5450 Derry St			snippets/tjjm-gyms-data-22.liquid
PA	PA	Saga BJJ	Hatboro	http://www.sagabjj.com/	Y			http://www.sagabjj.com/	HAS_STORED	430 Jacksonville Rd			snippets/tjjm-gyms-data-22.liquid
PA	PA	Renzo Gracie Pennsylvania	Hatfield	http://www.renzograciepa.com	Y			http://www.renzograciepa.com	HAS_STORED	1627 Bethlehem Pike			snippets/tjjm-gyms-data-22.liquid
PA	PA	Spear Jiu Jitsu	Havertown	http://spearjj.com	Y			http://spearjj.com	HAS_STORED	1025 West Chester Pike			snippets/tjjm-gyms-data-22.liquid
PA	PA	Hermitage Brazilian Jiu Jitsu	Hermitage		N				NO_W_KEY|RENDERS_BLANK	2206 E State St			snippets/tjjm-gyms-data-22.liquid
PA	PA	East Montgomery Martial Arts	Horsham	http://www.eastmontma.com	Y			http://www.eastmontma.com	HAS_STORED	415 Sargon Way Unit F			snippets/tjjm-gyms-data-22.liquid
PA	PA	Tiger Schulmann's Mixed Martial Arts Horsham	Horsham	https://tsk.com/locations/pa/horsham/	Y			https://tsk.com/locations/pa/horsham/	HAS_STORED	314 Horsham Rd			snippets/tjjm-gyms-data-22.liquid
PA	PA	Complete Martial Arts Club of Hershey	Hummelstown	http://completemartialartsclub.com/	Y			http://completemartialartsclub.com/	HAS_STORED	30 E 2nd St			snippets/tjjm-gyms-data-22.liquid
PA	PA	Kozma Brazilian Jiu-Jitsu	Huntingdon Valley	http://www.kozmabjj.com	Y			http://www.kozmabjj.com	HAS_STORED	3035 Franks Rd			snippets/tjjm-gyms-data-22.liquid
PA	PA	Elite Combative Systems	Indiana	http://www.elitecombativesystems.com/	Y			http://www.elitecombativesystems.com/	HAS_STORED	2430 Philadelphia St #1535			snippets/tjjm-gyms-data-22.liquid
PA	PA	Indiana PA BJJ	Indiana	https://indianapabjj.com	Y			https://indianapabjj.com	HAS_STORED			Y	snippets/tjjm-gyms-data.liquid
PA	PA	Brazilian Jiu-Jitsu United	Jenkintown	http://www.bjjunited.com	Y			http://www.bjjunited.com	HAS_STORED	428 York Rd			snippets/tjjm-gyms-data-22.liquid
PA	PA	Flood City JiuJitsu	Johnstown	https://www.facebook.com/Flood-City-Jiu-Jitsu-102267197991568/	Y			https://www.facebook.com/Flood-City-Jiu-Jitsu-102267197991568/	HAS_STORED	455 Schoolhouse Road			snippets/tjjm-gyms-data-22.liquid
PA	PA	Johnstown BJJ	Johnstown	https://johnstownbjj.com	Y			https://johnstownbjj.com	HAS_STORED			Y	snippets/tjjm-gyms-data.liquid
PA	PA	Algeo MMA and Kickboxing	King of Prussia	http://algeomma.com	Y			http://algeomma.com	HAS_STORED	970 Pulaski Dr A			snippets/tjjm-gyms-data-22.liquid
PA	PA	Green Jiu Jitsu	King of Prussia		N				NO_W_KEY|RENDERS_BLANK	580 Shoemaker Rd			snippets/tjjm-gyms-data-22.liquid
PA	PA	Precision Jiu-Jitsu	King of Prussia	http://precisionjj.com	Y			http://precisionjj.com	HAS_STORED	714 Reed St			snippets/tjjm-gyms-data-22.liquid
PA	PA	Achieve Jiu Jitsu Academy	Lancaster	http://achievejja.com/	Y			http://achievejja.com/	HAS_STORED	341 E Liberty St Unit 3			snippets/tjjm-gyms-data-22.liquid
PA	PA	Gracie 717	Lancaster	http://www.gracie717.com/	Y			http://www.gracie717.com/	HAS_STORED	3515 Columbia Ave			snippets/tjjm-gyms-data-22.liquid
PA	PA	Jiu Jitsu One	Lancaster	http://www.jiujitsu1.com/	Y			http://www.jiujitsu1.com/	HAS_STORED	1138 Elizabeth Ave			snippets/tjjm-gyms-data-22.liquid
PA	PA	Lancaster BJJ	Lancaster	https://lancasterbjj.com	Y			https://lancasterbjj.com	HAS_STORED			Y	snippets/tjjm-gyms-data.liquid
PA	PA	UFC GYM Lancaster	Lancaster	https://www.ufcgym.com/locations/lancaster/	Y			https://www.ufcgym.com/locations/lancaster/	HAS_STORED	1160 Park City Center			snippets/tjjm-gyms-data-22.liquid
PA	PA	MPR Endurance MMA	Langhorne	http://mprendurance.com/	Y			http://mprendurance.com/	HAS_STORED	864 Town Center Dr			snippets/tjjm-gyms-data-22.liquid
PA	PA	ONEPUNCH Boxing and MMA Jujitsu Gym	Langhorne	https://onepunchatoxfordmall.business.site/	Y			https://onepunchatoxfordmall.business.site/	HAS_STORED	2300 Lincoln Hwy			snippets/tjjm-gyms-data-22.liquid
PA	PA	UFC GYM Lansdale	Lansdale	http://ufcgym.com	Y			http://ufcgym.com	HAS_STORED	2333 Welsh Rd Unit B2B			snippets/tjjm-gyms-data-22.liquid
PA	PA	Ground Zero Pittsburgh	Latrobe	http://www.gzpittsburgh.com/	Y			http://www.gzpittsburgh.com/	HAS_STORED	348 Main St			snippets/tjjm-gyms-data-22.liquid
PA	PA	All-American MMA Academy	Lemont Furnace	https://all-american-mma-academy.business.site/	Y			https://all-american-mma-academy.business.site/	HAS_STORED	1952 University Dr			snippets/tjjm-gyms-data-22.liquid
PA	PA	Harrisburg Brazilian Jiu Jitsu and Judo	Lemoyne	http://www.harrisburgbjjandjudo.com	Y			http://www.harrisburgbjjandjudo.com	HAS_STORED	322 Market St			snippets/tjjm-gyms-data-22.liquid
PA	PA	Ramsey Academy of Martial Arts	Lewisburg	http://www.bvrec.org/	Y		websites-1		HAS_STORED+BLANKED|RENDERS_BLANK	815 Market St			snippets/tjjm-gyms-data-22.liquid
PA	PA	Dragon Gym Malvern	Malvern	https://www.dragongym.com/	Y			https://www.dragongym.com/	HAS_STORED	235 Lancaster Ave			snippets/tjjm-gyms-data-22.liquid
PA	PA	Elite Edge Boxing & Jiu Jitsu	Malvern	http://www.eliteedgeboxingbjj.com/	Y			http://www.eliteedgeboxingbjj.com/	HAS_STORED	11 N Bacton Hill Rd			snippets/tjjm-gyms-data-22.liquid
PA	PA	Competitive Edge Martial Arts	Maple Glen		N				NO_W_KEY|RENDERS_BLANK	874 Welsh Rd			snippets/tjjm-gyms-data-22.liquid
PA	PA	House of Arts Jiu Jitsu	Media	http://hoabjj.com	Y		websites-2		HAS_STORED+BLANKED|RENDERS_BLANK	319B W State St			snippets/tjjm-gyms-data-22.liquid
PA	PA	Armezzani Jiu Jitsu Academy	Monaca	http://www.pittsburghbjj.net/	Y			http://www.pittsburghbjj.net/	HAS_STORED	1126 Pennsylvania Ave			snippets/tjjm-gyms-data-22.liquid
PA	PA	Octane Martial Arts	Monongahela	https://octanemartialarts.com/	Y			https://octanemartialarts.com/	HAS_STORED	215 Chess St			snippets/tjjm-gyms-data-22.liquid
PA	PA	Good Vibes Brazilian Jiu Jitsu	Morrisville	https://goodvibesjiujitsu.com/	Y			https://goodvibesjiujitsu.com/	HAS_STORED	375 W Trenton Ave			snippets/tjjm-gyms-data-22.liquid
PA	PA	The Vault Jiu Jitsu	Morton	http://www.vaultbjj.com/	Y			http://www.vaultbjj.com/	HAS_STORED	25 S Morton Ave			snippets/tjjm-gyms-data-22.liquid
PA	PA	Miloki Flow Jiu Jitsu & Movement	Narberth	http://www.milokiflow.com/	Y			http://www.milokiflow.com/	HAS_STORED	950 Montgomery Ave			snippets/tjjm-gyms-data-22.liquid
PA	PA	10th Planet Nazareth	Nazareth	https://10pnazareth.com/	Y			https://10pnazareth.com/	HAS_STORED	857 Nazareth Pike			snippets/tjjm-gyms-data-22.liquid
PA	PA	Bucks MMA	Newtown	http://www.bucksmma.com/	Y		websites-2		HAS_STORED+BLANKED|RENDERS_BLANK	207 Penns Trail			snippets/tjjm-gyms-data-22.liquid
PA	PA	Ricardo Almeida Brazilian Jiu Jitsu & Martial Arts	Newtown	http://www.newtownbjj.com	Y		websites-2		HAS_STORED+BLANKED|RENDERS_BLANK	209 Pheasant Run			snippets/tjjm-gyms-data-22.liquid
PA	PA	Onyx Combat Sports	Newtown Square	http://www.onyxcombatsports.com	Y			http://www.onyxcombatsports.com	HAS_STORED	4653 West Chester Pike			snippets/tjjm-gyms-data-22.liquid
PA	PA	Beltrante Fighting Systems	Norristown	http://www.belfightsys.com/	Y			http://www.belfightsys.com/	HAS_STORED	536 N Trooper Rd			snippets/tjjm-gyms-data-22.liquid
PA	PA	Norristown BJJ	Norristown	https://norristownbjj.com	Y			https://norristownbjj.com	HAS_STORED			Y	snippets/tjjm-gyms-data.liquid
PA	PA	Elite Mixed Martial Arts	Northampton	http://www.elitemmactr.com/	Y			http://www.elitemmactr.com/	HAS_STORED	2022 Main St			snippets/tjjm-gyms-data-22.liquid
PA	PA	Gracie NEPA Grappling Club	Olyphant	http://www.gracienepa.com/	Y			http://www.gracienepa.com/	HAS_STORED	943 Underwood Rd			snippets/tjjm-gyms-data-22.liquid
PA	PA	Boa Brazilian Jiu Jitsu	Orwigsburg	https://boa-brazilian-jiu-jitsu-llc.business.site/	Y			https://boa-brazilian-jiu-jitsu-llc.business.site/	HAS_STORED	214 E Independence St			snippets/tjjm-gyms-data-22.liquid
PA	PA	Schuylkill County Brazilian Jiu Jitsu	Orwigsburg	http://www.schuylkillbjj.com/	Y			http://www.schuylkillbjj.com/	HAS_STORED	1506 Centre Turnpike suite 8			snippets/tjjm-gyms-data-22.liquid
PA	PA	Rat Pack Fighting Systems	Palmerton	http://www.rpfightingsystems.com/	Y			http://www.rpfightingsystems.com/	HAS_STORED	468 Delaware Ave			snippets/tjjm-gyms-data-22.liquid
PA	PA	Chosen Martial Arts Academy	Palmyra	http://www.chosenmartialartsacademy.com/	Y			http://www.chosenmartialartsacademy.com/	HAS_STORED	30 N Londonderry Square			snippets/tjjm-gyms-data-22.liquid
PA	PA	Daniel Gracie BJJ	Philadelphia	https://www.danielgraciephilly.com	Y			https://www.danielgraciephilly.com	HAS_STORED	2301 N Front Street			snippets/tjjm-gyms-data-22.liquid
PA	PA	Fight Firm	Philadelphia	http://fightfirmgym.com	Y			http://fightfirmgym.com	HAS_STORED	461 N 9th St			snippets/tjjm-gyms-data-22.liquid
PA	PA	Marquez MMA	Philadelphia		N				NO_W_KEY|RENDERS_BLANK	4500 Worth St Unit 401A			snippets/tjjm-gyms-data-22.liquid
PA	PA	Philadelphia Jiu-Jitsu	Philadelphia	https://www.instagram.com/philadelphiajiujitsu/	Y			https://www.instagram.com/philadelphiajiujitsu/	HAS_STORED	1760 Barbara St			snippets/tjjm-gyms-data-22.liquid
PA	PA	RH Studios BJJ	Philadelphia	https://www.instagram.com/rhstudios_bjj/	Y			https://www.instagram.com/rhstudios_bjj/	HAS_STORED	10000 Sandmeyer Ln			snippets/tjjm-gyms-data-22.liquid
PA	PA	Renzo Gracie Philadelphia	Philadelphia	https://renzograciephiladelphia.com	Y			https://renzograciephiladelphia.com	HAS_STORED			Y	snippets/tjjm-gyms-data.liquid
PA	PA	SAS Philadelphia Brazilian Jiu-Jitsu	Philadelphia	http://www.sasphiladelphiabjj.com/	Y			http://www.sasphiladelphiabjj.com/	HAS_STORED	2137 E Huntingdon St Suite W1100			snippets/tjjm-gyms-data-22.liquid
PA	PA	Shorty's Brazilian Jiu Jitsu	Philadelphia	http://www.shortysbjj.com	Y			http://www.shortysbjj.com	HAS_STORED	3826 Lancaster Ave			snippets/tjjm-gyms-data-22.liquid
PA	PA	The Jiu Jitsu Company	Philadelphia	http://www.jiujitsuphilly.com	Y			http://www.jiujitsuphilly.com	HAS_STORED	31 S 2nd St Fl 2			snippets/tjjm-gyms-data-22.liquid
PA	PA	Undisputed MMA	Philadelphia	https://undisputed-mma-llc.business.site/	Y			https://undisputed-mma-llc.business.site/	HAS_STORED	6501 Ogontz Ave			snippets/tjjm-gyms-data-22.liquid
PA	PA	Alliance Pennsylvania Jiu-Jitsu	Phoenixville	http://www.bajji.com/	Y			http://www.bajji.com/	HAS_STORED	280 Schuylkill Rd			snippets/tjjm-gyms-data-22.liquid
PA	PA	Gracie Jiu Jitsu Phoenixville	Phoenixville	http://graciejiujitsuphoenixville.com/	Y			http://graciejiujitsuphoenixville.com/	HAS_STORED	550 Kimberton Rd			snippets/tjjm-gyms-data-22.liquid
PA	PA	USA MMA Academy	Phoenixville	http://www.usammaacademy.com	Y		websites-2		HAS_STORED+BLANKED|RENDERS_BLANK	711 Wheatland St			snippets/tjjm-gyms-data-22.liquid
PA	PA	Alliance Jiu Jitsu Pittsburgh	Pittsburgh	https://alliancejiujitsupittsburgh.com	Y			https://alliancejiujitsupittsburgh.com	HAS_STORED			Y	snippets/tjjm-gyms-data.liquid
PA	PA	Personal Training Tactics by Don Kaecher	Pittsburgh		N				NO_W_KEY|RENDERS_BLANK	2554 Brownsville Rd			snippets/tjjm-gyms-data-22.liquid
PA	PA	Renzo Gracie Pittsburgh	Pittsburgh	http://www.renzograciepittsburgh.com/	Y			http://www.renzograciepittsburgh.com/	HAS_STORED	5104 Butler Street			snippets/tjjm-gyms-data-22.liquid
PA	PA	Steel City Martial Arts	Pittsburgh	http://www.steelcitymartialarts.com	Y			http://www.steelcitymartialarts.com	HAS_STORED	3842 Library Rd			snippets/tjjm-gyms-data-22.liquid
PA	PA	The Academy of Martial Arts and Fitness	Pittsburgh	http://www.pittsburghacademy.com/	Y			http://www.pittsburghacademy.com/	HAS_STORED	24 Woodville Ave			snippets/tjjm-gyms-data-22.liquid
PA	PA	True Believer Jiu Jitsu	Pittsburgh	http://www.truebelieverjiujitsu.com/	Y			http://www.truebelieverjiujitsu.com/	HAS_STORED	1928 Spring Garden Ave			snippets/tjjm-gyms-data-22.liquid
PA	PA	American Top Team Happy Valley	Pleasant Gap	https://atthappyvalleypa.com/	Y			https://atthappyvalleypa.com/	HAS_STORED	147 Valor Ct			snippets/tjjm-gyms-data-22.liquid
PA	PA	Droogs MMA & Jiu Jitsu	Pottstown	http://droogsmma.com/	Y			http://droogsmma.com/	HAS_STORED	1730 New Schuylkill Rd			snippets/tjjm-gyms-data-22.liquid
PA	PA	Mountain Road Jiu-Jitsu	Pottsville	https://mountainroadjiujitsu.com/	Y			https://mountainroadjiujitsu.com/	HAS_STORED	1766 W Market St			snippets/tjjm-gyms-data-22.liquid
PA	PA	Pottsville BJJ	Pottsville	https://pottsvillebjj.com	Y			https://pottsvillebjj.com	HAS_STORED			Y	snippets/tjjm-gyms-data.liquid
PA	PA	Quakertown Academy of MMA & Fitness	Quakertown	https://www.mindbodyonline.com/explore/locations/vmma-quakertown	Y			https://www.mindbodyonline.com/explore/locations/vmma-quakertown	HAS_STORED	214 N West End Blvd			snippets/tjjm-gyms-data-22.liquid
PA	PA	Berks County Brazilian Jiu-Jitsu	Reading	http://www.bcbjj.org/	Y			http://www.bcbjj.org/	HAS_STORED	830 Mountain Home Rd			snippets/tjjm-gyms-data-22.liquid
PA	PA	Reading BJJ	Reading	https://readingbjj.com	Y			https://readingbjj.com	HAS_STORED			Y	snippets/tjjm-gyms-data.liquid
PA	PA	Team Pereira / Jucao Mixed Martial Arts Academy	Reading	http://pereirabjj.com/	Y			http://pereirabjj.com/	HAS_STORED	1414 Moss Street			snippets/tjjm-gyms-data-22.liquid
PA	PA	Mace MMA	Red Lion	http://macemma.com/	Y			http://macemma.com/	HAS_STORED	133 W Broadway			snippets/tjjm-gyms-data-22.liquid
PA	PA	Gracie Jiu-Jitsu Richboro	Richboro		N				NO_W_KEY|RENDERS_BLANK	890 2nd Street Pike Suite 896			snippets/tjjm-gyms-data-22.liquid
PA	PA	Movement Art Jiu-Jitsu	Richboro	http://www.rmbjjrichboro.com	Y			http://www.rmbjjrichboro.com	HAS_STORED	879 Bustleton Pike			snippets/tjjm-gyms-data-22.liquid
PA	PA	High Voltage Gym	Royersford	http://www.highvoltagegym.net/	Y			http://www.highvoltagegym.net/	HAS_STORED	61 S Reed Rd			snippets/tjjm-gyms-data-22.liquid
PA	PA	Empower Jiu Jitsu	Sarver	http://empowerjiujitsupa.com/	Y			http://empowerjiujitsupa.com/	HAS_STORED	384 Sun Mine Rd			snippets/tjjm-gyms-data-22.liquid
PA	PA	Precision Jiu Jitsu Spring Mount	Schwenksville	https://www.precisionjjspringmount.com	Y			https://www.precisionjjspringmount.com	HAS_STORED	696 Main St			snippets/tjjm-gyms-data-22.liquid
PA	PA	Pride Lands MMA Academy	Scranton	http://www.pridelandsmma.com/	Y			http://www.pridelandsmma.com/	HAS_STORED	731 Cedar Ave			snippets/tjjm-gyms-data-22.liquid
PA	PA	SBG Pennsylvania	Scranton	https://sbgpa.com	Y			https://sbgpa.com	HAS_STORED			Y	snippets/tjjm-gyms-data.liquid
PA	PA	Elite Performance Combat Club	Shamokin	http://www.epccbjj.com/	Y		websites-2		HAS_STORED+BLANKED|RENDERS_BLANK	42 N Market St			snippets/tjjm-gyms-data-22.liquid
PA	PA	Sion Brazilian JiuJitsu	Southampton	http://sionbjj.com/	Y			http://sionbjj.com/	HAS_STORED	1020 Industrial Blvd			snippets/tjjm-gyms-data-22.liquid
PA	PA	Spring Grove Brazilian Jiu-Jitsu	Spring Grove		N				NO_W_KEY|RENDERS_BLANK	244 Old Hanover Rd			snippets/tjjm-gyms-data-22.liquid
PA	PA	Central PA Mixed Martial Arts	State College	https://www.cpamma.com/	Y			https://www.cpamma.com/	HAS_STORED	1445 W College Ave			snippets/tjjm-gyms-data-22.liquid
PA	PA	LombardMMA	State College	http://lombardmma.com/	Y			http://lombardmma.com/	HAS_STORED	127 Sowers St			snippets/tjjm-gyms-data-22.liquid
PA	PA	State College BJJ	State College	https://statecollegebjj.com	Y			https://statecollegebjj.com	HAS_STORED			Y	snippets/tjjm-gyms-data.liquid
PA	PA	American Killer Bees PA MMA & BJJ	Stroudsburg	http://killerbeespa.com/	Y			http://killerbeespa.com/	HAS_STORED	344 Stroud Mall Rd #454			snippets/tjjm-gyms-data-22.liquid
PA	PA	Renzo Gracie Pocono / Jiu Jitsu Asylum	Stroudsburg		N				NO_W_KEY|RENDERS_BLANK	1125 N 9th St			snippets/tjjm-gyms-data-22.liquid
PA	PA	Northeastern Ju Jitsu	Swoyersville	http://www.nejujitsu.com/	Y		websites-2		HAS_STORED+BLANKED|RENDERS_BLANK	1047 Main St			snippets/tjjm-gyms-data-22.liquid
PA	PA	Edge Fitness & Martial Arts	Towanda	http://www.theedgefitness.com/	Y			http://www.theedgefitness.com/	HAS_STORED	17 Pine St			snippets/tjjm-gyms-data-22.liquid
PA	PA	X-Treme MMA American Top Team	Warrington	http://www.warringtonjiu-jitsu.com/	Y		websites-2		HAS_STORED+BLANKED|RENDERS_BLANK	626 Easton Rd			snippets/tjjm-gyms-data-22.liquid
PA	PA	Elite Martial Arts Center	Waynesboro	https://www.facebook.com/EliteFamilyMA/	Y			https://www.facebook.com/EliteFamilyMA/	HAS_STORED	250 N Church St			snippets/tjjm-gyms-data-22.liquid
PA	PA	Team Junqueira Pittsburgh	Wexford	https://www.teamjunqueira.com/	Y			https://www.teamjunqueira.com/	HAS_STORED	12330 Perry Hwy			snippets/tjjm-gyms-data-22.liquid
PA	PA	Bad Company Jiu-Jitsu	Wilkes-Barre	https://www.badcompanybjj.com/	Y			https://www.badcompanybjj.com/	HAS_STORED	24 Forrest St			snippets/tjjm-gyms-data-22.liquid
PA	PA	Wilkes-Barre BJJ	Wilkes-Barre	https://wilkesbarrebjj.com	Y			https://wilkesbarrebjj.com	HAS_STORED			Y	snippets/tjjm-gyms-data.liquid
PA	PA	Williamsport School of Self Defense	Williamsport		N				NO_W_KEY|RENDERS_BLANK	734 W 4th St			snippets/tjjm-gyms-data-22.liquid
PA	PA	Delco Brazilian Jiu-Jitsu	Woodlyn	http://www.delcobjj.com/	Y		websites-2		HAS_STORED+BLANKED|RENDERS_BLANK	1936 MacDade Blvd #7			snippets/tjjm-gyms-data-22.liquid
PA	PA	East York Brazilian Jiu Jitsu	York	https://yorkbjj.com	Y			https://yorkbjj.com	HAS_STORED				snippets/tjjm-gyms-data-22.liquid
PA	PA	Red Lion BJJ	York		N				NO_W_KEY|RENDERS_BLANK	2810 E Prospect Rd			snippets/tjjm-gyms-data-22.liquid
PA	PA	York BJJ	York	https://yorkbjj.com	Y			https://yorkbjj.com	HAS_STORED			Y	snippets/tjjm-gyms-data.liquid
PA	PA	York Brazilian Jiu Jitsu	York	http://www.3gyorkbjj.com	Y			http://www.3gyorkbjj.com	HAS_STORED	3130 West Market St			snippets/tjjm-gyms-data-22.liquid
PA	PA	York Mixed Martial Arts Academy	York	http://www.ymmaa.com/	Y			http://www.ymmaa.com/	HAS_STORED	2323 Carlisle Rd			snippets/tjjm-gyms-data-22.liquid
PA	PA	Zero Brazilian Jiu Jitsu	York	http://www.zerobjj.com/	Y			http://www.zerobjj.com/	HAS_STORED	463 S Albemarle St			snippets/tjjm-gyms-data-22.liquid
PA	PA	Stout PGH - Zelienople/North	Zelienople	http://stouttrainpitt.com/	Y			http://stouttrainpitt.com/	HAS_STORED	50 Halstead Blvd			snippets/tjjm-gyms-data-22.liquid
PE	PE	West River Jiu Jitsu	Bonshaw	https://westriverjiujitsu.ca	Y			https://westriverjiujitsu.ca	HAS_STORED				snippets/tjjm-gyms-data.liquid
PE	PE	Charlottetown BJJ Academy	Charlottetown	https://charlottetownbjj.com	Y			https://charlottetownbjj.com	HAS_STORED				snippets/tjjm-gyms-data.liquid
PE	PE	JM Brazilian Jiu-Jitsu	Charlottetown	https://jmbjj.ca	Y			https://jmbjj.ca	HAS_STORED	21 Macaleer Dr, Charlottetown, PEI			snippets/tjjm-gyms-data-44.liquid
PE	PE	PEI Brazilian Jiu Jitsu	Charlottetown	https://peibjj.com	Y		websites-2		HAS_STORED+BLANKED|RENDERS_BLANK			Y	snippets/tjjm-gyms-data.liquid
PE	PE	Renzo Gracie PEI Lot 36	Charlottetown	https://www.facebook.com/p/Renzo-Gracie-PEI-Lot-36-100069410847003	Y			https://www.facebook.com/p/Renzo-Gracie-PEI-Lot-36-100069410847003	HAS_STORED				snippets/tjjm-gyms-data-44.liquid
PE	PE	Montague BJJ	Montague	https://montaguebjj.ca	Y			https://montaguebjj.ca	HAS_STORED				snippets/tjjm-gyms-data.liquid
PE	PE	PEI Martial Arts Academy O'Leary	O'Leary	https://www.peimma.com/oleary	Y			https://www.peimma.com/oleary	HAS_STORED	424 Main St, O'Leary, PE C0B 1V0			snippets/tjjm-gyms-data-44.liquid
PE	PE	Souris Brazilian Jiu-Jitsu	Souris	https://sourisbjj.com	Y			https://sourisbjj.com	HAS_STORED				snippets/tjjm-gyms-data.liquid
PE	PE	Stratford BJJ PEI	Stratford	https://stratfordbjjpei.com	Y	https://www.peimma.com/stratford	websites-3	https://www.peimma.com/stratford	HAS_STORED+REPOINTED				snippets/tjjm-gyms-data.liquid
PE	PE	Island Grappling Club	Summerside	https://islandgrapplingclub.com	Y		websites-2		HAS_STORED+BLANKED|RENDERS_BLANK			Y	snippets/tjjm-gyms-data.liquid
PE	PE	PEI Martial Arts Academy Summerside	Summerside	https://www.peimma.com	Y			https://www.peimma.com	HAS_STORED				snippets/tjjm-gyms-data.liquid
PE	PE	Summerside BJJ PEI	Summerside	https://summersidebjjpei.com	Y		websites-2		HAS_STORED+BLANKED|RENDERS_BLANK			Y	snippets/tjjm-gyms-data.liquid
PE	PE	Wulfrun Martial Arts	York	https://wulfrunmartialarts.com	Y			https://wulfrunmartialarts.com	HAS_STORED				snippets/tjjm-gyms-data.liquid
QC	QC	Alma BJJ	Alma	https://almabjj.com	Y			https://almabjj.com	HAS_STORED			Y	snippets/tjjm-gyms-data.liquid
QC	QC	Académie Impak	Beloeil	https://impakmma.com	Y			https://impakmma.com	HAS_STORED	347 Rue Duvernay, Beloeil, QC J3G 2M2			snippets/tjjm-gyms-data-43.liquid
QC	QC	Gracie Barra Boucherville	Boucherville	https://www.gbbou.ca	Y			https://www.gbbou.ca	HAS_STORED	540 Rue D'Avaugour, unité 1050, Boucherville, QC			snippets/tjjm-gyms-data-43.liquid
QC	QC	Gracie Barra Brossard	Brossard	https://gbbrossard.ca	Y			https://gbbrossard.ca	HAS_STORED	7565 Taschereau Blvd, Brossard, QC J4Y 1A2			snippets/tjjm-gyms-data-43.liquid
QC	QC	Guara BJJ	Brossard	https://www.guarabjj.com	Y			https://www.guarabjj.com	HAS_STORED	5635 Grande-Allée suite 106, Brossard, QC J4Z 3G3			snippets/tjjm-gyms-data-43.liquid
QC	QC	Drummondville BJJ	Drummondville	https://drummondvillebjj.com	Y			https://drummondvillebjj.com	HAS_STORED			Y	snippets/tjjm-gyms-data.liquid
QC	QC	Elite Jiu Jitsu Drummondville	Drummondville	https://www.elitejjd.ca	Y			https://www.elitejjd.ca	HAS_STORED	4587 boulevard Allard, Drummondville, QC J2A 1R9			snippets/tjjm-gyms-data-43.liquid
QC	QC	Arts Martiaux DeRocque BJJ	Gatineau	https://derocquebjj.com	Y			https://derocquebjj.com	HAS_STORED	10 rue Belmont, Gatineau, QC			snippets/tjjm-gyms-data-43.liquid
QC	QC	Aylmer Jiu-Jitsu and Muay-Thai	Gatineau	https://www.aylmerjiujitsu.com	Y			https://www.aylmerjiujitsu.com	HAS_STORED	140 Rue Principale, Gatineau, QC J9H 3M4			snippets/tjjm-gyms-data-43.liquid
QC	QC	Centre Evolution	Gatineau	https://www.artsmartiauxevolution.com	Y			https://www.artsmartiauxevolution.com	HAS_STORED	74 boulevard Gréber, Gatineau, QC J8T 3P8			snippets/tjjm-gyms-data-43.liquid
QC	QC	Patenaude Martial Arts Gatineau	Gatineau	https://patenaude-martialarts.com	Y		websites-2		HAS_STORED+BLANKED|RENDERS_BLANK				snippets/tjjm-gyms-data.liquid
QC	QC	Rossi BJJ & Kickboxing	Gatineau	https://www.rossibjjkick.ca	Y			https://www.rossibjjkick.ca	HAS_STORED	2019 Boulevard Maloney E, Gatineau, QC J8R 3Z3			snippets/tjjm-gyms-data-43.liquid
QC	QC	Les Mauvais Compagnons	Granby	https://lesmauvaiscompagnons.com	Y			https://lesmauvaiscompagnons.com	HAS_STORED	231 rue Saint-Charles Sud #4, Granby, QC J2G 9M6			snippets/tjjm-gyms-data-43.liquid
QC	QC	Action & Reaction MMA	Laval	https://actionreactionmma.ca	Y		websites-2		HAS_STORED+BLANKED|RENDERS_BLANK				snippets/tjjm-gyms-data.liquid
QC	QC	Fearless MMA	Laval	https://fearlessmma.ca	Y			https://fearlessmma.ca	HAS_STORED			Y	snippets/tjjm-gyms-data.liquid
QC	QC	Gracie Barra Laval	Laval	https://gblaval.com	Y			https://gblaval.com	HAS_STORED	3625 Bd Curé-Labelle, Laval, QC H7T 1R6			snippets/tjjm-gyms-data-43.liquid
QC	QC	Renzo Gracie Laval	Laval	https://www.gracielaval.com	Y			https://www.gracielaval.com	HAS_STORED	3274 Blvd. Saint-Martin O Suite 201, Laval, QC H7T 1A1			snippets/tjjm-gyms-data-43.liquid
QC	QC	Bravado BJJ Rive-Sud	Longueuil	https://www.bravadobjjrivesud.com	Y			https://www.bravadobjjrivesud.com	HAS_STORED	4180 Chemin de Chambly, Longueuil (St-Hubert), QC			snippets/tjjm-gyms-data-43.liquid
QC	QC	Longueuil BJJ	Longueuil	https://longueuilbjj.com	Y			https://longueuilbjj.com	HAS_STORED			Y	snippets/tjjm-gyms-data.liquid
QC	QC	Outros Caras Jiu-Jitsu	Longueuil	https://www.outroscaras-bjj.com	Y			https://www.outroscaras-bjj.com	HAS_STORED	1175 Chemin du Coteau-Rouge, Longueuil, QC J4K 1X1			snippets/tjjm-gyms-data-43.liquid
QC	QC	Volt BJJ	Longueuil	https://www.voltbjj.com	Y			https://www.voltbjj.com	HAS_STORED	1077 Chemin de Chambly, Longueuil, QC J4H 3M7			snippets/tjjm-gyms-data-43.liquid
QC	QC	Gracie Jiu-Jitsu St-Nicolas	Lévis	https://www.graciejiujitsustnicolas.com	Y			https://www.graciejiujitsustnicolas.com	HAS_STORED	845 Route Marie-Victorin, Lévis, QC G7A 3S8			snippets/tjjm-gyms-data-43.liquid
QC	QC	Levis BJJ	Lévis	https://levisbjj.com	Y		websites-2		HAS_STORED+BLANKED|RENDERS_BLANK				snippets/tjjm-gyms-data.liquid
QC	QC	Académie Frontenac	Montreal	https://www.academiefrontenac.com	Y			https://www.academiefrontenac.com	HAS_STORED	2600 rue Ontario E. suite 152, Montréal, QC H2K 4K4			snippets/tjjm-gyms-data-43.liquid
QC	QC	Alliance Jiu Jitsu Montreal	Montreal	https://alliancejiujitsumontreal.com	Y	https://brazilianjiujitsumontreal.com	websites-2	https://brazilianjiujitsumontreal.com	HAS_STORED+REPOINTED		5842 Boul. St Laurent, Montreal, QC H2T 1T3		snippets/tjjm-gyms-data.liquid
QC	QC	Carlson Gracie Montreal	Montreal	https://carlsongraciemontreal.com	Y			https://carlsongraciemontreal.com	HAS_STORED				snippets/tjjm-gyms-data.liquid
QC	QC	Gracie Barra Kirkland	Montreal	https://gbkirkland.ca	Y			https://gbkirkland.ca	HAS_STORED	16751 Boul Hymus, Kirkland, QC H9H 3L4			snippets/tjjm-gyms-data-43.liquid
QC	QC	Gracie Barra Montreal	Montreal	https://gbmontreal.ca	Y			https://gbmontreal.ca	HAS_STORED	3975 Notre-Dame O., Montreal, QC H4C 1R2			snippets/tjjm-gyms-data-43.liquid
QC	QC	Gracie Barra Montreal-Ouest	Montreal	https://gbmontrealouest.ca	Y			https://gbmontrealouest.ca	HAS_STORED	14c Av. Westminster N., Montreal-Ouest, QC H4X 1Y9			snippets/tjjm-gyms-data-43.liquid
QC	QC	Gracie Barra Saint-Laurent	Montreal	https://gbsaintlaurent.ca	Y			https://gbsaintlaurent.ca	HAS_STORED	2167 Blvd. Marcel-Laurin, Montréal, QC H4R 1K4			snippets/tjjm-gyms-data-43.liquid
QC	QC	Gracie Barra Sainte-Anne-de-Bellevue	Montreal	https://gbsainteanne.ca	Y			https://gbsainteanne.ca	HAS_STORED	37 Rue Sainte-Anne, Sainte-Anne-de-Bellevue, QC			snippets/tjjm-gyms-data-43.liquid
QC	QC	NovaGym	Montreal	https://novagym.ca	Y			https://novagym.ca	HAS_STORED				snippets/tjjm-gyms-data.liquid
QC	QC	Plateau BJJ	Montreal	https://plateaubjj.com	Y			https://plateaubjj.com	HAS_STORED	3655 Boul. Saint-Laurent Unit 107, Montreal, QC			snippets/tjjm-gyms-data-43.liquid
QC	QC	Renzo Gracie Montreal	Montreal	https://renzogracieontreal.com	Y		websites-2		HAS_STORED+BLANKED|RENDERS_BLANK				snippets/tjjm-gyms-data.liquid
QC	QC	Renzo Gracie West Island	Montreal	https://www.rgwestisland.ca	Y			https://www.rgwestisland.ca	HAS_STORED	100 Jacques Bizard Blvd, L'Île-Bizard, QC H9C 2T9			snippets/tjjm-gyms-data-43.liquid
QC	QC	Santos Brothers BJJ Montreal	Montreal	https://santosbrothersbjjmtl.com	Y		websites-2		HAS_STORED+BLANKED|RENDERS_BLANK				snippets/tjjm-gyms-data.liquid
QC	QC	Tristar Gym Montreal	Montreal	https://tristargym.com	Y			https://tristargym.com	HAS_STORED		5275 Rue Ferrier		snippets/tjjm-gyms-data.liquid
QC	QC	Académie JiuManji	Nicolet	https://academiejiumanji.com	Y			https://academiejiumanji.com	HAS_STORED	2041 Bd Louis Fréchette, Nicolet, QC J3T 1M4			snippets/tjjm-gyms-data-43.liquid
QC	QC	Groupe Butactik	Notre-Dame-du-Mont-Carmel	https://butactik.com	Y			https://butactik.com	HAS_STORED	801 Rang St-Louis, Notre-Dame-du-Mont-Carmel, QC			snippets/tjjm-gyms-data-43.liquid
QC	QC	Alliance Jiu Jitsu Quebec City	Quebec City	https://alliancejiujitsuqc.com	Y		websites-2		HAS_STORED+BLANKED|RENDERS_BLANK				snippets/tjjm-gyms-data.liquid
QC	QC	Bjj Québec	Quebec City	https://bjjquebec.com	Y			https://bjjquebec.com	HAS_STORED	2376 Rue Galvani, Québec, QC			snippets/tjjm-gyms-data-43.liquid
QC	QC	Nordik Fight Club	Quebec City	https://nordikfightclub.com	Y			https://nordikfightclub.com	HAS_STORED				snippets/tjjm-gyms-data.liquid
QC	QC	Royal Jiu-Jitsu Quebec	Quebec City	https://royaljiujitsu.ca	Y		websites-2		HAS_STORED+BLANKED|RENDERS_BLANK			Y	snippets/tjjm-gyms-data.liquid
QC	QC	Royal Jiu-Jitsu Québec	Quebec City	https://royaljiujitsuqc.com	Y			https://royaljiujitsuqc.com	HAS_STORED	3347 Rue du Carrefour, Québec, QC G1C 8J9			snippets/tjjm-gyms-data-43.liquid
QC	QC	Sampa Jiu-Jitsu	Quebec City	https://www.sampajjb.com	Y			https://www.sampajjb.com	HAS_STORED	1375 Frank Carrel #19, Québec, QC G1N 2E2			snippets/tjjm-gyms-data-43.liquid
QC	QC	North Legion Académie	Repentigny	https://northlegionacademie.ca	Y			https://northlegionacademie.ca	HAS_STORED	565 Rue Lanaudière, Repentigny, QC J6A 7N1			snippets/tjjm-gyms-data-43.liquid
QC	QC	Tristar Gym Repentigny	Repentigny	https://tristarrepentigny.ca	Y			https://tristarrepentigny.ca	HAS_STORED	530 Rue Notre-Dame, Repentigny, QC J6A 2T8			snippets/tjjm-gyms-data-43.liquid
QC	QC	Rimouski BJJ	Rimouski	https://rimouskibjj.com	Y			https://rimouskibjj.com	HAS_STORED			Y	snippets/tjjm-gyms-data.liquid
QC	QC	Rimouski Submission Fight	Rimouski		N				NO_W_KEY|RENDERS_BLANK	254 Rue Saint-Germain Est, Rimouski, QC G5L 1B4			snippets/tjjm-gyms-data-43.liquid
QC	QC	Alliance Jiu Jitsu Montréal - Rosemère	Rosemère	https://brazilianjiujitsumontreal.com	Y			https://brazilianjiujitsumontreal.com	HAS_STORED	Centre Sportif Rosemère, 235 Boul. Labelle, Rosemère, QC J7A 2H3			snippets/tjjm-gyms-data-43.liquid
QC	QC	Newaza Studio Jiujitsu	Rouyn-Noranda		N				NO_W_KEY|RENDERS_BLANK	Rouyn-Noranda, QC			snippets/tjjm-gyms-data-43.liquid
QC	QC	Jiu-Jitsu Saguenay	Saguenay	https://bjjsaguenay.com	Y			https://bjjsaguenay.com	HAS_STORED	2367 Rue Mathias, Jonquière, QC G7S 3V4			snippets/tjjm-gyms-data-43.liquid
QC	QC	Saguenay BJJ	Saguenay	https://saguenaybjj.com	Y			https://saguenaybjj.com	HAS_STORED			Y	snippets/tjjm-gyms-data.liquid
QC	QC	Académie Connexion	Saint-Amable	https://academieconnexion.com	Y			https://academieconnexion.com	HAS_STORED	510 Rue Charbonneau, Saint-Amable, QC J0L 1N0			snippets/tjjm-gyms-data-43.liquid
QC	QC	Arts Martiaux KJS	Saint-Constant	https://www.artsmartiauxkjs.com	Y			https://www.artsmartiauxkjs.com	HAS_STORED	2 Montée des Bouleaux #100, Saint-Constant, QC J5A 1M1			snippets/tjjm-gyms-data-43.liquid
QC	QC	Nova Uniao St-Jean	Saint-Jean-sur-Richelieu		N				NO_W_KEY|RENDERS_BLANK	685 Rue Saint-Jacques, Saint-Jean-sur-Richelieu, QC J3B 2M9			snippets/tjjm-gyms-data-43.liquid
QC	QC	Kuzushi Fight Club	Saint-Jérôme	https://www.saintjeromebjj.com	Y			https://www.saintjeromebjj.com	HAS_STORED	1085 rue Melançon, Saint-Jérôme, QC			snippets/tjjm-gyms-data-43.liquid
QC	QC	LV Jiu-Jitsu	Saint-Mathieu-de-Beloeil	https://lvbjj.ca	Y			https://lvbjj.ca	HAS_STORED	3110 Rue Bernard-Pilon, Saint-Mathieu-de-Beloeil, QC J3G 4S5			snippets/tjjm-gyms-data-43.liquid
QC	QC	Sept-Iles BJJ	Sept-Îles	https://septilesbjj.com	Y		websites-2		HAS_STORED+BLANKED|RENDERS_BLANK				snippets/tjjm-gyms-data.liquid
QC	QC	Arts Martiaux K2V	Shefford	https://www.ecolekaratebromont.com	Y			https://www.ecolekaratebromont.com	HAS_STORED	104 rue Clermont, Shefford, QC J2M 1X3			snippets/tjjm-gyms-data-43.liquid
QC	QC	Académie Athéna	Sherbrooke	https://www.athenabjj.com	Y			https://www.athenabjj.com	HAS_STORED	1381 Rue King E, Sherbrooke, QC J1G 1E8			snippets/tjjm-gyms-data-43.liquid
QC	QC	Académie SGS	Sherbrooke	https://academiesgs.com	Y			https://academiesgs.com	HAS_STORED	297 Rue King Ouest, Sherbrooke, QC J1H 1R2			snippets/tjjm-gyms-data-43.liquid
QC	QC	Nomad Brazilian Jiu-Jitsu	Sherbrooke	https://nomadbjj.com	Y			https://nomadbjj.com	HAS_STORED	1581 Rue Denault, Sherbrooke, QC J1H 2R1			snippets/tjjm-gyms-data-43.liquid
QC	QC	Sherbrooke BJJ	Sherbrooke	https://sherbrookebjj.com	Y			https://sherbrookebjj.com	HAS_STORED			Y	snippets/tjjm-gyms-data.liquid
QC	QC	Three Headed Beast	Sherbrooke	https://www.sherbrookebjj.com	Y			https://www.sherbrookebjj.com	HAS_STORED	1271 rue King Est, Sherbrooke, QC J1G 1E4			snippets/tjjm-gyms-data-43.liquid
QC	QC	École de kickboxing de l'Estrie	Sherbrooke	https://estriekickboxing.com	Y			https://estriekickboxing.com	HAS_STORED	565 King Est local 300, Sherbrooke, QC J1G 1B6			snippets/tjjm-gyms-data-43.liquid
QC	QC	Terra Atma	Sutton	https://www.terra-atma.com	Y			https://www.terra-atma.com	HAS_STORED	909 Québec 139N, Sutton, QC J0E 2K0			snippets/tjjm-gyms-data-43.liquid
QC	QC	Dojo Fusion	Terrebonne	https://dojofusion.ca	Y			https://dojofusion.ca	HAS_STORED	1977 Chemin Gascon, Terrebonne, QC J6X 4H2			snippets/tjjm-gyms-data-43.liquid
QC	QC	AM3R - Arts Martiaux Trois-Rivières	Trois-Rivières	https://www.am3r.ca	Y			https://www.am3r.ca	HAS_STORED	2545 Unité B Boulevard Thibeault, Trois-Rivières, QC G8T 1G1			snippets/tjjm-gyms-data-43.liquid
QC	QC	Centre SAGA	Trois-Rivières	https://www.centresaga.ca	Y			https://www.centresaga.ca	HAS_STORED	2640 Rue Royale, Trois-Rivières, QC G9A 4L5			snippets/tjjm-gyms-data-43.liquid
QC	QC	Trois-Rivieres BJJ	Trois-Rivières	https://troisrivieresbjj.com	Y		websites-2		HAS_STORED+BLANKED|RENDERS_BLANK			Y	snippets/tjjm-gyms-data.liquid
QC	QC	Institut Impact Élite Martial	Val-d'Or	https://institutimpactelitemartial.com	Y			https://institutimpactelitemartial.com	HAS_STORED	1218 7e Rue, Val-d'Or, QC J9P 5S7			snippets/tjjm-gyms-data-43.liquid
RI	RI	Bristol BJJ	Bristol	https://bristolbjj.com	Y			https://bristolbjj.com	HAS_STORED				snippets/tjjm-gyms-data.liquid
RI	RI	Danny Savery BJJ and Martial Arts Academy	Bristol	https://dannysaverybjj.com	Y			https://dannysaverybjj.com	HAS_STORED	655 Metacom Avenue, Bristol, RI 02809			snippets/tjjm-gyms-data-40.liquid
RI	RI	Coventry Brazilian Jiu Jitsu	Coventry	https://coventrybjj.com	Y	https://coventryribjj.com	websites-2	https://coventryribjj.com	HAS_STORED+REPOINTED		53 Sandy Bottom Rd, Coventry, RI 02816		snippets/tjjm-gyms-data.liquid
RI	RI	Cranston BJJ	Cranston	https://cranstonbjj.com	Y			https://cranstonbjj.com	HAS_STORED			Y	snippets/tjjm-gyms-data.liquid
RI	RI	East Providence BJJ	East Providence	https://eastprovidencebjj.com	Y			https://eastprovidencebjj.com	HAS_STORED			Y	snippets/tjjm-gyms-data.liquid
RI	RI	Ocean State Studios BJJ	East Providence	https://oceanstatestudiosbjj.com	Y			https://oceanstatestudiosbjj.com	HAS_STORED	89 Valley St, East Providence, RI 02914			snippets/tjjm-gyms-data-40.liquid
RI	RI	Playground Jiu Jitsu	East Providence	https://playgroundjiujitsu.com	Y			https://playgroundjiujitsu.com	HAS_STORED	3350 Pawtucket Ave Unit E, East Providence, RI 02914			snippets/tjjm-gyms-data-40.liquid
RI	RI	Elevate Dojo	Exeter	https://www.elevatedojo.com	Y			https://www.elevatedojo.com	HAS_STORED	560 S County Trail Building C, Exeter, RI 02822			snippets/tjjm-gyms-data-40.liquid
RI	RI	Ocean State Brazilian Jiu Jitsu	Jamestown	https://www.oceanstatebjj.com	Y			https://www.oceanstatebjj.com	HAS_STORED	16 Douglas Street, Jamestown, RI 02835			snippets/tjjm-gyms-data-40.liquid
RI	RI	Pride Martial Arts and Fitness	Kingston	https://www.pridemartialarts.com	Y			https://www.pridemartialarts.com	HAS_STORED	1958 Kingstown Road, Kingston, RI 02881			snippets/tjjm-gyms-data-40.liquid
RI	RI	Terrinha BJJ Lincoln	Lincoln	http://tdtbjj.com	Y			http://tdtbjj.com	HAS_STORED	17 Lower Road, Lincoln, RI 02865			snippets/tjjm-gyms-data-40.liquid
RI	RI	Middletown BJJ RI	Middletown	https://middletownbjjri.com	Y		websites-2		HAS_STORED+BLANKED|RENDERS_BLANK			Y	snippets/tjjm-gyms-data.liquid
RI	RI	Mission First Jiu-Jitsu	Middletown	https://www.missionfirstbjj.com	Y			https://www.missionfirstbjj.com	HAS_STORED	999 West Main Road, Middletown, RI 02842			snippets/tjjm-gyms-data-40.liquid
RI	RI	Mission First BJJ	Newport	https://missionfirstbjj.com	Y			https://missionfirstbjj.com	HAS_STORED			Y	snippets/tjjm-gyms-data.liquid
RI	RI	Just Train	North Kingstown	https://justtrainri.com	Y			https://justtrainri.com	HAS_STORED	3520 Quaker Ln, North Kingstown, RI 02852			snippets/tjjm-gyms-data-40.liquid
RI	RI	Ricardo Cavalcanti Brazilian Jiu-Jitsu - RI	North Providence	https://rcbjjri.com	Y			https://rcbjjri.com	HAS_STORED	1910 Smith St, North Providence, RI 02911			snippets/tjjm-gyms-data-40.liquid
RI	RI	Pawtucket BJJ	Pawtucket	https://pawtucketbjj.com	Y			https://pawtucketbjj.com	HAS_STORED			Y	snippets/tjjm-gyms-data.liquid
RI	RI	Team Santos Fighting Academy	Pawtucket	http://matsantos.com	Y			http://matsantos.com	HAS_STORED	999 Main Street Suite 112, Pawtucket, RI 02860			snippets/tjjm-gyms-data-40.liquid
RI	RI	Tri-Force MMA	Pawtucket	https://www.triforcemma.com	Y			https://www.triforcemma.com	HAS_STORED	181 Conant St, Pawtucket, RI 02860			snippets/tjjm-gyms-data-40.liquid
RI	RI	Gracie Jiu-Jitsu Providence	Providence	https://graciejiujitsuprovidence.com	Y			https://graciejiujitsuprovidence.com	HAS_STORED	21 Turner St, Providence, RI 02908			snippets/tjjm-gyms-data-40.liquid
RI	RI	Providence BJJ	Providence	https://providencebjj.com	Y			https://providencebjj.com	HAS_STORED		4 Aurora Street, Providence, RI 02908		snippets/tjjm-gyms-data.liquid
RI	RI	Ricardo Cavalcanti BJJ RI	Providence	https://cavalcantibjjri.com	Y		websites-2		HAS_STORED+BLANKED|RENDERS_BLANK			Y	snippets/tjjm-gyms-data.liquid
RI	RI	Tim Burrill Brazilian Jiu Jitsu	Providence	https://timburrill.com	Y			https://timburrill.com	HAS_STORED	55 Porter St, Providence, RI 02905			snippets/tjjm-gyms-data-40.liquid
RI	RI	Renzo Gracie RI	Smithfield	https://www.renzogracieri.com	Y			https://www.renzogracieri.com	HAS_STORED	417 Douglas Pike, Smithfield, RI 02917			snippets/tjjm-gyms-data-40.liquid
RI	RI	Braman Jiu Jitsu	Warwick	https://www.bramanjiujitsu.com	Y			https://www.bramanjiujitsu.com	HAS_STORED	24 Quaker Lane Unit G, Warwick, RI 02889			snippets/tjjm-gyms-data-40.liquid
RI	RI	Cortes BJJ	Warwick	https://cortesbjj.com	Y		websites-2		HAS_STORED+BLANKED|RENDERS_BLANK		114 Minnesota Ave, Unit 1, Warwick, RI 02888		snippets/tjjm-gyms-data.liquid
RI	RI	Gracie Jiu-Jitsu Warwick	Warwick	https://www.graciejiujitsuwarwick.com	Y			https://www.graciejiujitsuwarwick.com	HAS_STORED	2200 Warwick Ave, Warwick, RI 02889			snippets/tjjm-gyms-data-40.liquid
RI	RI	Rilion Gracie Rhode Island	West Warwick	https://riliongracieri.com	Y			https://riliongracieri.com	HAS_STORED	71 Manchester St, West Warwick, RI 02893			snippets/tjjm-gyms-data-40.liquid
RI	RI	Kiefer's Martial Arts	Westerly	https://kiefersmartialarts.com	Y			https://kiefersmartialarts.com	HAS_STORED	114 Granite Street Suite 3, Westerly, RI 02891			snippets/tjjm-gyms-data-40.liquid
RI	RI	Woonsocket BJJ	Woonsocket	https://woonsocketbjj.com	Y			https://woonsocketbjj.com	HAS_STORED			Y	snippets/tjjm-gyms-data.liquid
SC	SC	Aiken Jiu-Jitsu	Aiken	https://aikenjiujitsu.com	Y	http://www.aikenjiu-jitsu.com	websites-2	http://www.aikenjiu-jitsu.com	HAS_STORED+REPOINTED		1030 York St NE, Aiken, SC 29801		snippets/tjjm-gyms-data.liquid
SC	SC	Alliance Jiu Jitsu Anderson	Anderson	https://allianceanderson.com	Y			https://allianceanderson.com	HAS_STORED		1484 Pearman Dairy Rd, Anderson, SC 29625		snippets/tjjm-gyms-data.liquid
SC	SC	Renzo Gracie South Carolina	Anderson	https://www.renzograciesc.com	Y			https://www.renzograciesc.com	HAS_STORED	4474 Liberty Highway, Anderson, SC 29621			snippets/tjjm-gyms-data-41.liquid
SC	SC	Beaufort BJJ	Beaufort	https://beaufortbjj.com	Y			https://beaufortbjj.com	HAS_STORED			Y	snippets/tjjm-gyms-data.liquid
SC	SC	Beaufort MMA	Beaufort	https://www.beaufortmma.com	Y			https://www.beaufortmma.com	HAS_STORED	2127 Boundary St, Suite 14-B, Beaufort, SC 29902			snippets/tjjm-gyms-data-41.liquid
SC	SC	May River BJJ	Bluffton	https://www.mayriverbjj.com	Y			https://www.mayriverbjj.com	HAS_STORED	1 Sherington Dr Suite D, Bluffton, SC 29910			snippets/tjjm-gyms-data-41.liquid
SC	SC	Riptide Mixed Martial Arts Academy	Bluffton	https://riptidemma.com	Y			https://riptidemma.com	HAS_STORED	36 Persimmons St., Suite 303, Bluffton, SC 29910			snippets/tjjm-gyms-data-41.liquid
SC	SC	Black Label Martial Arts	Charleston	https://blacklabelmartialarts.com	Y			https://blacklabelmartialarts.com	HAS_STORED	1850 Wallace School Rd, Charleston, SC 29407			snippets/tjjm-gyms-data-41.liquid
SC	SC	Charleston BJJ	Charleston	https://charlestonbjj.com	Y			https://charlestonbjj.com	HAS_STORED			Y	snippets/tjjm-gyms-data.liquid
SC	SC	Gracie Barra West Ashley	Charleston	https://www.gbwestashley.com	Y			https://www.gbwestashley.com	HAS_STORED	874 Orleans Rd Unit 4, Charleston, SC 29407			snippets/tjjm-gyms-data-41.liquid
SC	SC	Columbia BJJ	Columbia	https://columbiabjj.com	Y			https://columbiabjj.com	HAS_STORED			Y	snippets/tjjm-gyms-data.liquid
SC	SC	Jitsu Academy SC	Columbia	https://jitsuacademy.com	Y			https://jitsuacademy.com	HAS_STORED				snippets/tjjm-gyms-data-41.liquid
SC	SC	Spartan Academy MMA	Columbia	https://spartanacademymma.com	Y			https://spartanacademymma.com	HAS_STORED	6169 Saint Andrews Rd. Ste 130, Columbia, SC 29212			snippets/tjjm-gyms-data-41.liquid
SC	SC	Alliance Jiu Jitsu Easley	Easley	https://allianceeasley.com	Y	https://alliancejjeasley.com	websites-2	https://alliancejjeasley.com	HAS_STORED+REPOINTED		5190 Calhoun Memorial Hwy. Suite F, Easley, SC		snippets/tjjm-gyms-data.liquid
SC	SC	Florence BJJ SC	Florence	https://florencebjjsc.com	Y		websites-2		HAS_STORED+BLANKED|RENDERS_BLANK			Y	snippets/tjjm-gyms-data.liquid
SC	SC	Ozone Brazilian Jiu-Jitsu	Florence	https://www.ozonebjj.co	Y			https://www.ozonebjj.co	HAS_STORED	1735 South Irby St, Florence, SC 29505			snippets/tjjm-gyms-data-41.liquid
SC	SC	Great Grappling Brazilian Jiu Jitsu	Fort Mill	https://greatgrappling.com	Y			https://greatgrappling.com	HAS_STORED	2040 Carolina Pl Dr, Fort Mill, SC 29708			snippets/tjjm-gyms-data-41.liquid
SC	SC	Lucas Lepri Jiu Jitsu Academy Fort Mill	Fort Mill	https://lepribjj.com	Y			https://lepribjj.com	HAS_STORED	1852 Highway 160, Suite 105, Fort Mill, SC 29708			snippets/tjjm-gyms-data-41.liquid
SC	SC	FightWorks Academy	Greenville	https://fightworksacademy.com	Y			https://fightworksacademy.com	HAS_STORED	1200 Woodruff Road Suite E-2, Greenville, SC 29607			snippets/tjjm-gyms-data-41.liquid
SC	SC	Greenville Alliance Jiu Jitsu	Greenville	https://alliancegreenville.com	Y			https://alliancegreenville.com	HAS_STORED	117 Haywood Rd Suite B, Greenville, SC 29607			snippets/tjjm-gyms-data-41.liquid
SC	SC	Senzo Jiu-Jitsu Academy	Greenville	https://senzobjj.com	Y			https://senzobjj.com	HAS_STORED	3225 N Pleasantburg Dr Ste D, Greenville, SC 29609			snippets/tjjm-gyms-data-41.liquid
SC	SC	Divinus Lux Jiu Jitsu	Greenwood	https://www.divinusluxjiujitsu.com	Y			https://www.divinusluxjiujitsu.com	HAS_STORED	1310 Bypass 72 Northeast, Greenwood, SC 29649			snippets/tjjm-gyms-data-41.liquid
SC	SC	Rilion Gracie Greenville	Greer	https://riliongraciegreenville.com	Y			https://riliongraciegreenville.com	HAS_STORED	600 N Main St Ste D, Greer, SC 29650			snippets/tjjm-gyms-data-41.liquid
SC	SC	Red Fox Brazilian Jiu-Jitsu	Hartsville	https://redfoxbjj.com	Y			https://redfoxbjj.com	HAS_STORED	821 South Fifth Street, Hartsville, SC 29550			snippets/tjjm-gyms-data-41.liquid
SC	SC	Hilton Head BJJ	Hilton Head Island	https://hiltonheadbjj.com	Y		websites-2		HAS_STORED+BLANKED|RENDERS_BLANK			Y	snippets/tjjm-gyms-data.liquid
SC	SC	Revolution Martial Arts and Performance Fitness	Inman	https://revolution-martialarts.com	Y			https://revolution-martialarts.com	HAS_STORED	6400 Highway 9, Inman, SC 29349			snippets/tjjm-gyms-data-41.liquid
SC	SC	Columbia Self Defense	Irmo	https://columbiaselfdefense.com	Y			https://columbiaselfdefense.com	HAS_STORED	10071 Broad River Road, Irmo, SC 29063			snippets/tjjm-gyms-data-41.liquid
SC	SC	Gracie Jiu-Jitsu Lexington Carter's Academy	Lexington	https://www.gracielexington.com	Y			https://www.gracielexington.com	HAS_STORED	1216-G West Main Street, Lexington, SC 29072			snippets/tjjm-gyms-data-41.liquid
SC	SC	Believe Jiu Jitsu	Moncks Corner	https://believejiujitsu.com	Y			https://believejiujitsu.com	HAS_STORED	3514 S. Live Oak Dr, Unit D, Moncks Corner, SC 29461			snippets/tjjm-gyms-data-41.liquid
SC	SC	Heritage Jiu-Jitsu	Moncks Corner	https://heritagebjj.com	Y			https://heritagebjj.com	HAS_STORED	314 Rembert C. Dennis Blvd, Moncks Corner, SC 29461			snippets/tjjm-gyms-data-41.liquid
SC	SC	Houzn Jiu Jitsu Academy	Mount Pleasant	https://www.houznjiujitsu.academy	Y			https://www.houznjiujitsu.academy	HAS_STORED	498 Wando Park Blvd. Suite 100, Mount Pleasant, SC 29464			snippets/tjjm-gyms-data-41.liquid
SC	SC	Royce Gracie Academy Mount Pleasant	Mount Pleasant	https://roycegraciemp.com	Y			https://roycegraciemp.com	HAS_STORED	1007 Johnnie Dodd's Blvd Suite 123, Mount Pleasant, SC 29464			snippets/tjjm-gyms-data-41.liquid
SC	SC	Myrtle Beach BJJ and Judo	Murrells Inlet	https://myrtlebeachbjj.com	Y			https://myrtlebeachbjj.com	HAS_STORED	American 24 Fitness, 3334 US-17 Bus, Murrells Inlet, SC 29576			snippets/tjjm-gyms-data-41.liquid
SC	SC	Checkmat Myrtle Beach	Myrtle Beach	https://checkmatmbsc.com	Y			https://checkmatmbsc.com	HAS_STORED	3721 Wesley Street, Myrtle Beach, SC 29579			snippets/tjjm-gyms-data-41.liquid
SC	SC	Kilo Delta BJJ and MMA	Myrtle Beach	https://www.kilodeltabjjsc.com	Y			https://www.kilodeltabjjsc.com	HAS_STORED	568 George Bishop Pkwy, Myrtle Beach, SC 29579			snippets/tjjm-gyms-data-41.liquid
SC	SC	Myrtle Beach BJJ	Myrtle Beach	https://myrtlebeachbjj.com	Y			https://myrtlebeachbjj.com	HAS_STORED			Y	snippets/tjjm-gyms-data.liquid
SC	SC	American Judo and Jiu-Jitsu	North Charleston	https://americanjudoandjiujitsu.com	Y		websites-2		HAS_STORED+BLANKED|RENDERS_BLANK			Y	snippets/tjjm-gyms-data.liquid
SC	SC	Orangeburg BJJ	Orangeburg	https://orangeburgbjj.com	Y			https://orangeburgbjj.com	HAS_STORED			Y	snippets/tjjm-gyms-data.liquid
SC	SC	Rock Hill BJJ	Rock Hill	https://rockhillbjj.com	Y			https://rockhillbjj.com	HAS_STORED		489 S Herlong Ave Unit #6, Rock Hill, SC 29732		snippets/tjjm-gyms-data.liquid
SC	SC	TAP Brazilian Jiu-Jitsu Academy	Rock Hill	https://www.tapbjjacademy.com	Y			https://www.tapbjjacademy.com	HAS_STORED	1539 Celanese Rd Suite 103, Rock Hill, SC 29732			snippets/tjjm-gyms-data-41.liquid
SC	SC	Spartanburg BJJ	Spartanburg	https://spartanburgbjj.com	Y			https://spartanburgbjj.com	HAS_STORED			Y	snippets/tjjm-gyms-data.liquid
SC	SC	Spartanburg Jiu-Jitsu	Spartanburg	https://www.spartanburgjiujitsu.com	Y			https://www.spartanburgjiujitsu.com	HAS_STORED				snippets/tjjm-gyms-data-41.liquid
SC	SC	Gracie Barra Summerville	Summerville	https://gbsummerville.com	Y			https://gbsummerville.com	HAS_STORED	801 N. Main St, Summerville, SC 29483			snippets/tjjm-gyms-data-41.liquid
SC	SC	Summerville BJJ	Summerville	https://summervillebjj.com	Y			https://summervillebjj.com	HAS_STORED			Y	snippets/tjjm-gyms-data.liquid
SD	SD	Aberdeen BJJ	Aberdeen	https://aberdeenbjj.com	Y			https://aberdeenbjj.com	HAS_STORED			Y	snippets/tjjm-gyms-data.liquid
SD	SD	Hub City MMA & BJJ	Aberdeen	https://hubcitymma.gymdesk.com	Y			https://hubcitymma.gymdesk.com	HAS_STORED	206 S Dakota St, Aberdeen, SD 57401			snippets/tjjm-gyms-data-39.liquid
SD	SD	Wolfpack Family Jiujitsu	Aberdeen	https://www.wolfpackfamilybjj.com	Y			https://www.wolfpackfamilybjj.com	HAS_STORED	313 S Main St, Aberdeen, SD 57401			snippets/tjjm-gyms-data-39.liquid
SD	SD	Brookings BJJ	Brookings	https://brookingsbjj.com	Y			https://brookingsbjj.com	HAS_STORED			Y	snippets/tjjm-gyms-data.liquid
SD	SD	No Illusions Martial Arts	Brookings	https://www.noillusionsmartialarts.com	Y			https://www.noillusionsmartialarts.com	HAS_STORED	323 6th Street, Brookings, SD 57006			snippets/tjjm-gyms-data-39.liquid
SD	SD	Huron BJJ	Huron	https://huronbjj.com	Y			https://huronbjj.com	HAS_STORED			Y	snippets/tjjm-gyms-data.liquid
SD	SD	Mitchell BJJ	Mitchell	https://mitchellbjj.com	Y			https://mitchellbjj.com	HAS_STORED			Y	snippets/tjjm-gyms-data.liquid
SD	SD	Black Hills BJJ	Rapid City	https://blackhillsbjj.com	Y		websites-2		HAS_STORED+BLANKED|RENDERS_BLANK			Y	snippets/tjjm-gyms-data.liquid
SD	SD	Black Hills Brazilian Jiu-Jitsu	Rapid City	https://www.bhbjj.com	Y			https://www.bhbjj.com	HAS_STORED	3325 W. Main St, Rapid City, SD 57702			snippets/tjjm-gyms-data-39.liquid
SD	SD	Gold Bar Training Center	Rapid City	https://goldbartrainingcenter.com	Y			https://goldbartrainingcenter.com	HAS_STORED	2090 Deadwood Ave Suite 3, Rapid City, SD 57701			snippets/tjjm-gyms-data-39.liquid
SD	SD	Rapid City Brazilian Jiu Jitsu	Rapid City		N				NO_W_KEY|RENDERS_BLANK	101b New York St, Rapid City, SD 57701			snippets/tjjm-gyms-data-39.liquid
SD	SD	Gracie Jiu-Jitsu Sioux Falls	Sioux Falls	https://www.gjjsiouxfalls.com	Y			https://www.gjjsiouxfalls.com	HAS_STORED	2300 S West Ave, Entrance D, Sioux Falls, SD 57105			snippets/tjjm-gyms-data-39.liquid
SD	SD	Joku Dojo	Sioux Falls	https://jokudojo.com	Y		websites-2		HAS_STORED+BLANKED|RENDERS_BLANK			Y	snippets/tjjm-gyms-data.liquid
SD	SD	Midwest Martial Arts Academy	Sioux Falls	https://midwestmartialartssf.com	Y			https://midwestmartialartssf.com	HAS_STORED	5014 S Marion Rd, Sioux Falls, SD 57106			snippets/tjjm-gyms-data-39.liquid
SD	SD	Misfits Grappling Club	Sioux Falls	https://www.misfitsgrapplingclub.com	Y			https://www.misfitsgrapplingclub.com	HAS_STORED	3506 N Casco Ave, Sioux Falls, SD 57104			snippets/tjjm-gyms-data-39.liquid
SD	SD	Next Edge Academy	Sioux Falls	https://nextedgeacademy.com	Y			https://nextedgeacademy.com	HAS_STORED	909 E 8th St, Sioux Falls, SD 57103			snippets/tjjm-gyms-data-39.liquid
SD	SD	Sioux Falls BJJ	Sioux Falls	https://siouxfallsbjj.com	Y			https://siouxfallsbjj.com	HAS_STORED			Y	snippets/tjjm-gyms-data.liquid
SD	SD	Spearfish Martial Arts	Spearfish	https://www.spearfishmartialarts.com	Y			https://www.spearfishmartialarts.com	HAS_STORED	2431 E Colorado Blvd, Spearfish, SD 57783			snippets/tjjm-gyms-data-39.liquid
SD	SD	Vermillion BJJ	Vermillion	https://vermillionbjj.com	Y			https://vermillionbjj.com	HAS_STORED			Y	snippets/tjjm-gyms-data.liquid
SD	SD	Watertown BJJ SD	Watertown	https://watertownbjjsd.com	Y		websites-2		HAS_STORED+BLANKED|RENDERS_BLANK			Y	snippets/tjjm-gyms-data.liquid
SK	SK	Estevan BJJ	Estevan	https://estevanbjj.com	Y			https://estevanbjj.com	HAS_STORED			Y	snippets/tjjm-gyms-data.liquid
SK	SK	Estevan Combat Sports and Fitness	Estevan		Y				EMPTY_STORED|RENDERS_BLANK				snippets/tjjm-gyms-data-38.liquid
SK	SK	Lloydminster BJJ	Lloydminster	https://lloydminsterbjj.com	Y			https://lloydminsterbjj.com	HAS_STORED			Y	snippets/tjjm-gyms-data.liquid
SK	SK	Melfort BJJ	Melfort	https://melfortbjj.com	Y			https://melfortbjj.com	HAS_STORED			Y	snippets/tjjm-gyms-data.liquid
SK	SK	WARCRY Martial Arts	Melville	https://warcrymartialarts.com	Y			https://warcrymartialarts.com	HAS_STORED	543 Main St, Melville SK S0A 2P0			snippets/tjjm-gyms-data-38.liquid
SK	SK	Control Jiu Jitsu	Moose Jaw	https://controlbjj.com	Y			https://controlbjj.com	HAS_STORED	244a River St W, Moose Jaw SK			snippets/tjjm-gyms-data-38.liquid
SK	SK	Moose Jaw BJJ	Moose Jaw	https://moosejawbjj.com	Y			https://moosejawbjj.com	HAS_STORED			Y	snippets/tjjm-gyms-data.liquid
SK	SK	Green Dojo	North Battleford	https://greendojo.ca	Y			https://greendojo.ca	HAS_STORED	2202 101 St, North Battleford SK S9A 0S2			snippets/tjjm-gyms-data-38.liquid
SK	SK	North Battleford BJJ	North Battleford	https://northbattlefordbjj.com	Y			https://northbattlefordbjj.com	HAS_STORED			Y	snippets/tjjm-gyms-data.liquid
SK	SK	North Wake Martial Arts	Prince Albert	https://northwakemartialarts.com	Y			https://northwakemartialarts.com	HAS_STORED	16-243 S Industrial Dr, Prince Albert SK S6V 7L7			snippets/tjjm-gyms-data-38.liquid
SK	SK	Prince Albert BJJ	Prince Albert	https://princealberbjj.com	Y			https://princealberbjj.com	HAS_STORED			Y	snippets/tjjm-gyms-data.liquid
SK	SK	The Lab Brazilian Jiu-Jitsu Academy	Prince Albert	https://thebjjlab.com	Y			https://thebjjlab.com	HAS_STORED	21 11th St E, Prince Albert SK			snippets/tjjm-gyms-data-38.liquid
SK	SK	Ascendant Martial Arts	Regina	https://ascendantmartialarts.ca	Y			https://ascendantmartialarts.ca	HAS_STORED	1171 Winnipeg St, Regina SK S4R 1J5			snippets/tjjm-gyms-data-38.liquid
SK	SK	Expedition Brazilian Jiu-Jitsu	Regina	https://expeditionbjj.ca	Y			https://expeditionbjj.ca	HAS_STORED	1535-B McAra St, Regina SK S4N 6H4			snippets/tjjm-gyms-data-38.liquid
SK	SK	Regina BJJ	Regina	https://reginabjj.com	Y			https://reginabjj.com	HAS_STORED				snippets/tjjm-gyms-data.liquid
SK	SK	Alliance Training Center	Saskatoon	https://alliancetrainingcenter.com	Y			https://alliancetrainingcenter.com	HAS_STORED	339 Edson St, Saskatoon SK S7J 4C8			snippets/tjjm-gyms-data-38.liquid
SK	SK	Saskatoon BJJ	Saskatoon	https://saskatoonbjj.com	Y			https://saskatoonbjj.com	HAS_STORED			Y	snippets/tjjm-gyms-data.liquid
SK	SK	Scheer's Martial Arts	Saskatoon	https://scheersmartialarts.com	Y			https://scheersmartialarts.com	HAS_STORED	15 Glazier Rd, Saskatoon SK S7K 3J8			snippets/tjjm-gyms-data-38.liquid
SK	SK	Valens Jiu Jitsu Academy Saskatoon	Saskatoon	https://valensjiujitsu.ca	Y			https://valensjiujitsu.ca	HAS_STORED	510 Lauriston St #20, Saskatoon SK S7K 0R5			snippets/tjjm-gyms-data-38.liquid
SK	SK	Swift Current BJJ	Swift Current	https://swiftcurrentbjj.com	Y			https://swiftcurrentbjj.com	HAS_STORED			Y	snippets/tjjm-gyms-data.liquid
SK	SK	Weyburn BJJ	Weyburn	https://weyburnbjj.com	Y			https://weyburnbjj.com	HAS_STORED			Y	snippets/tjjm-gyms-data.liquid
SK	SK	Weyburn MMA Club	Weyburn		Y				EMPTY_STORED|RENDERS_BLANK	46 13th St			snippets/tjjm-gyms-data-38.liquid
SK	SK	Yorkton BJJ	Yorkton	https://yorktonbjj.com	Y			https://yorktonbjj.com	HAS_STORED			Y	snippets/tjjm-gyms-data.liquid
SK	SK	Yorkton Martial Arts Training Center	Yorkton	https://ymatc.com	Y			https://ymatc.com	HAS_STORED	295 Broadway St W, Yorkton SK			snippets/tjjm-gyms-data-38.liquid
TN	TN	Maryville Jiu-Jitsu	Alcoa	https://www.maryvillejiujitsu.com	Y		websites-2		HAS_STORED+BLANKED|RENDERS_BLANK				snippets/tjjm-gyms-data.liquid
TN	TN	Athens Brazilian Jiu-Jitsu	Athens	https://athensbrazilianjiujitsu.com	Y			https://athensbrazilianjiujitsu.com	HAS_STORED			Y	snippets/tjjm-gyms-data.liquid
TN	TN	Athens Jiu Jitsu Tennessee	Athens	athensjiu-jitsu.com	Y			athensjiu-jitsu.com	HAS_STORED				snippets/tjjm-gyms-data-44.liquid
TN	TN	Renzo Gracie Nashville	Brentwood	https://renzogracienashville.com	Y			https://renzogracienashville.com	HAS_STORED				snippets/tjjm-gyms-data.liquid
TN	TN	Absolute Jiu-Jitsu Academy Bristol	Bristol	https://absolutejj.com	Y			https://absolutejj.com	HAS_STORED				snippets/tjjm-gyms-data.liquid
TN	TN	Armory Jiu-Jitsu Academy Chattanooga	Chattanooga	https://www.armoryjiujitsuacademy.com	Y		websites-2		HAS_STORED+BLANKED|RENDERS_BLANK				snippets/tjjm-gyms-data.liquid
TN	TN	Chattanooga BJJ	Chattanooga	https://chattanoogabjj.com	Y			https://chattanoogabjj.com	HAS_STORED			Y	snippets/tjjm-gyms-data.liquid
TN	TN	Chattanooga Jiu-Jitsu Academy	Chattanooga	chattanoogajiujitsu.com	Y			chattanoogajiujitsu.com	HAS_STORED	3901 Hixson Pike, Chattanooga, TN 37415			snippets/tjjm-gyms-data-44.liquid
TN	TN	Kioto Brazilian Jiu-Jitsu Chattanooga	Chattanooga	https://www.kiotobjjchattanooga.com	Y			https://www.kiotobjjchattanooga.com	HAS_STORED				snippets/tjjm-gyms-data.liquid
TN	TN	Clarksville BJJ	Clarksville	https://clarksvillebjj.com	Y			https://clarksvillebjj.com	HAS_STORED				snippets/tjjm-gyms-data.liquid
TN	TN	Kaze BJJ and Judo Institute	Clarksville	https://kazebjj.com	Y		websites-3		HAS_STORED+BLANKED|RENDERS_BLANK				snippets/tjjm-gyms-data.liquid
TN	TN	Leviathan Academy Brazilian Jiu-Jitsu	Cleveland	https://www.leviathanacademy.com	Y			https://www.leviathanacademy.com	HAS_STORED				snippets/tjjm-gyms-data.liquid
TN	TN	Border Martial Arts Academy	Collierville	colliervillemartialarts.com	Y			colliervillemartialarts.com	HAS_STORED				snippets/tjjm-gyms-data-44.liquid
TN	TN	Columbia BJJ Tennessee	Columbia	https://columbiabjjtn.com	Y		websites-2		HAS_STORED+BLANKED|RENDERS_BLANK				snippets/tjjm-gyms-data.liquid
TN	TN	Alpha Jiu-Jitsu Academy	Cookeville	https://www.alphajiujitsuacademy.com	Y			https://www.alphajiujitsuacademy.com	HAS_STORED				snippets/tjjm-gyms-data.liquid
TN	TN	Cookeville Jiu-Jitsu	Cookeville	https://www.cookevillejiujitsu.com	Y			https://www.cookevillejiujitsu.com	HAS_STORED				snippets/tjjm-gyms-data.liquid
TN	TN	Upper Cumberland MMA	Cookeville	https://www.uppercumberlandmma.com	Y			https://www.uppercumberlandmma.com	HAS_STORED			Y	snippets/tjjm-gyms-data.liquid
TN	TN	Crossville MMA	Crossville	https://www.crossvillemma.com	Y			https://www.crossvillemma.com	HAS_STORED				snippets/tjjm-gyms-data.liquid
TN	TN	Vigilance Martial Arts	Dickson	vigilancemartialarts.com	Y			vigilancemartialarts.com	HAS_STORED				snippets/tjjm-gyms-data-44.liquid
TN	TN	Renzo Gracie of Stewart County	Dover	renzogracieofstewartcounty.com	Y			renzogracieofstewartcounty.com	HAS_STORED				snippets/tjjm-gyms-data-44.liquid
TN	TN	Dogwood MMA	Dyersburg	dogwoodmma.com	Y			dogwoodmma.com	HAS_STORED				snippets/tjjm-gyms-data-44.liquid
TN	TN	Triangle Academy of Jiu-Jitsu	Franklin	trianglefranklin.com	Y			trianglefranklin.com	HAS_STORED	251 2nd Avenue South, Franklin, TN 37064			snippets/tjjm-gyms-data-44.liquid
TN	TN	Global Martial Arts USA	Gallatin	globalmartialartsusa.com	Y			globalmartialartsusa.com	HAS_STORED				snippets/tjjm-gyms-data-44.liquid
TN	TN	Greeneville Jiu-Jitsu	Greeneville	greenevillejiujitsu.com	Y			greenevillejiujitsu.com	HAS_STORED	201 West Summer Street, Greeneville, TN 37743			snippets/tjjm-gyms-data-44.liquid
TN	TN	Profectus Jiu-Jitsu Hendersonville	Hendersonville	https://profectusjiujitsu.com	Y		websites-2		HAS_STORED+BLANKED|RENDERS_BLANK				snippets/tjjm-gyms-data.liquid
TN	TN	Jackson BJJ Tennessee	Jackson	https://jacksonbjjtn.com	Y		websites-2		HAS_STORED+BLANKED|RENDERS_BLANK				snippets/tjjm-gyms-data.liquid
TN	TN	Olson's Martial Arts Academy	Johnson City	olsonsma.com	Y			olsonsma.com	HAS_STORED				snippets/tjjm-gyms-data-44.liquid
TN	TN	Team Oxendine Mixed Martial Arts	Johnson City	https://www.teamoxendine.com	Y			https://www.teamoxendine.com	HAS_STORED				snippets/tjjm-gyms-data.liquid
TN	TN	Tri-Cities BJJ	Johnson City	https://tricitiesbjj.com	Y		websites-2		HAS_STORED+BLANKED|RENDERS_BLANK				snippets/tjjm-gyms-data.liquid
TN	TN	Kingsport BJJ	Kingsport	https://kingsportbjj.com	Y			https://kingsportbjj.com	HAS_STORED				snippets/tjjm-gyms-data.liquid
TN	TN	Kingsport JiuJitsu	Kingsport	kingsportjiujitsu.com	Y			kingsportjiujitsu.com	HAS_STORED				snippets/tjjm-gyms-data-44.liquid
TN	TN	Gracie Barra Knoxville	Knoxville	https://www.samuelbragabjj.com	Y	https://www.jiujitsuknoxvilletn.com	websites-3	https://www.jiujitsuknoxvilletn.com	HAS_STORED+REPOINTED				snippets/tjjm-gyms-data.liquid
TN	TN	Knoxville BJJ	Knoxville	https://knoxvillebjj.com	Y			https://knoxvillebjj.com	HAS_STORED			Y	snippets/tjjm-gyms-data.liquid
TN	TN	Knoxville Martial Arts Academy	Knoxville	https://knoxmma.com	Y			https://knoxmma.com	HAS_STORED				snippets/tjjm-gyms-data.liquid
TN	TN	Lucas Lepri Brazilian Jiu-Jitsu Knoxville	Knoxville	https://lepribjjknoxville.com	Y			https://lepribjjknoxville.com	HAS_STORED		3325 Sutherland Ave		snippets/tjjm-gyms-data.liquid
TN	TN	Progressive Martial Arts Academy - Knoxville	Knoxville	pmaoakridge.com	Y			pmaoakridge.com	HAS_STORED				snippets/tjjm-gyms-data-44.liquid
TN	TN	Shield Systems Academy	Knoxville	https://shieldsystemsacademy.com	Y			https://shieldsystemsacademy.com	HAS_STORED				snippets/tjjm-gyms-data.liquid
TN	TN	Lebanon BJJ Tennessee	Lebanon	https://lebanonbjjtn.com	Y		websites-2		HAS_STORED+BLANKED|RENDERS_BLANK				snippets/tjjm-gyms-data.liquid
TN	TN	McMinnville Jiu-Jitsu Academy	McMinnville	mcminnvillejiujitsu.com	Y			mcminnvillejiujitsu.com	HAS_STORED				snippets/tjjm-gyms-data-44.liquid
TN	TN	Alliance TN	Memphis	https://www.facebook.com/AllianceTNBJJ	Y			https://www.facebook.com/AllianceTNBJJ	HAS_STORED				snippets/tjjm-gyms-data-44.liquid
TN	TN	Brazilian Jiu-Jitsu Centers of Memphis	Memphis	bjjmemphis.com	Y			bjjmemphis.com	HAS_STORED				snippets/tjjm-gyms-data-44.liquid
TN	TN	Memphis Judo & Jiu-Jitsu	Memphis	https://www.memphisbjj.com	Y			https://www.memphisbjj.com	HAS_STORED				snippets/tjjm-gyms-data.liquid
TN	TN	Victory Brazilian Jiu-Jitsu	Morristown	teamvictorybjj.com	Y			teamvictorybjj.com	HAS_STORED				snippets/tjjm-gyms-data-44.liquid
TN	TN	Murfreesboro BJJ	Murfreesboro	https://murfreesborobjj.com	Y			https://murfreesborobjj.com	HAS_STORED				snippets/tjjm-gyms-data.liquid
TN	TN	Tennessee BJJ Academy Murfreesboro	Murfreesboro	bestboromma.com	Y			bestboromma.com	HAS_STORED				snippets/tjjm-gyms-data-44.liquid
TN	TN	Alliance Jiu Jitsu Tennessee	Nashville	https://alliancejiujitsutennessee.com	Y		websites-2		HAS_STORED+BLANKED|RENDERS_BLANK			Y	snippets/tjjm-gyms-data.liquid
TN	TN	Liberdade Brazilian Jiu-Jitsu	Nashville	https://www.liberdadebjj.com	Y			https://www.liberdadebjj.com	HAS_STORED				snippets/tjjm-gyms-data.liquid
TN	TN	Nashville Mixed Martial Arts	Nashville	https://nashvillemma.com	Y			https://nashvillemma.com	HAS_STORED				snippets/tjjm-gyms-data.liquid
TN	TN	Progressive Martial Arts Academy	Oak Ridge	pmaoakridge.com	Y			pmaoakridge.com	HAS_STORED				snippets/tjjm-gyms-data-44.liquid
TN	TN	Paris Gracie Jiu Jitsu Academy	Paris	https://www.facebook.com/parisgraciejiujitsuacademy	Y			https://www.facebook.com/parisgraciejiujitsuacademy	HAS_STORED				snippets/tjjm-gyms-data-44.liquid
TN	TN	Fit Factory Fitness and Jiu Jitsu	Sevierville	fitfactoryonline.com	Y			fitfactoryonline.com	HAS_STORED				snippets/tjjm-gyms-data-44.liquid
TN	TN	Gracie Jiu-Jitsu Foothills	Seymour	https://www.graciefoothills.com	Y			https://www.graciefoothills.com	HAS_STORED				snippets/tjjm-gyms-data.liquid
TN	TN	Seymour Brazilian Jiu-Jitsu Academy	Seymour	seymourbjj.com	Y			seymourbjj.com	HAS_STORED	10341 Chapman Hwy #2, Seymour, TN 37865			snippets/tjjm-gyms-data-44.liquid
TN	TN	Shelbyville BJJ	Shelbyville	bjjshelbyville.com	Y			bjjshelbyville.com	HAS_STORED				snippets/tjjm-gyms-data-44.liquid
TN	TN	ADG Jiu-Jitsu	Smyrna	https://adgjiujitsu.com	Y			https://adgjiujitsu.com	HAS_STORED				snippets/tjjm-gyms-data.liquid
TN	TN	Tennessee Brazilian Jiu-Jitsu Academy	Spring Hill	https://www.tbjja.com	Y			https://www.tbjja.com	HAS_STORED				snippets/tjjm-gyms-data.liquid
TN	TN	Station 6 Fitness and Martial Arts	Tullahoma	station6fitness.com	Y			station6fitness.com	HAS_STORED				snippets/tjjm-gyms-data-44.liquid
TX	TX	Abilene BJJ	Abilene	https://abilenebjj.com	Y			https://abilenebjj.com	HAS_STORED			Y	snippets/tjjm-gyms-data.liquid
TX	TX	Revolutionary Fitness & MMA	Abilene	http://www.revfitmma.com/	Y		websites-2		HAS_STORED+BLANKED|RENDERS_BLANK	881 E Hwy 80			snippets/tjjm-gyms-data-7.liquid
TX	TX	Zombie Brazilian Jiu-Jitsu and MMA	Abilene	http://zombiebjj.com/	Y			http://zombiebjj.com/	HAS_STORED	650 S Leggett Dr #1			snippets/tjjm-gyms-data-7.liquid
TX	TX	Guy Mezger's Fs Martial Arts	Addison	http://www.guymezger.com/	Y			http://www.guymezger.com/	HAS_STORED	14839 Inwood Rd.			snippets/tjjm-gyms-data-7.liquid
TX	TX	Gracie Jiu-Jitsu Adkins	Adkins		N				NO_W_KEY|RENDERS_BLANK	281 Wood Valley Drive			snippets/tjjm-gyms-data-7.liquid
TX	TX	Checkmat BJJ Allen - Texas	Allen		N				NO_W_KEY|RENDERS_BLANK	109 N Greenville Ave STE A			snippets/tjjm-gyms-data-7.liquid
TX	TX	John Machado Brazilian Jiu-Jitsu	Allen	https://johnmachadobjj.com/	Y			https://johnmachadobjj.com/	HAS_STORED	111 Central Expy S #116			snippets/tjjm-gyms-data-7.liquid
TX	TX	Legacy Brazilian Jiu Jitsu	Allen	https://www.legacy-bjj.com/	Y			https://www.legacy-bjj.com/	HAS_STORED	190 E Stacy Rd #1605			snippets/tjjm-gyms-data-7.liquid
TX	TX	Soul Fighters Martial Arts Training Center - Allen	Allen	https://soulfightersallen.com/	Y			https://soulfightersallen.com/	HAS_STORED	1223 W. McDermott Dr. #100			snippets/tjjm-gyms-data-7.liquid
TX	TX	Still Waters Brazilian Jiu Jitsu	Alvin	http://stillwatersbjj.com	Y			http://stillwatersbjj.com	HAS_STORED	1101 E HWY 6 ste D			snippets/tjjm-gyms-data-7.liquid
TX	TX	Submission Boxing Academy	Alvin		N				NO_W_KEY|RENDERS_BLANK	2201 Hwy 31			snippets/tjjm-gyms-data-7.liquid
TX	TX	Amarillo BJJ	Amarillo	https://amarillobjj.com	Y			https://amarillobjj.com	HAS_STORED			Y	snippets/tjjm-gyms-data.liquid
TX	TX	Guetho Texas BJJ	Amarillo	http://amarillobjj.com/	Y			http://amarillobjj.com/	HAS_STORED	8910 SW 34th Ave Suite 500			snippets/tjjm-gyms-data-7.liquid
TX	TX	Aloisio Silva Brazilian Jiu-Jitsu Academy	Arlington	https://www.aloisiosilvabjj.com/	Y			https://www.aloisiosilvabjj.com/	HAS_STORED				snippets/tjjm-gyms-data.liquid
TX	TX	Alvarez Brazilian Jiu-Jitsu Arlington	Arlington	https://alvarezbjj.com/	Y			https://alvarezbjj.com/	HAS_STORED				snippets/tjjm-gyms-data.liquid
TX	TX	Arlington MMA	Arlington	https://arlingtonmma.com/	Y			https://arlingtonmma.com/	HAS_STORED				snippets/tjjm-gyms-data.liquid
TX	TX	Bushido Martial Arts Academy	Arlington	https://bushidomartialarts.net/	Y			https://bushidomartialarts.net/	HAS_STORED	1304 W Arkansas Ln			snippets/tjjm-gyms-data-7.liquid
TX	TX	Independent Brazilian Jiu Jitsu, Arlington	Arlington		N				NO_W_KEY|RENDERS_BLANK	7201 S Cooper St #111			snippets/tjjm-gyms-data-7.liquid
TX	TX	Team One Mixed Martial Arts	Arlington	http://teamonept.wix.com/personaltrainig	Y			http://teamonept.wix.com/personaltrainig	HAS_STORED	955 N Cooper St			snippets/tjjm-gyms-data-7.liquid
TX	TX	Texas Self Defense Academy	Arlington	http://www.martialartsarlingtontx.com/	Y			http://www.martialartsarlingtontx.com/	HAS_STORED	524 Fielder N Plaza			snippets/tjjm-gyms-data-7.liquid
TX	TX	Austin Fitness Martial Arts	Austin	https://www.afmatx.com/	Y		websites-2		HAS_STORED+BLANKED|RENDERS_BLANK				snippets/tjjm-gyms-data.liquid
TX	TX	Austin Fitness Martial Arts - Now is THE VOID MArtial Arts	Austin	http://www.austinfitnessmartialarts.com	Y		websites-2		HAS_STORED+BLANKED|RENDERS_BLANK	4327 S 1st St #104d			snippets/tjjm-gyms-data-7.liquid
TX	TX	Austin Jiu-Jitsu	Austin	http://austinjiujitsu.com/ajj/	Y			http://austinjiujitsu.com/ajj/	HAS_STORED	301 Inwood Rd.			snippets/tjjm-gyms-data-7.liquid
TX	TX	Austin Martial Arts Academy	Austin	http://www.austinmartialarts.com/	Y			http://www.austinmartialarts.com/	HAS_STORED	5000 Bee Cave Road; Suite 210			snippets/tjjm-gyms-data-7.liquid
TX	TX	Austin Mixed Martial Arts	Austin	https://www.austinmixedmartialarts.com/	Y		websites-2		HAS_STORED+BLANKED|RENDERS_BLANK				snippets/tjjm-gyms-data.liquid
TX	TX	Brazilian Fight Factory	Austin	http://www.brazilianfightfactory.com/	Y		websites-2		HAS_STORED+BLANKED|RENDERS_BLANK	9607 Research Blvd #675			snippets/tjjm-gyms-data-7.liquid
TX	TX	Claunch Academy of Brazilian Jiu-Jitsu	Austin	http://www.claunchacademyofbjj.com/	Y			http://www.claunchacademyofbjj.com/	HAS_STORED	12112 Ranch Rd 620 N			snippets/tjjm-gyms-data-7.liquid
TX	TX	Fight Factory Austin	Austin	https://fightfactoryaustin.com/	Y		websites-2		HAS_STORED+BLANKED|RENDERS_BLANK		9607 Research Blvd Ste 675		snippets/tjjm-gyms-data.liquid
TX	TX	GB Dripping Springs	Austin		N				NO_W_KEY|RENDERS_BLANK	14121 U.S. 290Building #10			snippets/tjjm-gyms-data-7.liquid
TX	TX	GB Westlake	Austin		N				NO_W_KEY|RENDERS_BLANK	8947 Bee Caves RoadLower Level 102			snippets/tjjm-gyms-data-7.liquid
TX	TX	Gracie Barra North Austin	Austin	https://www.gbnorthaustin.com	Y			https://www.gbnorthaustin.com	HAS_STORED	8868 Research Blvd #608			snippets/tjjm-gyms-data-12.liquid
TX	TX	John's Gym Mixed Martial Arts & Fitness	Austin	https://www.johnsgym.com/	Y			https://www.johnsgym.com/	HAS_STORED		11416 FM 620 N Ste A		snippets/tjjm-gyms-data.liquid
TX	TX	Kingsway Jiu-Jitsu	Austin	https://kingswayjiujitsu.com	Y			https://kingswayjiujitsu.com	HAS_STORED		13776 N Highway 183 Unit 122		snippets/tjjm-gyms-data.liquid
TX	TX	Mario Esfiha Brazilian Jiu Jitsu Austin - Brasa Team	Austin	http://www.mebjj.com/	Y			http://www.mebjj.com/	HAS_STORED	1921 Cedar Bend Dr APT 146			snippets/tjjm-gyms-data-7.liquid
TX	TX	Onnit Gym MMA	Austin	http://www.onnitgymmma.com/	Y			http://www.onnitgymmma.com/	HAS_STORED	4509 Freidrich Ln #210			snippets/tjjm-gyms-data-12.liquid
TX	TX	Paragon Jiu-Jitsu Academy - Austin	Austin	http://www.paragonaustin.com/	Y			http://www.paragonaustin.com/	HAS_STORED	6800 West Gate Blvd APT 116			snippets/tjjm-gyms-data-7.liquid
TX	TX	Six Blades Austin	Austin	https://www.sixblades.com/	Y			https://www.sixblades.com/	HAS_STORED		13642 N Highway 183 Ste 300		snippets/tjjm-gyms-data.liquid
TX	TX	Supreme Academy ATX	Austin	https://supremeacademyatx.com	Y			https://supremeacademyatx.com	HAS_STORED				snippets/tjjm-gyms-data.liquid
TX	TX	Veterans Jiu-Jitsu	Austin	http://www.veteransjiujitsu.com/	Y			http://www.veteransjiujitsu.com/	HAS_STORED	500 VFW Rd			snippets/tjjm-gyms-data-7.liquid
TX	TX	TMAC Tipton Martial Arts Club	Azle	https://tonytiptontraining.wixsite.com/website	Y			https://tonytiptontraining.wixsite.com/website	HAS_STORED	1169 Southeast Pkwy			snippets/tjjm-gyms-data-7.liquid
TX	TX	Insight BJJ	Bastrop	http://www.insightbjj.com/	Y			http://www.insightbjj.com/	HAS_STORED	201 Hunters Crossing Blvd #1			snippets/tjjm-gyms-data-7.liquid
TX	TX	Insight BJJ Bastrop – Team Renzo Gracie	Bastrop	http://www.insightbjj.com/	Y			http://www.insightbjj.com/	HAS_STORED	696 Hwy 71 W, Suite 3A, Bastrop, TX 78602			snippets/tjjm-gyms-data-7.liquid
TX	TX	Elite MMA Baytown	Baytown	http://www.elite-mma.com	Y			http://www.elite-mma.com	HAS_STORED	6934 Garth Rd			snippets/tjjm-gyms-data-7.liquid
TX	TX	10th Planet Jiu Jitsu Beaumont	Beaumont	https://www.10thplanetbeaumontjiujitsumma.com/	Y			https://www.10thplanetbeaumontjiujitsumma.com/	HAS_STORED	5925 Caswell Rd			snippets/tjjm-gyms-data-7.liquid
TX	TX	Beaumont BJJ	Beaumont	https://beaumontbjj.com	Y			https://beaumontbjj.com	HAS_STORED			Y	snippets/tjjm-gyms-data.liquid
TX	TX	TPC Brazilian Jiu-Jitsu & MMA	Beaumont	http://tpcjiujitsu.com/	Y			http://tpcjiujitsu.com/	HAS_STORED	6376 Phelan Blvd			snippets/tjjm-gyms-data-7.liquid
TX	TX	Carlos Machado Jiu-Jitsu Mid Cities	Bedford	https://carlosmachadojiujitsumidcities.com/Home/Offer/	Y		websites-2		HAS_STORED+BLANKED|RENDERS_BLANK	2843 Central Dr			snippets/tjjm-gyms-data-7.liquid
TX	TX	DFW Personal Training and Self Defense	Bedford	http://www.dfwkickboxing.com/	Y			http://www.dfwkickboxing.com/	HAS_STORED	1820 Reliance Pkwy #100			snippets/tjjm-gyms-data-7.liquid
TX	TX	Ironside Martial Arts	Bedford	http://www.ironsidemartialarts.com/	Y		websites-2		HAS_STORED+BLANKED|RENDERS_BLANK	1805 Airport Fwy			snippets/tjjm-gyms-data-7.liquid
TX	TX	MACBJJ (Marcos Cerqueira BJJ/Brazil-021 Houston)	Bellaire	http://www.brazil021houston.com	Y			http://www.brazil021houston.com	HAS_STORED	5410 Bellaire Blvd Ste 210			snippets/tjjm-gyms-data-7.liquid
TX	TX	Pablo Silva Brazilian Jiu Jitsu HQ	Bellaire	http://www.pablosilvabjj.com/	Y			http://www.pablosilvabjj.com/	HAS_STORED	5233 Bellaire Blvd			snippets/tjjm-gyms-data-7.liquid
TX	TX	Grapplers Lair	Belton	http://grapplerslair.com/	Y			http://grapplerslair.com/	HAS_STORED	1402 Waco Rd			snippets/tjjm-gyms-data-7.liquid
TX	TX	Virtue Brazilian Jiu Jitsu	Belton	https://virtuebjjtx.com	Y			https://virtuebjjtx.com	HAS_STORED	12017 FM 2305			snippets/tjjm-gyms-data-7.liquid
TX	TX	Warlord MMA	Big Spring		N				NO_W_KEY|RENDERS_BLANK	602 S Main St #4524			snippets/tjjm-gyms-data-7.liquid
TX	TX	GB Boerne	Boerne	https://graciebarra.com/boerne-tx/	Y			https://graciebarra.com/boerne-tx/	HAS_STORED	30875 'A' IH-1o West Suite B			snippets/tjjm-gyms-data-7.liquid
TX	TX	Grind House Training Facility	Boerne	http://www.grindhousetraining.com/	Y		websites-2		HAS_STORED+BLANKED|RENDERS_BLANK	645 S School St Suite 301			snippets/tjjm-gyms-data-7.liquid
TX	TX	Gracie Barra Brownsville	Brownsville	http://gbbrownsville.com/	Y			http://gbbrownsville.com/	HAS_STORED	3230 Pablo Kisel Blvd #104			snippets/tjjm-gyms-data-7.liquid
TX	TX	Gracie Barra Buda	Buda	https://gbbuda.com/	Y			https://gbbuda.com/	HAS_STORED	2610 Main Street			snippets/tjjm-gyms-data-7.liquid
TX	TX	Gustavo Machdo Brazilian Jiu-Jitsu - Texas (GMBJJTX)	Bulverde	https://www.gmbjjtx.com	Y			https://www.gmbjjtx.com	HAS_STORED	721 Bulverde Rd; Suite 101			snippets/tjjm-gyms-data-7.liquid
TX	TX	Inochi Mixed Martial Arts Academy - Paul Haben	Bulverde	http://www.inochimma.com/	Y			http://www.inochimma.com/	HAS_STORED	4800 US-281			snippets/tjjm-gyms-data-7.liquid
TX	TX	GB Burleson	Burleson	https://www.gbburleson.com	Y		websites-2		HAS_STORED+BLANKED|RENDERS_BLANK	201-C Northeast Wilshire Boulevard			snippets/tjjm-gyms-data-7.liquid
TX	TX	10th Planet North Dallas	Carrollton	https://10thplanetjjdallas.com	Y			https://10thplanetjjdallas.com	HAS_STORED	1602 S Interstate 35E, Suite 105			snippets/tjjm-gyms-data-7.liquid
TX	TX	Carlos Machado Jiu-Jitsu	Carrollton	https://member-site.net/VIP/default.aspx	Y			https://member-site.net/VIP/default.aspx	HAS_STORED	2201 Midway Rd #312			snippets/tjjm-gyms-data-7.liquid
TX	TX	Carlos Machado Jiu-Jitsu Carrollton	Carrollton	https://www.carlosmachado.net	Y			https://www.carlosmachado.net	HAS_STORED				snippets/tjjm-gyms-data.liquid
TX	TX	Gameness Sports	Carrollton	http://www.gameness.com/	Y			http://www.gameness.com/	HAS_STORED	1545 Capital Dr #103			snippets/tjjm-gyms-data-7.liquid
TX	TX	Gracie Barra Carrollton	Carrollton	https://www.gbcarrollton.com	Y		websites-2		HAS_STORED+BLANKED|RENDERS_BLANK	2812 TRINITY SQUARE DR Ste 106			snippets/tjjm-gyms-data-7.liquid
TX	TX	Hicks MMA	Carrollton	http://www.hicksmma.com/	Y			http://www.hicksmma.com/	HAS_STORED	1400 W Hebron Pkwy			snippets/tjjm-gyms-data-7.liquid
TX	TX	Star Jiu Jitsu	Carrollton	http://starbjj.com/	Y			http://starbjj.com/	HAS_STORED	3030 N Josey Ln #133			snippets/tjjm-gyms-data-7.liquid
TX	TX	Trainers Elite	Carrollton	http://www.trainerselite.net/	Y		websites-2		HAS_STORED+BLANKED|RENDERS_BLANK	2659 Belt Line Rd			snippets/tjjm-gyms-data-7.liquid
TX	TX	GB Cedar Hill	Cedar Hill	https://www.gbcedarhill.com	Y			https://www.gbcedarhill.com	HAS_STORED	329 North Highway 67			snippets/tjjm-gyms-data-7.liquid
TX	TX	Magness Brazilian Jiu-Jitsu Martial Arts Academy	Cedar Hill	https://magnessbjj.com/free-trial/	Y			https://magnessbjj.com/free-trial/	HAS_STORED	621 Jealouse Way #101			snippets/tjjm-gyms-data-7.liquid
TX	TX	GKX Martial Arts	Cedar Park	http://www.gkxtreme.com/	Y		websites-2		HAS_STORED+BLANKED|RENDERS_BLANK	700 N Vista Ridge Blvd #102			snippets/tjjm-gyms-data-7.liquid
TX	TX	Gracie Barra Cedar Park	Cedar Park	http://www.gbcedarpark.com/	Y			http://www.gbcedarpark.com/	HAS_STORED	500 Cypress Creek Road #120			snippets/tjjm-gyms-data-7.liquid
TX	TX	Nunan's Martial Arts	Cedar Park	http://nunansmartialarts.com/	Y			http://nunansmartialarts.com/	HAS_STORED	2100 Cypress Creek Road #500			snippets/tjjm-gyms-data-7.liquid
TX	TX	The Mat Martial Arts & Fitness	Cedar Park	http://themataustin.com/	Y			http://themataustin.com/	HAS_STORED	12617 Ridgeline Blvd			snippets/tjjm-gyms-data-7.liquid
TX	TX	Brazos Valley Mixed Martial Arts	College Station	http://www.bvmma.com	Y			http://www.bvmma.com	HAS_STORED	1500 Harvey Road; Suite 2002			snippets/tjjm-gyms-data-7.liquid
TX	TX	GB College Station	College Station	https://gbcollegestation.com	Y			https://gbcollegestation.com	HAS_STORED	1702 George Bush Drive East			snippets/tjjm-gyms-data-7.liquid
TX	TX	JJ Machado DFW	Colleyville	http://jjmachadodfw.com/	Y			http://jjmachadodfw.com/	HAS_STORED	6100 Colleyville Blvd Suite #100			snippets/tjjm-gyms-data-7.liquid
TX	TX	Ares BRAZILIAN JIU-JITSU	Conroe	http://www.aresbjj.com/	Y			http://www.aresbjj.com/	HAS_STORED	1510 E Dallas St			snippets/tjjm-gyms-data-7.liquid
TX	TX	Carlson Gracie Houston	Conroe	https://carlsongracieteamhouston.com	Y			https://carlsongracieteamhouston.com	HAS_STORED	1647 N Frazier Rd st 5			snippets/tjjm-gyms-data-7.liquid
TX	TX	Endure Cross- Training	Conroe	https://www.facebook.com/pages/category/Martial-Arts-School/Endure-Cross-Training-102074864972461/	Y			https://www.facebook.com/pages/category/Martial-Arts-School/Endure-Cross-Training-102074864972461/	HAS_STORED	1647 N. Frazier suite 5 Conroe Tx 77301			snippets/tjjm-gyms-data-7.liquid
TX	TX	EnergyFIT Mixed Martial Arts & Fitness	Conroe	http://energyfitacademy.com/	Y		websites-2		HAS_STORED+BLANKED|RENDERS_BLANK	2330 Farm to Market Rd 1488 #700			snippets/tjjm-gyms-data-7.liquid
TX	TX	Gracie Humaita Conroe	Conroe	https://www.gymconroe.com/	Y		websites-2		HAS_STORED+BLANKED|RENDERS_BLANK	2064 N Farm to Market 3083 Rd W C			snippets/tjjm-gyms-data-7.liquid
TX	TX	Infinitum Jiu Jitsu Academy - PSBJJ Lake Conroe	Conroe	https://infinitumjiujitsuconroe.com/contact	Y			https://infinitumjiujitsuconroe.com/contact	HAS_STORED	2064 N Farm to Market 3083 Rd W C			snippets/tjjm-gyms-data-7.liquid
TX	TX	Absolute Self Defense Academy	Copperas Cove	https://absolute-self-defense-academy-school.business.site	Y			https://absolute-self-defense-academy-school.business.site	HAS_STORED	2308 E. US 190			snippets/tjjm-gyms-data-7.liquid
TX	TX	Jiu Jitsu Tech Mix martial arts and fitness	Corinth	https://jiujitsutechofcorinth.com	Y		websites-2		HAS_STORED+BLANKED|RENDERS_BLANK	7650 I-35 E South suite 134			snippets/tjjm-gyms-data-7.liquid
TX	TX	Risen Jiu-Jitsu and Fitness	Corinth	http://www.risenbjj.com/	Y			http://www.risenbjj.com/	HAS_STORED	1402 N Corinth St Suite 109			snippets/tjjm-gyms-data-7.liquid
TX	TX	American Revolution Muay Thai & Submission Center	Corpus Christi	https://www.americanrevolutionmma.com/	Y			https://www.americanrevolutionmma.com/	HAS_STORED				snippets/tjjm-gyms-data.liquid
TX	TX	Full Contact Fight Academy	Corpus Christi	http://www.fullcontactfightacademy.com/	Y			http://www.fullcontactfightacademy.com/	HAS_STORED	6330 Saratoga Blvd			snippets/tjjm-gyms-data-7.liquid
TX	TX	Gracie Allegiance Jiu Jitsu/ APrx Fitness	Corpus Christi	https://gracieallegiancetexas.zenplanner.com/zenplanner/portal/scheduler.cfm	Y			https://gracieallegiancetexas.zenplanner.com/zenplanner/portal/scheduler.cfm	HAS_STORED	Country Village Shopping Center Behind Andy's Kitchen 5822 S Staples St			snippets/tjjm-gyms-data-7.liquid
TX	TX	Gracie Barra Brazilian Jiu Jitsu	Corpus Christi	http://www.graciebarracorpuschristi.com/	Y			http://www.graciebarracorpuschristi.com/	HAS_STORED	6102 Ayers St #108			snippets/tjjm-gyms-data-7.liquid
TX	TX	Hardstyle KBJJ	Corpus Christi	http://www.hardstylekettlebell.com/	Y			http://www.hardstylekettlebell.com/	HAS_STORED	5702 S Staples St			snippets/tjjm-gyms-data-7.liquid
TX	TX	Lumampao Martial Arts	Corpus Christi	http://www.lumampaomartialarts.com/	Y			http://www.lumampaomartialarts.com/	HAS_STORED	6901 S Padre Island Dr #107			snippets/tjjm-gyms-data-7.liquid
TX	TX	Presa Brazillian Jiu-Jitsu	Corpus Christi	http://www.presabjj.com/	Y			http://www.presabjj.com/	HAS_STORED	6313 Wooldridge Rd #8			snippets/tjjm-gyms-data-7.liquid
TX	TX	Renzo Gracie	Corpus Christi	http://www.renzogracietx.com/	Y		websites-2		HAS_STORED+BLANKED|RENDERS_BLANK	6314 Yorktown Blvd			snippets/tjjm-gyms-data-7.liquid
TX	TX	South texas fight academy	Corpus Christi		N				NO_W_KEY|RENDERS_BLANK	3237 S Padre Island Dr			snippets/tjjm-gyms-data-7.liquid
TX	TX	Xtreme MMA	Corpus Christi	http://www.xtrememmabjj.com/	Y		websites-2		HAS_STORED+BLANKED|RENDERS_BLANK	5801 Patton Suite106			snippets/tjjm-gyms-data-7.liquid
TX	TX	GB Cypress	Cypress	https://www.gb-cypress.com	Y			https://www.gb-cypress.com	HAS_STORED	15103 Mason Road			snippets/tjjm-gyms-data-7.liquid
TX	TX	Team Tooke Mixed Martial Arts Cypress	Cypress	http://www.teamtooke-cypress.com	Y			http://www.teamtooke-cypress.com	HAS_STORED	16718 House Hahl Rd Ste L			snippets/tjjm-gyms-data-7.liquid
TX	TX	144 Academy Jiu Jitsu/Self-Defense/Fitness	Dallas		N				NO_W_KEY|RENDERS_BLANK	1925 E Levee St			snippets/tjjm-gyms-data-7.liquid
TX	TX	5 Elements Studio- Jiu-Jitsu & Fitness	Dallas	https://5elementsstudio.com/	Y			https://5elementsstudio.com/	HAS_STORED	2613 N Carroll Ave			snippets/tjjm-gyms-data-7.liquid
TX	TX	Abdias Brazilian Jiu-Jitsu	Dallas	https://www.bushidostrength.com	Y			https://www.bushidostrength.com	HAS_STORED				snippets/tjjm-gyms-data.liquid
TX	TX	Alex Martins Brazilian Jiu Jitsu	Dallas	https://alexmartinsbrazilianjiujitsu.com	Y			https://alexmartinsbrazilianjiujitsu.com	HAS_STORED				snippets/tjjm-gyms-data.liquid
TX	TX	Alliance Jiu Jitsu Dallas	Dallas	https://alliancejiujitsudallas.com	Y			https://alliancejiujitsudallas.com	HAS_STORED		1901 Royal Ln Ste 109		snippets/tjjm-gyms-data.liquid
TX	TX	Carlos Machado Jiu Jitsu Dallas	Dallas	https://www.marciosantosjiujitsu.com	Y			https://www.marciosantosjiujitsu.com	HAS_STORED		10675 E Northwest Hwy Ste 2400		snippets/tjjm-gyms-data.liquid
TX	TX	Dallas Jiu-Jitsu	Dallas	http://www.dallasjiujitsu.com/	Y			http://www.dallasjiujitsu.com/	HAS_STORED	10310 Plano Rd. # E			snippets/tjjm-gyms-data-7.liquid
TX	TX	GracieOne Academy	Dallas	https://www.gracieone.com	Y			https://www.gracieone.com	HAS_STORED	11661 Preston Rd			snippets/tjjm-gyms-data-7.liquid
TX	TX	Marcelo Garcia Jiu-Jitsu of Dallas	Dallas	https://www.marcelogarciadallas.com	Y			https://www.marcelogarciadallas.com	HAS_STORED		5706 E Mockingbird Ln Ste 230		snippets/tjjm-gyms-data.liquid
TX	TX	Peak Performance Decatur Brazilian Jiu-Jitsu	Decatur	https://www.peakdecatur.com/	Y			https://www.peakdecatur.com/	HAS_STORED	3882 US-287 #5			snippets/tjjm-gyms-data-7.liquid
TX	TX	Atos Jiu-Jitsu Houston	Deer Park	http://www.atoshoustonbjj.com	Y		websites-2		HAS_STORED+BLANKED|RENDERS_BLANK	2826 Center St			snippets/tjjm-gyms-data-7.liquid
TX	TX	CEV Athletics	Deer Park	http://cevathletics.com	Y			http://cevathletics.com	HAS_STORED	106 E San Augustine St			snippets/tjjm-gyms-data-7.liquid
TX	TX	Virtues Jiu-Jitsu Self Defense	Deer Park	http://virtuesjiu-jitsu.com	Y			http://virtuesjiu-jitsu.com	HAS_STORED	4922 Luella Ave			snippets/tjjm-gyms-data-7.liquid
TX	TX	Denton BJJ	Denton	https://dentonbjj.com	Y			https://dentonbjj.com	HAS_STORED			Y	snippets/tjjm-gyms-data.liquid
TX	TX	Texas Elite MMA	Denton	http://www.teamgibson.net/	Y		websites-2		HAS_STORED+BLANKED|RENDERS_BLANK	5800 N I-35 E Ste 401			snippets/tjjm-gyms-data-7.liquid
TX	TX	Furia Training Center MMA & BJJ	Dickinson	http://www.furiatrainingcenter.com	Y			http://www.furiatrainingcenter.com	HAS_STORED	1314 Farm To Market Road 646 E Ste 19			snippets/tjjm-gyms-data-7.liquid
TX	TX	JJ Machado Austin Jiujitsu	Dripping Springs	http://www.jjmachadoaustin.com/	Y			http://www.jjmachadoaustin.com/	HAS_STORED	4955 Bell Springs Rd			snippets/tjjm-gyms-data-7.liquid
TX	TX	Amazonas MMA & Fitness Academy	Edinburg	https://amazonasmma.com/	Y		websites-2		HAS_STORED+BLANKED|RENDERS_BLANK				snippets/tjjm-gyms-data.liquid
TX	TX	Brazilian Jiu Jitsu and Sambo - Koulikov Grappling Academy	Edinburg	http://www.sambofusion.com/	Y			http://www.sambofusion.com/	HAS_STORED	2001 W Trenton Rd Suite 104-105			snippets/tjjm-gyms-data-7.liquid
TX	TX	SOTX BJJ (South Texas Brazilian Jiu Jitsu)	Edinburg	https://www.sotxbjj.com	Y			https://www.sotxbjj.com	HAS_STORED	2030 @ Universiry Dr			snippets/tjjm-gyms-data-7.liquid
TX	TX	10th Planet El Paso	El Paso	https://10thplanetelpaso.com/contact/	Y			https://10thplanetelpaso.com/contact/	HAS_STORED	1491 N Lee Treviño Dr Ste. J			snippets/tjjm-gyms-data-7.liquid
TX	TX	Bushido MMA and BJJ Academy	El Paso	http://bushidommateam.com/	Y			http://bushidommateam.com/	HAS_STORED	11501 Rojas Dr B			snippets/tjjm-gyms-data-7.liquid
TX	TX	El Paso BJJ	El Paso	https://elpasobj.com	Y			https://elpasobj.com	HAS_STORED			Y	snippets/tjjm-gyms-data.liquid
TX	TX	El Paso Jiujitsu / Jiu-Jitsu El Paso TX 79936	El Paso	http://www.elpjiujitsu.com/	Y		websites-2		HAS_STORED+BLANKED|RENDERS_BLANK	11385 JAMES WATT B-7 EL PASO, TX 79936			snippets/tjjm-gyms-data-7.liquid
TX	TX	GB East El Paso	El Paso	https://graciebarra.com/east-el-paso-tx/	Y			https://graciebarra.com/east-el-paso-tx/	HAS_STORED	12025 Rojas DriveSuite H			snippets/tjjm-gyms-data-7.liquid
TX	TX	GB El Paso	El Paso	https://graciebarra.com/el-paso-tx/	Y			https://graciebarra.com/el-paso-tx/	HAS_STORED	125 Graphite DriveSuite H			snippets/tjjm-gyms-data-7.liquid
TX	TX	Roots Jiu Jitsu Club	El Paso	https://roots-jiujitsuclub.com	Y			https://roots-jiujitsuclub.com	HAS_STORED	1568 Joe Battle BLVD 102			snippets/tjjm-gyms-data-7.liquid
TX	TX	Warriors Lair MMA	El Paso		N				NO_W_KEY|RENDERS_BLANK	8500 Dyer Street, Suite 20			snippets/tjjm-gyms-data-7.liquid
TX	TX	FXMMA - Brazilian Jiu-Jitsu - Wrestling - Boxing	Euless	http://www.fxmma.com/	Y			http://www.fxmma.com/	HAS_STORED	1430 Westpark Way Suite C			snippets/tjjm-gyms-data-7.liquid
TX	TX	Sloth BJJ	Euless	http://slothbjjtx.com/	Y			http://slothbjjtx.com/	HAS_STORED	501 N Main St #121			snippets/tjjm-gyms-data-7.liquid
TX	TX	North Texas Mixed Martial Arts	Flower Mound	http://ntmma.com/	Y			http://ntmma.com/	HAS_STORED	6050 Long Prairie Rd;Suite 800D			snippets/tjjm-gyms-data-7.liquid
TX	TX	WolfPack MMA Forney	Forney	https://www.mindbodyonline.com/explore/locations/wolfpack-mma-forney-tx	Y			https://www.mindbodyonline.com/explore/locations/wolfpack-mma-forney-tx	HAS_STORED	107 N Profit Row			snippets/tjjm-gyms-data-7.liquid
TX	TX	Evolve BJJ	Fort Worth	https://www.evolvebjj.com/	Y		websites-2		HAS_STORED+BLANKED|RENDERS_BLANK				snippets/tjjm-gyms-data.liquid
TX	TX	Fitness Fight Factory Haslet	Fort Worth	https://fitnessfightfactoryhaslet.com/	Y			https://fitnessfightfactoryhaslet.com/	HAS_STORED	12515 N Saginaw Blvd Suite 103			snippets/tjjm-gyms-data-7.liquid
TX	TX	Frequency BJJ & Fitness	Fort Worth	http://www.frequencyjiujitsu.com/	Y			http://www.frequencyjiujitsu.com/	HAS_STORED	2603 8th Ave B			snippets/tjjm-gyms-data-7.liquid
TX	TX	Marcos Santos Academy	Fort Worth	http://fwbjj.com/	Y			http://fwbjj.com/	HAS_STORED	2537 Weisenberger St			snippets/tjjm-gyms-data-7.liquid
TX	TX	Powerhouse MMA Academy	Fort Worth		N				NO_W_KEY|RENDERS_BLANK	3001 Shamrock Ave			snippets/tjjm-gyms-data-7.liquid
TX	TX	Silverback Brazilian Jiu Jitsu	Fort Worth	https://www.silverbackbjjfw.com/	Y			https://www.silverbackbjjfw.com/	HAS_STORED	5769 Westcreek Dr			snippets/tjjm-gyms-data-7.liquid
TX	TX	Six Blades Jiu-Jitsu Fort Worth	Fort Worth	https://jiujitsufortworth.com	Y			https://jiujitsufortworth.com	HAS_STORED				snippets/tjjm-gyms-data.liquid
TX	TX	TX Black Belt Academy Ft Worth	Fort Worth	http://www.txbba-fortworth.com/	Y		websites-2		HAS_STORED+BLANKED|RENDERS_BLANK	6136 Bryant Irvin Rd			snippets/tjjm-gyms-data-7.liquid
TX	TX	Travis Lutter MMA	Fort Worth	https://www.travislutter.com/	Y			https://www.travislutter.com/	HAS_STORED				snippets/tjjm-gyms-data.liquid
TX	TX	War Room MMA, Kickboxing, and Fitness	Fort Worth	https://war-room-mma-kickboxing-and-fitness.business.site/	Y			https://war-room-mma-kickboxing-and-fitness.business.site/	HAS_STORED	5501 Thelin St			snippets/tjjm-gyms-data-7.liquid
TX	TX	Zombie Krew Jiu Jitsu	Fort Worth	https://www.instagram.com/p/C23I2Cop7ye/	Y			https://www.instagram.com/p/C23I2Cop7ye/	HAS_STORED	2720 Western Center Blvd Suite #300			snippets/tjjm-gyms-data-7.liquid
TX	TX	GB Sienna	Fresno		N				NO_W_KEY|RENDERS_BLANK	12131 Highway 6			snippets/tjjm-gyms-data-12.liquid
TX	TX	PRESS Forward MMA & Fitness	Friendswood	http://www.pressforwardmma.com/	Y			http://www.pressforwardmma.com/	HAS_STORED	17130 Townes Rd Ste B			snippets/tjjm-gyms-data-7.liquid
TX	TX	CJJF West Frisco	Frisco	http://www.cjjftx.com/	Y			http://www.cjjftx.com/	HAS_STORED	207 King Rd #204			snippets/tjjm-gyms-data-7.liquid
TX	TX	Campuzano Martial Arts	Frisco	http://www.campuzanomartialarts.com/	Y			http://www.campuzanomartialarts.com/	HAS_STORED	2626 Stonebrook Pkwy Suite 600			snippets/tjjm-gyms-data-7.liquid
TX	TX	Gracie Barra Frisco	Frisco	https://gbfriscotexas.com	Y			https://gbfriscotexas.com	HAS_STORED				snippets/tjjm-gyms-data.liquid
TX	TX	Neutral Grounds	Frisco	https://www.bjjtexas.com	Y			https://www.bjjtexas.com	HAS_STORED	207 King Rd Suite 205			snippets/tjjm-gyms-data-7.liquid
TX	TX	Rockstar Martial Arts and Fitness	Frisco	http://www.rockstarmartialarts.com/	Y			http://www.rockstarmartialarts.com/	HAS_STORED	5444 FM423 #500			snippets/tjjm-gyms-data-7.liquid
TX	TX	GB Fulshear	Fulshear	https://graciebarra.com/fulshear-tx/	Y			https://graciebarra.com/fulshear-tx/	HAS_STORED	7609 Tiki Drive			snippets/tjjm-gyms-data-7.liquid
TX	TX	Becerra Judo & Jiu-Jitsu Club / Jiu-Jitsu Garland TX 75041	Garland	https://www.becerrajudo.com/	Y			https://www.becerrajudo.com/	HAS_STORED	3035 S Shiloh Rd #175, Garland, TX 75041			snippets/tjjm-gyms-data-7.liquid
TX	TX	Texas Gladiators Academy	Garland	http://texasgladiators.org/	Y			http://texasgladiators.org/	HAS_STORED	2206 S Jupiter Rd			snippets/tjjm-gyms-data-7.liquid
TX	TX	10th Planet Georgetown	Georgetown	https://10pgtx.com/	Y			https://10pgtx.com/	HAS_STORED	1523 Northwest Blvd			snippets/tjjm-gyms-data-7.liquid
TX	TX	Georgetown Brazilian Jiu Jitsu	Georgetown	http://www.jiujitsugeorgetown.com/	Y			http://www.jiujitsugeorgetown.com/	HAS_STORED	2522 Shell Rd			snippets/tjjm-gyms-data-7.liquid
TX	TX	John's Gym Georgetown Jiu Jitsu and MMA	Georgetown	http://www.johnsgymgeorgetown.com/	Y			http://www.johnsgymgeorgetown.com/	HAS_STORED	3301 Shell Rd #402			snippets/tjjm-gyms-data-7.liquid
TX	TX	360 BJJ	Grand Prairie	https://360bjj.com/	Y			https://360bjj.com/	HAS_STORED	830 Mayfield Rd Suite 120			snippets/tjjm-gyms-data-7.liquid
TX	TX	360 Jiu Jitsu	Grand Prairie	https://360jiujitsu.com/	Y			https://360jiujitsu.com/	HAS_STORED				snippets/tjjm-gyms-data.liquid
TX	TX	Mohler MMA – Brazilian Jiu Jitsu & Boxing	Grapevine	http://www.mohlermma.com/	Y			http://www.mohlermma.com/	HAS_STORED	201 N. Starnes Street			snippets/tjjm-gyms-data-7.liquid
TX	TX	Rogue Jiu Jitsu Studio	Grapevine	https://www.roguebjj.com	Y			https://www.roguebjj.com	HAS_STORED	3549 Grapevine Mills Pwkay; Suite 107			snippets/tjjm-gyms-data-7.liquid
TX	TX	Chop Shop MMA	Greenville	http://www.chopshopmma.com/	Y		websites-2		HAS_STORED+BLANKED|RENDERS_BLANK	2801 Lee St.			snippets/tjjm-gyms-data-7.liquid
TX	TX	Flux MMA	Haltom City	http://www.fluxmma.com/	Y			http://www.fluxmma.com/	HAS_STORED	5405 Stanley Keller Rd			snippets/tjjm-gyms-data-7.liquid
TX	TX	Twin Wolves MMA	Harker Heights	https://www.twmma.com	Y			https://www.twmma.com	HAS_STORED	217 Cox Dr			snippets/tjjm-gyms-data-7.liquid
TX	TX	Harlingen Jiu-Jitsu Club	Harlingen	http://www.harlingenjjc.com/	Y			http://www.harlingenjjc.com/	HAS_STORED	211 W. Jefferson St.; Suite 4			snippets/tjjm-gyms-data-7.liquid
TX	TX	Helio Soneca/ 8ight Limbs Academy	Harlingen	https://www.the8ightlimbsacademy.com/	Y			https://www.the8ightlimbsacademy.com/	HAS_STORED	109 South Expressway 77			snippets/tjjm-gyms-data-7.liquid
TX	TX	Gann BJJ Fight & Fitness	Haslet	http://www.teamgann.com/	Y			http://www.teamgann.com/	HAS_STORED	12512 Willow Springs Rd Suite 112			snippets/tjjm-gyms-data-7.liquid
TX	TX	Double Five Jiu Jitsu	Highland Village	https://www.doublefiveonline.com	Y			https://www.doublefiveonline.com	HAS_STORED	1800 Justin Rd; #1800A			snippets/tjjm-gyms-data-7.liquid
TX	TX	Gracie Jiu-Jitsu Highland Village	Highland Village		N				NO_W_KEY|RENDERS_BLANK	2225 Highland Village Rd			snippets/tjjm-gyms-data-7.liquid
TX	TX	Honor Martial Arts - Houston Brazilian Jiu-Jitsu, Judo, Karate and Yoga.	Hockley	http://www.honormartialarts.com/	Y			http://www.honormartialarts.com/	HAS_STORED	18919 Hopfe Rd			snippets/tjjm-gyms-data-7.liquid
TX	TX	Active Jiu Jitsu	Houston	http://activejiujitsu.com	Y			http://activejiujitsu.com	HAS_STORED	11020 Katy Fwy			snippets/tjjm-gyms-data-7.liquid
TX	TX	Advantage BJJ Martial Arts & Fitness	Houston	https://advantagebjj.com/	Y			https://advantagebjj.com/	HAS_STORED				snippets/tjjm-gyms-data.liquid
TX	TX	Cantu’s Texas Brazilian Jiu Jitsu Self Defense Academy	Houston	http://www.cantuselfdefense.com/	Y			http://www.cantuselfdefense.com/	HAS_STORED	8674 Hwy 6			snippets/tjjm-gyms-data-7.liquid
TX	TX	Dark Gift Combat	Houston	http://darkgiftcombat.com/	Y			http://darkgiftcombat.com/	HAS_STORED	7540 Harwin			snippets/tjjm-gyms-data-7.liquid
TX	TX	Elite MMA	Houston	http://www.elite-mma.com	Y			http://www.elite-mma.com	HAS_STORED	11380 Westheimer Rd			snippets/tjjm-gyms-data-7.liquid
TX	TX	Elite MMA - Greenway Plaza	Houston	http://www.elite-mma.com	Y			http://www.elite-mma.com	HAS_STORED	3311 Richmond Ave Ste 101			snippets/tjjm-gyms-data-7.liquid
TX	TX	GB Heights Houston	Houston	https://www.gbheights.com	Y			https://www.gbheights.com	HAS_STORED	4721 N Main St			snippets/tjjm-gyms-data-12.liquid
TX	TX	Gracie Jiu Jitsu Houston	Houston	http://www.graciejiujitsuwesthouston.com	Y			http://www.graciejiujitsuwesthouston.com	HAS_STORED	1322 S Dairy Ashford Memorial Indoor Sports Academy			snippets/tjjm-gyms-data-7.liquid
TX	TX	Mousel's Self-Defense Academy	Houston	http://www.defend.net	Y			http://www.defend.net	HAS_STORED	747 N Shepherd, Suite 400			snippets/tjjm-gyms-data-12.liquid
TX	TX	Ravlin Brazilian Jiu-Jitsu & Muay Thai-Kickboxing	Houston	http://www.ravlinmartialarts.com	Y			http://www.ravlinmartialarts.com	HAS_STORED	10371 Stella Link Rd Second Floor			snippets/tjjm-gyms-data-7.liquid
TX	TX	Revolution Dojo	Houston	https://www.revolutiondojo.com/	Y	https://www.revolutiondojo.com/revolution-dojo-houston.html	websites-1	https://www.revolutiondojo.com/revolution-dojo-houston.html	HAS_STORED+REPOINTED				snippets/tjjm-gyms-data.liquid
TX	TX	Revolution Dojo Cypress	Houston	http://www.revolutiondojo.com	Y	https://www.revolutiondojo.com/revolution-dojo-cypress.html	websites-1	https://www.revolutiondojo.com/revolution-dojo-cypress.html	HAS_STORED+REPOINTED	15460 FM 529 Rd			snippets/tjjm-gyms-data-7.liquid
TX	TX	Rilion Gracie Jiu Jitsu Energy Corridor	Houston	http://riliongraciewesthouston.com	Y			http://riliongraciewesthouston.com	HAS_STORED	1396 Eldridge Pkwy B			snippets/tjjm-gyms-data-7.liquid
TX	TX	Texas Barbell Syndicate	Houston	http://www.texasbarbellsyndicate.com	Y			http://www.texasbarbellsyndicate.com	HAS_STORED	14503 Bammel N Houston Rd Ste 350			snippets/tjjm-gyms-data-7.liquid
TX	TX	Abstract Jiu-Jitsu Club	Humble	http://abstractjiujitsu.com	Y			http://abstractjiujitsu.com	HAS_STORED	22704 Lp 494 Ste M			snippets/tjjm-gyms-data-8.liquid
TX	TX	Denizen Brazilian Jiu-Jitsu	Humble	http://facebook.com/denizenjiujitsu	Y			http://facebook.com/denizenjiujitsu	HAS_STORED	8057 Farm to Market 1960 Rd E			snippets/tjjm-gyms-data-8.liquid
TX	TX	Elite Mixed Martial Arts - Atascocita	Humble	https://www.elite-mma.com/claim-free-session	Y			https://www.elite-mma.com/claim-free-session	HAS_STORED	5360 FM 1960 suite b			snippets/tjjm-gyms-data-8.liquid
TX	TX	Henderson's Martial Arts	Humble	http://www.hendersonsma.com	Y			http://www.hendersonsma.com	HAS_STORED	17655 W Lake Houston Pkwy			snippets/tjjm-gyms-data-8.liquid
TX	TX	McCall Mixed Martial Arts	Humble	http://www.mccallmixedmartialarts.com	Y			http://www.mccallmixedmartialarts.com	HAS_STORED	6730 Atascocita Road Ste 109			snippets/tjjm-gyms-data-8.liquid
TX	TX	Solis Martial Arts Academy	Humble	http://www.solismartialarts.com/	Y			http://www.solismartialarts.com/	HAS_STORED	1903 Treble Drive; Suite A			snippets/tjjm-gyms-data-8.liquid
TX	TX	Collins Martial Arts	Hurst	http://www.collinsmartialarts.com/	Y		websites-2		HAS_STORED+BLANKED|RENDERS_BLANK	540 West Pipeline Rd			snippets/tjjm-gyms-data-8.liquid
TX	TX	Renzo Gracie Jiu Jitsu DFW	Hurst	https://renzograciejiujitsudfw.com	Y			https://renzograciejiujitsudfw.com	HAS_STORED				snippets/tjjm-gyms-data.liquid
TX	TX	Caio Terra Academy - Irving	Irving	http://www.bjjirving.com/	Y			http://www.bjjirving.com/	HAS_STORED				snippets/tjjm-gyms-data-8.liquid
TX	TX	George's MMA & Boxing Gym	Irving	http://dallasmmaboxing.com/	Y			http://dallasmmaboxing.com/	HAS_STORED	612 Valley Ranch Pkwy S			snippets/tjjm-gyms-data-8.liquid
TX	TX	MA BJJ Academy	Irving	http://www.mabjjacademy.com/	Y			http://www.mabjjacademy.com/	HAS_STORED	2108-200 Hurd Dr			snippets/tjjm-gyms-data-8.liquid
TX	TX	Reyes Jiu-Jitsu	Irving	http://www.reyesjiujitsu.com/	Y			http://www.reyesjiujitsu.com/	HAS_STORED	5443 N MacArthur Blvd			snippets/tjjm-gyms-data-8.liquid
TX	TX	Blitz Martial Arts	Jarrell	https://blitzmatx.com/	Y			https://blitzmatx.com/	HAS_STORED	200 County Rd 306 Suite 2201			snippets/tjjm-gyms-data-8.liquid
TX	TX	Gracie Barra Katy	Katy	http://www.graciebarrakaty.com	Y			http://www.graciebarrakaty.com	HAS_STORED	21734 Provincial Blvd Bldg 200-240			snippets/tjjm-gyms-data-8.liquid
TX	TX	Katy Brazilian Jiu Jitsu Revolution Team	Katy	http://katybjj.com	Y			http://katybjj.com	HAS_STORED	20140 Morton Rd Ste 105C			snippets/tjjm-gyms-data-8.liquid
TX	TX	Reign Jiu Jitsu	Katy	https://reignbjj.com	Y			https://reignbjj.com	HAS_STORED				snippets/tjjm-gyms-data.liquid
TX	TX	Renzo Gracie Katy	Katy	https://renzograciekaty.com/	Y			https://renzograciekaty.com/	HAS_STORED	25757 Westheimer Pkwy; Suite 172			snippets/tjjm-gyms-data-8.liquid
TX	TX	Rilion Gracie Katy	Katy	https://www.riliongraciekaty.com	Y			https://www.riliongraciekaty.com	HAS_STORED	962 S Fry Rd			snippets/tjjm-gyms-data-8.liquid
TX	TX	The Fight Lab	Katy	http://thefightlabtx.com	Y			http://thefightlabtx.com	HAS_STORED	20820 Park Row Dr Ste B			snippets/tjjm-gyms-data-8.liquid
TX	TX	All American MMA and BJJ	Keller	http://www.allamericanmma.com/	Y			http://www.allamericanmma.com/	HAS_STORED	102 Keller Hicks Rd #127			snippets/tjjm-gyms-data-8.liquid
TX	TX	Roberto Kaelin BJJ	Keller	https://robertokaelin.com/	Y			https://robertokaelin.com/	HAS_STORED				snippets/tjjm-gyms-data.liquid
TX	TX	Killeen BJJ	Killeen	https://killeenbjj.com	Y			https://killeenbjj.com	HAS_STORED			Y	snippets/tjjm-gyms-data.liquid
TX	TX	Strike And Submit Martial Arts And Fitness	Killeen		N				NO_W_KEY|RENDERS_BLANK	1602 W Stan Schlueter Loop			snippets/tjjm-gyms-data-8.liquid
TX	TX	Terra Leon Brazilian Jiu Jitsu	Killeen		N				NO_W_KEY|RENDERS_BLANK	3905 E Veterans Memorial Blvd			snippets/tjjm-gyms-data-8.liquid
TX	TX	Kingwood MMA	Kingwood	http://www.kingwoodmixedmartialarts.com/	Y			http://www.kingwoodmixedmartialarts.com/	HAS_STORED	2855 West Lake Houston Pkwy Suite 107			snippets/tjjm-gyms-data-8.liquid
TX	TX	ACS Mixed Martial Arts	La Marque	http://acsmmatx.com/	Y			http://acsmmatx.com/	HAS_STORED	13001 Delany Rd			snippets/tjjm-gyms-data-8.liquid
TX	TX	Applied Sports MMA Family Fitness Gym	Lakeway		N				NO_W_KEY|RENDERS_BLANK	15527 Debba Dr			snippets/tjjm-gyms-data-8.liquid
TX	TX	Gracie Barra – Lakeway	Lakeway	http://gblakeway.com/	Y			http://gblakeway.com/	HAS_STORED	1607 Ranch Road 620 N; suite 700			snippets/tjjm-gyms-data-8.liquid
TX	TX	Alpha Omega BJJ / jiu jitsu Laredo TX 78041	Laredo	https://alphaomegabjj.wordpress.com/	Y			https://alphaomegabjj.wordpress.com/	HAS_STORED	8510 Las Crucas Avenue, Laredo, TX 78045			snippets/tjjm-gyms-data-8.liquid
TX	TX	Cadejo Brazilian Jiu Jitsu Academy	Laredo	http://www.cadejobjj.com/	Y			http://www.cadejobjj.com/	HAS_STORED	708 Chaparral St			snippets/tjjm-gyms-data-8.liquid
TX	TX	Sangue Novo Brazilian Jiu-Jitsu Academy	Laredo		N				NO_W_KEY|RENDERS_BLANK	216 N Zapata Hwy #11			snippets/tjjm-gyms-data-8.liquid
TX	TX	Sangue Novo FT / Gallos Prietos Jiu Jitsu	Laredo	https://sanguenovojj.com/	Y		websites-2		HAS_STORED+BLANKED|RENDERS_BLANK				snippets/tjjm-gyms-data.liquid
TX	TX	Al Garza's Premier Martial Arts	League City	https://algarza.com/	Y			https://algarza.com/	HAS_STORED				snippets/tjjm-gyms-data.liquid
TX	TX	Cornerstone Jiu Jitsu	Leander	https://cornerstonejiujitsuacademy.com/	Y			https://cornerstonejiujitsuacademy.com/	HAS_STORED	1309 Leander Dr Suite 602			snippets/tjjm-gyms-data-8.liquid
TX	TX	Silva BJJ Lewisville TX (Aloisio Silva BJJ Associated Academy)	Lewisville	http://www.silvaacademy.com/	Y			http://www.silvaacademy.com/	HAS_STORED	2488 Meadowglen Dr #201			snippets/tjjm-gyms-data-8.liquid
TX	TX	John's Gym Liberty Hill Jiu Jitsu	Liberty Hill	http://johnsgymlibertyhill.com/	Y			http://johnsgymlibertyhill.com/	HAS_STORED	101 Jonathan Dr #5			snippets/tjjm-gyms-data-8.liquid
TX	TX	Longview BJJ	Longview	https://longviewbjj.com	Y		websites-2		HAS_STORED+BLANKED|RENDERS_BLANK				snippets/tjjm-gyms-data.liquid
TX	TX	Pure Jiu-Jitsu Longview	Longview	https://pjlvtx.com/	Y		websites-2		HAS_STORED+BLANKED|RENDERS_BLANK	414 W Loop 281			snippets/tjjm-gyms-data-8.liquid
TX	TX	Team 515 Mixed Martial Arts	Longview	http://team515.com/	Y			http://team515.com/	HAS_STORED	320 E Tyler St			snippets/tjjm-gyms-data-8.liquid
TX	TX	BASE Brazilian Jiu Jitsu / BJJ Lubbock TX 79414	Lubbock	https://yourbasebjj.com/	Y			https://yourbasebjj.com/	HAS_STORED	5064 50th Suite A, Lubbock, Texas, 79414			snippets/tjjm-gyms-data-8.liquid
TX	TX	Different Breed MMA	Lubbock	https://www.facebook.com/differentbreedmma/	Y			https://www.facebook.com/differentbreedmma/	HAS_STORED	3424 I 27 Frontage Road			snippets/tjjm-gyms-data-8.liquid
TX	TX	Lubbock Jiu Jitsu Academy	Lubbock	https://www.lubbockjiujitsuacademy.com	Y			https://www.lubbockjiujitsuacademy.com	HAS_STORED				snippets/tjjm-gyms-data.liquid
TX	TX	Victory Combat Sports Academy	Lubbock	https://www.victorycombatsportsacademy.com/contact	Y		websites-2		HAS_STORED+BLANKED|RENDERS_BLANK	3520 Woodrow Rd Suite 103			snippets/tjjm-gyms-data-8.liquid
TX	TX	West Texas Jiu Jitsu Academy	Lubbock	https://wtxjja.com/	Y			https://wtxjja.com/	HAS_STORED	4116 34th St			snippets/tjjm-gyms-data-8.liquid
TX	TX	Cobra Brazilian Jiu Jitsu Mansfield	Mansfield	http://www.cobrabjjmansfield.com/	Y			http://www.cobrabjjmansfield.com/	HAS_STORED	7941 Rodeo Trl #720			snippets/tjjm-gyms-data-8.liquid
TX	TX	Gracie Barra Jiu Jitsu Mansfield	Mansfield	http://gbmansfield.com/	Y			http://gbmansfield.com/	HAS_STORED	780 W Debbie Ln #300			snippets/tjjm-gyms-data-8.liquid
TX	TX	Stoic Brazilian Jiu Jitsu	Mansfield	https://www.stoicjj.com/	Y			https://www.stoicjj.com/	HAS_STORED	1910 Lone Star Rd Suite A			snippets/tjjm-gyms-data-8.liquid
TX	TX	Enzo Jiu Jitsu / BJJ McAllen TX 78501	McAllen	http://www.enzojiujitsu.com/	Y			http://www.enzojiujitsu.com/	HAS_STORED				snippets/tjjm-gyms-data-8.liquid
TX	TX	GB McAllen	McAllen	https://graciebarra.com/mcallen-tx/	Y			https://graciebarra.com/mcallen-tx/	HAS_STORED	1701 Dove Ave Suite F&G			snippets/tjjm-gyms-data-8.liquid
TX	TX	Mcallen BJJ	McAllen	https://mcallenbjj.com	Y			https://mcallenbjj.com	HAS_STORED				snippets/tjjm-gyms-data.liquid
TX	TX	Modern Jiu-Jitsu Self Defense	McAllen	http://mdrnjj.com/	Y			http://mdrnjj.com/	HAS_STORED	5305 N 23rd St			snippets/tjjm-gyms-data-8.liquid
TX	TX	UFC GYM McAllen	McAllen	https://www.ufcgym.com/locations/mcallen/	Y			https://www.ufcgym.com/locations/mcallen/	HAS_STORED	3300 N McColl Rd			snippets/tjjm-gyms-data-8.liquid
TX	TX	Combat Base TX / Shebaro Jiu Jitsu / We Defy HQ	McKinney	https://shebarojiujitsu.com	Y		websites-2		HAS_STORED+BLANKED|RENDERS_BLANK	320 Industrial Blvd Suite 206			snippets/tjjm-gyms-data-8.liquid
TX	TX	GB McKinney	McKinney		N				NO_W_KEY|RENDERS_BLANK	7901 Eldorado Parkway			snippets/tjjm-gyms-data-8.liquid
TX	TX	Tbt Gym-Total Body Training	McKinney	https://tbtgym.com/calendar/	Y			https://tbtgym.com/calendar/	HAS_STORED	1434 N Central Expy UNIT 122			snippets/tjjm-gyms-data-8.liquid
TX	TX	KO Empire Fight Academy / BJJ Mesquite TX 75149	Mesquite	https://www.koempirefa.com/	Y		websites-2		HAS_STORED+BLANKED|RENDERS_BLANK				snippets/tjjm-gyms-data-8.liquid
TX	TX	Sfs MMA	Mesquite	http://www.sfsmma.com/	Y			http://www.sfsmma.com/	HAS_STORED	1220 N Town E Blvd #320			snippets/tjjm-gyms-data-8.liquid
TX	TX	Midland BJJ Texas	Midland	https://midlandbjjtx.com	Y		websites-2		HAS_STORED+BLANKED|RENDERS_BLANK				snippets/tjjm-gyms-data.liquid
TX	TX	Premier Martial Arts-Mission	Mission	http://www.missiontxmartialarts.com/	Y		websites-2		HAS_STORED+BLANKED|RENDERS_BLANK	2518 E Griffin Pkwy			snippets/tjjm-gyms-data-8.liquid
TX	TX	Rilion Gracie Academy Missouri City	Missouri City	http://www.riliongraciemissouricity.com/	Y			http://www.riliongraciemissouricity.com/	HAS_STORED	3340 FM 1092 Rd #120 ste 120			snippets/tjjm-gyms-data-8.liquid
TX	TX	10th Planet Mt. Pleasant	Mount Pleasant	https://10thplanetmountpleasant.com	Y			https://10thplanetmountpleasant.com	HAS_STORED	609 N Jefferson Ave			snippets/tjjm-gyms-data-12.liquid
TX	TX	Golden Triangle Jiu-jitsu Academy	Nederland	http://www.goldentrianglejiujitsu.com/	Y			http://www.goldentrianglejiujitsu.com/	HAS_STORED	605 N Twin City Hwy			snippets/tjjm-gyms-data-8.liquid
TX	TX	Gracie Jiu-Jitsu New Braunfels	New Braunfels		N				NO_W_KEY|RENDERS_BLANK	4306 FM482			snippets/tjjm-gyms-data-8.liquid
TX	TX	NBTC Brazilian Jiu Jitsu (New Braunfels Training Center)	New Braunfels	https://nbtcbjj.com	Y			https://nbtcbjj.com	HAS_STORED	1389 Industrial Drive Suite A			snippets/tjjm-gyms-data-8.liquid
TX	TX	New Braunfels BJJ	New Braunfels	https://dalua.com	Y			https://dalua.com	HAS_STORED				snippets/tjjm-gyms-data.liquid
TX	TX	SBG New Braunfels Brazilian Jiu Jitsu	New Braunfels	https://sbgnewbraunfels.com/contact-us/	Y			https://sbgnewbraunfels.com/contact-us/	HAS_STORED	167A IH 35 S South			snippets/tjjm-gyms-data-8.liquid
TX	TX	Unconventional Performance & Training	New Braunfels	http://www.rodrigopinheirobjj.com/	Y		websites-1		HAS_STORED+BLANKED|RENDERS_BLANK	1117 N Walnut Ave			snippets/tjjm-gyms-data-8.liquid
TX	TX	Peak Performance	North Richland Hills	https://peakperformancemartialarts.com/	Y			https://peakperformancemartialarts.com/	HAS_STORED				snippets/tjjm-gyms-data.liquid
TX	TX	Peak Performance Brazilian Jiu-Jitsu	North Richland Hills	http://www.peakbjj.com/	Y		websites-2		HAS_STORED+BLANKED|RENDERS_BLANK	6455 Hilltop Rd; Suite 105			snippets/tjjm-gyms-data-8.liquid
TX	TX	The MATS Academy	North Richland Hills	https://themats.academy	Y			https://themats.academy	HAS_STORED	8701 N. Tarrant Parkway Suite 100B			snippets/tjjm-gyms-data-8.liquid
TX	TX	Odessa BJJ	Odessa	https://odessabjj.com	Y			https://odessabjj.com	HAS_STORED			Y	snippets/tjjm-gyms-data.liquid
TX	TX	RuFFhouse MMA & Fitness	Odessa	https://m.facebook.com/ruffhousemma/	Y			https://m.facebook.com/ruffhousemma/	HAS_STORED	518 N Grant Ave			snippets/tjjm-gyms-data-8.liquid
TX	TX	Flow Brazilian Jiu-Jitsu	Pantego	https://flowbjj.com/	Y			https://flowbjj.com/	HAS_STORED				snippets/tjjm-gyms-data.liquid
TX	TX	Warriors Legacy MMA	Paris	https://www.warriorslegacymma.com	Y			https://www.warriorslegacymma.com	HAS_STORED	1005 South Collegiate Drive			snippets/tjjm-gyms-data-8.liquid
TX	TX	Alliance BJJ Houston	Pearland	https://alliancebjjhouston.com	Y			https://alliancebjjhouston.com	HAS_STORED				snippets/tjjm-gyms-data.liquid
TX	TX	GB Pearland	Pearland	https://gbpearland.com/	Y			https://gbpearland.com/	HAS_STORED	3229 E. Broadway			snippets/tjjm-gyms-data-8.liquid
TX	TX	Gracie Jiu-Jitsu Pearland	Pearland		N				NO_W_KEY|RENDERS_BLANK	4141 Bailey Rd			snippets/tjjm-gyms-data-8.liquid
TX	TX	Grappling Zone Pearland	Pearland	http://www.grapplingzonepearland.com	Y			http://www.grapplingzonepearland.com	HAS_STORED	2849 Miller Ranch Rd Ste 505			snippets/tjjm-gyms-data-8.liquid
TX	TX	UFC GYM Pearland	Pearland	http://ufcgym.com	Y			http://ufcgym.com	HAS_STORED	8201 W Broadway St Ste 181			snippets/tjjm-gyms-data-8.liquid
TX	TX	Sahuque Brazilian Jiu-jitsu	Pecos		N				NO_W_KEY|RENDERS_BLANK	1118 Eddy St			snippets/tjjm-gyms-data-8.liquid
TX	TX	Aces Jiu Jitsu Club	Pflugerville	https://www.acesjiujitsuclub.com/	Y			https://www.acesjiujitsuclub.com/	HAS_STORED				snippets/tjjm-gyms-data.liquid
TX	TX	Applied MMA Austin	Pflugerville	https://appliedmma.com/	Y			https://appliedmma.com/	HAS_STORED				snippets/tjjm-gyms-data.liquid
TX	TX	Centex Combatives & Fitness	Pflugerville	https://centexcombatives.com/	Y			https://centexcombatives.com/	HAS_STORED				snippets/tjjm-gyms-data.liquid
TX	TX	Eclectic Combat Systems	Pflugerville	http://ecsmma.com/	Y			http://ecsmma.com/	HAS_STORED	1202 FM 685; Suites C1 & C2			snippets/tjjm-gyms-data-8.liquid
TX	TX	Team Rabadi Brazilian Jiu Jitsu & Muay Thai	Pflugerville	http://www.rrbjj.com/	Y			http://www.rrbjj.com/	HAS_STORED	4674 Priem Ln #300			snippets/tjjm-gyms-data-8.liquid
TX	TX	Cobra Brazilian Jiu-Jitsu	Plano	http://www.cobrabjj.com/	Y			http://www.cobrabjj.com/	HAS_STORED	1441 Coit Rd G			snippets/tjjm-gyms-data-8.liquid
TX	TX	Mcsweeney Martial Arts and Performance Center	Plano	http://mcsweeneymma.com/	Y			http://mcsweeneymma.com/	HAS_STORED	2901 W 15th St Ste B			snippets/tjjm-gyms-data-8.liquid
TX	TX	Progresso Jiu Jitsu	Plano	https://progressojiujitsu.com/	Y			https://progressojiujitsu.com/	HAS_STORED	3000 Custer Rd #220			snippets/tjjm-gyms-data-8.liquid
TX	TX	Royal Art BJJ	Plano	http://bjjroyal.com/	Y			http://bjjroyal.com/	HAS_STORED	3198 W Parker Rd Ste 3166			snippets/tjjm-gyms-data-8.liquid
TX	TX	Underground Jiu Jitsu	Plano	https://underground-bjj.com/	Y			https://underground-bjj.com/	HAS_STORED	1406 Capital Ave #104			snippets/tjjm-gyms-data-8.liquid
TX	TX	10th Planet Jiu Jitsu New Caney Texas	Porter	http://www.10thplanetnewcaney.com/	Y			http://www.10thplanetnewcaney.com/	HAS_STORED	23464 FM 1314 RD Monstros Gym			snippets/tjjm-gyms-data-8.liquid
TX	TX	Aguilera Martial Arts Prosper TX	Prosper	http://aguilerabjj.com/	Y			http://aguilerabjj.com/	HAS_STORED	711 Industry Way Suite 50			snippets/tjjm-gyms-data-8.liquid
TX	TX	CJJF Academy - North Texas	Prosper	https://www.cjjfntx.com	Y			https://www.cjjfntx.com	HAS_STORED	2111 E. University Dr. Ste 60		Y	snippets/tjjm-gyms-data-8.liquid
TX	TX	Caveirinha Jiu-Jitsu Family Texas	Prosper	https://www.cjjftx.com	Y			https://www.cjjftx.com	HAS_STORED				snippets/tjjm-gyms-data.liquid
TX	TX	Spartan Fit MMA	Rhome		N				NO_W_KEY|RENDERS_BLANK	6225 TX-114			snippets/tjjm-gyms-data-8.liquid
TX	TX	ASL JunSur Martial Arts	Richardson	https://www.asljiujitsu.com/	Y		websites-2		HAS_STORED+BLANKED|RENDERS_BLANK				snippets/tjjm-gyms-data.liquid
TX	TX	Brazilian Top Team North Dallas	Richardson	https://www.bttnorthdallas.com	Y			https://www.bttnorthdallas.com	HAS_STORED				snippets/tjjm-gyms-data.liquid
TX	TX	COR Brazilian Jiu Jitsu	Richardson	https://corbjj.com	Y			https://corbjj.com	HAS_STORED	711 W Arapaho Rd			snippets/tjjm-gyms-data-8.liquid
TX	TX	Corvo Martial Arts	Richardson	http://corvomartialarts.com/	Y			http://corvomartialarts.com/	HAS_STORED	810 west Arapaho suite 94			snippets/tjjm-gyms-data-8.liquid
TX	TX	Gracie Gym Richardson / Brazilian Jiu-Jitsu	Richardson	http://graciegymrichardson.com/	Y			http://graciegymrichardson.com/	HAS_STORED	819 W Arapaho Rd Suite 18			snippets/tjjm-gyms-data-8.liquid
TX	TX	AON Jiu Jitsu	Richmond	http://www.aonjiujitsu.com	Y			http://www.aonjiujitsu.com	HAS_STORED	9825 Mason Rd Ste 160			snippets/tjjm-gyms-data-8.liquid
TX	TX	Markle Brazilian Jiu-Jitsu	Richmond	https://www.marklebjj.com	Y			https://www.marklebjj.com	HAS_STORED	602 Crabb River Road			snippets/tjjm-gyms-data-8.liquid
TX	TX	Renzo Gracie The Grove	Richmond	http://renzograciethegrove.com	Y			http://renzograciethegrove.com	HAS_STORED	7850 W Grand Pkwy S Ste 100			snippets/tjjm-gyms-data-8.liquid
TX	TX	Genesis Jiu Jitsu	River Oaks	http://www.genesisjiujitsu.com	Y			http://www.genesisjiujitsu.com	HAS_STORED				snippets/tjjm-gyms-data.liquid
TX	TX	316 BJJ - Rockwall Jiu Jitsu Self Defense Martial Arts	Rockwall	http://www.316bjj.com/	Y			http://www.316bjj.com/	HAS_STORED	1407 S Goliad St			snippets/tjjm-gyms-data-8.liquid
TX	TX	CAYA Martial Arts	Rockwall	http://www.cayamartialarts.com/	Y		websites-2		HAS_STORED+BLANKED|RENDERS_BLANK	811 E Yellow Jacket Ln Suite 130			snippets/tjjm-gyms-data-8.liquid
TX	TX	Wolfpack Mixed Martial Arts	Rockwall	https://www.mindbodyonline.com/explore/locations/wolfpack-mma	Y			https://www.mindbodyonline.com/explore/locations/wolfpack-mma	HAS_STORED	179 County Line Rd			snippets/tjjm-gyms-data-8.liquid
TX	TX	Strong Style MMA	Rosenberg	https://www.strongstylemma.com/	Y			https://www.strongstylemma.com/	HAS_STORED	3902 Farm to Market Rd 723 Suite A			snippets/tjjm-gyms-data-8.liquid
TX	TX	GB Round Rock	Round Rock	https://gbroundrock.com	Y			https://gbroundrock.com	HAS_STORED	105 East Old Settlers BoulevardSuite 108			snippets/tjjm-gyms-data-8.liquid
TX	TX	Renzo Gracie Round Rock	Round Rock	https://renzogracieroundrock.com/	Y			https://renzogracieroundrock.com/	HAS_STORED				snippets/tjjm-gyms-data.liquid
TX	TX	True JiuJitsu Academy	Round Rock	http://www.truejiujitsu.com/	Y			http://www.truejiujitsu.com/	HAS_STORED	#1300B 2111 Sam Bass Rd			snippets/tjjm-gyms-data-8.liquid
TX	TX	Gracie Jiu-Jitsu Salado	Salado		N				NO_W_KEY|RENDERS_BLANK	227 N. Main Street			snippets/tjjm-gyms-data-8.liquid
TX	TX	Angelo Mixed Martial Arts and fitness	San Angelo	http://www.facebook.com/angelomixedmartialarts	Y			http://www.facebook.com/angelomixedmartialarts	HAS_STORED	1602 N Chadbourne St			snippets/tjjm-gyms-data-8.liquid
TX	TX	Seeds 13 Jiujitsu Academy	San Angelo	https://seeds13bjj.com/special-offers/	Y			https://seeds13bjj.com/special-offers/	HAS_STORED	105 Westland Ave			snippets/tjjm-gyms-data-8.liquid
TX	TX	10th Planet San Antonio Huebner Oaks	San Antonio	https://www.10psanantonio.com/	Y			https://www.10psanantonio.com/	HAS_STORED	11255 Huebner Rd Ste 106			snippets/tjjm-gyms-data-8.liquid
TX	TX	American Kickboxing Academy Texas	San Antonio	http://www.akatexas.com/	Y		websites-2		HAS_STORED+BLANKED|RENDERS_BLANK	8318 Jones Maltsberger Rd			snippets/tjjm-gyms-data-8.liquid
TX	TX	Brazil 021 San Antonio	San Antonio	https://brazil021.com/	Y			https://brazil021.com/	HAS_STORED				snippets/tjjm-gyms-data.liquid
TX	TX	Brazilian Top Team Texas	San Antonio	https://bttsa.com	Y			https://bttsa.com	HAS_STORED				snippets/tjjm-gyms-data.liquid
TX	TX	Caveman HQ Combat Sports Club	San Antonio	https://apps.apple.com/gh/app/caveman-hq/id1542962481	Y			https://apps.apple.com/gh/app/caveman-hq/id1542962481	HAS_STORED	11503 Jones-Maltsberger Rd.; STE 1160			snippets/tjjm-gyms-data-8.liquid
TX	TX	GB Alamo Ranch	San Antonio		N				NO_W_KEY|RENDERS_BLANK	10919 Culebra RoadSuite 187			snippets/tjjm-gyms-data-8.liquid
TX	TX	Gracie Jiu-Jitsu North-East San Antonio	San Antonio	http://www.graciejiujitsusanantonio.com/	Y			http://www.graciejiujitsusanantonio.com/	HAS_STORED	4141 Naco Perrin Blvd.			snippets/tjjm-gyms-data-8.liquid
TX	TX	Gracie Jiu-Jitsu North-West San Antonio	San Antonio	http://www.gracienorthwestsanantonio.com/	Y			http://www.gracienorthwestsanantonio.com/	HAS_STORED	3511 Colony Drive			snippets/tjjm-gyms-data-8.liquid
TX	TX	JBSA BJJ Open Mat	San Antonio		N				NO_W_KEY|RENDERS_BLANK	1395 Chaffee Rd			snippets/tjjm-gyms-data-8.liquid
TX	TX	Marra Senki Brazilian Jiu-Jitsu	San Antonio	http://marrajj.com/	Y			http://marrajj.com/	HAS_STORED	15201 San Pedro Ave			snippets/tjjm-gyms-data-8.liquid
TX	TX	Martial Arts Academy Of San Antonio	San Antonio	http://www.martialartssa.com/	Y		websites-2		HAS_STORED+BLANKED|RENDERS_BLANK	2334 Jackson Keller			snippets/tjjm-gyms-data-8.liquid
TX	TX	RDA Fitness & MMA	San Antonio	https://rda-fitness-mma.business.site/	Y			https://rda-fitness-mma.business.site/	HAS_STORED	15122 Potranco Rd; Suite 102			snippets/tjjm-gyms-data-8.liquid
TX	TX	Rodrigo Pinheiro BJJ	San Antonio	https://rodrigopinheirobjj.com	Y			https://rodrigopinheirobjj.com	HAS_STORED				snippets/tjjm-gyms-data.liquid
TX	TX	Semper Fortis	San Antonio	https://www.brazil021sanantonio.com	Y			https://www.brazil021sanantonio.com	HAS_STORED	5723 North Foster Road			snippets/tjjm-gyms-data-8.liquid
TX	TX	Victory Martial Arts Leon Springs	San Antonio	http://www.victoryma.com/	Y			http://www.victoryma.com/	HAS_STORED	24165 IH 10 W #113			snippets/tjjm-gyms-data-8.liquid
TX	TX	Benavides Mixed Martial Arts	San Benito	http://www.benavidesmma.com/	Y		websites-2		HAS_STORED+BLANKED|RENDERS_BLANK	Located at 173 Abigail Lane			snippets/tjjm-gyms-data-8.liquid
TX	TX	Garcia Brazilian Jiu-Jitsu	San Benito		N				NO_W_KEY|RENDERS_BLANK	780 US-77 BUS			snippets/tjjm-gyms-data-8.liquid
TX	TX	South Texas Grappling Team	San Benito	https://southtexasgrappling.com	Y		websites-2		HAS_STORED+BLANKED|RENDERS_BLANK	2400 Highway 77 Building Y			snippets/tjjm-gyms-data-8.liquid
TX	TX	San Marcos Jiu Jitsu	San Marcos	https://www.smjiujitsu.com	Y			https://www.smjiujitsu.com	HAS_STORED				snippets/tjjm-gyms-data.liquid
TX	TX	Cross Collar Jiu Jitsu - An Ed Ramos Affiliate	Seabrook	https://www.edramosclearlake.com/	Y			https://www.edramosclearlake.com/	HAS_STORED	2114 Seabrook Cir			snippets/tjjm-gyms-data-8.liquid
TX	TX	Ed Ramos Clear Lake	Seabrook	http://www.edramosclearlake.com	Y			http://www.edramosclearlake.com	HAS_STORED	1002 N Meyer Ave Ste A			snippets/tjjm-gyms-data-8.liquid
TX	TX	Gracie Jiu-Jitsu Seguin	Seguin		N				NO_W_KEY|RENDERS_BLANK	110 West Court Street			snippets/tjjm-gyms-data-8.liquid
TX	TX	Gracie Barra – Southlake	Southlake	http://gbsouthlake.com	Y			http://gbsouthlake.com	HAS_STORED	480 W Southlake Blvd			snippets/tjjm-gyms-data-8.liquid
TX	TX	Lucky Jiu-Jitsu and Fitness Club	Southlake	https://luckybjj.com	Y		websites-2		HAS_STORED+BLANKED|RENDERS_BLANK	1607 Hart St. #100			snippets/tjjm-gyms-data-8.liquid
TX	TX	Sampson Jiu Jitsu Academy	Southlake	http://www.sampsonjiujitsuacademy.com/	Y			http://www.sampsonjiujitsuacademy.com/	HAS_STORED	280 Commerce St Suite 175			snippets/tjjm-gyms-data-8.liquid
TX	TX	Lake Travis Jiu-Jitsu Club	Spicewood	http://www.ltjjc.com/	Y			http://www.ltjjc.com/	HAS_STORED	21300 State Hwy 71			snippets/tjjm-gyms-data-8.liquid
TX	TX	Finesse BJJ	Spring	http://finessebjj.com	Y			http://finessebjj.com	HAS_STORED	17711 Kuykendahl Rd ste A			snippets/tjjm-gyms-data-8.liquid
TX	TX	Gracie Barra – The Woodlands	Spring	http://www.mmathewoodlands.com/	Y			http://www.mmathewoodlands.com/	HAS_STORED	606 Suite A Rayford Rd.			snippets/tjjm-gyms-data-8.liquid
TX	TX	Ground Dwellers BJJ	Spring	http://www.grounddwellers.com	Y			http://www.grounddwellers.com	HAS_STORED	9222 Louetta Rd			snippets/tjjm-gyms-data-8.liquid
TX	TX	Hero Martial Arts Academy	Spring	http://heromaa.com	Y			http://heromaa.com	HAS_STORED	6411 Fm 2920			snippets/tjjm-gyms-data-8.liquid
TX	TX	Katana Jiu-Jitsu Academy	Spring	http://katanajiu-jitsuacademy.com	Y		websites-2		HAS_STORED+BLANKED|RENDERS_BLANK	2400 Fm 2920			snippets/tjjm-gyms-data-8.liquid
TX	TX	Maozinha Brazilian Jiu Jitsu	Spring	http://www.teammaozinha.com	Y			http://www.teammaozinha.com	HAS_STORED	27359 W Hardy Rd Ste 210			snippets/tjjm-gyms-data-8.liquid
TX	TX	Torres Brazilian Jiu Jitsu	Spring	http://www.torresjiujitsu.com	Y			http://www.torresjiujitsu.com	HAS_STORED	4750 Farm to Market 2920 Ste 401			snippets/tjjm-gyms-data-8.liquid
TX	TX	GB Spring Branch	Spring Branch		N				NO_W_KEY|RENDERS_BLANK	19750 Texas 46Unit 110			snippets/tjjm-gyms-data-8.liquid
TX	TX	Spartan Fit MMA - Springtown TX	Springtown		N				NO_W_KEY|RENDERS_BLANK	630 W J E Woody Rd			snippets/tjjm-gyms-data-8.liquid
TX	TX	TX 3rd Coast MMA	Stafford	http://www.tx3rdcoastmma.com	Y			http://www.tx3rdcoastmma.com	HAS_STORED	11925 SW Fwy Ste 3A			snippets/tjjm-gyms-data-8.liquid
TX	TX	Makhuwabjj Brazilian JiuJitsu	Stephenville	http://www.makhuwabjj.com/	Y			http://www.makhuwabjj.com/	HAS_STORED	2900 W Washington St #21-B			snippets/tjjm-gyms-data-8.liquid
TX	TX	GB Fort Bend	Sugar Land	https://gbfortbend.com/	Y			https://gbfortbend.com/	HAS_STORED	350 Promenade Way# 700			snippets/tjjm-gyms-data-8.liquid
TX	TX	LX Jiu-Jitsu & Self Defense	Sugar Land	http://www.lxbjj.com	Y			http://www.lxbjj.com	HAS_STORED	3322 Hwy 6 Ste B			snippets/tjjm-gyms-data-8.liquid
TX	TX	Renzo Gracie Houston	Sugar Land	http://graciebarrasugarland.com	Y			http://graciebarrasugarland.com	HAS_STORED	3527 Hwy 6 Ste 240			snippets/tjjm-gyms-data-8.liquid
TX	TX	Sugarland MMA	Sugar Land	http://www.sugarlandmixedmartialarts.com	Y			http://www.sugarlandmixedmartialarts.com	HAS_STORED	5022 Highway 90a Ste B			snippets/tjjm-gyms-data-8.liquid
TX	TX	Ion Jiu Jitsu	Sulphur Springs	http://www.ionjiujitsuandfitness.com/	Y			http://www.ionjiujitsuandfitness.com/	HAS_STORED	500 N Jackson Street			snippets/tjjm-gyms-data-8.liquid
TX	TX	Concept Brazilian Jiu Jitsu	Taylor	http://www.taylorbjj.com/	Y			http://www.taylorbjj.com/	HAS_STORED				snippets/tjjm-gyms-data.liquid
TX	TX	Legends Brazilian Jiu Jitsu	Temple	http://www.legendsbjj.com/	Y			http://www.legendsbjj.com/	HAS_STORED	12 S 4th St			snippets/tjjm-gyms-data-8.liquid
TX	TX	Storm MMA & Fitness	Temple	https://stormmmaandfitness.com/	Y			https://stormmmaandfitness.com/	HAS_STORED	4305 S 31st St			snippets/tjjm-gyms-data-8.liquid
TX	TX	Carlos Machado Jiu-Jitsu: The Colony	The Colony	https://calendly.com/rcjmachadojiujitsuthecolony/30min	Y			https://calendly.com/rcjmachadojiujitsuthecolony/30min	HAS_STORED	5201 S Colony Blvd #575			snippets/tjjm-gyms-data-8.liquid
TX	TX	Maven Jiu-Jitsu Academy	The Woodlands	http://www.mavenbjj.com/	Y			http://www.mavenbjj.com/	HAS_STORED	538 Sawdust Rd			snippets/tjjm-gyms-data-8.liquid
TX	TX	Defenders Martial Arts Academy	Tomball	http://www.defendersmaa.com	Y		websites-2		HAS_STORED+BLANKED|RENDERS_BLANK	24922 Tomball Parkway Ste 112			snippets/tjjm-gyms-data-8.liquid
TX	TX	Global Martial Arts	Tomball	http://www.teamglobalmma.com	Y			http://www.teamglobalmma.com	HAS_STORED	11715 Spring Cypress Rd Ste B			snippets/tjjm-gyms-data-8.liquid
TX	TX	McCoy's Brazilian Jiu Jitsu & MMA - Tomball	Tomball	http://mccoysmma.com/	Y		websites-2		HAS_STORED+BLANKED|RENDERS_BLANK	419 E Hufsmith Rd			snippets/tjjm-gyms-data-8.liquid
TX	TX	WAR Training Center	Tomball	http://www.wartrainingcenter.com	Y			http://www.wartrainingcenter.com	HAS_STORED	18107 N Eldridge Pkwy Ste 320;340			snippets/tjjm-gyms-data-8.liquid
TX	TX	Ethos Jiu Jitsu and Martial Arts	Tyler	https://www.ethosjiujitsutyler.com	Y			https://www.ethosjiujitsutyler.com	HAS_STORED	4703 DC Drive Ste 105			snippets/tjjm-gyms-data-8.liquid
TX	TX	Gracie Barra Tyler Brazilian Jiu-Jitsu & Self Defense	Tyler	https://gbtyler.com/	Y			https://gbtyler.com/	HAS_STORED	6371 Elkton Trail			snippets/tjjm-gyms-data-8.liquid
TX	TX	Tyler BJJ	Tyler	https://tylerbjj.com	Y			https://tylerbjj.com	HAS_STORED			Y	snippets/tjjm-gyms-data.liquid
TX	TX	Satori MMA	Victoria	https://satorimma.com/	Y			https://satorimma.com/	HAS_STORED	2523 N Laurent St			snippets/tjjm-gyms-data-8.liquid
TX	TX	Martial arts of Waco	Waco	https://martialartswaco.com/	Y			https://martialartswaco.com/	HAS_STORED	504B Lake Air Dr			snippets/tjjm-gyms-data-8.liquid
TX	TX	Ralph Gracie Jiu-Jitsu Waco Texas	Waco	http://ralphgracietexas.com/	Y			http://ralphgracietexas.com/	HAS_STORED	1109 Richland Dr			snippets/tjjm-gyms-data-8.liquid
TX	TX	Select Jiu Jitsu Academy	Waco	http://www.selectjiujitsu.com/	Y			http://www.selectjiujitsu.com/	HAS_STORED	3116 Franklin Ave			snippets/tjjm-gyms-data-8.liquid
TX	TX	Waco BJJ	Waco	https://wacobjj.com	Y			https://wacobjj.com	HAS_STORED			Y	snippets/tjjm-gyms-data.liquid
TX	TX	Fitness Fight Factory	Watauga	https://fitnessfightfactory.com/watauga-schedule/	Y			https://fitnessfightfactory.com/watauga-schedule/	HAS_STORED	6801 Rufe Snow Dr STE 300			snippets/tjjm-gyms-data-8.liquid
TX	TX	Gracie Jiu-Jitsu Weatherford	Weatherford		N				NO_W_KEY|RENDERS_BLANK	1011 Upper Denton Rd Building 12			snippets/tjjm-gyms-data-8.liquid
TX	TX	Gracie Barra Texas	Webster	https://graciebarratx.com	Y			https://graciebarratx.com	HAS_STORED				snippets/tjjm-gyms-data.liquid
TX	TX	Red River BJJ	Wichita Falls	https://redriverbjj.com	Y			https://redriverbjj.com	HAS_STORED	2526 Missile Rd Suite 1			snippets/tjjm-gyms-data-8.liquid
TX	TX	Fighteria Academy	Wimberley	http://www.fighteriatx.com/	Y			http://www.fighteriatx.com/	HAS_STORED	10330 Ranch Rd 12			snippets/tjjm-gyms-data-8.liquid
TX	TX	VA Academy Jiu Jitsu	Wylie	https://www.vabjj.com	Y			https://www.vabjj.com	HAS_STORED	709 Business Way			snippets/tjjm-gyms-data-8.liquid
UT	UT	Paul Tom's Academy of Brazilian Jiu-Jitsu	American Fork	https://bjjutah.com	Y			https://bjjutah.com	HAS_STORED	920 E State St, American Fork, UT 84003			snippets/tjjm-gyms-data-38.liquid
UT	UT	Crown BJJ	Bluffdale	https://crownbjj.com	Y			https://crownbjj.com	HAS_STORED	14719 S 855 W, Bluffdale, UT 84065			snippets/tjjm-gyms-data-38.liquid
UT	UT	Viotti BJJ Academy	Bountiful	https://viottibjjacademy.com	Y			https://viottibjjacademy.com	HAS_STORED	545 W 500 S #130, Bountiful, UT 84010			snippets/tjjm-gyms-data-38.liquid
UT	UT	Cedar City BJJ	Cedar City	https://cedarcitybjj.com	Y			https://cedarcitybjj.com	HAS_STORED			Y	snippets/tjjm-gyms-data.liquid
UT	UT	Caique Jiu Jitsu Utah Academy	Clearfield	https://cjjutah.com	Y			https://cjjutah.com	HAS_STORED	1060 W 300 N Suite C, Clearfield, UT 84015			snippets/tjjm-gyms-data-38.liquid
UT	UT	Gracie Barra Heber City	Heber City	https://graciebarraheber.com	Y			https://graciebarraheber.com	HAS_STORED	2237 S 390 W, Heber City, UT 84032			snippets/tjjm-gyms-data-38.liquid
UT	UT	Adapt Jiu-Jitsu	Herriman	https://adaptbjj.com	Y			https://adaptbjj.com	HAS_STORED				snippets/tjjm-gyms-data-38.liquid
UT	UT	Gracie Barra Herriman	Herriman	https://gbherriman.com	Y			https://gbherriman.com	HAS_STORED	5746 W 13400 S, Herriman, UT 84096			snippets/tjjm-gyms-data-38.liquid
UT	UT	Ultimate Combat Training Center	Holladay	https://ultimatecombat.com	Y			https://ultimatecombat.com	HAS_STORED	1939 E Murray Holladay Rd, Holladay, UT 84117			snippets/tjjm-gyms-data-38.liquid
UT	UT	J-Crew Jiu-Jitsu	Hyrum	https://jcrewbjj.com	Y			https://jcrewbjj.com	HAS_STORED	120 N 800 E Bldg B Unit 4			snippets/tjjm-gyms-data-38.liquid
UT	UT	Renzo Gracie Utah	Kaysville	https://renzogracieutah.com	Y			https://renzogracieutah.com	HAS_STORED	860 W 300 N, Kaysville, UT			snippets/tjjm-gyms-data-38.liquid
UT	UT	Gracie Barra Layton	Layton	https://gblayton.com	Y			https://gblayton.com	HAS_STORED	70 S Fairfield Rd E #4, Layton, UT 84041			snippets/tjjm-gyms-data-38.liquid
UT	UT	Layton BJJ	Layton	https://laytonbjj.com	Y			https://laytonbjj.com	HAS_STORED			Y	snippets/tjjm-gyms-data.liquid
UT	UT	Team Link Utah	Layton	https://teamlinkutahbjj.com	Y			https://teamlinkutahbjj.com	HAS_STORED	3020 N Fairfield Rd Ste B			snippets/tjjm-gyms-data-38.liquid
UT	UT	Roots Combat Club	Lehi	https://rootscombatclub.com	Y			https://rootscombatclub.com	HAS_STORED	1657 N State St			snippets/tjjm-gyms-data-38.liquid
UT	UT	Cache Valley Martial Arts and Fitness	Logan	https://cachevalleymartialarts.com	Y			https://cachevalleymartialarts.com	HAS_STORED	953 W 700 N Ste 107			snippets/tjjm-gyms-data-38.liquid
UT	UT	Logan BJJ	Logan	https://loganbjj.com	Y			https://loganbjj.com	HAS_STORED			Y	snippets/tjjm-gyms-data.liquid
UT	UT	Infinity BJJ Utah	Mapleton	https://infinitybjjutah.com	Y			https://infinitybjjutah.com	HAS_STORED	1885 W Alvey Dr Unit 3			snippets/tjjm-gyms-data-38.liquid
UT	UT	First BJJ	Millcreek	https://firstbjj.com	Y			https://firstbjj.com	HAS_STORED	5508 Van Winkle, Salt Lake City, UT 84117			snippets/tjjm-gyms-data-38.liquid
UT	UT	Moab BJJ	Moab	https://moabbjj.com	Y			https://moabbjj.com	HAS_STORED			Y	snippets/tjjm-gyms-data.liquid
UT	UT	Gracie Barra North Salt Lake	North Salt Lake	https://gbnorthsaltlake.com	Y			https://gbnorthsaltlake.com	HAS_STORED	76 S Orchard Dr, North Salt Lake, UT 84054			snippets/tjjm-gyms-data-38.liquid
UT	UT	Mori Training Center	Ogden	https://mori-jiu-jitsu.com	Y			https://mori-jiu-jitsu.com	HAS_STORED	3733 S 250 W			snippets/tjjm-gyms-data-38.liquid
UT	UT	Ogden BJJ	Ogden	https://ogdenbjj.com	Y			https://ogdenbjj.com	HAS_STORED			Y	snippets/tjjm-gyms-data.liquid
UT	UT	Westside BJJ Ogden	Ogden	https://westsidebjjogden.com	Y			https://westsidebjjogden.com	HAS_STORED	2562 Washington Blvd			snippets/tjjm-gyms-data-38.liquid
UT	UT	Bobby Lawrence Karate Orem	Orem	https://oremkarate.com	Y			https://oremkarate.com	HAS_STORED	976 S State St			snippets/tjjm-gyms-data-38.liquid
UT	UT	Gracie Barra Orem	Orem	https://gborem-utah.com	Y			https://gborem-utah.com	HAS_STORED	64 State St, Orem, UT			snippets/tjjm-gyms-data-38.liquid
UT	UT	Orem BJJ	Orem	https://orembjj.com	Y			https://orembjj.com	HAS_STORED			Y	snippets/tjjm-gyms-data.liquid
UT	UT	BJJ Revolution Park City (Malmberg Jiu-Jitsu)	Park City	https://jiujitsurevolution.com	Y			https://jiujitsurevolution.com	HAS_STORED	2080 Gold Dust Lane			snippets/tjjm-gyms-data-38.liquid
UT	UT	Gracie Barra Park City	Park City	https://gbparkcity.com	Y			https://gbparkcity.com	HAS_STORED	8178 Gorgoza Pines Rd Ste G, Park City, UT 84098			snippets/tjjm-gyms-data-38.liquid
UT	UT	Park City Jiu Jitsu	Park City	https://parkcitybjj.com	Y			https://parkcitybjj.com	HAS_STORED	6430 N Business Park Loop Rd Unit D			snippets/tjjm-gyms-data-38.liquid
UT	UT	10th Planet Pleasant Grove	Pleasant Grove	https://10thplanetpleasantgrove.com	Y			https://10thplanetpleasantgrove.com	HAS_STORED	2416 W 700 S Unit 120			snippets/tjjm-gyms-data-38.liquid
UT	UT	Agema Jiu Jitsu and MMA	Provo	https://agemagym.com	Y			https://agemagym.com	HAS_STORED	1200 Towne Centre Blvd			snippets/tjjm-gyms-data-38.liquid
UT	UT	Provo BJJ	Provo	https://provobjj.com	Y			https://provobjj.com	HAS_STORED			Y	snippets/tjjm-gyms-data.liquid
UT	UT	Thiago Alves BJJ	Riverdale	https://thiagoalvesbjj.com	Y			https://thiagoalvesbjj.com	HAS_STORED	4042 Pacific Ave, Riverdale, UT 84405			snippets/tjjm-gyms-data-38.liquid
UT	UT	Gracie Barra Riverton	Riverton	https://gbriverton.com	Y			https://gbriverton.com	HAS_STORED	2936 W 12600 S Ste 1&2, Riverton, UT 84065			snippets/tjjm-gyms-data-38.liquid
UT	UT	10th Planet Jiu-Jitsu SLC	Salt Lake City	https://10thplanetslc.com	Y			https://10thplanetslc.com	HAS_STORED	215 S 1000 E, Salt Lake City, UT 84102			snippets/tjjm-gyms-data-38.liquid
UT	UT	Alliance Jiu Jitsu Utah	Salt Lake City	https://alliancejiujitsuutah.com	Y		websites-2		HAS_STORED+BLANKED|RENDERS_BLANK			Y	snippets/tjjm-gyms-data.liquid
UT	UT	Fusion Academy	Salt Lake City	https://fusionbjj.com	Y			https://fusionbjj.com	HAS_STORED	Simpson Ave, Salt Lake City, UT			snippets/tjjm-gyms-data-38.liquid
UT	UT	Gracie Barra Salt Lake City	Salt Lake City	https://gbslc.com	Y			https://gbslc.com	HAS_STORED				snippets/tjjm-gyms-data.liquid
UT	UT	Marangoni BJJ	Salt Lake City	https://bjjsaltlake.com	Y			https://bjjsaltlake.com	HAS_STORED	480 E 6th Ave, Salt Lake City, UT 84103			snippets/tjjm-gyms-data-38.liquid
UT	UT	Renzo Gracie SLC	Salt Lake City	https://renzogracieslc.com	Y			https://renzogracieslc.com	HAS_STORED	615 Simpson Ave, Salt Lake City, UT 84106			snippets/tjjm-gyms-data-38.liquid
UT	UT	SLC BJJ Academy	Salt Lake City	https://slcbjjacademy.com	Y		websites-2		HAS_STORED+BLANKED|RENDERS_BLANK			Y	snippets/tjjm-gyms-data.liquid
UT	UT	Elite Performance Gym (Jeremy Horn's)	Sandy	https://eliteperformancegym.com	Y			https://eliteperformancegym.com	HAS_STORED	9599 S 500 W			snippets/tjjm-gyms-data-38.liquid
UT	UT	Gracie Barra Sandy	Sandy	https://graciebarra.com/sandy-ut	Y			https://graciebarra.com/sandy-ut	HAS_STORED	8912 S 700 E, Sandy, UT 84070			snippets/tjjm-gyms-data-38.liquid
UT	UT	Sandy BJJ	Sandy	https://sandybjj.com	Y			https://sandybjj.com	HAS_STORED			Y	snippets/tjjm-gyms-data.liquid
UT	UT	Unified BJJ	South Jordan	https://unifiedbjj.com	Y			https://unifiedbjj.com	HAS_STORED	1098 W South Jordan Pkwy #107 & #108, South Jordan, UT 84095			snippets/tjjm-gyms-data-38.liquid
UT	UT	Vida Jiu-Jitsu Utah	Spanish Fork	https://vidajiujitsu.com	Y			https://vidajiujitsu.com	HAS_STORED	198 W 3450 N Ste 103			snippets/tjjm-gyms-data-38.liquid
UT	UT	Alliance Jiu Jitsu St. George	St. George	https://alliancejiujitsustgeorge.com	Y		websites-2		HAS_STORED+BLANKED|RENDERS_BLANK			Y	snippets/tjjm-gyms-data.liquid
UT	UT	Fusion MMA and Jiu Jitsu	St. George	https://teamfusionmma.com	Y			https://teamfusionmma.com	HAS_STORED	2746 E 850 N #1			snippets/tjjm-gyms-data-38.liquid
UT	UT	Fusion MMA and Jiu Jitsu Sunset	St. George	https://teamfusionmma.com	Y			https://teamfusionmma.com	HAS_STORED	1469 W Sunset Blvd			snippets/tjjm-gyms-data-38.liquid
UT	UT	Gracie Jiu-Jitsu St. George	St. George	https://graciestgeorge.com	Y			https://graciestgeorge.com	HAS_STORED	1478 S 270 E Ste 4A			snippets/tjjm-gyms-data-38.liquid
UT	UT	STG Jiu Jitsu	St. George	https://stgjiujitsu.com	Y			https://stgjiujitsu.com	HAS_STORED	1487 S Silicon Way A6			snippets/tjjm-gyms-data-38.liquid
UT	UT	Tooele Martial Arts Academy	Tooele	https://tooelemartialartsacademy.com	Y			https://tooelemartialartsacademy.com	HAS_STORED	10 S Garnet St Bldg 669 #4, Tooele, UT 84074			snippets/tjjm-gyms-data-38.liquid
UT	UT	Triad Jiu Jitsu	Vernal	https://triadjiujitsu.com	Y			https://triadjiujitsu.com	HAS_STORED	510 E Main St			snippets/tjjm-gyms-data-38.liquid
UT	UT	Vernal BJJ	Vernal	https://vernalbjj.com	Y			https://vernalbjj.com	HAS_STORED			Y	snippets/tjjm-gyms-data.liquid
UT	UT	Absolute MMA	West Jordan	https://absolutemma.com	Y			https://absolutemma.com	HAS_STORED	1338 W 7800 S			snippets/tjjm-gyms-data-38.liquid
UT	UT	CR Brazilian Jiu Jitsu	West Jordan	https://crbjjusa.com	Y			https://crbjjusa.com	HAS_STORED	5320 Wells Park Rd Unit 1			snippets/tjjm-gyms-data-38.liquid
UT	UT	Gracie Barra West Jordan	West Jordan	https://gbwestjordan.com	Y			https://gbwestjordan.com	HAS_STORED	8018 Welby Park Dr #2, West Jordan, UT 84088			snippets/tjjm-gyms-data-38.liquid
UT	UT	West Jordan BJJ	West Jordan	https://westjordanbjj.com	Y			https://westjordanbjj.com	HAS_STORED			Y	snippets/tjjm-gyms-data.liquid
VA	VA	Caio Terra Academy - Alexandria BJJ	Alexandria	http://www.alexandriabjj.com	Y			http://www.alexandriabjj.com	HAS_STORED	6118 Franconia Rd Ste 213			snippets/tjjm-gyms-data-23.liquid
VA	VA	Capital Jiu-Jitsu Academy-Royce Gracie Network	Alexandria		N				NO_W_KEY|RENDERS_BLANK	305 Hooffs Run Dr			snippets/tjjm-gyms-data-23.liquid
VA	VA	Crazy 88 BJJ Virginia	Alexandria	https://crazy88bjj.com/virginia	Y			https://crazy88bjj.com/virginia	HAS_STORED			Y	snippets/tjjm-gyms-data.liquid
VA	VA	High Noon BJJ & Fitness	Alexandria	http://highnoonbjj.com	Y			http://highnoonbjj.com	HAS_STORED	85 S Bragg St Ste 202			snippets/tjjm-gyms-data-23.liquid
VA	VA	King Khong MMA	Alexandria	http://kingkhong.com	Y			http://kingkhong.com	HAS_STORED	5601-G General Washington Dr			snippets/tjjm-gyms-data-23.liquid
VA	VA	Testudo BJJ Judo	Alexandria	http://testudobjj.com	Y			http://testudobjj.com	HAS_STORED	2731 Mt Vernon Ave Lower Level			snippets/tjjm-gyms-data-23.liquid
VA	VA	Lotus Thai Boxing and BJJ	Annandale	http://lotusthaiboxing.com	Y			http://lotusthaiboxing.com	HAS_STORED	4542 John Marr Dr Ste B			snippets/tjjm-gyms-data-23.liquid
VA	VA	Capitol Combat Sports	Arlington	http://capitolcombatsports.blogspot.com	Y			http://capitolcombatsports.blogspot.com	HAS_STORED	1750 Crystal Dr			snippets/tjjm-gyms-data-23.liquid
VA	VA	Darcio Lira Jiu Jitsu	Arlington	http://darciolirajjdcva.squarespace.com	Y			http://darciolirajjdcva.squarespace.com	HAS_STORED	1750 Crystal Dr			snippets/tjjm-gyms-data-23.liquid
VA	VA	District Martial Arts	Arlington	http://www.districtmartialarts.com	Y			http://www.districtmartialarts.com	HAS_STORED	927 N Quincy St			snippets/tjjm-gyms-data-23.liquid
VA	VA	EvolveAll - Martial Arts and Training Studio	Arlington	https://evolveall.com/	Y			https://evolveall.com/	HAS_STORED	1058 S Walter Reed Dr			snippets/tjjm-gyms-data-23.liquid
VA	VA	Kogaion Academy Brazilian Jiu-Jitsu & Judo	Arlington	http://www.kogaionacademy.com/	Y			http://www.kogaionacademy.com/	HAS_STORED	2788 S Arlington Mill Dr #100			snippets/tjjm-gyms-data-23.liquid
VA	VA	Leo Dalla Martial Arts Arlington at One Life Fitness Ballston	Arlington	http://leodalla.com/	Y			http://leodalla.com/	HAS_STORED	4238 Wilson Blvd.			snippets/tjjm-gyms-data-23.liquid
VA	VA	Pentagon Mixed Martial Arts	Arlington	http://www.pentagonmma.com/	Y			http://www.pentagonmma.com/	HAS_STORED	1041 S Edgewood St			snippets/tjjm-gyms-data-23.liquid
VA	VA	UFC GYM Arlington	Arlington	https://www.ufcgym.com/locations/arlington/	Y			https://www.ufcgym.com/locations/arlington/	HAS_STORED	1200 N Herndon St			snippets/tjjm-gyms-data-23.liquid
VA	VA	American Top Team Ashburn	Ashburn	https://attashburn.com/	Y			https://attashburn.com/	HAS_STORED	44921 George Washington Blvd #140			snippets/tjjm-gyms-data-23.liquid
VA	VA	Gracie Barra Ashburn, Brazilian Jiu-Jitsu and Self-Defense	Ashburn	https://www.gbashburn.com/	Y			https://www.gbashburn.com/	HAS_STORED	22556 Amendola Terrace Suite 130			snippets/tjjm-gyms-data-23.liquid
VA	VA	Kaizen MMA Ashburn	Ashburn	https://kzmma.com/	Y			https://kzmma.com/	HAS_STORED	21770 Beaumeade Circle, Ste 125			snippets/tjjm-gyms-data-23.liquid
VA	VA	Sparks Martial Arts Academy	Ashburn	https://www.sparksmma.com/	Y			https://www.sparksmma.com/	HAS_STORED	21720 Red Rum Dr			snippets/tjjm-gyms-data-23.liquid
VA	VA	Virginia Jiu-Jitsu Academy	Ashburn	http://www.virginiajiu-jitsuacademy.com	Y		websites-2		HAS_STORED+BLANKED|RENDERS_BLANK	21750 Red Rum Dr Ste 102			snippets/tjjm-gyms-data-23.liquid
VA	VA	RVA MMA Ashland	Ashland	http://rvamma.com/	Y		websites-2		HAS_STORED+BLANKED|RENDERS_BLANK	10966 Richardson Rd Suite E			snippets/tjjm-gyms-data-23.liquid
VA	VA	Revolution BJJ Ashland LLC	Ashland	http://www.revolutionbjjashland.com/	Y			http://www.revolutionbjjashland.com/	HAS_STORED	10393 Sliding Hill Rd Suite D			snippets/tjjm-gyms-data-23.liquid
VA	VA	MiKiDo	Bailey's Crossroads	http://www.mikido.com	Y			http://www.mikido.com	HAS_STORED	3443 Carlin Springs Rd			snippets/tjjm-gyms-data-23.liquid
VA	VA	Blacksburg BJJ	Blacksburg	https://blacksburgbjj.com	Y			https://blacksburgbjj.com	HAS_STORED			Y	snippets/tjjm-gyms-data.liquid
VA	VA	Team Mannon BJJ	Blacksburg	http://teammannonbjj.com/	Y			http://teammannonbjj.com/	HAS_STORED	700 N Main St			snippets/tjjm-gyms-data-23.liquid
VA	VA	Bristol Jiu Jitsu	Bristol	http://bristoljiujitsu.com/	Y			http://bristoljiujitsu.com/	HAS_STORED	100 Travelite Rd Suite 7			snippets/tjjm-gyms-data-23.liquid
VA	VA	Stryker Martial Arts / Carlos Machado Jiu-Jitsu Bristol	Bristol	http://strykermaa.com/	Y			http://strykermaa.com/	HAS_STORED	3170 Linden Dr Suite 8			snippets/tjjm-gyms-data-23.liquid
VA	VA	Elite Grappling	Cedar Bluff		N				NO_W_KEY|RENDERS_BLANK	23719 US-19			snippets/tjjm-gyms-data-23.liquid
VA	VA	Centreville Brazilian Jiu Jitsu	Centreville	http://www.centrevillebjj.com/	Y			http://www.centrevillebjj.com/	HAS_STORED	6206 Multiplex Dr			snippets/tjjm-gyms-data-23.liquid
VA	VA	Chantilly MMA Academy - Judo, BJJ and Muay Thai	Chantilly	https://www.chantillymma.com/	Y			https://www.chantillymma.com/	HAS_STORED	4124 Walney Rd Suite D			snippets/tjjm-gyms-data-23.liquid
VA	VA	Dimitri Chrisos Jiu Jitsu Academy	Chantilly	http://dc-bjj.com/	Y			http://dc-bjj.com/	HAS_STORED	4425 Brookfield Corporate Dr #900			snippets/tjjm-gyms-data-23.liquid
VA	VA	Fairfax Jiu Jitsu Academy	Chantilly	https://www.fairfaxjj.com/	Y			https://www.fairfaxjj.com/	HAS_STORED	4315-B Walney Road			snippets/tjjm-gyms-data-23.liquid
VA	VA	GB Chantilly	Chantilly	https://graciebarra.com/chantilly-va/	Y			https://graciebarra.com/chantilly-va/	HAS_STORED	4200 Lafayette Center Drive Suite N			snippets/tjjm-gyms-data-23.liquid
VA	VA	Silverback Academy	Chantilly		N				NO_W_KEY|RENDERS_BLANK	14740 Flint Lee Rd Suite F			snippets/tjjm-gyms-data-23.liquid
VA	VA	Charlottesville BJJ	Charlottesville	https://charlottesvillebjj.com	Y			https://charlottesvillebjj.com	HAS_STORED			Y	snippets/tjjm-gyms-data.liquid
VA	VA	Charlottesville Brazilian Jiu-Jitsu	Charlottesville	http://www.cvillebjj.com/	Y			http://www.cvillebjj.com/	HAS_STORED	1731 Allied St			snippets/tjjm-gyms-data-23.liquid
VA	VA	Gracie Charlottesville Jiu-Jitsu and Self Defense Academy	Charlottesville	https://graciecharlottesville.com/	Y			https://graciecharlottesville.com/	HAS_STORED	1646 Seminole Trail Suite 100			snippets/tjjm-gyms-data-23.liquid
VA	VA	Chesapeake BJJ	Chesapeake	https://chesapeakebjj.com	Y			https://chesapeakebjj.com	HAS_STORED			Y	snippets/tjjm-gyms-data.liquid
VA	VA	Da Firma Training Center	Chesapeake	https://dafirmatc.com/	Y			https://dafirmatc.com/	HAS_STORED	912 Professional Pl Ste A & B			snippets/tjjm-gyms-data-23.liquid
VA	VA	Gustavo Machado Brazilian Jiu Jitsu Chesapeake	Chesapeake	https://www.gmbjjchesapeake.com	Y			https://www.gmbjjchesapeake.com	HAS_STORED	123 Bruton Ct Ste 101			snippets/tjjm-gyms-data-23.liquid
VA	VA	Tidewater Academy Chesapeake	Chesapeake	http://tidewaterbjj.com/	Y			http://tidewaterbjj.com/	HAS_STORED	648 Grassfield Parkway Suite 18			snippets/tjjm-gyms-data-23.liquid
VA	VA	Virginia TaeKwonDo & Jiu-Jitsu Academy	Chesapeake	http://www.virginiatkd.com/	Y			http://www.virginiatkd.com/	HAS_STORED	1245 Cedar Rd			snippets/tjjm-gyms-data-23.liquid
VA	VA	Tech MMA & Fitness Academy	Christiansburg	http://techmmaacademy.com/	Y			http://techmmaacademy.com/	HAS_STORED	215 County Dr NE			snippets/tjjm-gyms-data-23.liquid
VA	VA	Tri-Cities JiuJitsu Club	Colonial Heights	https://tricitiesmartialartsclub.com/	Y			https://tricitiesmartialartsclub.com/	HAS_STORED	137 Pickwick Ave			snippets/tjjm-gyms-data-23.liquid
VA	VA	Culpeper Brazilian Jiu-Jitsu	Culpeper	http://crossfitculpeper.com/	Y		websites-2		HAS_STORED+BLANKED|RENDERS_BLANK	15488 Montanus Dr			snippets/tjjm-gyms-data-23.liquid
VA	VA	Yamasaki BJJ Culpeper	Culpeper	http://www.culpepermartialarts.com/	Y			http://www.culpepermartialarts.com/	HAS_STORED	331 Southgate Shopping Center			snippets/tjjm-gyms-data-23.liquid
VA	VA	Danville BJJ Virginia	Danville	https://danvillebjjva.com	Y			https://danvillebjjva.com	HAS_STORED			Y	snippets/tjjm-gyms-data.liquid
VA	VA	Capital MMA & Elite Fitness	Fairfax	https://www.capitalmma.com/fairfax/	Y			https://www.capitalmma.com/fairfax/	HAS_STORED	3226 Old Pickett Rd		Y	snippets/tjjm-gyms-data-23.liquid
VA	VA	Capital MMA & Elite Fitness Fairfax	Fairfax	https://www.capitalmma.com/fairfax/	Y			https://www.capitalmma.com/fairfax/	HAS_STORED	3226 Old Pickett Rd			snippets/tjjm-gyms-data-45.liquid
VA	VA	Comet BJJ	Fairfax	http://cometmma.com/	Y			http://cometmma.com/	HAS_STORED	3937-B University Dr			snippets/tjjm-gyms-data-23.liquid
VA	VA	Kaizen MMA Fairfax	Fairfax	http://www.kzmma.com/	Y			http://www.kzmma.com/	HAS_STORED	3950 University Dr STE 103			snippets/tjjm-gyms-data-23.liquid
VA	VA	OSA Martial Arts	Fairfax	http://www.emafairfax.com/	Y			http://www.emafairfax.com/	HAS_STORED	3848 Old Lee Hwy			snippets/tjjm-gyms-data-23.liquid
VA	VA	Top Game Brazilian Jiu-Jitsu	Fairfax	https://topgamebjj.com	Y			https://topgamebjj.com	HAS_STORED			Y	snippets/tjjm-gyms-data.liquid
VA	VA	UFC GYM Fairfax	Fairfax	https://www.ufcgym.com/locations/fairfax/	Y			https://www.ufcgym.com/locations/fairfax/	HAS_STORED	4475 Market Commons Dr			snippets/tjjm-gyms-data-23.liquid
VA	VA	Fifty/50 Martial Arts Academy	Falls Church	http://5050bjj.com	Y			http://5050bjj.com	HAS_STORED	929 W Broad St Ste 103			snippets/tjjm-gyms-data-23.liquid
VA	VA	Gracie NOVA at The Fighters Garage	Falls Church	https://thefightersgarage.com/	Y			https://thefightersgarage.com/	HAS_STORED	132 West Jefferson Street			snippets/tjjm-gyms-data-23.liquid
VA	VA	Kaizen MMA Falls Church	Falls Church	http://www.kzmma.com/	Y			http://www.kzmma.com/	HAS_STORED	2190 Pimmit Dr K - L			snippets/tjjm-gyms-data-23.liquid
VA	VA	10th Planet Fredericksburg	Fredericksburg	https://www.10thplanetfxbg.com/	Y			https://www.10thplanetfxbg.com/	HAS_STORED	19 Baron Park Rd #101			snippets/tjjm-gyms-data-23.liquid
VA	VA	DCB MMA & Athletic Training	Fredericksburg	http://www.dcbmma.com/	Y			http://www.dcbmma.com/	HAS_STORED	624 Wolfe St			snippets/tjjm-gyms-data-23.liquid
VA	VA	Darcio Lira Brazilian Jiu Jitsu	Fredericksburg	http://www.darciolirajjdcva.com/	Y			http://www.darciolirajjdcva.com/	HAS_STORED	215 Kings Hwy STE 105			snippets/tjjm-gyms-data-23.liquid
VA	VA	Enlisted Nine Fight Company - Virginia	Fredericksburg	http://www.e9fcva.com/	Y			http://www.e9fcva.com/	HAS_STORED	88 Le Way Dr Suite 123			snippets/tjjm-gyms-data-23.liquid
VA	VA	GB Fredericksburg	Fredericksburg	https://graciejiujitsufredericksburg.com/	Y		websites-2		HAS_STORED+BLANKED|RENDERS_BLANK	930 Bragg Rd			snippets/tjjm-gyms-data-23.liquid
VA	VA	Renegade Combat Sports Club	Fredericksburg	https://www.renegadecombatsports.com/	Y			https://www.renegadecombatsports.com/	HAS_STORED	1504 Interstate Business Park			snippets/tjjm-gyms-data-23.liquid
VA	VA	The Kennel MMA	Fredericksburg		N				NO_W_KEY|RENDERS_BLANK	Airport Ave			snippets/tjjm-gyms-data-23.liquid
VA	VA	The Lab MMA	Fredericksburg	http://www.thelabbjj.com/	Y		websites-2		HAS_STORED+BLANKED|RENDERS_BLANK	5061 Jefferson Davis Hwy			snippets/tjjm-gyms-data-23.liquid
VA	VA	Valhalla Academy of Martial Arts	Fredericksburg	https://www.martialartsfredericksburgva.com/	Y			https://www.martialartsfredericksburgva.com/	HAS_STORED	4705 Plank Rd #201			snippets/tjjm-gyms-data-23.liquid
VA	VA	Cheeseman Martial Arts Brazilian Jiu Jitsu	Hampton	http://cheesemanmartialarts.net/	Y			http://cheesemanmartialarts.net/	HAS_STORED	4126 W Mercury Blvd			snippets/tjjm-gyms-data-23.liquid
VA	VA	Five Crow Martial Arts & Fitness	Hampton	http://fivecrow.com	Y			http://fivecrow.com	HAS_STORED	1343 N King St Ste B			snippets/tjjm-gyms-data-23.liquid
VA	VA	New World Academy	Hampton	http://newworldacademybjj.com	Y			http://newworldacademybjj.com	HAS_STORED	3217 Commander Shepard Blvd			snippets/tjjm-gyms-data-23.liquid
VA	VA	Edge Effect Fitness and Martial Arts	Harrisonburg	https://www.edgeeffectfitness.com/	Y			https://www.edgeeffectfitness.com/	HAS_STORED	785 Acorn Dr #102			snippets/tjjm-gyms-data-23.liquid
VA	VA	Harrisonburg BJJ	Harrisonburg	https://harrisonburgbjj.com	Y			https://harrisonburgbjj.com	HAS_STORED			Y	snippets/tjjm-gyms-data.liquid
VA	VA	Pressure Brazilian Jiu-Jitsu Academy	Harrisonburg	https://m.facebook.com/pressurebjj17/about/	Y			https://m.facebook.com/pressurebjj17/about/	HAS_STORED	3211 Peoples Dr Suite 120			snippets/tjjm-gyms-data-23.liquid
VA	VA	Battlefield Jiu Jitsu	Haymarket	http://www.battlefieldjiujitsu.com/	Y			http://www.battlefieldjiujitsu.com/	HAS_STORED	14600 Washington St #160			snippets/tjjm-gyms-data-23.liquid
VA	VA	Phoenix Fitness & Martial Arts	Henrico	https://phoenixfma.com/	Y			https://phoenixfma.com/	HAS_STORED	3957 Deep Rock Rd			snippets/tjjm-gyms-data-23.liquid
VA	VA	Pedro Sauer Academy: One Spirit Martial Arts	Herndon	http://www.virginiabjj.com/	Y			http://www.virginiabjj.com/	HAS_STORED	314 Victory Dr			snippets/tjjm-gyms-data-23.liquid
VA	VA	Odyssey MMA	King William	http://www.odysseymma.com/	Y			http://www.odysseymma.com/	HAS_STORED	694 Sharon Road Suite O			snippets/tjjm-gyms-data-23.liquid
VA	VA	Tenth Round Boxing & MMA	Leesburg	https://www.pedroboxing.com/	Y		websites-2		HAS_STORED+BLANKED|RENDERS_BLANK	737 Bonnie Ridge Dr NE			snippets/tjjm-gyms-data-23.liquid
VA	VA	Shannon Arts Jiu-Jitsu & Wrestling Front Royal	Linden	http://www.shannonajj.com/	Y			http://www.shannonajj.com/	HAS_STORED	3056 Dismal Hollow Rd			snippets/tjjm-gyms-data-23.liquid
VA	VA	Checkmat Lynchburg Jiu Jitsu	Lynchburg	https://www.checkmatvirginia.com/	Y			https://www.checkmatvirginia.com/	HAS_STORED	18805 Forest Rd			snippets/tjjm-gyms-data-23.liquid
VA	VA	Feks MMA	Lynchburg	http://www.mma4lynchburg.com/	Y		websites-2		HAS_STORED+BLANKED|RENDERS_BLANK	18478 Forest Road Suite 9			snippets/tjjm-gyms-data-23.liquid
VA	VA	Jamerson YMCA Martial Arts: Brazilian Jiu-Jitsu & Kempo Karate	Lynchburg	http://lynchburgkempobjj.com/	Y			http://lynchburgkempobjj.com/	HAS_STORED	801 Wyndhurst Dr #2550			snippets/tjjm-gyms-data-23.liquid
VA	VA	Lynchburg BJJ	Lynchburg	https://lynchburgbjj.com	Y			https://lynchburgbjj.com	HAS_STORED			Y	snippets/tjjm-gyms-data.liquid
VA	VA	Nomad JiuJitsu	Lynchburg	http://nomadjitsu.com/	Y			http://nomadjitsu.com/	HAS_STORED	118 Davis Cup Rd			snippets/tjjm-gyms-data-23.liquid
VA	VA	Renaissance Academy of Martial Arts	Lynchburg	https://ramarts.com/	Y			https://ramarts.com/	HAS_STORED	1209 Commerce St			snippets/tjjm-gyms-data-23.liquid
VA	VA	The Edge Martial Arts and Tumbling	Lynchburg	http://theedgeforlife.com/	Y			http://theedgeforlife.com/	HAS_STORED	20722 Timberlake Rd			snippets/tjjm-gyms-data-23.liquid
VA	VA	Dominion BJJ	Manassas	https://dominionbjj.com/	Y			https://dominionbjj.com/	HAS_STORED	8068 Flannery Ct			snippets/tjjm-gyms-data-23.liquid
VA	VA	Vanguard Gym	Manassas	https://www.vanguardgym.com/	Y			https://www.vanguardgym.com/	HAS_STORED	9414 Center Point Ln			snippets/tjjm-gyms-data-23.liquid
VA	VA	BOA BJJ Academy	Mechanicsville	http://boabjj.com/	Y			http://boabjj.com/	HAS_STORED	8324 Bell Creek Rd St 200			snippets/tjjm-gyms-data-23.liquid
VA	VA	804 Jiu-Jitsu / Team Passos	Midlothian	http://www.804jiu-jitsu.com/	Y			http://www.804jiu-jitsu.com/	HAS_STORED	4816 Market Square Ln #4826			snippets/tjjm-gyms-data-23.liquid
VA	VA	Apex Jiu Jitsu	Midlothian	http://apexjiujitsuva.com/	Y			http://apexjiujitsuva.com/	HAS_STORED	13961 Raised Antler Cir			snippets/tjjm-gyms-data-23.liquid
VA	VA	Breakaway Jiu Jitsu	Newport News	http://www.breakawayjiujitsu.com	Y		websites-2		HAS_STORED+BLANKED|RENDERS_BLANK	11861 Canon Blvd Unit F			snippets/tjjm-gyms-data-23.liquid
VA	VA	East Wind Academy of Martial Arts	Newport News	http://www.eastwindacademy.com/	Y			http://www.eastwindacademy.com/	HAS_STORED	13361-A Warwick Blvd			snippets/tjjm-gyms-data-23.liquid
VA	VA	Newport News BJJ	Newport News	https://newportnewsbjj.com	Y			https://newportnewsbjj.com	HAS_STORED			Y	snippets/tjjm-gyms-data.liquid
VA	VA	Alliance Jiu Jitsu Norfolk	Norfolk	https://alliancebjjnorfolk.com	Y			https://alliancebjjnorfolk.com	HAS_STORED			Y	snippets/tjjm-gyms-data.liquid
VA	VA	Clayton Phillips Jiu Jitsu	Norfolk	http://norfolkjiujitsu.com	Y			http://norfolkjiujitsu.com	HAS_STORED	222 W 21st St			snippets/tjjm-gyms-data-23.liquid
VA	VA	Gustavo Machado Norfolk	Norfolk	http://www.gustavomachadonorfolk.com	Y			http://www.gustavomachadonorfolk.com	HAS_STORED	3856 East Little Creek Rd			snippets/tjjm-gyms-data-23.liquid
VA	VA	Kobukan Martial Arts Academy	Norfolk	https://kmadojo.org/	Y			https://kmadojo.org/	HAS_STORED	9563 Shore Drive			snippets/tjjm-gyms-data-23.liquid
VA	VA	Norfolk Karate Academy / Gracie Jiu Jitsu Norfolk	Norfolk	http://www.norfolkkarate.com/	Y			http://www.norfolkkarate.com/	HAS_STORED	814-A W 45th St			snippets/tjjm-gyms-data-23.liquid
VA	VA	The House of Muay Thai	Norfolk	http://thehouseofmuaythai.com/	Y			http://thehouseofmuaythai.com/	HAS_STORED	2119 Colonial Ave			snippets/tjjm-gyms-data-23.liquid
VA	VA	UFC GYM Norfolk	Norfolk	https://www.ufcgym.com/locations/norfolk/	Y			https://www.ufcgym.com/locations/norfolk/	HAS_STORED	5930 E Virginia Beach Blvd			snippets/tjjm-gyms-data-23.liquid
VA	VA	Yamasaki Academy Springfield	North Springfield	http://www.yamasakispringfield.com/	Y			http://www.yamasakispringfield.com/	HAS_STORED	5405 Port Royal Rd			snippets/tjjm-gyms-data-23.liquid
VA	VA	UFC GYM Reston	Oak Hill	https://www.ufcgym.com/locations/reston/	Y			https://www.ufcgym.com/locations/reston/	HAS_STORED	11710 Plaza America Dr Suite C			snippets/tjjm-gyms-data-23.liquid
VA	VA	Bushido MMA (Muay Thai and BJJ)	Portsmouth	http://bushidomma.net/	Y		websites-2		HAS_STORED+BLANKED|RENDERS_BLANK	6031 High Street West			snippets/tjjm-gyms-data-23.liquid
VA	VA	TIGER Academy of Martial Arts Portsmouth	Portsmouth	https://trytigeracademy.com/location/portsmouth-va/	Y			https://trytigeracademy.com/location/portsmouth-va/	HAS_STORED	5801 Portsmouth Blvd			snippets/tjjm-gyms-data-23.liquid
VA	VA	Universal General Mixed Martial Arts	Portsmouth	http://www.ugmma.com/	Y			http://www.ugmma.com/	HAS_STORED	3144 Victory Blvd			snippets/tjjm-gyms-data-23.liquid
VA	VA	Justin Lough Brazilian Jiu Jitsu	Purcellville	http://www.jloughbjj.com/	Y			http://www.jloughbjj.com/	HAS_STORED	37251 E Richardson Ln			snippets/tjjm-gyms-data-23.liquid
VA	VA	Kaizen MMA Purcellville	Purcellville	http://www.kzmma.com/	Y			http://www.kzmma.com/	HAS_STORED	109 E Main St			snippets/tjjm-gyms-data-23.liquid
VA	VA	Alliance Jiu Jitsu Virginia	Richmond	https://alliancejiujitsuvirginia.com	Y			https://alliancejiujitsuvirginia.com	HAS_STORED			Y	snippets/tjjm-gyms-data.liquid
VA	VA	Gracie Jiu-Jitsu Richmond	Richmond		N				NO_W_KEY|RENDERS_BLANK	6024 Brook Road			snippets/tjjm-gyms-data-23.liquid
VA	VA	Richmond BJJ Academy	Richmond	https://richmondbjj.com	Y			https://richmondbjj.com	HAS_STORED			Y	snippets/tjjm-gyms-data.liquid
VA	VA	Richmond Brazilian Jiu-Jitsu & Self-Defense Academy	Richmond	https://www.richmondbjj.com/	Y			https://www.richmondbjj.com/	HAS_STORED	725 West Broad Street			snippets/tjjm-gyms-data-23.liquid
VA	VA	Top Game BJJ Academy	Richmond	https://topgamebjj.com/	Y			https://topgamebjj.com/	HAS_STORED	8324 Staples Mill Road			snippets/tjjm-gyms-data-23.liquid
VA	VA	Hybrid Martial Arts Center	Roanoke	http://www.hybridroanoke.com/	Y			http://www.hybridroanoke.com/	HAS_STORED	310 Salem Ave SW			snippets/tjjm-gyms-data-23.liquid
VA	VA	Roanoke BJJ	Roanoke	https://roanokebjj.com	Y			https://roanokebjj.com	HAS_STORED			Y	snippets/tjjm-gyms-data.liquid
VA	VA	Roanoke Jujutsu Club	Salem	https://www.facebook.com/roanokejujutsu/	Y			https://www.facebook.com/roanokejujutsu/	HAS_STORED	624 East 8th Street			snippets/tjjm-gyms-data-23.liquid
VA	VA	Arte Suave Jiu-Jitsu	Springfield	http://www.artesuave-bjj.com/	Y			http://www.artesuave-bjj.com/	HAS_STORED	7841 Rolling Rd Suite D			snippets/tjjm-gyms-data-23.liquid
VA	VA	Staunton BJJ	Staunton	https://stauntonbjj.com	Y			https://stauntonbjj.com	HAS_STORED			Y	snippets/tjjm-gyms-data.liquid
VA	VA	Total Defense Martial Arts	Staunton	https://totaldefensema.com/	Y			https://totaldefensema.com/	HAS_STORED	708 D St			snippets/tjjm-gyms-data-23.liquid
VA	VA	Caio Terra Academy - Sterling	Sterling	https://www.bjjvirginia.com/	Y			https://www.bjjvirginia.com/	HAS_STORED	21430 Cedar Dr Suite 120			snippets/tjjm-gyms-data-23.liquid
VA	VA	Capital MMA & Elite Fitness	Sterling	https://www.capitalmma.com/loudoun-dulles/	Y			https://www.capitalmma.com/loudoun-dulles/	HAS_STORED	23520 Overland Dr #164		Y	snippets/tjjm-gyms-data-23.liquid
VA	VA	Capital MMA & Elite Fitness Sterling	Sterling	https://www.capitalmma.com/loudoun-dulles/	Y			https://www.capitalmma.com/loudoun-dulles/	HAS_STORED	23520 Overland Dr #164			snippets/tjjm-gyms-data-45.liquid
VA	VA	Disciple MMA Academy	Sterling	http://www.disciplemmaacademy.com/	Y			http://www.disciplemmaacademy.com/	HAS_STORED	21240 Ridgetop Cir Suite 110			snippets/tjjm-gyms-data-23.liquid
VA	VA	Double Phoenix Jiu Jitsu	Sterling	https://www.doublephoenixjj.com/	Y			https://www.doublephoenixjj.com/	HAS_STORED	45714 Oakbrook Ct #160			snippets/tjjm-gyms-data-23.liquid
VA	VA	Team Passos Jiu Jitsu	Sterling		N				NO_W_KEY|RENDERS_BLANK	22446 Davis Dr #153			snippets/tjjm-gyms-data-23.liquid
VA	VA	Good2Go MMA	Strasburg	http://linktr.ee/good2go_mma	Y			http://linktr.ee/good2go_mma	HAS_STORED	100 Founders Way #4			snippets/tjjm-gyms-data-23.liquid
VA	VA	Augusta Combat Sports	Stuarts Draft	http://www.augustacombatsports.com/	Y		websites-2		HAS_STORED+BLANKED|RENDERS_BLANK	2627 Stuarts Draft Hwy Suite 101			snippets/tjjm-gyms-data-23.liquid
VA	VA	Suffolk BJJ	Suffolk	https://suffolkbjj.com	Y			https://suffolkbjj.com	HAS_STORED			Y	snippets/tjjm-gyms-data.liquid
VA	VA	TIGER Academy of Martial Arts Suffolk	Suffolk	https://trytigeracademy.com/location/suffolk-va/	Y			https://trytigeracademy.com/location/suffolk-va/	HAS_STORED	1208 N Main St			snippets/tjjm-gyms-data-23.liquid
VA	VA	Principle MMA	Timberville		N				NO_W_KEY|RENDERS_BLANK	165 Shenandoah Ave			snippets/tjjm-gyms-data-23.liquid
VA	VA	Abmar Barbosa JJ Academy	Vienna	https://www.abmarbjjacademy.com	Y			https://www.abmarbjjacademy.com	HAS_STORED	8460-D Tyco Rd			snippets/tjjm-gyms-data-23.liquid
VA	VA	American Fight Club	Vienna	http://afcva.com/	Y			http://afcva.com/	HAS_STORED	8480 Tyco Rd			snippets/tjjm-gyms-data-23.liquid
VA	VA	David Jacobs BJJ Academy	Vienna	http://www.therockbjj.com	Y			http://www.therockbjj.com	HAS_STORED	8500 Tyco Road			snippets/tjjm-gyms-data-23.liquid
VA	VA	Kaizen MMA Vienna	Vienna	http://www.kzmma.com/	Y			http://www.kzmma.com/	HAS_STORED	124 Branch Rd SE			snippets/tjjm-gyms-data-23.liquid
VA	VA	Tysons Brazilian Jiu Jitsu and Haganah	Vienna	https://www.tysonsbjj.com/	Y			https://www.tysonsbjj.com/	HAS_STORED	8453 Tyco Rd J			snippets/tjjm-gyms-data-23.liquid
VA	VA	Grappling Sports	Vinton	http://grapplingsports.com/	Y			http://grapplingsports.com/	HAS_STORED	1110 Vinyard Rd			snippets/tjjm-gyms-data-23.liquid
VA	VA	Roanoke Judo & Jiu Jitsu Club	Vinton	https://instagram.com/roanokejudoandjiujitsu	Y			https://instagram.com/roanokejudoandjiujitsu	HAS_STORED	1316 E Washington Ave			snippets/tjjm-gyms-data-23.liquid
VA	VA	Chaos Jiu Jitsu	Virginia Beach	https://www.chaosjiujitsu.com/	Y			https://www.chaosjiujitsu.com/	HAS_STORED	4704 Princess Anne Rd			snippets/tjjm-gyms-data-23.liquid
VA	VA	Coastal Brazilian Jiu Jitsu	Virginia Beach	http://www.coastalbjj.com/	Y			http://www.coastalbjj.com/	HAS_STORED	1485 General Booth Blvd			snippets/tjjm-gyms-data-23.liquid
VA	VA	Diego Bispo Academy	Virginia Beach	http://diegobispoacademy.com/	Y			http://diegobispoacademy.com/	HAS_STORED	509 Viking Drive, Suite J			snippets/tjjm-gyms-data-23.liquid
VA	VA	Eastern Academy of Mixed Martial Arts	Virginia Beach	http://www.easternacademy.com	Y			http://www.easternacademy.com	HAS_STORED	3900 Bonney Rd Ste 213			snippets/tjjm-gyms-data-23.liquid
VA	VA	Element Academy of Jiu-Jitsu	Virginia Beach	http://www.elementbjj.com/	Y			http://www.elementbjj.com/	HAS_STORED	434 Newtown Rd			snippets/tjjm-gyms-data-23.liquid
VA	VA	Ferox Jiu-Jitsu	Virginia Beach	https://feroxjiujitsu.com	Y			https://feroxjiujitsu.com	HAS_STORED	2424 Castleton Commerce Way Unit 1004			snippets/tjjm-gyms-data-23.liquid
VA	VA	Gracie Jiu-Jitsu Virginia Beach	Virginia Beach	https://graciejiujitsuvb.com/	Y			https://graciejiujitsuvb.com/	HAS_STORED	1925 Landstown Centre Way Suite 220			snippets/tjjm-gyms-data-23.liquid
VA	VA	Impact Martial Arts Academy	Virginia Beach	https://www.impact-athletes.com/	Y			https://www.impact-athletes.com/	HAS_STORED	3877 Holland Road #511			snippets/tjjm-gyms-data-23.liquid
VA	VA	Virginia Beach BJJ	Virginia Beach	https://virginiabeachbjj.com	Y			https://virginiabeachbjj.com	HAS_STORED			Y	snippets/tjjm-gyms-data.liquid
VA	VA	Iron Sharpens Iron Brazilian Jiu Jitsu Academy	Winchester	https://www.winchesterbjj.com/	Y			https://www.winchesterbjj.com/	HAS_STORED				snippets/tjjm-gyms-data-23.liquid
VA	VA	Shark Pit Jiu Jitsu	Winchester	https://sharkpitbjj.com	Y			https://sharkpitbjj.com	HAS_STORED	221 Commonwealth Ct			snippets/tjjm-gyms-data-23.liquid
VA	VA	Winbjj Mixed Martial Arts	Winchester	http://www.winbjj.com/	Y		websites-2		HAS_STORED+BLANKED|RENDERS_BLANK	4048 Valley Pike			snippets/tjjm-gyms-data-23.liquid
VA	VA	Winchester BJJ	Winchester	https://winchesterbjj.com	Y			https://winchesterbjj.com	HAS_STORED			Y	snippets/tjjm-gyms-data.liquid
VA	VA	Gold Medal Grappling	Woodbridge	http://www.ameri-jitsu.com/	Y		websites-2		HAS_STORED+BLANKED|RENDERS_BLANK	Hanco Center Drive			snippets/tjjm-gyms-data-23.liquid
VA	VA	Leo Dalla Martial Arts	Woodbridge	http://leodalla.com/	Y			http://leodalla.com/	HAS_STORED	12608 Darby Brook Ct			snippets/tjjm-gyms-data-23.liquid
VA	VA	Trident Academy MMA	Woodbridge	http://www.tridentmartialarts.com/	Y			http://www.tridentmartialarts.com/	HAS_STORED	3310 Noble Pond Way #104			snippets/tjjm-gyms-data-23.liquid
VA	VA	UFC GYM Woodbridge	Woodbridge	https://www.ufcgym.com/locations/woodbridge/	Y			https://www.ufcgym.com/locations/woodbridge/	HAS_STORED	4188 Merchant Plaza			snippets/tjjm-gyms-data-23.liquid
VA	VA	Yamasaki Academy Woodbridge	Woodbridge	https://yamasakiwoodbridge.zohobookings.com/	Y			https://yamasakiwoodbridge.zohobookings.com/	HAS_STORED	13546 Minnieville Rd			snippets/tjjm-gyms-data-23.liquid
VA	VA	Modern American MMA	Yorktown	http://www.mammas-boys.com/	Y		websites-2		HAS_STORED+BLANKED|RENDERS_BLANK	107 Production Dr.			snippets/tjjm-gyms-data-23.liquid
VA	VA	Ribeiro Jiu-Jitsu	Yorktown	http://www.ribeirojiujitsuyorktown.com	Y			http://www.ribeirojiujitsuyorktown.com	HAS_STORED	104 Production Dr			snippets/tjjm-gyms-data-23.liquid
VT	VT	Barre BJJ	Barre	https://barrebjj.com	Y			https://barrebjj.com	HAS_STORED			Y	snippets/tjjm-gyms-data.liquid
VT	VT	Bennington BJJ	Bennington	https://benningtonbjj.com	Y			https://benningtonbjj.com	HAS_STORED			Y	snippets/tjjm-gyms-data.liquid
VT	VT	Brattleboro BJJ	Brattleboro	https://brattleborobjj.com	Y			https://brattleborobjj.com	HAS_STORED			Y	snippets/tjjm-gyms-data.liquid
VT	VT	Brattleboro Jiu-Jitsu	Brattleboro	https://www.brattleborojiujitsu.com	Y			https://www.brattleborojiujitsu.com	HAS_STORED	55 Marlboro Rd., Suite 14, Brattleboro, VT 05301			snippets/tjjm-gyms-data-40.liquid
VT	VT	Burlington Brazilian Jiu Jitsu	Burlington	https://burlingtonbjj.com	Y			https://burlingtonbjj.com	HAS_STORED			Y	snippets/tjjm-gyms-data.liquid
VT	VT	Green Mountain BJJ	Burlington	https://greenmountainbjj.com	Y		websites-2		HAS_STORED+BLANKED|RENDERS_BLANK			Y	snippets/tjjm-gyms-data.liquid
VT	VT	Grind BJJ	Burlington	https://grindbjjvt.com	Y			https://grindbjjvt.com	HAS_STORED	294 N Winooski Ave #112B, Burlington, VT 05401			snippets/tjjm-gyms-data-40.liquid
VT	VT	Vermont BJJ	Burlington	https://vermontbjj.com	Y			https://vermontbjj.com	HAS_STORED				snippets/tjjm-gyms-data.liquid
VT	VT	Martial Way Self-Defense Center	Colchester	https://martialwayvt.com	Y			https://martialwayvt.com	HAS_STORED	73 Prim Road, Colchester, VT 05446			snippets/tjjm-gyms-data-40.liquid
VT	VT	Gracie Jiu Jitsu Vermont	Essex Junction	https://www.gracievermont.com	Y			https://www.gracievermont.com	HAS_STORED	90 Center Road, Essex Junction, VT 05452			snippets/tjjm-gyms-data-40.liquid
VT	VT	Granite City MMA	Graniteville	https://www.granitecitymmavt.com	Y			https://www.granitecitymmavt.com	HAS_STORED	223 Church Hill Rd, Graniteville, VT 05654			snippets/tjjm-gyms-data-40.liquid
VT	VT	Kingdom Jiu Jitsu	Hardwick	https://sites.google.com/view/kingdomjiujitsu/home	Y			https://sites.google.com/view/kingdomjiujitsu/home	HAS_STORED	154 VT Route 15, Hardwick, VT 05843			snippets/tjjm-gyms-data-40.liquid
VT	VT	Middlebury American Jiu Jitsu Academy	Middlebury	https://mbjiujitsu.com	Y			https://mbjiujitsu.com	HAS_STORED	812 Exchange Street, Middlebury, VT 05753			snippets/tjjm-gyms-data-40.liquid
VT	VT	Gracie Vermont	Montpelier	https://gracievermont.com	Y			https://gracievermont.com	HAS_STORED			Y	snippets/tjjm-gyms-data.liquid
VT	VT	Montpelier BJJ	Montpelier	https://montpelierbjj.com	Y			https://montpelierbjj.com	HAS_STORED				snippets/tjjm-gyms-data.liquid
VT	VT	Rutland American Jiu Jitsu Academy	Rutland	https://rutlandjiujitsu.com	Y			https://rutlandjiujitsu.com	HAS_STORED	228 S Main Street, Rutland, VT 05701			snippets/tjjm-gyms-data-40.liquid
VT	VT	Rutland BJJ	Rutland	https://rutlandbjj.com	Y			https://rutlandbjj.com	HAS_STORED			Y	snippets/tjjm-gyms-data.liquid
VT	VT	Northeast Kingdom BJJ	St. Johnsbury	https://nekbjj.com	Y			https://nekbjj.com	HAS_STORED				snippets/tjjm-gyms-data.liquid
VT	VT	White River BJJ	White River Junction	https://whiteriverbjj.com	Y		websites-2		HAS_STORED+BLANKED|RENDERS_BLANK			Y	snippets/tjjm-gyms-data.liquid
VT	VT	Combat Fitness MMA	Winooski	https://combatfitnessmma.com	Y			https://combatfitnessmma.com	HAS_STORED	276 East Allen Street, Unit 8, Winooski, VT 05404			snippets/tjjm-gyms-data-40.liquid
WA	WA	Grays Harbor Brazilian Jiu-Jitsu	Aberdeen	www.facebook.com/GHBRAZILIANJIUJITSU	Y			www.facebook.com/GHBRAZILIANJIUJITSU	HAS_STORED	320 W Market St			snippets/tjjm-gyms-data-34.liquid
WA	WA	AKA MMA & Fitness	Arlington	www.arlingtonkickboxingacademy.com	Y			www.arlingtonkickboxingacademy.com	HAS_STORED	5919 195th St NE #2			snippets/tjjm-gyms-data-34.liquid
WA	WA	Auburn WA BJJ	Auburn	https://auburnwabjj.com	Y			https://auburnwabjj.com	HAS_STORED			Y	snippets/tjjm-gyms-data.liquid
WA	WA	Peak MMA & Fitness LLC Auburn	Auburn	peakmmafitness.com	Y			peakmmafitness.com	HAS_STORED	328 37th St NW Suite A			snippets/tjjm-gyms-data-34.liquid
WA	WA	Precision Movement	Bainbridge Island	www.precisionmovement.org	Y			www.precisionmovement.org	HAS_STORED	840 Madison Ave N Ste 203			snippets/tjjm-gyms-data-34.liquid
WA	WA	Battle Ground Martial Arts Academy	Battle Ground	bmarodefit.com	Y			bmarodefit.com	HAS_STORED	717 W Main St Unit 126			snippets/tjjm-gyms-data-34.liquid
WA	WA	Elite Brazilian Jiu-Jitsu of Factoria	Bellevue		Y				EMPTY_STORED|RENDERS_BLANK	13222 SE 30th St Ste A-4			snippets/tjjm-gyms-data-34.liquid
WA	WA	Ring Sports United	Bellevue	ringsportsunited.com	Y			ringsportsunited.com	HAS_STORED	1910 132nd Ave NE Ste 11			snippets/tjjm-gyms-data-34.liquid
WA	WA	Seiei Martial Arts and Fitness Center	Bellevue		Y				EMPTY_STORED|RENDERS_BLANK	12611 Northup Way #300			snippets/tjjm-gyms-data-34.liquid
WA	WA	Bellingham BJJ	Bellingham	https://bellinghambjj.com	Y			https://bellinghambjj.com	HAS_STORED		205 W Holly St		snippets/tjjm-gyms-data.liquid
WA	WA	Bellingham Mixed Martial Arts	Bellingham	www.bellinghammma.com	Y			www.bellinghammma.com	HAS_STORED	2694 Roeder Ave #101			snippets/tjjm-gyms-data-34.liquid
WA	WA	Rock Solid Martial Arts	Bellingham	www.rocksolidmartialarts.com	Y			www.rocksolidmartialarts.com	HAS_STORED	1101 N State St Ste 107			snippets/tjjm-gyms-data-34.liquid
WA	WA	Bonney Lake Brazilian Jiu Jitsu Academy (Team Butler)	Bonney Lake	www.facebook.com/Bonney-Lake-Brazilian-Jiu-Jitsu-Academy-103477605304385	Y			www.facebook.com/Bonney-Lake-Brazilian-Jiu-Jitsu-Academy-103477605304385	HAS_STORED	20616 WA-410			snippets/tjjm-gyms-data-34.liquid
WA	WA	Bothell Martial Arts Academy	Bothell	bmaabothell.com	Y			bmaabothell.com	HAS_STORED	17903 Bothell-Everett Hwy Ste 102			snippets/tjjm-gyms-data-34.liquid
WA	WA	Evergreen Karate	Bothell	evergreenkarate.com	Y			evergreenkarate.com	HAS_STORED	10121 Main St			snippets/tjjm-gyms-data-34.liquid
WA	WA	Northshore MMA & Fitness	Bothell		Y				EMPTY_STORED|RENDERS_BLANK	10420 East Riverside Dr Ste 101			snippets/tjjm-gyms-data-34.liquid
WA	WA	Bremerton Academy of Martial Arts	Bremerton	www.bremertonmartialarts.org	Y			www.bremertonmartialarts.org	HAS_STORED	633 N Callow Ave			snippets/tjjm-gyms-data-34.liquid
WA	WA	Bremerton BJJ	Bremerton	https://bremertonbjj.com	Y			https://bremertonbjj.com	HAS_STORED			Y	snippets/tjjm-gyms-data.liquid
WA	WA	Hybrid Gym & Training Center	Bremerton	www.hybridgyms.com	Y			www.hybridgyms.com	HAS_STORED	5960 SR 303			snippets/tjjm-gyms-data-34.liquid
WA	WA	Shaolin Mixed Martial Arts	Bremerton	www.shaolinmixedmartialarts.com	Y			www.shaolinmixedmartialarts.com	HAS_STORED	1550 Riddell Rd NE Ste 110			snippets/tjjm-gyms-data-34.liquid
WA	WA	Urban Alliance Training Center	Brush Prairie		Y				EMPTY_STORED|RENDERS_BLANK	12313 NE 152nd St			snippets/tjjm-gyms-data-34.liquid
WA	WA	Forge Combat Academy	Camas		Y				EMPTY_STORED|RENDERS_BLANK	4325 NW Lake Rd			snippets/tjjm-gyms-data-34.liquid
WA	WA	Universal Jiu Jitsu	Camas	www.universaljj.com	Y			www.universaljj.com	HAS_STORED	217 NE 4th Ave			snippets/tjjm-gyms-data-34.liquid
WA	WA	EchoValor Striking & MMA	Centralia	www.echovalor.com	Y			www.echovalor.com	HAS_STORED	2417 Harrison Ave			snippets/tjjm-gyms-data-34.liquid
WA	WA	Connection Rio Jiu-Jitsu Academy	College Place		Y				EMPTY_STORED|RENDERS_BLANK	508 S College Ave		Y	snippets/tjjm-gyms-data-34.liquid
WA	WA	Connection Rio Jiu-Jitsu Academy College Place	College Place		N				NO_W_KEY|RENDERS_BLANK	508 S College Ave			snippets/tjjm-gyms-data-45.liquid
WA	WA	SMASH BJJ Deer Park	Deer Park	smashbjjspokane.com	Y			smashbjjspokane.com	HAS_STORED	847 S Main St			snippets/tjjm-gyms-data-34.liquid
WA	WA	Gentle Human BJJ	Des Moines	www.gentlehumanbjj.com	Y			www.gentlehumanbjj.com	HAS_STORED	22235 7th Ave S			snippets/tjjm-gyms-data-34.liquid
WA	WA	Gracie Barra Edmonds	Edmonds	graciebarra.com/edmonds-wa	Y			graciebarra.com/edmonds-wa	HAS_STORED	208 5th Ave S			snippets/tjjm-gyms-data-34.liquid
WA	WA	Kindred Jiu Jitsu	Edmonds	www.kindredjj.com	Y			www.kindredjj.com	HAS_STORED	9659 Firdale Ave			snippets/tjjm-gyms-data-34.liquid
WA	WA	Ellensburg Jiu Jitsu	Ellensburg	ellensburgjiujitsu.com	Y			ellensburgjiujitsu.com	HAS_STORED	314 N Pine St			snippets/tjjm-gyms-data-34.liquid
WA	WA	Combat Sport & Fitness	Enumclaw	www.combatsportfitness.com	Y			www.combatsportfitness.com	HAS_STORED	750 WA-410 S			snippets/tjjm-gyms-data-34.liquid
WA	WA	Enumclaw Jiu-Jitsu	Enumclaw		Y				EMPTY_STORED|RENDERS_BLANK	930 Battersby Ave			snippets/tjjm-gyms-data-34.liquid
WA	WA	Imperial Jitz - Brazilian Jiu-Jitsu + Fitness	Ephrata	imperialjitz.com	Y			imperialjitz.com	HAS_STORED	112 Division Ave E			snippets/tjjm-gyms-data-34.liquid
WA	WA	Cascade Jiu-Jitsu	Everett	everettbjj.com	Y			everettbjj.com	HAS_STORED	2221 Everett Ave			snippets/tjjm-gyms-data-34.liquid
WA	WA	Catalyst Mixed Martial Arts	Everett	www.catalystmixedmartialarts.com	Y			www.catalystmixedmartialarts.com	HAS_STORED	7207 Evergreen Way Ste P			snippets/tjjm-gyms-data-34.liquid
WA	WA	Charlie's Combat Club	Everett	www.charliescombatclub.com	Y			www.charliescombatclub.com	HAS_STORED	1202 Hewitt Ave			snippets/tjjm-gyms-data-34.liquid
WA	WA	Crazy Monkey USA	Everett	www.crazymonkeyusahq.com	Y			www.crazymonkeyusahq.com	HAS_STORED	12432 Hwy 99 Ste 67			snippets/tjjm-gyms-data-34.liquid
WA	WA	Everett BJJ	Everett	https://everettbjj.com	Y			https://everettbjj.com	HAS_STORED			Y	snippets/tjjm-gyms-data.liquid
WA	WA	Redline MMA Academy	Everett	redlinemmaacademy.com	Y			redlinemmaacademy.com	HAS_STORED	2421 Hewitt Ave			snippets/tjjm-gyms-data-34.liquid
WA	WA	Gracie Barra Federal Way	Federal Way	gbfederalway.com	Y			gbfederalway.com	HAS_STORED	2016 S 320th St			snippets/tjjm-gyms-data-34.liquid
WA	WA	GB Tacoma	Fircrest	graciebarra.com/tacoma-wa	Y			graciebarra.com/tacoma-wa	HAS_STORED	1109 Regents Boulevard			snippets/tjjm-gyms-data-34.liquid
WA	WA	Gig Harbor Mixed Martial Arts / Checkmat	Gig Harbor	gigharbormma.com	Y			gigharbormma.com	HAS_STORED	5775 Soundview Dr #101a			snippets/tjjm-gyms-data-34.liquid
WA	WA	Matwork MMA	Gig Harbor		Y				EMPTY_STORED|RENDERS_BLANK	1617 Stone Dr NW			snippets/tjjm-gyms-data-34.liquid
WA	WA	GB Issaquah	Issaquah	gbissaquah.com	Y			gbissaquah.com	HAS_STORED	98 Front Street South			snippets/tjjm-gyms-data-34.liquid
WA	WA	NAK2 Academy	Issaquah	www.nak2.com	Y			www.nak2.com	HAS_STORED	1740 19th Ave NW #4			snippets/tjjm-gyms-data-34.liquid
WA	WA	Juggernaut Mixed Martial Arts	Kelso	www.juggernautmma.com	Y			www.juggernautmma.com	HAS_STORED	351 Three Rivers Dr #1169			snippets/tjjm-gyms-data-34.liquid
WA	WA	Siri Brazilian Jiu-Jitsu Academy	Kennewick	siribjj.com	Y			siribjj.com	HAS_STORED	8508 W Gage Blvd C103			snippets/tjjm-gyms-data-34.liquid
WA	WA	Tri-Cities BJJ Washington	Kennewick	https://tricitiesbjjwa.com	Y			https://tricitiesbjjwa.com	HAS_STORED			Y	snippets/tjjm-gyms-data.liquid
WA	WA	Foster Brazilian Jiu-Jitsu	Kent	www.fbjjonline.com	Y			www.fbjjonline.com	HAS_STORED	8256 S 192nd St			snippets/tjjm-gyms-data-34.liquid
WA	WA	Ring Demon	Kent		Y				EMPTY_STORED|RENDERS_BLANK	1513B Central Ave S			snippets/tjjm-gyms-data-34.liquid
WA	WA	Kirkland BJJ	Kirkland	https://kirklandbjj.com	Y			https://kirklandbjj.com	HAS_STORED			Y	snippets/tjjm-gyms-data.liquid
WA	WA	Miller's Martial Arts Academy	Kirkland	www.mmaa.com	Y			www.mmaa.com	HAS_STORED	8920 122nd Ave NE			snippets/tjjm-gyms-data-34.liquid
WA	WA	Alliance BJJ Lacey	Lacey	alliancebjjwa.com	Y			alliancebjjwa.com	HAS_STORED	6110 Pacific Ave SE			snippets/tjjm-gyms-data-34.liquid
WA	WA	Cap City BJJ	Lacey		Y				EMPTY_STORED|RENDERS_BLANK	3707 College St SE			snippets/tjjm-gyms-data-34.liquid
WA	WA	Electric North Jiu Jitsu	Lake Stevens	www.theelectricnorth.com	Y			www.theelectricnorth.com	HAS_STORED	3910 127th Dr NE			snippets/tjjm-gyms-data-34.liquid
WA	WA	North Sound Brazilian Jiu-Jitsu	Lake Stevens	www.northsoundbjj.com	Y			www.northsoundbjj.com	HAS_STORED	9015 Vernon Rd			snippets/tjjm-gyms-data-34.liquid
WA	WA	Alliance BJJ Lakewood	Lakewood	https://alliancebjj-lakewood.com	Y			https://alliancebjj-lakewood.com	HAS_STORED			Y	snippets/tjjm-gyms-data.liquid
WA	WA	Ground Game BJJ & Universal Martial Arts	Lakewood		Y				EMPTY_STORED|RENDERS_BLANK	12828 Pacific Hwy SW #203			snippets/tjjm-gyms-data-34.liquid
WA	WA	Ludusport Academy & Gym	Lakewood	ludusport.com	Y			ludusport.com	HAS_STORED	9810 40th Ave SW			snippets/tjjm-gyms-data-34.liquid
WA	WA	The Base Longview	Longview	the-base-longview.gymdesk.com	Y			the-base-longview.gymdesk.com	HAS_STORED	1104 Hemlock St			snippets/tjjm-gyms-data-34.liquid
WA	WA	Lynnwood BJJ	Lynnwood	https://lynnwoodbjj.com	Y			https://lynnwoodbjj.com	HAS_STORED			Y	snippets/tjjm-gyms-data.liquid
WA	WA	Sleeper Jiu Jitsu	Lynnwood	sleeperjj.com	Y			sleeperjj.com	HAS_STORED	18623 Pacific Hwy 99 Ste 270			snippets/tjjm-gyms-data-34.liquid
WA	WA	Team Wise Training Center	Lynnwood	teamwisemma.com	Y			teamwisemma.com	HAS_STORED	2006 196th St SW Ste 111-112			snippets/tjjm-gyms-data-34.liquid
WA	WA	Phantom Brazilian Jiu Jitsu	Maple Valley	www.phantombjj.com	Y			www.phantombjj.com	HAS_STORED	26207 Maple Valley Black Diamond Rd Ste A			snippets/tjjm-gyms-data-34.liquid
WA	WA	Gracie Barra Bothell	Mill Creek		Y				EMPTY_STORED|RENDERS_BLANK	13402 Bothell-Everett Hwy Ste 105			snippets/tjjm-gyms-data-34.liquid
WA	WA	Laercio Fernandes BJJ	Monroe	www.jitzlifeandfitness.com	Y			www.jitzlifeandfitness.com	HAS_STORED	111 W Main St			snippets/tjjm-gyms-data-34.liquid
WA	WA	Stray Dogs Club	Monroe	straydogsclub.com	Y			straydogsclub.com	HAS_STORED	365 Butler St			snippets/tjjm-gyms-data-34.liquid
WA	WA	Kalahi Martial Arts Academy	Mount Vernon		Y				EMPTY_STORED|RENDERS_BLANK	307 S 1st St			snippets/tjjm-gyms-data-34.liquid
WA	WA	Mount Vernon BJJ	Mount Vernon	https://mountvernonbjj.com	Y			https://mountvernonbjj.com	HAS_STORED			Y	snippets/tjjm-gyms-data.liquid
WA	WA	Mutual Combat Sports and Fitness	Mountlake Terrace		Y				EMPTY_STORED|RENDERS_BLANK	21210 44th Ave W			snippets/tjjm-gyms-data-34.liquid
WA	WA	Gracie Jiu-Jitsu Mukilteo	Mukilteo		Y				EMPTY_STORED|RENDERS_BLANK	3616 South Rd B5			snippets/tjjm-gyms-data-34.liquid
WA	WA	GB Snoqualmie Valley	North Bend	graciebarra.com/snoqualmie-wa	Y			graciebarra.com/snoqualmie-wa	HAS_STORED	320 SW Mt Si Blvd #109			snippets/tjjm-gyms-data-34.liquid
WA	WA	Wakizashi BJJ	Oak Harbor		Y				EMPTY_STORED|RENDERS_BLANK	2057 Hickory Ln			snippets/tjjm-gyms-data-34.liquid
WA	WA	BJJ Olympia	Olympia	https://bjjolympia.com	Y			https://bjjolympia.com	HAS_STORED			Y	snippets/tjjm-gyms-data.liquid
WA	WA	BJJ Olympia (NW HIT Center)	Olympia	bjjolympia.com	Y			bjjolympia.com	HAS_STORED	400 Cooper Point Rd SW #175			snippets/tjjm-gyms-data-34.liquid
WA	WA	Hammerhead Mixed Martial Arts Gym of Team Carlson Gracie	Olympia		Y				EMPTY_STORED|RENDERS_BLANK	3534 6th St SE			snippets/tjjm-gyms-data-34.liquid
WA	WA	Jiu-Jitsu Dynamics	Olympia	www.jiujitsudynamics.com	Y			www.jiujitsudynamics.com	HAS_STORED	1319 Fones Rd SE			snippets/tjjm-gyms-data-34.liquid
WA	WA	United Training Center	Olympia	www.utcmma.com	Y			www.utcmma.com	HAS_STORED	7619 Martin Way E			snippets/tjjm-gyms-data-34.liquid
WA	WA	CageworX Brazilian Jiu-Jitsu/Muay Thai/Fitness	Port Angeles	www.cageworx.com	Y			www.cageworx.com	HAS_STORED	508 W 8th St			snippets/tjjm-gyms-data-34.liquid
WA	WA	Port Angeles BJJ	Port Angeles	https://portangelesbjj.com	Y			https://portangelesbjj.com	HAS_STORED			Y	snippets/tjjm-gyms-data.liquid
WA	WA	Compass Jiu Jitsu	Port Orchard	compassjiujitsu.com	Y			compassjiujitsu.com	HAS_STORED	3210 SE Mile Hill Dr			snippets/tjjm-gyms-data-34.liquid
WA	WA	Street Sports Poulsbo	Poulsbo	www.streetsportspoulsbo.com	Y			www.streetsportspoulsbo.com	HAS_STORED	19045 WA-305 Ste 160			snippets/tjjm-gyms-data-34.liquid
WA	WA	Gracie Barra Puyallup	Puyallup	graciebarra.com/puyallup-wa	Y			graciebarra.com/puyallup-wa	HAS_STORED	12623 Meridian Ave E Ste A-4			snippets/tjjm-gyms-data-34.liquid
WA	WA	Pinnacle Martial Arts	Puyallup	www.pmapuyallup.com	Y			www.pmapuyallup.com	HAS_STORED	9717 160th St E			snippets/tjjm-gyms-data-34.liquid
WA	WA	Harai Judo & Brazilian Jiu Jitsu Dojo	Rainier		Y				EMPTY_STORED|RENDERS_BLANK	307 Centre Street South			snippets/tjjm-gyms-data-34.liquid
WA	WA	Elite Brazilian Jiu-Jitsu of Redmond	Redmond		Y				EMPTY_STORED|RENDERS_BLANK	17725 NE 65th St A175			snippets/tjjm-gyms-data-34.liquid
WA	WA	Monkey Bar Gym Eastside	Redmond		Y				EMPTY_STORED|RENDERS_BLANK	2507 152nd Ave NE			snippets/tjjm-gyms-data-34.liquid
WA	WA	GB Renton	Renton	graciebarra.com/renton-wa	Y			graciebarra.com/renton-wa	HAS_STORED	601 South Grady Way			snippets/tjjm-gyms-data-34.liquid
WA	WA	Heva BJJ	Renton	hevabjj.com	Y			hevabjj.com	HAS_STORED	339 Burnett Ave S Ste A			snippets/tjjm-gyms-data-34.liquid
WA	WA	Ruffhouse	Renton	www.ruffhouserenton.com	Y			www.ruffhouserenton.com	HAS_STORED	405 S 3rd St			snippets/tjjm-gyms-data-34.liquid
WA	WA	Legacy Jiu-Jitsu Academy	Richland	www.legacyjiujitsu.com	Y			www.legacyjiujitsu.com	HAS_STORED	1324 Jadwin Ave			snippets/tjjm-gyms-data-34.liquid
WA	WA	Alpha Martial Arts	Seattle	www.alphamartialarts.com	Y			www.alphamartialarts.com	HAS_STORED	2923 NE Blakeley St			snippets/tjjm-gyms-data-34.liquid
WA	WA	Ballard Jiu Jitsu	Seattle	ballardjj.com	Y			ballardjj.com	HAS_STORED	4501 Shilshole Ave NW			snippets/tjjm-gyms-data-34.liquid
WA	WA	Burien Brazilian Jiu Jitsu	Seattle	www.burienbjj.com	Y			www.burienbjj.com	HAS_STORED	431 SW 152nd St			snippets/tjjm-gyms-data-34.liquid
WA	WA	Framework BJJ Seattle	Seattle	www.frameworkseattle.com	Y			www.frameworkseattle.com	HAS_STORED	900 Elliott Ave W			snippets/tjjm-gyms-data-34.liquid
WA	WA	Gracie Barra Seattle	Seattle	graciebarra.com/seattle-wa	Y			graciebarra.com/seattle-wa	HAS_STORED	270 S Hanford St #201			snippets/tjjm-gyms-data-34.liquid
WA	WA	Ivan Salaverry MMA	Seattle	www.ivansalaverrymma.com	Y			www.ivansalaverrymma.com	HAS_STORED	230 8th Ave N			snippets/tjjm-gyms-data-34.liquid
WA	WA	MKG Martial Arts, Kickboxing & Fitness	Seattle	www.mkgseattle.com	Y			www.mkgseattle.com	HAS_STORED	10714 5th Ave NE Ste A			snippets/tjjm-gyms-data-34.liquid
WA	WA	Marcelo Alonso Brazilian Jiu-Jitsu Carlson Gracie Team	Seattle	www.mabjj.com	Y			www.mabjj.com	HAS_STORED	4211 Winslow Pl N			snippets/tjjm-gyms-data-34.liquid
WA	WA	Mat Chess Mixed Martial Arts	Seattle	matchessmma.com	Y			matchessmma.com	HAS_STORED	5508 35th Ave NE			snippets/tjjm-gyms-data-34.liquid
WA	WA	Midnight Jiu-Jitsu Club	Seattle	midnightjiujitsu.club	Y			midnightjiujitsu.club	HAS_STORED	755 Bellevue Ave E			snippets/tjjm-gyms-data-34.liquid
WA	WA	Northwest Jiu Jitsu Academy	Seattle	www.nwjja.net	Y			www.nwjja.net	HAS_STORED	942 N 95th St			snippets/tjjm-gyms-data-34.liquid
WA	WA	Praxis Brazilian Jiu Jitsu	Seattle	www.praxisbjj.com	Y			www.praxisbjj.com	HAS_STORED	222 Minor Ave N			snippets/tjjm-gyms-data-34.liquid
WA	WA	Renzo Gracie Seattle	Seattle	renzogracieseattle.com	Y			renzogracieseattle.com	HAS_STORED	1404 NW 49th St			snippets/tjjm-gyms-data-34.liquid
WA	WA	Seattle BJJ	Seattle	https://seattlebjj.com	Y			https://seattlebjj.com	HAS_STORED			Y	snippets/tjjm-gyms-data.liquid
WA	WA	Seattle Integrated Martial Arts	Seattle	www.simamartialarts.com	Y			www.simamartialarts.com	HAS_STORED	4159 Fauntleroy Way SW			snippets/tjjm-gyms-data-34.liquid
WA	WA	Seattle Jiu-Jitsu Academy	Seattle	www.seattlejiujitsuacademy.com	Y			www.seattlejiujitsuacademy.com	HAS_STORED	5900 Airport Way S Ste 121			snippets/tjjm-gyms-data-34.liquid
WA	WA	Shoreline MMA	Seattle		Y				EMPTY_STORED|RENDERS_BLANK	14023 Midvale Ave N			snippets/tjjm-gyms-data-34.liquid
WA	WA	Livewire MMA	Sedro-Woolley	www.facebook.com/livewiremc	Y			www.facebook.com/livewiremc	HAS_STORED	800 Metcalf St			snippets/tjjm-gyms-data-34.liquid
WA	WA	Street Sports Silverdale	Silverdale	www.streetsportssilverdale.com	Y			www.streetsportssilverdale.com	HAS_STORED	2222 NW Bucklin Hill Rd Ste 105			snippets/tjjm-gyms-data-34.liquid
WA	WA	Virtuous Grappling	Silverdale		Y				EMPTY_STORED|RENDERS_BLANK	7965 Rubicon Trail Pl NW			snippets/tjjm-gyms-data-34.liquid
WA	WA	Bulwark Jiu Jitsu	Snohomish		Y				EMPTY_STORED|RENDERS_BLANK	1101 1st St			snippets/tjjm-gyms-data-34.liquid
WA	WA	Team Mean MMA Snohomish	Snohomish		Y				EMPTY_STORED|RENDERS_BLANK	1824 Bickford Ave Unit B			snippets/tjjm-gyms-data-34.liquid
WA	WA	Logic Jiu Jitsu	Spanaway	logicjiujitsu.club	Y			logicjiujitsu.club	HAS_STORED	20020 20th Ave Ct E		Y	snippets/tjjm-gyms-data-34.liquid
WA	WA	Logic Jiu Jitsu Spanaway	Spanaway	https://logicjiujitsu.club	Y			https://logicjiujitsu.club	HAS_STORED	20020 20th Ave Ct E			snippets/tjjm-gyms-data-45.liquid
WA	WA	Alliance BJJ Spokane	Spokane	https://alliancebjjspokane.com	Y			https://alliancebjjspokane.com	HAS_STORED			Y	snippets/tjjm-gyms-data.liquid
WA	WA	Newborn Cascao Jiu-Jitsu	Spokane	www.newbornjiujitsuspokane.com	Y			www.newbornjiujitsuspokane.com	HAS_STORED	2731 W Sharp Ave			snippets/tjjm-gyms-data-34.liquid
WA	WA	Sik-Jitsu Mixed Martial Arts	Spokane	excitefight.com	Y			excitefight.com	HAS_STORED	6411 N Perry St			snippets/tjjm-gyms-data-34.liquid
WA	WA	Warrior Camp	Spokane	www.warriorcampfitness.com	Y			www.warriorcampfitness.com	HAS_STORED	5027 E Trent Ave			snippets/tjjm-gyms-data-34.liquid
WA	WA	Warrior Camp Spokane	Spokane	https://warriorcampgym.com	Y			https://warriorcampgym.com	HAS_STORED			Y	snippets/tjjm-gyms-data.liquid
WA	WA	Spokane Valley Brazilian Jiu-Jitsu	Spokane Valley	www.spokanevalleybjj.com	Y			www.spokanevalleybjj.com	HAS_STORED	12926 E Indiana Ave			snippets/tjjm-gyms-data-34.liquid
WA	WA	Grpl Club	Sumner	grpl-club-jiu-jitsu-brasileiro.business.site	Y			grpl-club-jiu-jitsu-brasileiro.business.site	HAS_STORED	6023 Parker Rd			snippets/tjjm-gyms-data-34.liquid
WA	WA	Brazilian Jiu-Jitsu Academy of Tacoma (Marcello C. Monteiro)	Tacoma	www.253bjj.com	Y			www.253bjj.com	HAS_STORED	3635 S Lawrence St Ste G			snippets/tjjm-gyms-data-34.liquid
WA	WA	Defiance Jiu Jitsu	Tacoma	defiancebjj.com	Y			defiancebjj.com	HAS_STORED	5401 6th Ave Ste 505			snippets/tjjm-gyms-data-34.liquid
WA	WA	T-Town MMA	Tacoma	www.ttownmma.com	Y			www.ttownmma.com	HAS_STORED	3001 S 12th St C			snippets/tjjm-gyms-data-34.liquid
WA	WA	Tacoma BJJ	Tacoma	https://tacomabjj.com	Y			https://tacomabjj.com	HAS_STORED			Y	snippets/tjjm-gyms-data.liquid
WA	WA	True North Martial Arts	Tacoma		Y				EMPTY_STORED|RENDERS_BLANK	5212 S Washington St Unit D			snippets/tjjm-gyms-data-34.liquid
WA	WA	Vital Jiu Jitsu and Srisuk Muay Thai	Tacoma	vitaljiujitsu.com	Y			vitaljiujitsu.com	HAS_STORED	2519 Pacific Hwy E Unit G			snippets/tjjm-gyms-data-34.liquid
WA	WA	Emerge Jiu Jitsu	Vancouver	www.emergebjj.com	Y			www.emergebjj.com	HAS_STORED	12209 NE Fourth Plain Blvd			snippets/tjjm-gyms-data-34.liquid
WA	WA	Inertia Brazilian Jiu Jitsu	Vancouver	www.inertiabjj.com	Y			www.inertiabjj.com	HAS_STORED	212 NE 164th Ave Ste 4			snippets/tjjm-gyms-data-34.liquid
WA	WA	Northwest Fighting Arts	Vancouver	https://northwestfightingarts.com	Y			https://northwestfightingarts.com	HAS_STORED			Y	snippets/tjjm-gyms-data.liquid
WA	WA	Progressive Jiu Jitsu MMA and Fitness	Vancouver	projj.com	Y			projj.com	HAS_STORED	5909 NE 109th Ave Ste A			snippets/tjjm-gyms-data-34.liquid
WA	WA	The Base Vancouver	Vancouver	vancouverjiujitsu.com	Y			vancouverjiujitsu.com	HAS_STORED	4707 NE Minnehaha St #101			snippets/tjjm-gyms-data-34.liquid
WA	WA	Vancouver Elite Martial Arts	Vancouver	www.vancouverelitemma.com	Y			www.vancouverelitemma.com	HAS_STORED	14010 NE 3rd Ct			snippets/tjjm-gyms-data-34.liquid
WA	WA	Lone Wolf Jiu Jitsu Academy	Washougal		Y				EMPTY_STORED|RENDERS_BLANK	2946 E St			snippets/tjjm-gyms-data-34.liquid
WA	WA	Axiom Brazilian Jiu Jitsu	Wenatchee	www.axiomjiujitsu.com	Y			www.axiomjiujitsu.com	HAS_STORED	212 Fifth St Ste 9			snippets/tjjm-gyms-data-34.liquid
WA	WA	Wenatchee BJJ	Wenatchee	https://wenatcheebjj.com	Y			https://wenatcheebjj.com	HAS_STORED			Y	snippets/tjjm-gyms-data.liquid
WA	WA	AMC Kickboxing & Pankration	Woodinville	www.amcmma.com	Y			www.amcmma.com	HAS_STORED	15327 140th Pl NE			snippets/tjjm-gyms-data-34.liquid
WA	WA	Breno Bittencourt BJJ	Yakima	https://bittencourt-bjj.com	Y			https://bittencourt-bjj.com	HAS_STORED			Y	snippets/tjjm-gyms-data.liquid
WI	WI	Flashback Martial Arts	Appleton	flashbackmartialarts.com	Y			flashbackmartialarts.com	HAS_STORED	2310 W College Ave			snippets/tjjm-gyms-data-33.liquid
WI	WI	Fluid Motion BJJ	Appleton	https://fluidmotionbjj.com	Y			https://fluidmotionbjj.com	HAS_STORED			Y	snippets/tjjm-gyms-data.liquid
WI	WI	Fox Valley BJJ	Appleton	https://foxvalleybjj.com	Y			https://foxvalleybjj.com	HAS_STORED			Y	snippets/tjjm-gyms-data.liquid
WI	WI	Gracie Jiu-Jitsu Appleton	Appleton	gracieappleton.com	Y			gracieappleton.com	HAS_STORED	228 W Northland Ave			snippets/tjjm-gyms-data-33.liquid
WI	WI	Metrics Martial Arts	Appleton		Y				EMPTY_STORED|RENDERS_BLANK	324 W Wisconsin Ave #3			snippets/tjjm-gyms-data-33.liquid
WI	WI	Resurgence MMA Appleton	Appleton	resurgencemma.com	Y			resurgencemma.com	HAS_STORED	1000 S Westland Dr			snippets/tjjm-gyms-data-33.liquid
WI	WI	Team FVGC Brazilian Jiu-jitsu and Fitness	Appleton	foxvalleygrapplingclub.com	Y			foxvalleygrapplingclub.com	HAS_STORED	801 W College Ave			snippets/tjjm-gyms-data-33.liquid
WI	WI	Theory Jiu-Jitsu Studio	Appleton		Y				EMPTY_STORED|RENDERS_BLANK	1879 N Casaloma Dr			snippets/tjjm-gyms-data-33.liquid
WI	WI	BigWater BJJ	Ashland	bigwaterbjj.com	Y			bigwaterbjj.com	HAS_STORED	215 Chapple Ave			snippets/tjjm-gyms-data-33.liquid
WI	WI	Baraboo BJJ	Baraboo	https://baraboobjj.com	Y			https://baraboobjj.com	HAS_STORED			Y	snippets/tjjm-gyms-data.liquid
WI	WI	Filipe Barbosa Brazilian Jiu-Jitsu	Baraboo	bjjwisconsin.com	Y		websites-2		HAS_STORED+BLANKED|RENDERS_BLANK	912 WI-136 Ste 104			snippets/tjjm-gyms-data-33.liquid
WI	WI	Beaver Dam BJJ	Beaver Dam	https://beaverdambjj.com	Y			https://beaverdambjj.com	HAS_STORED			Y	snippets/tjjm-gyms-data.liquid
WI	WI	Third Heaven Martial Arts	Beaver Dam	thirdheaven.com	Y			thirdheaven.com	HAS_STORED	1229 Madison St			snippets/tjjm-gyms-data-33.liquid
WI	WI	Evolution Jiu Jitsu	Burlington	facebook.com/EvolutionBJJ.Burlington	Y			facebook.com/EvolutionBJJ.Burlington	HAS_STORED	1104 Milwaukee Ave.		Y	snippets/tjjm-gyms-data-33.liquid
WI	WI	Evolution Jiu Jitsu Burlington	Burlington	https://facebook.com/EvolutionBJJ.Burlington	Y			https://facebook.com/EvolutionBJJ.Burlington	HAS_STORED	1104 Milwaukee Ave.			snippets/tjjm-gyms-data-45.liquid
WI	WI	Strong Hold Athletics	DeForest	stronghold-athletics.com	Y			stronghold-athletics.com	HAS_STORED	160 Commerce St			snippets/tjjm-gyms-data-33.liquid
WI	WI	Veneration BJJ	Delavan		Y				EMPTY_STORED|RENDERS_BLANK	117 Park Pl.			snippets/tjjm-gyms-data-33.liquid
WI	WI	Valkyrie BJJ	Dousman		Y				EMPTY_STORED|RENDERS_BLANK	105 N Main St			snippets/tjjm-gyms-data-33.liquid
WI	WI	Combat Sports Academy - Eau Claire	Eau Claire		Y				EMPTY_STORED|RENDERS_BLANK	1720 Westgate Rd			snippets/tjjm-gyms-data-33.liquid
WI	WI	Ronin Fitness	Eau Claire	roninfitness.net	Y			roninfitness.net	HAS_STORED	800 Wisconsin St Suite 209			snippets/tjjm-gyms-data-33.liquid
WI	WI	Fond du Lac BJJ	Fond du Lac	https://fonddulabjj.com	Y			https://fonddulabjj.com	HAS_STORED			Y	snippets/tjjm-gyms-data.liquid
WI	WI	Fond du Lac Jiu-Jitsu Club	Fond du Lac		Y				EMPTY_STORED|RENDERS_BLANK	20 E Arndt St			snippets/tjjm-gyms-data-33.liquid
WI	WI	Defense Combatives DEFCOM Alpha Fort Atkinson	Fort Atkinson	defcomma.com	Y			defcomma.com	HAS_STORED	1233 Janesville Ave Suite B			snippets/tjjm-gyms-data-33.liquid
WI	WI	44 Fitness & Martial Arts	Franklin	44fitness.com	Y			44fitness.com	HAS_STORED	10610 W Venture Dr			snippets/tjjm-gyms-data-33.liquid
WI	WI	Pettis Martial Arts	Franklin	pettismartialarts.com	Y			pettismartialarts.com	HAS_STORED	6542 S Lovers Lane Rd			snippets/tjjm-gyms-data-33.liquid
WI	WI	Neutral Ground Grafton Martial Arts	Grafton	graftonmartialarts.com	Y			graftonmartialarts.com	HAS_STORED	1764 Wisconsin Ave			snippets/tjjm-gyms-data-33.liquid
WI	WI	Green Bay Jiu-Jitsu	Green Bay	greenbayjj.com	Y			greenbayjj.com	HAS_STORED	2740 Packerland Drive Suite A			snippets/tjjm-gyms-data-33.liquid
WI	WI	Titletown MMA Academy	Green Bay	titletownmma.com	Y			titletownmma.com	HAS_STORED	2201 S Oneida St #6			snippets/tjjm-gyms-data-33.liquid
WI	WI	Wisconsin BJJ	Green Bay	https://wisconsinbjj.com	Y			https://wisconsinbjj.com	HAS_STORED			Y	snippets/tjjm-gyms-data.liquid
WI	WI	Fluid Jiu Jitsu	Greenfield	fluid-jiujitsu.com	Y			fluid-jiujitsu.com	HAS_STORED	4908 S 74th St			snippets/tjjm-gyms-data-33.liquid
WI	WI	Lake Country Martial Arts	Hartland	lakecountrymartialarts.com	Y			lakecountrymartialarts.com	HAS_STORED	365 Cottonwood Ave			snippets/tjjm-gyms-data-33.liquid
WI	WI	Iron Works Training Center	Holmen	ironworkstrainingcenter.com	Y			ironworkstrainingcenter.com	HAS_STORED	301 Ryan St			snippets/tjjm-gyms-data-33.liquid
WI	WI	Midwest Center For Movement	Hudson	midwestaikido.com	Y			midwestaikido.com	HAS_STORED	109 2nd St			snippets/tjjm-gyms-data-33.liquid
WI	WI	Olson's Martial Arts	Hudson	olsonsmartialarts.com	Y			olsonsmartialarts.com	HAS_STORED	2801 Harvey St			snippets/tjjm-gyms-data-33.liquid
WI	WI	Atlas Martial Arts Club	Jackson	atlasmac.com	Y			atlasmac.com	HAS_STORED	N213W16802 Industrial Dr			snippets/tjjm-gyms-data-33.liquid
WI	WI	Fearless Mixed Martial Arts Academy	Janesville		Y				EMPTY_STORED|RENDERS_BLANK	1233 N Touson Dr			snippets/tjjm-gyms-data-33.liquid
WI	WI	Janesville BJJ	Janesville	https://janesvillebjj.com	Y			https://janesvillebjj.com	HAS_STORED			Y	snippets/tjjm-gyms-data.liquid
WI	WI	New Element BJJ & Kickboxing	Janesville	m.facebook.com/101109507917658	Y			m.facebook.com/101109507917658	HAS_STORED	2154 w N John Paul Rd			snippets/tjjm-gyms-data-33.liquid
WI	WI	Kenosha BJJ	Kenosha	https://kenoshabjj.com	Y			https://kenoshabjj.com	HAS_STORED			Y	snippets/tjjm-gyms-data.liquid
WI	WI	Rothwell Mixed Martial Arts	Kenosha	rothwellmma.com	Y			rothwellmma.com	HAS_STORED	7600 75th St Suite 107			snippets/tjjm-gyms-data-33.liquid
WI	WI	Veritas Brazilian Jiu Jitsu	Kewaskum	veritasmma.com	Y			veritasmma.com	HAS_STORED	7785 Sandy Ridge Rd			snippets/tjjm-gyms-data-33.liquid
WI	WI	Ironworks Driftless Academy	La Crosse	driftlessacademy.com	Y			driftlessacademy.com	HAS_STORED	125 6th St S			snippets/tjjm-gyms-data-33.liquid
WI	WI	La Crosse BJJ	La Crosse	https://lacrossebjj.com	Y			https://lacrossebjj.com	HAS_STORED			Y	snippets/tjjm-gyms-data.liquid
WI	WI	Devine Jiu-Jitsu Lake Geneva	Lake Geneva		Y				EMPTY_STORED|RENDERS_BLANK	901 Maxwell St			snippets/tjjm-gyms-data-33.liquid
WI	WI	Conquer Martial Arts	Little Chute	conquerma.com	Y			conquerma.com	HAS_STORED	740 Moasis Dr			snippets/tjjm-gyms-data-33.liquid
WI	WI	Damage Inc. Fight Club	Lodi	damageincfightclub.com	Y			damageincfightclub.com	HAS_STORED	108 Lodi St			snippets/tjjm-gyms-data-33.liquid
WI	WI	Alliance BJJ Madison	Madison	https://alliancebjjmadison.com	Y			https://alliancebjjmadison.com	HAS_STORED			Y	snippets/tjjm-gyms-data.liquid
WI	WI	Alliance Jiu Jitsu Wisconsin	Madison	https://alliancejiujitsuwisconsin.com	Y			https://alliancejiujitsuwisconsin.com	HAS_STORED			Y	snippets/tjjm-gyms-data.liquid
WI	WI	Alliance Jiu Jitsu of Madison	Madison	alliancebjjmadison.com	Y			alliancebjjmadison.com	HAS_STORED	711 Rethke Ave Suite 2			snippets/tjjm-gyms-data-33.liquid
WI	WI	Fight Prime Training Center	Madison	fightprimetc.com	Y			fightprimetc.com	HAS_STORED	1820 S. Park St			snippets/tjjm-gyms-data-33.liquid
WI	WI	Foundations BJJ Academy	Madison	foundationsbjj.com	Y			foundationsbjj.com	HAS_STORED	2716 Atwood Ave			snippets/tjjm-gyms-data-33.liquid
WI	WI	Gracie Barra Madison	Madison	graciebarramadison.com	Y			graciebarramadison.com	HAS_STORED	3224 University Ave			snippets/tjjm-gyms-data-33.liquid
WI	WI	Journey Brazilian Jiu Jitsu Academy	Madison	journeybjjacademy.com	Y			journeybjjacademy.com	HAS_STORED	3179 Muir Field Rd			snippets/tjjm-gyms-data-33.liquid
WI	WI	MKG International Martial Arts Madison	Madison	mkgmadison.com	Y			mkgmadison.com	HAS_STORED	4614 Femrite Dr			snippets/tjjm-gyms-data-33.liquid
WI	WI	Madison BJJ	Madison	https://madisonbjj.com	Y			https://madisonbjj.com	HAS_STORED			Y	snippets/tjjm-gyms-data.liquid
WI	WI	Sanctuary Jiu-Jitsu	Madison	bjjmadison.com	Y			bjjmadison.com	HAS_STORED	46 N Bryan St			snippets/tjjm-gyms-data-33.liquid
WI	WI	Team Curran Madison	Madison	teamcurranmadison.com	Y			teamcurranmadison.com	HAS_STORED	1625 Thierer Rd			snippets/tjjm-gyms-data-33.liquid
WI	WI	Manitowoc BJJ	Manitowoc	https://manitowocbjj.com	Y			https://manitowocbjj.com	HAS_STORED			Y	snippets/tjjm-gyms-data.liquid
WI	WI	Manitowoc Jiu Jitsu Academy	Manitowoc	manitowocjiujitsu.com	Y			manitowocjiujitsu.com	HAS_STORED	3420 Dewey St			snippets/tjjm-gyms-data-33.liquid
WI	WI	Marinette BJJ	Marinette	https://marinettebjj.com	Y			https://marinettebjj.com	HAS_STORED			Y	snippets/tjjm-gyms-data.liquid
WI	WI	Chosen Few Gym	McFarland	chosenfewacademy.com	Y			chosenfewacademy.com	HAS_STORED	4270 McFarland Ct			snippets/tjjm-gyms-data-33.liquid
WI	WI	Pura Vida Menomonee Falls	Menomonee Falls		Y				EMPTY_STORED|RENDERS_BLANK	N96W18743 County Line Rd			snippets/tjjm-gyms-data-33.liquid
WI	WI	Elevation Jiu-Jitsu	Milwaukee	elevationjiujitsu.com	Y		websites-2		HAS_STORED+BLANKED|RENDERS_BLANK	2800 W Forest Home Ave			snippets/tjjm-gyms-data-33.liquid
WI	WI	Free Form Jiu Jitsu	Milwaukee	freeformjiujitsu.com	Y			freeformjiujitsu.com	HAS_STORED	587 E Erie St			snippets/tjjm-gyms-data-33.liquid
WI	WI	Henry Matamoros Brazilian Jiu-Jitsu	Milwaukee	justjitsu.com	Y			justjitsu.com	HAS_STORED	117 W Walker St #27			snippets/tjjm-gyms-data-33.liquid
WI	WI	Milwaukee BJJ	Milwaukee	https://milwaukeebjj.com	Y			https://milwaukeebjj.com	HAS_STORED			Y	snippets/tjjm-gyms-data.liquid
WI	WI	Neutral Ground - Milwaukee Bayview	Milwaukee	ngmke.com	Y			ngmke.com	HAS_STORED	1200 E Oklahoma Ave			snippets/tjjm-gyms-data-33.liquid
WI	WI	Neutral Ground - Milwaukee East Side	Milwaukee	ngmke.com	Y			ngmke.com	HAS_STORED	932 E Pleasant St			snippets/tjjm-gyms-data-33.liquid
WI	WI	Neutral Ground Academy	Milwaukee	https://neutralgroundacademy.com	Y			https://neutralgroundacademy.com	HAS_STORED			Y	snippets/tjjm-gyms-data.liquid
WI	WI	Pura Vida BJJ & MMA	Milwaukee	puravidabjj.com	Y			puravidabjj.com	HAS_STORED	4125 N Richards St			snippets/tjjm-gyms-data-33.liquid
WI	WI	Roufusport Mixed Martial Arts Academy	Milwaukee	roufusport.com	Y			roufusport.com	HAS_STORED	321 N 76th St			snippets/tjjm-gyms-data-33.liquid
WI	WI	Zero To 100 Fitness & MMA	Milwaukee		Y				EMPTY_STORED|RENDERS_BLANK	706 N 26th St			snippets/tjjm-gyms-data-33.liquid
WI	WI	Fluid Motion Jiu Jitsu	Monroe	fluidmotionbjj.com	Y			fluidmotionbjj.com	HAS_STORED	1313 16th St			snippets/tjjm-gyms-data-33.liquid
WI	WI	Academy Martial Arts	New London	academynl.com	Y			academynl.com	HAS_STORED	211 W North Water St			snippets/tjjm-gyms-data-33.liquid
WI	WI	Ascension Martial Arts	Oak Creek	ascensionma.com	Y			ascensionma.com	HAS_STORED	200 E Oak St			snippets/tjjm-gyms-data-33.liquid
WI	WI	Nova Gyms Martial Arts & Fitness	Oak Creek	novagyms.com	Y			novagyms.com	HAS_STORED	6508 S 27th St			snippets/tjjm-gyms-data-33.liquid
WI	WI	Open Guard Brazilian Jiu Jitsu Gym	Oconomowoc	openguardgym.com	Y			openguardgym.com	HAS_STORED	132 S Concord Rd			snippets/tjjm-gyms-data-33.liquid
WI	WI	Impact Martial Arts	Oshkosh	impactmartialartswi.com	Y			impactmartialartswi.com	HAS_STORED	2325 WI-44			snippets/tjjm-gyms-data-33.liquid
WI	WI	Oshkosh BJJ	Oshkosh	https://oshkoshbjj.com	Y			https://oshkoshbjj.com	HAS_STORED			Y	snippets/tjjm-gyms-data.liquid
WI	WI	Nova Gyms Martial Arts & Fitness - Pewaukee	Pewaukee	novagyms.com	Y			novagyms.com	HAS_STORED	N27 W27250 Woodland Dr			snippets/tjjm-gyms-data-33.liquid
WI	WI	Ivy Jiu-Jitsu Academy	Platteville		Y				EMPTY_STORED|RENDERS_BLANK	155 S Water St			snippets/tjjm-gyms-data-33.liquid
WI	WI	Next Level Martial Arts	Portage		Y				EMPTY_STORED|RENDERS_BLANK	315 Dewitt St			snippets/tjjm-gyms-data-33.liquid
WI	WI	Groundwork Grappling	Rhinelander	groundworkgrappling.com	Y			groundworkgrappling.com	HAS_STORED	15 W Davenport St			snippets/tjjm-gyms-data-33.liquid
WI	WI	Rhinelander BJJ	Rhinelander	https://rhinelanderbjj.com	Y			https://rhinelanderbjj.com	HAS_STORED			Y	snippets/tjjm-gyms-data.liquid
WI	WI	Origin Brazilian Jiu Jitsu	Rice Lake	originmartialarts.net	Y			originmartialarts.net	HAS_STORED	12 W Marshall St			snippets/tjjm-gyms-data-33.liquid
WI	WI	Seamless Progression Academy	Saukville	seamlessprogressionacademy.com	Y		websites-2		HAS_STORED+BLANKED|RENDERS_BLANK	620 E Green Bay Ave #107			snippets/tjjm-gyms-data-33.liquid
WI	WI	Premier Mixed Martial Arts	Schofield		Y				EMPTY_STORED|RENDERS_BLANK	900 Grand Ave			snippets/tjjm-gyms-data-33.liquid
WI	WI	Highland Fight Systems	Sheboygan	hfsmma.com	Y			hfsmma.com	HAS_STORED	1206 N 8th St			snippets/tjjm-gyms-data-33.liquid
WI	WI	Neutral Ground Sheboygan BJJ	Sheboygan	sheboyganbjj.com	Y			sheboyganbjj.com	HAS_STORED	528A N 8th St			snippets/tjjm-gyms-data-33.liquid
WI	WI	Sheboygan BJJ	Sheboygan	https://sheboyganbjj.com	Y			https://sheboyganbjj.com	HAS_STORED			Y	snippets/tjjm-gyms-data.liquid
WI	WI	Neutral Ground - South Milwaukee	South Milwaukee	ngmke.com	Y			ngmke.com	HAS_STORED	1234 Milwaukee Ave			snippets/tjjm-gyms-data-33.liquid
WI	WI	CWB Fight Club	Stevens Point	cwbfightclub.com	Y			cwbfightclub.com	HAS_STORED	3260 Church St			snippets/tjjm-gyms-data-33.liquid
WI	WI	Elite Team Wisconsin Jiu Jitsu	Stevens Point	eliteteamwi.com	Y			eliteteamwi.com	HAS_STORED	1209 2nd St			snippets/tjjm-gyms-data-33.liquid
WI	WI	Badgerland Jiu-Jitsu	Sun Prairie		Y				EMPTY_STORED|RENDERS_BLANK	51 Tower Dr			snippets/tjjm-gyms-data-33.liquid
WI	WI	Superior BJJ	Superior	https://superiorbjj.com	Y			https://superiorbjj.com	HAS_STORED			Y	snippets/tjjm-gyms-data.liquid
WI	WI	Defense Combatives DEFCOM HQ	Watertown	defcomma.com	Y			defcomma.com	HAS_STORED	104 Stimpson St			snippets/tjjm-gyms-data-33.liquid
WI	WI	Waukesha BJJ	Waukesha	https://waukeshabjj.com	Y			https://waukeshabjj.com	HAS_STORED			Y	snippets/tjjm-gyms-data.liquid
WI	WI	Gracie Barra Waunakee	Waunakee	graciebarramadison.com	Y			graciebarramadison.com	HAS_STORED	1340 Montondon Ave Suite C			snippets/tjjm-gyms-data-33.liquid
WI	WI	Rising Son MMA	Wausau	risingsonmma.com	Y			risingsonmma.com	HAS_STORED	1725 W Pardee St			snippets/tjjm-gyms-data-33.liquid
WI	WI	Wausau BJJ	Wausau	https://wausaubjj.com	Y			https://wausaubjj.com	HAS_STORED			Y	snippets/tjjm-gyms-data.liquid
WI	WI	Sweeps Brazilian Jiu-Jitsu	Wautoma		Y				EMPTY_STORED|RENDERS_BLANK	W7853 WI-21			snippets/tjjm-gyms-data-33.liquid
WI	WI	360 Brazilian Jiu-Jitsu	Wauwatosa	360-bjj.com	Y			360-bjj.com	HAS_STORED	12040 W Feerick St Unit J			snippets/tjjm-gyms-data-33.liquid
WI	WI	Crossover Brazilian Jiu Jitsu Academy	Wauwatosa	crossoverbjj.com	Y			crossoverbjj.com	HAS_STORED	11931 W Bluemound Rd			snippets/tjjm-gyms-data-33.liquid
WI	WI	Gracie Jiu-Jitsu Milwaukee	Wauwatosa	graciemilwaukee.com	Y			graciemilwaukee.com	HAS_STORED	11820 W Ripley Ave			snippets/tjjm-gyms-data-33.liquid
WI	WI	Wanderley Jiu Jitsu	Wauwatosa	wanderleyjiujitsu.com	Y			wanderleyjiujitsu.com	HAS_STORED	10704 W Burleigh St Unit #3			snippets/tjjm-gyms-data-33.liquid
WI	WI	Primal MKE MMA Gym & Fitness	West Allis	primalmke.com	Y			primalmke.com	HAS_STORED	2028 S 55th St			snippets/tjjm-gyms-data-33.liquid
WI	WI	Neutral Ground West Bend	West Bend	westbendbjj.com	Y			westbendbjj.com	HAS_STORED	111 E Decorah Rd			snippets/tjjm-gyms-data-33.liquid
WI	WI	Leadership Academy Martial Arts and Fitness	Woodruff	leadershipacademyinc.com	Y			leadershipacademyinc.com	HAS_STORED	320 Oak St			snippets/tjjm-gyms-data-33.liquid
WV	WV	Arte Suave Jiu Jitsu Academy	Beckley	https://artesuavebeckley.com	Y			https://artesuavebeckley.com	HAS_STORED	321 South Fayette Street, Beckley, WV 25801			snippets/tjjm-gyms-data-42.liquid
WV	WV	Beckley BJJ	Beckley	https://beckleybjj.com	Y			https://beckleybjj.com	HAS_STORED			Y	snippets/tjjm-gyms-data.liquid
WV	WV	Family Martial Arts and Gracie Jiu-Jitsu Beckley	Beckley	https://fmawv.com	Y			https://fmawv.com	HAS_STORED	311 Beckley Plaza, Beckley, WV 25801			snippets/tjjm-gyms-data-42.liquid
WV	WV	Ground Zero BJJ Bridgeport	Bridgeport	http://www.groundzerobjjbridgeport.com	Y			http://www.groundzerobjjbridgeport.com	HAS_STORED	529 E Main St Ste 6, Bridgeport, WV 26330			snippets/tjjm-gyms-data-42.liquid
WV	WV	Body Armor MMA	Buckhannon	https://www.bodyarmorwv.com/	Y			https://www.bodyarmorwv.com/	HAS_STORED	191 Vicksburg Rd, Buckhannon, WV 26201			snippets/tjjm-gyms-data-42.liquid
WV	WV	Butch Hiles Brazilian Jiu-Jitsu and MMA	Charleston	https://advancedbkj.com	Y			https://advancedbkj.com	HAS_STORED	410 Summers Street, Charleston, WV 25301			snippets/tjjm-gyms-data-42.liquid
WV	WV	Clarksburg BJJ	Clarksburg	https://clarksburgbjj.com	Y			https://clarksburgbjj.com	HAS_STORED			Y	snippets/tjjm-gyms-data.liquid
WV	WV	Team Luiz Palhares of West Virginia - Imperium Jiu-Jitsu	Elkins	https://bjjclub.weebly.com	Y			https://bjjclub.weebly.com	HAS_STORED	2285 Beverly Pike Suite 5, Elkins, WV 26241			snippets/tjjm-gyms-data-42.liquid
WV	WV	Fairmont BJJ	Fairmont	https://fairmontbjj.com	Y			https://fairmontbjj.com	HAS_STORED			Y	snippets/tjjm-gyms-data.liquid
WV	WV	Andrew Pardee Brazilian Jiu-Jitsu Academy	Follansbee	https://andrewpardeebjj.com	Y			https://andrewpardeebjj.com	HAS_STORED	134 May Road, Follansbee, WV 26037			snippets/tjjm-gyms-data-42.liquid
WV	WV	Ground Zero Fighting Systems Huntington	Huntington	https://gzfshuntington.wordpress.com/	Y			https://gzfshuntington.wordpress.com/	HAS_STORED	1639 7th Avenue, Huntington, WV 25701			snippets/tjjm-gyms-data-42.liquid
WV	WV	Huntington BJJ	Huntington	https://huntingtonbjj.com	Y			https://huntingtonbjj.com	HAS_STORED			Y	snippets/tjjm-gyms-data.liquid
WV	WV	Category Five Jiu-Jitsu	Hurricane	https://c5jj.com	Y			https://c5jj.com	HAS_STORED	270 Progress Way Unit A2, Hurricane, WV 25526			snippets/tjjm-gyms-data-42.liquid
WV	WV	Relson Gracie Jiu-Jitsu of West Virginia	Hurricane	https://relsongraciewv.com	Y			https://relsongraciewv.com	HAS_STORED	3551 Teays Valley Rd, Hurricane, WV 25526			snippets/tjjm-gyms-data-42.liquid
WV	WV	Revelations Brazilian Jiu-Jitsu	Inwood	https://revelationsbjj.wordpress.com	Y			https://revelationsbjj.wordpress.com	HAS_STORED	209 Middleway Pike, Inwood, WV 25428			snippets/tjjm-gyms-data-42.liquid
WV	WV	Spectrum Jiu Jitsu	Kearneysville	https://spectrumjiujitsu.com	Y			https://spectrumjiujitsu.com	HAS_STORED	59 Ruland Road Suite A, Kearneysville, WV 25430			snippets/tjjm-gyms-data-42.liquid
WV	WV	True Elevation Brazilian Jiu Jitsu	Kearneysville	https://tpfgym.com/true_elevation_bjj/	Y			https://tpfgym.com/true_elevation_bjj/	HAS_STORED	362 W Burr Blvd, Kearneysville, WV 25430			snippets/tjjm-gyms-data-42.liquid
WV	WV	Lewisburg BJJ	Lewisburg	https://lewisburgbjj.com	Y			https://lewisburgbjj.com	HAS_STORED			Y	snippets/tjjm-gyms-data.liquid
WV	WV	Stellar Jiu Jitsu	Lewisburg	https://stellarjj.com	Y			https://stellarjj.com	HAS_STORED	232 Lee St Building D, Lewisburg, WV 24901			snippets/tjjm-gyms-data-42.liquid
WV	WV	Elite Martial Arts and MMA	Martinsburg	https://www.elitemartialartsandmma.com	Y			https://www.elitemartialartsandmma.com	HAS_STORED	295 Monroe Street, Martinsburg, WV 25402			snippets/tjjm-gyms-data-42.liquid
WV	WV	Martinsburg BJJ	Martinsburg	https://martinsburgbjj.com	Y			https://martinsburgbjj.com	HAS_STORED			Y	snippets/tjjm-gyms-data.liquid
WV	WV	Nine Realms MMA and Freya Jiu Jitsu	Martinsburg	https://ninerealmsmma.net	Y			https://ninerealmsmma.net	HAS_STORED	204 North Queen Street, Martinsburg, WV 25401			snippets/tjjm-gyms-data-42.liquid
WV	WV	Renzo Gracie Martinsburg	Martinsburg	https://www.renzograciemartinsburg.com	Y			https://www.renzograciemartinsburg.com	HAS_STORED	1211 N Queen Street, Martinsburg, WV 25405			snippets/tjjm-gyms-data-42.liquid
WV	WV	Black Cat MMA	Morgantown	https://morgantownmma.com/	Y			https://morgantownmma.com/	HAS_STORED	9500 Mall Rd Ste 217, Westover, Morgantown, WV 26501			snippets/tjjm-gyms-data-42.liquid
WV	WV	Ground Zero Fighting Systems	Morgantown	https://teamgzfs.com	Y			https://teamgzfs.com	HAS_STORED	5000 Green Bag Road Ste E3 and E5, Mountaineer Mall, Morgantown, WV 26501			snippets/tjjm-gyms-data-42.liquid
WV	WV	Renzo Gracie Brazilian Jiu Jitsu Morgantown	Morgantown	https://renzograciemorgantown.com	Y			https://renzograciemorgantown.com	HAS_STORED	300 Frederick Lane, Morgantown, WV 26508			snippets/tjjm-gyms-data-42.liquid
WV	WV	Team Junqueira Brazilian Jiu Jitsu	Morgantown	http://teamrjbjj.com	Y			http://teamrjbjj.com	HAS_STORED	308 Cheat Road, Morgantown, WV 26508			snippets/tjjm-gyms-data-42.liquid
WV	WV	West Virginia BJJ	Morgantown	https://wvbjj.com	Y			https://wvbjj.com	HAS_STORED			Y	snippets/tjjm-gyms-data.liquid
WV	WV	Nitro BJJ	Nitro	https://nitrobjj.com	Y			https://nitrobjj.com	HAS_STORED			Y	snippets/tjjm-gyms-data.liquid
WV	WV	Oak Hill Brazilian Jiu-Jitsu	Oak Hill		N				NO_W_KEY|RENDERS_BLANK				snippets/tjjm-gyms-data-42.liquid
WV	WV	Parkersburg BJJ	Parkersburg	https://parkersburgbjj.com	Y			https://parkersburgbjj.com	HAS_STORED			Y	snippets/tjjm-gyms-data.liquid
WV	WV	The Compound Mixed Martial Arts Training Center	Pleasant Valley	https://thecompoundmmatc.com	Y			https://thecompoundmmatc.com	HAS_STORED	2331 Rollingwoods Dr, Pleasant Valley, WV 26554			snippets/tjjm-gyms-data-42.liquid
WV	WV	Nova Jiu Jitsu	Ronceverte	https://www.nova-wv.com	Y			https://www.nova-wv.com	HAS_STORED	8484 Seneca Trail S, Ronceverte, WV 24970			snippets/tjjm-gyms-data-42.liquid
WV	WV	Mountain State Jiu-Jitsu	South Charleston	https://mountainstatejiujitsu.com/	Y			https://mountainstatejiujitsu.com/	HAS_STORED	1101 Jefferson Road, South Charleston, WV 25309			snippets/tjjm-gyms-data-42.liquid
WV	WV	Parkersburg Martial Arts Center	Vienna	https://parkersburgbjj.com	Y			https://parkersburgbjj.com	HAS_STORED	101 12th St, Vienna, WV			snippets/tjjm-gyms-data-42.liquid
WV	WV	West Karate & Brazilian Jiu Jitsu	Weirton	https://westkarateofweirton.com	Y			https://westkarateofweirton.com	HAS_STORED	328 Penco Rd, Weirton, WV 26062			snippets/tjjm-gyms-data-42.liquid
WV	WV	Bullpen Fight Club WV	Wheeling	https://bullpenfightclub.com	Y			https://bullpenfightclub.com	HAS_STORED	Nelson Jordan Center, 1100-1198 Charles St, Wheeling, WV 26003			snippets/tjjm-gyms-data-42.liquid
WV	WV	Wheeling BJJ	Wheeling	https://wheelingbjj.com	Y			https://wheelingbjj.com	HAS_STORED			Y	snippets/tjjm-gyms-data.liquid
WY	WY	Casper BJJ	Casper	https://casperbjj.com	Y			https://casperbjj.com	HAS_STORED			Y	snippets/tjjm-gyms-data.liquid
WY	WY	D's Jiu-Jitsu Academy	Casper	https://dsbjjcasper.com	Y			https://dsbjjcasper.com	HAS_STORED	2000 Casper St, Casper WY 82604			snippets/tjjm-gyms-data-38.liquid
WY	WY	Black Label BJJ of Cheyenne	Cheyenne	https://blacklabel307.com	Y			https://blacklabel307.com	HAS_STORED	1121 Old Town Ln, Cheyenne WY 82009			snippets/tjjm-gyms-data-38.liquid
WY	WY	Cheyenne BJJ	Cheyenne	https://cheyennebjj.com	Y			https://cheyennebjj.com	HAS_STORED				snippets/tjjm-gyms-data.liquid
WY	WY	Cody BJJ	Cody	https://codybjj.com	Y			https://codybjj.com	HAS_STORED			Y	snippets/tjjm-gyms-data.liquid
WY	WY	Potter Combat Academy	Cody	https://pottercombat.com	Y			https://pottercombat.com	HAS_STORED	1713 17th St, Cody WY 82414			snippets/tjjm-gyms-data-38.liquid
WY	WY	Gillette BJJ	Gillette	https://gillettebjj.com	Y			https://gillettebjj.com	HAS_STORED			Y	snippets/tjjm-gyms-data.liquid
WY	WY	Western Plains Brazilian Jiu Jitsu	Gillette	https://westernplainsbrazilianjiujitsu.com	Y			https://westernplainsbrazilianjiujitsu.com	HAS_STORED	900 Ez Street, Gillette, WY 82718			snippets/tjjm-gyms-data-38.liquid
WY	WY	Duality BJJ	Green River	https://dualitybjj.com	Y			https://dualitybjj.com	HAS_STORED	142 E Flaming Gorge Way, Green River WY 82935			snippets/tjjm-gyms-data-38.liquid
WY	WY	Jackson Hole MMA	Jackson	https://jacksonholemma.com	Y			https://jacksonholemma.com	HAS_STORED	3580 South Park Dr, Jackson WY 83001			snippets/tjjm-gyms-data-38.liquid
WY	WY	Wyoming Martial Arts	Jackson	https://wyomingmartialarts.com	Y		websites-2		HAS_STORED+BLANKED|RENDERS_BLANK			Y	snippets/tjjm-gyms-data.liquid
WY	WY	Wind River Dojo	Lander	https://windriverdojo.org	Y			https://windriverdojo.org	HAS_STORED	465 Lincoln St, Lander WY 82520			snippets/tjjm-gyms-data-38.liquid
WY	WY	Alliance Jiu Jitsu Wyoming	Laramie	https://alliancejiujitsuwyoming.com	Y		websites-2		HAS_STORED+BLANKED|RENDERS_BLANK			Y	snippets/tjjm-gyms-data.liquid
WY	WY	Third Way Jiu Jitsu	Laramie	https://thirdwayjiujitsu.com	Y			https://thirdwayjiujitsu.com	HAS_STORED	407 S 21st St, Laramie WY 82070			snippets/tjjm-gyms-data-38.liquid
WY	WY	Riverton BJJ	Riverton	https://rivertonbjj.com	Y			https://rivertonbjj.com	HAS_STORED			Y	snippets/tjjm-gyms-data.liquid
WY	WY	Rock Springs BJJ	Rock Springs	https://rockspringsbjj.com	Y			https://rockspringsbjj.com	HAS_STORED			Y	snippets/tjjm-gyms-data.liquid
WY	WY	Wyo Faction	Rock Springs	https://wyofaction.com	Y			https://wyofaction.com	HAS_STORED	1248 Dewar Drive, Rock Springs, WY 82901			snippets/tjjm-gyms-data-38.liquid
WY	WY	Sheridan BJJ Wyoming	Sheridan	https://sheridanbjjwy.com	Y		websites-2		HAS_STORED+BLANKED|RENDERS_BLANK			Y	snippets/tjjm-gyms-data.liquid
