id	risk	region	city	name	url
1	http-only	AK	Ketchikan	Ketchikan Jiu-Jitsu	http://www.ketchikanbjj.com/
2	http-only	AL	Auburn	Auburn MMA	http://www.auburnmma.com/
3	http-only	AL	Birmingham	Gracie Barra Greystone	http://www.graciebarragreystone.com
4	http-only	AL	Birmingham	The Dojang Martial Arts & Fitness	http://www.thedojanggroup.com/
5	http-only	AL	Daphne	SCS Martial Arts & Fitness	http://teamscsdaphne.com/
6	http-only	AL	Dothan	Wolfpack Karate & MMA	http://www.mmadothan.com/
7	http-only	AL	Enterprise	I'mmortal Kombat	http://www.jiujitsuenterprise.com/
8	http-only	AL	Foley	Panacea Martial Arts	http://foleybjj.com/
9	http-only	AL	Huntsville	10th Planet Jiu Jitsu Huntsville	http://10thplanethuntsville.com/
10	http-only	AL	Huntsville	Claymore Fighting & Fitness	http://www.claymoregym.com/
11	http-only	AL	Huntsville	New Legacy Martial Arts Academy Fight Gym	http://www.facebook.com/newlegacymartialartsacademyathletics
12	http-only	AL	Huntsville	Powell's MMA Systems	http://www.sbgofal.com/
13	http-only	AL	Mobile	Port City MMA	http://portcitymma.com/
14	http-only	AL	Muscle Shoals	10th Planet Jiu Jitsu Muscle Shoals	http://10thplanetshoals.com/
15	http-only	AL	Opelika	Kage Fit	http://kagefit.me/
16	http-only	AL	Pelham	Gracie Barra Pelham Alabama	http://www.graciebarraalabama.com
17	http-only	AL	Vestavia Hills	Birmingham Wrestling Complex	http://bwcomplex.com/
18	http-only	AZ	Casa Grande	Warriors Guild Martial Arts	http://www.warriorsguildmartialarts.com/
19	http-only	AZ	Chandler	Gracie Barra Chandler	http://gbchandler.com
20	http-only	AZ	Chandler	Gracie Jiu-Jitsu Chandler	http://www.graciejiujitsuchandler.com/
21	http-only	AZ	El Mirage	Team Monstro Brazilian Jiu Jitsu	http://www.teammonstrobjj.org/
22	http-only	AZ	Fountain Hills	Impact Jiu Jitsu Fountain Hills	http://impactfh.com
23	http-only	AZ	Gilbert	Next Level Fitness & Martial Arts (Gracie Gilbert BJJ)	http://www.graciegilbertbjj.com/
24	http-only	AZ	Glendale	Attitude First MMA	http://www.attitudefirst.net/
25	http-only	AZ	Glendale	Black Flag Jiu-Jitsu Club	http://www.blackflagjiujitsuclub.com/
26	http-only	AZ	Glendale	Gracie Jiu-Jitsu Glendale	http://gjjglendale.com/
27	http-only	AZ	Glendale	The Lab	http://www.mmalab.com/
28	http-only	AZ	Goodyear	Ares BJJ Goodyear	http://aresbjjgoodyear.com
29	http-only	AZ	Goodyear	Knockout Fitness	http://knockoutfitness.com
30	http-only	AZ	Mesa	10th Planet Jiu-Jitsu Phoenix	http://10thplanetphx.com
31	http-only	AZ	Mesa	Nava Brazilian Jiu Jitsu	http://navabjj.com
32	http-only	AZ	Mesa	Southwest Judo Academy	http://www.southwestjudo.com
33	http-only	AZ	Mesa	Southwest MMA	http://southwestmma.com/
34	http-only	AZ	Mesa	Union Combat Academy	http://www.unioncombat.com/
35	http-only	AZ	Peoria	Lotus Club Fight & Fitness	http://www.lotusclubfightandfitness.com
36	http-only	AZ	Phoenix	Grace Fighting Systems Training Center	http://www.gfsbjj.com/
37	http-only	AZ	Phoenix	Greywolf Ares BJJ	http://greywolfjiujitsu.com
38	http-only	AZ	Prescott	Average Joe's MMA	http://averagejoesmma.com/
39	http-only	AZ	Queen Creek	Gracie Barra Queen Creek Jiu-Jitsu & Self Defense	http://gbqueencreek.com
40	http-only	AZ	Scottsdale	10th Planet Jiu Jitsu Scottsdale	http://www.10thplanetscottsdale.com
41	http-only	AZ	Scottsdale	Alliance Scottsdale (Ximenes BJJ)	http://www.ximenesbjj.com
42	http-only	AZ	Scottsdale	BJJ Social Club	http://www.bjjsocialclubaz.com
43	http-only	AZ	Scottsdale	Cactus Jiu Jitsu Academy	http://www.cactusjj.com/
44	http-only	AZ	Scottsdale	Kiko France BJJ	http://kikofrancebjj.com
45	http-only	AZ	Scottsdale	UltraFit Systems	http://ultrafitsystems.com/
46	http-only	AZ	Sedona	Warrior Tribe	http://www.sedonaselfdefense.com/
47	http-only	AZ	Show Low	White Mountain BJJ	http://www.wmbjj.com/
48	http-only	AZ	Surprise	2 Knuckle Sports MMA Academy	http://2knucklesports.com/
49	http-only	AZ	Surprise	Bluestarr Grappling	http://www.bluestarrgrappling.com
50	http-only	AZ	Surprise	Cyclone Muay Thai & Double Five BJJ Surprise	http://www.cyclone-muaythai.com
51	http-only	AZ	Surprise	De Boa Jiu Jitsu Academy	http://www.deboabjj.com
52	http-only	AZ	Surprise	Proving Ground MMA	http://www.provinggroundmma.com
53	http-only	AZ	Tempe	Arizona Combat Sports	http://azcombatsports.com/
54	http-only	AZ	Tempe	Dark Matter Jiu Jitsu/Ares BJJ Tempe	http://darkmatterjj.com/
55	http-only	AZ	Tempe	Fluid Martial Arts Academy	http://www.fluidmartialarts.com/
56	http-only	AZ	Thatcher	Full Charge Brazilian Jiu-Jitsu	http://www.fullchargebjj.com/
57	http-only	AZ	Tucson	10th Planet Jiu Jitsu Tucson	http://10thplanettucson.com/
58	http-only	AZ	Yuma	Yuma Top Team	http://www.yumatopteam.com/
59	http-only	BC	Richmond	Apex Martial Arts	http://www.apexma.ca
60	http-only	CA	Anaheim	Kings MMA Anaheim	http://www.kingsanaheim.com/
61	http-only	CA	Apple Valley	Gracie Jiu-Jitsu Apple Valley	http://www.graciejjav.com/
62	http-only	CA	Arcadia	Logic Brazilian Jiu-Jitsu HQ	http://www.logicjj.com/
63	http-only	CA	Arcadia	SCHOOL Brazilian Jiu-Jitsu Arcadia	http://schoolbjjarcadia.com/
64	http-only	CA	Atascadero	Paragon Brazilian Jiu-Jitsu & Muay Thai Atascadero	http://www.paragonbjjslo.com/
65	http-only	CA	Bakersfield	South Valley Brazilian Jiu Jitsu	http://www.southvalleyjiujitsu.com/
66	http-only	CA	Berkeley	Modern Combatives Mixed Martial Arts	http://www.moderncombatives.com/
67	http-only	CA	Berkeley	Ralph Gracie Berkeley Jiu Jitsu Academy	http://www.ralphgracieberkeley.com/
68	http-only	CA	Brea	Brea Jiu-Jitsu	http://www.breajiujitsu.com/
69	http-only	CA	Brentwood	Checkmat Brentwood	http://www.checkmatbrentwood.com
70	http-only	CA	Brentwood	Crosley Gracie Jiu-Jitsu	http://www.crosleygracie.com/
71	http-only	CA	Brentwood	Ricardo Barros Brazilian Jiu-Jitsu	http://www.rbbjj.com/
72	http-only	CA	Burbank	10th Planet Burbank	http://www.10thplanetburbank.com/
73	http-only	CA	Burbank	Defiant MMA & Fitness	http://www.defiantmuaythai.com/
74	http-only	CA	Burbank	Legacy Burbank	http://legacybjj.com/
75	http-only	CA	Canyon Country	Jean Jacques Machado Brazilian Jiu-Jitsu - Santa Clarita Valley	http://jjmachadoscv.com/
76	http-only	CA	Carlsbad	Alliance Jiu-Jitsu Carlsbad / BJJ Carlsbad CA 92008	http://www.alliancecarlsbad.com/home-5/
77	http-only	CA	Carson	MCBJJ - Marcelo Cavalcanti Brazilian Jiu-JItsu	http://www.mcbjj.com/
78	http-only	CA	Cedar Glen	Lake Arrowhead Jiu-Jitsu	http://lakearrowheadjiujitsu.com/
79	http-only	CA	Chatsworth	Academy of Brazilian Jiu Jitsu	http://www.academyofbrazilianjiujitsu.com/
80	http-only	CA	Chatsworth	Kings Combat Sports	http://www.kingscombatsports.com
81	http-only	CA	Chico	Bruno Lima Brazilian Jiu Jitsu	http://www.brunolimabjj.com/
82	http-only	CA	Chino	Gracie Barra Chino Jiu-Jitsu	http://gbchino.com/
83	http-only	CA	Chino	Vital Force Muay Thai & MMA	http://www.vitalforcemma.com/
84	http-only	CA	Clovis	Pacific Martial Arts Clovis CA	http://fresnopma.com
85	http-only	CA	Concord	Sabre Jiu-Jitsu Academy	http://www.sabrebjj.com/
86	http-only	CA	Concord	UFC GYM Concord	http://www.ufcgym.com/concord
87	http-only	CA	Costa Mesa	Art of Jiu Jitsu Academy	http://www.artofjiujitsu.com/
88	http-only	CA	Costa Mesa	Triunfo Jiu Jitsu & MMA	http://www.triunfomma.com/
89	http-only	CA	Covina	10th Planet Covina Jiu Jitsu & Blitz Muay Thai	http://10thplanetcovina.com/
90	http-only	CA	Covina	Teixeira/Garcia Brazilian jiu-jitsu training academy	http://gfteamcovina.com/
91	http-only	CA	Culver City	Revolution Martial Arts & Jiu Jitsu	http://www.revolutionculvercity.com/
92	http-only	CA	Daly City	10th Planet Daly City	http://www.10pdc.com/
93	http-only	CA	Daly City	Charles Gracie Jiu-Jitsu Academy	http://www.charlesgracie.com/
94	http-only	CA	Davis	Nova Geração Davis	http://novageracaodavis.com
95	http-only	CA	Downey	Academy Jiu-Jitsu & Kickboxing / Downtown Downey	http://academyjj.com/
96	http-only	CA	East Los Angeles	Scorpion MMA (Aloisio Silva Associated Academy)	http://scorpion-mma.us/index.html
97	http-only	CA	Elk Grove	Waza Brazilian Jiu Jitsu	http://www.wazabjj.com/
98	http-only	CA	Folsom	CHECKMAT Folsom Brazilian Jiu Jitsu	http://www.bedabjj.com/
99	http-only	CA	Fontana	Aguirre's Fighting System	http://aguirresfightingsystem.com/
100	http-only	CA	Foster City	Fearless Fitness	http://www.fearlessfitness.us
101	http-only	CA	Fountain Valley	Williams Academy of MMA	http://www.williamsmma.com/
102	http-only	CA	Fremont	Baem Jiu Jitsu - Fremont	http://baemjiujitsu.com/
103	http-only	CA	Fresno	Dethrone Mixed Martial Arts	http://www.dethronefresno.com
104	http-only	CA	Fresno	Fresno Ultimate Martial Arts	http://www.ultmartialarts.com
105	http-only	CA	Fresno	Halo Jiu-Jitsu Training Center	http://www.halobjj.net/
106	http-only	CA	Fresno	Pacific Martial Arts Fresno CA (inside Fit Republic Health Club)	http://fresnopma.com
107	http-only	CA	Fresno	Rivalry Jiu-Jitsu	http://www.rivalryjiujitsu.com/
108	http-only	CA	Fullerton	10th Planet Jiu Jitsu Fullerton	http://www.10thplanetorangecounty.com/
109	http-only	CA	Fullerton	Rounders MMA Fullerton	http://www.roundersmma.com/
110	http-only	CA	Garden Grove	Carlson Gracie Academy of Garden Grove	http://www.carlsongraciegardengrove.com/
111	http-only	CA	Gilroy	Antdawgs MMA Training Center	http://antdawgsmma.com/
112	http-only	CA	Gilroy	Gilroy Brazilian Jiu -Jitsu	http://www.gilroybjj.com/
113	http-only	CA	Glendora	Sampa Brazilian Jiu Jitsu / BJJ Fontana CA 92335	http://sampabrazilianjiujitsu.com/
114	http-only	CA	Gold River	Brazilian Jiu Jitsu Academy of Sacramento	http://elementsofjiujitsu.com/
115	http-only	CA	Granite Bay	Bruddas BJJ @ Granite Bay JJ	http://bruddasbjj.com/
116	http-only	CA	Hayward	Bay Area Fighter Academy (BAFA)	http://bayareafighter.com/
117	http-only	CA	Hayward	EDGE Training Center	http://edgebjj.com/
118	http-only	CA	Hayward	Mindset Martial Arts & Fitness	http://haywardmma.com/
119	http-only	CA	Hercules	Omnimovement	http://www.omnimovement.com/
120	http-only	CA	Huntington Beach	Hb Ultimate Training Center	http://www.hbutc.com/
121	http-only	CA	Huntington Beach	Kings MMA	http://kingsmma.com/
122	http-only	CA	Huntington Beach	Power of Leverage Brazilian Jiu-Jitsu	http://www.powerofleveragebjj.com/
123	http-only	CA	Inglewood	wolfpac combat ju-jitsu	http://www.wolfpac.co.nr/
124	http-only	CA	Irvine	10th Planet Irvine	http://www.10thplanetmonstersquad.com/
125	http-only	CA	Irvine	Butokuden Martial Arts Training Center	http://www.butokuden.com/
126	http-only	CA	Irvine	Phenom Brazilian Jiu Jitsu	http://phenombjjoc.com/
127	http-only	CA	La Habra	Lucas Leite Brazilian Jiu-Jitsu	http://www.lucasleitebjj.net/
128	http-only	CA	La Jolla	Gracie Jiu-Jitsu La Jolla	http://www.graciejiu-jitsulajolla.com/
129	http-only	CA	La Mirada	Gridlock Academy -Gracie Jiu Jitsu Self Defense	http://www.rgracie.com/
130	http-only	CA	La Mirada	United Mixed Martial Arts	http://www.unitedmixedmartialarts.com/
131	http-only	CA	Laguna Niguel	Royce Gracie Jiu-Jitsu Academy OC	http://www.rgjjoc.com/
132	http-only	CA	Lake Elsinore	One Jiu Jitsu Lake Elsinore	http://onejiujitsulakeelsinore.com
133	http-only	CA	Lake Forest	Oc Jiu-Jitsu & Mixed Martial Arts	http://www.ocjj.com/
134	http-only	CA	Livermore	Charles Gracie Jiu-Jitsu Academy Livermore	http://www.gracielivermore.com/
135	http-only	CA	Lodi	Strive Jiu Jitsu & Fitness Academy	http://www.striveacademylodi.com/
136	http-only	CA	Long Beach	The Jiu-Jitsu League	http://www.thejiujitsuleague.com/
137	http-only	CA	Los Altos	Jg Academy	http://www.cscmhk.com
138	http-only	CA	Los Angeles	Clube Jiu Jitsu	http://www.clubejiujitsu.com/
139	http-only	CA	Los Angeles	Cobrinha Brazilian Jiu-Jitsu & Fitness	http://www.cobrinhabjj.com/
140	http-only	CA	Los Angeles	Eagle Rock Jiu-Jitsu	http://eaglerockbjj.com/
141	http-only	CA	Los Angeles	Gomez Jiu-jitsu	http://www.gomezjiujitsu.com/
142	http-only	CA	Los Angeles	GB Tarzana	http://gbtarzana.com/
143	http-only	CA	Mammoth Lakes	Mammoth Lakes Jiu-Jitsu	http://www.mammothlakesjiujitsu.com
144	http-only	CA	Marina Del Rey	Inosanto Academy of Martial Arts	http://inosanto.com/
145	http-only	CA	Merced	Merced Mixed Martial Arts Academy	http://www.mmamerced.com/
146	http-only	CA	Milpitas	Unlimited MMA	http://unlimitedmma.com/
147	http-only	CA	Mission Hills	Phenom Brazilian Jiu-Jitsu & Mixed Martial Arts	http://www.phenombjj.com/
148	http-only	CA	Modesto	Ares BJJ Modesto	http://www.bjjmodesto.com/
149	http-only	CA	Modesto	Dynamic Mixed Martial Arts	http://www.dynamicmmaonline.com/
150	http-only	CA	Montebello	Versus Fitness & Martial Arts	http://www.versusfitnesscenter.com/
151	http-only	CA	Moreno Valley	Marcellini’s Martial Arts Academy	http://www.mmaa.us/
152	http-only	CA	Mountain View	Serao Academy - Brazilian Jiu-Jitsu	http://www.seraoacademy.com/
153	http-only	CA	Murrieta	Fight Syndicate Mixed Martial Arts and Fitness	http://fightsyndicatemma.com/
154	http-only	CA	Napa	Napa Brazilian Jiu Jitsu	http://napavalleybrazilianjiujitsu.com/
155	http-only	CA	National City	One Legacy Training Center - Jiu Jitsu, MMA, Muay Thai, Self Defense	http://onelegacytc.com/
156	http-only	CA	Newark	One World Jiu Jitsu	http://oneworldjiujitsu.com/
157	http-only	CA	North Highlands	Cassio Werneck Brazilian Jiu-Jitsu	http://www.cassiowerneck.com/
158	http-only	CA	North Hollywood	Hayastan MMA	http://www.gokor.com/
159	http-only	CA	North Hollywood	NoHo MMA	http://www.nohomma.com/
160	http-only	CA	Northridge	Checkmat Northridge Brazilian jiu jitsu	http://www.checkmatnorthridge.com/
161	http-only	CA	Oakland	10th Planet Jiu Jitsu Oakland	http://www.10thplanetoakland.com
162	http-only	CA	Oakland	Pacific Ring Sports	http://www.pacificringsports.com/
163	http-only	CA	Oakland	Six Blades Jiu Jitsu	http://www.oaklandbjj.com/
164	http-only	CA	Oakley	Big Break Jiu Jitsu	http://www.bigbreakbjj.com/
165	http-only	CA	Oceanside	Compound MMA & Fitness	http://www.thecompoundmma.com/
166	http-only	CA	Oceanside	EXCEL Jiu Jitsu MMA & Fitness	http://www.exceljiujitsu.com/
167	http-only	CA	Oceanside	Oceanside Jiu Jitsu	http://oceansidejiujitsu.com/
168	http-only	CA	Orange	10th Planet Jiu Jitsu Orange	http://www.10thplanetorangecounty.com/
169	http-only	CA	Orange	Point of Impact MMA	http://poimma.com/
170	http-only	CA	Oxnard	West Coast Jiu Jitsu & Muay	http://www.westcoastjiujitsu.com/
171	http-only	CA	Pacifica	Thrive Jiu Jitsu	http://www.thrivemartialarts.com
172	http-only	CA	Palmdale	SoCal Fight Factory	http://socalfightfactory.com/
173	http-only	CA	Pleasanton	Crispim BJJ	http://www.crispimbjj.com/
174	http-only	CA	Pleasanton	Guerrilla Jiu-Jitsu	http://www.guerrillajiujitsu.com/
175	http-only	CA	Rancho Cucamonga	10th Planet Rancho Cucamonga	http://10thplanetjjroute66.com
176	http-only	CA	Rancho Cucamonga	Millennia MMA Gym HQ Rancho Cucamonga	http://www.millenniamma.com/
177	http-only	CA	Rancho Mission Viejo	Evolve Checkmat Jiu Jitsu / Muay Thai Academy	http://www.joinevolve.com/
178	http-only	CA	Rancho Santa Margarita	Next Generation MMA	http://www.nextgenerationmma.com/
179	http-only	CA	Redondo Beach	Black House MMA	http://www.blackhouseredondo.com/
180	http-only	CA	Redwood City	148 Jiu-Jitsu Academy	http://www.the148collective.com/
181	http-only	CA	Riverside	Riverside MMA	http://mmariverside.com/
182	http-only	CA	Rocklin	Infinite Jiu-Jitsu	http://www.infinitejiujitsu.net/
183	http-only	CA	Sacramento	Sacramento Brazilian Jiu Jitsu Academy - Yemaso BJJ	http://www.yemasobjj.com/
184	http-only	CA	Sacramento	Sacramento Jiu Jitsu / Jiu-Jitsu Sacramento CA 95822	http://sacbjj.com/
185	http-only	CA	Salinas	Salinas Jiu Jitsu & Personal Training	http://www.salinasbjj.com/
186	http-only	CA	San Bernardino	Adrenaline MMA Gym	http://www.adrenalinefc.com/
187	http-only	CA	San Bernardino	Cobrinha Brazillian Jiu-Jitsu Academy (San Bernardino, California)	http://www.cobrinhabjjsanbernardino.com/
188	http-only	CA	San Clemente	Fight Strong MMA	http://www.scfightstrong.com/
189	http-only	CA	San Clemente	Guillobel BJJ	http://www.guillobelbjj.com/
190	http-only	CA	San Diego	Boxing Club	http://theboxingclub.net/
191	http-only	CA	San Diego	Clark Gracie Jiu Jitsu Academy	http://clarkgracie.com/
192	http-only	CA	San Diego	Fabio Santos BJJ	http://www.fabiojiujitsu.com/
193	http-only	CA	San Diego	Rodrigo Medeiros BJJ	http://rodrigomedeirosbjj.com/
194	http-only	CA	San Diego	The Stronghold JJ	http://thestrongholdsd.com/
195	http-only	CA	San Dimas	Gracie Jiu-Jitsu San Dimas	http://www.graciejiujitsusandimas.com/
196	http-only	CA	San Francisco	Bay Jiu-Jitsu	http://bayjiujitsu.com/
197	http-only	CA	San Francisco	Cesar Gracie Jiu Jitsu	http://graciefighter.com/locations/gracie-fighter-san-francisco/
198	http-only	CA	San Francisco	CS Jiu Jitsu Self Defense	http://www.csjiujitsu.com/
199	http-only	CA	San Francisco	El Niño Training Center	http://www.elninomma.com
200	http-only	CA	San Francisco	Evolve Training Center	http://www.evolvetrainingcenter.com
201	http-only	CA	San Francisco	Studio86 Jiu Jitsu	http://www.studio86bjj.com
202	http-only	CA	San Francisco	10th Planet Jiu Jitsu San Francisco	http://10thplanetjiujitsusf.com/
203	http-only	CA	San Jose	Caio Terra Academy	http://www.bjjsanjose.com/
204	http-only	CA	San Jose	Claudio Franca Brazilian Jiu-Jitsu	http://www.claudiofrancabjj.com/
205	http-only	CA	San Jose	Gloglo Brazilian Jiu-jitsu, Kickboxing & Fitness Academy	http://www.gloglobjj.com/
206	http-only	CA	San Jose	Ralph Gracie Jiu Jitsu - San Jose	http://www.ralphgraciesj.com/
207	http-only	CA	San Jose	Tribull MMA Center	http://tribullmma.typepad.com/my_weblog/
208	http-only	CA	San Lorenzo	San Lorenzo Brazilian Jiu Jitsu	http://www.sanlorenzobjj.com/
209	http-only	CA	San Luis Obispo	Paragon Brazilian Jiu Jitsu	http://paragonbjjslo.com
210	http-only	CA	San Marcos	San Diego Brazilian Jiu-Jitsu & Mixed Martial Arts	http://sdbjj.com/
211	http-only	CA	San Mateo	10th Planet San Mateo	http://www.10thplanetsm.com
212	http-only	CA	San Ramon	Warrior Brazilian Jiu Jitsu Academy	http://www.warrior-bjj.com/
213	http-only	CA	Santa Ana	10th Planet Jiu Jitsu Costa Mesa	http://10thplanetorangecounty.com/
214	http-only	CA	Santa Ana	Rocknroll Brazilian Jiu Jitsu & Fitness	http://www.rocknrollbjj.com
215	http-only	CA	Santa Ana	Tomacelli Academy: Brazilian Jiu-Jitsu & Mixed Martial Arts	http://www.tomacelliacademy.com/
216	http-only	CA	Santa Barbara	Gracie Barra BJJ	http://www.gbsantabarbara.com/
217	http-only	CA	Santa Clara	Ralph Gracie Jiu Jitsu - Santa Clara	http://www.ralphgraciesc.com/
218	http-only	CA	Santa Cruz	Kaijin MMA / West Cliff Jiu-Jitsu	http://kaijinmma.com/
219	http-only	CA	Santa Monica	MC Brazilian Jiu Jitsu Club	http://www.mcbrazilianjiujitsuclub.com/
220	http-only	CA	Santa Paula	West Coast Jiu-Jitsu	http://www.westcoastjiujitsu.com/martins.html
221	http-only	CA	Santee	Infinity Brazilian Jiu Jitsu	http://www.infinitybjj.com/
222	http-only	CA	Sherman Oaks	Chris Lisciandro’s Street Sports BJJ Club	http://www.brazilianjiujitsuclub.com/Welcome.html
223	http-only	CA	Sonora	Sonora MMA Academy	http://oakdalemma.com/
224	http-only	CA	Sunnyvale	UFC GYM Sunnyvale	http://www.ufcgym.com/sunnyvale
225	http-only	CA	Tarzana	Kaiju MMA & Fitness	http://kaiju-mma.com/
226	http-only	CA	Temecula	Carlson Gracie Wine Country Jiu Jitsu	http://www.temeculajiujitsu.com
227	http-only	CA	Temecula	Dan Henderson's Athletic Fitness Center - Formerly Team Quest	http://dhfitnesscenter.com/
228	http-only	CA	Torrance	Excellence School of Jiu-Jitsu South Bay	http://www.esjjsouthbay.com/
229	http-only	CA	Torrance	Gracie University Headquarters	http://www.gracie-torrance.com/
230	http-only	CA	Tracy	Charles Gracie Jiu-Jitsu Academy Tracy	http://www.gracietracy.com/
231	http-only	CA	Tracy	Open Mat Academy	http://openmatacademy.com/
232	http-only	CA	Turlock	Turlock Academy Of Jiu-Jitsu	http://www.turlockjiujitsu.com/
233	http-only	CA	Tustin	One Jiu Jitsu	http://www.onebjjfitness.com/
234	http-only	CA	Union City	Dragon's Den Kajukenbo Club	http://www.dragonsdenmma.com/
235	http-only	CA	Vacaville	Ralph Gracie Vacaville	http://ralphgracievacaville.com/
236	http-only	CA	Valencia	Big John Mccarthy's Ultimate Training Gym	http://www.bjmuta.com/
237	http-only	CA	Vallejo	Combat Fitness	http://combatfitness-rma.com/
238	http-only	CA	Valley Village	Fight Factory MMA	http://www.fightfactory.com/
239	http-only	CA	Visalia	Elite Team Visalia Bjj	http://www.facebook.com/EliteTeamVisaliaBJJ/
240	http-only	CA	Visalia	Kajupit MMA & Fitness	http://www.freewebs.com/kajupit/
241	http-only	CA	Walnut	Caique Jiu Jitsu Walnut Academy	http://www.cjjwalnut.com/
242	http-only	CA	Walnut	Sampa Brazilian Jiu Jitsu Walnut	http://sampabjj.com/
243	http-only	CA	Walnut Creek	10th Planet Walnut Creek	http://www.10thplanetwalnutcreek.com
244	http-only	CA	West Covina	Champions Fitness Brazilian Jiu-JItsu Muay-Thai & Boxing	http://championsbjj.com/
245	http-only	CA	Westlake Village	Bas Rutten's Elite MMA	http://www.elitemmagym.com/
246	http-only	CA	Whittier	Tillis Brazilian Jiu Jitsu	http://www.tillisbjj.com/
247	http-only	CA	Yucaipa	Eagle Brazilian Jiu Jitsu	http://www.eaglebjj.com/
248	http-only	CO	Alamosa	Grizzly MMA	http://www.grizzlymma.com
249	http-only	CO	Arvada	The Academy of Brazilian Jiujitsu	http://www.arvadajiujitsu.com
250	http-only	CO	Aurora	Gracie Barra Saddle Rock Jiu-Jitsu	http://www.gbsaddlerock.com
251	http-only	CO	Aurora	High Altitude Martial Arts	http://www.highaltitudema.com
252	http-only	CO	Aurora	Onyx Jiu Jitsu	http://www.onyxjiujitsu21.com
253	http-only	CO	Aurora	Way of Jiu Jitsu - Aurora	http://www.wayofjiujitsu.com
254	http-only	CO	Avon	Hybrid Nation Martial Arts	http://www.avonmartialarts.com
255	http-only	CO	Avon	Inyodo Martial Arts	http://inyodomartialarts.com
256	http-only	CO	Boulder	Wolchek Academy of Martial Arts	http://mywama.com
257	http-only	CO	Broomfield	Elemental Brazilian Jiu Jitsu	http://www.elementalbjj.com
258	http-only	CO	Broomfield	Full Circle Martial Arts	http://www.fullcirclemartialarts-colorado.com
259	http-only	CO	Broomfield	Limitless Martial Arts	http://www.limitlessmartialarts.co
260	http-only	CO	Broomfield	Stars Training Center	http://www.pancrase.us
261	http-only	CO	Broomfield	Zingano Brazilian Jiu Jitsu	http://www.zinganobjj.com
262	http-only	CO	Carbondale	Tribal Society BJJ	http://www.facebook.com/TribalSocietyBJJ
263	http-only	CO	Castle Rock	Fulcrum Jiu Jitsu Academy	http://fulcrumjiujitsuacademy.com
264	http-only	CO	Centennial	Black Tie Brazilian Jiu Jitsu - Colorado	http://blacktiebjjcolorado.com
265	http-only	CO	Colorado Springs	10th Planet Colorado Springs	http://10thplanetcoloradosprings.com
266	http-only	CO	Colorado Springs	Cies MMA	http://ciesmma.com
267	http-only	CO	Colorado Springs	DC Fighters USA	http://www.dcfightersusa.com
268	http-only	CO	Colorado Springs	DICTATE Tactical Training Center	http://streetmma.net
269	http-only	CO	Colorado Springs	Gracie Jiu-Jitsu Colorado Springs	http://www.gjj-cs.com
270	http-only	CO	Colorado Springs	Iron Forged Martial Arts	http://www.ironforgedmartialarts.com
271	http-only	CO	Colorado Springs	Mercs Jiu-jitsu MMA Fitness	http://www.mercsjiujitsu.com
272	http-only	CO	Colorado Springs	Pariah MMA and Fitness	http://www.pariahmma.com
273	http-only	CO	Colorado Springs	Prime Brazilian Jiu-Jitsu	http://www.primebjj.com
274	http-only	CO	Colorado Springs	Renzo Gracie Colorado	http://www.renzograciecolorado.com
275	http-only	CO	Colorado Springs	True Martial Arts Center	http://truemartialartscenter.com
276	http-only	CO	Colorado Springs	Victory MMA	http://www.coloradovictorymma.com
277	http-only	CO	Denver	Avenge Jiu Jitsu	http://avengejiujitsu.com
278	http-only	CO	Denver	Colorado Brazilian Jiu Jitsu Satori	http://www.jiujitsucolorado.com
279	http-only	CO	Denver	Dark Horse Combat Club	http://www.darkhorsecombatclub.com
280	http-only	CO	Denver	Denver Judo	http://www.denverjudo.com
281	http-only	CO	Denver	Logos Jiu Jitsu	http://logosjiujitsu.com
282	http-only	CO	Denver	Morning Star Jiu Jitsu	http://www.MorningStarJJ.com
283	http-only	CO	Denver	Red Dragon Jujitsu Club	http://jujitsudenver.com
284	http-only	CO	Denver	The Kompound Training Center	http://www.kompoundtrainingcenter.com
285	http-only	CO	Denver	Train. Fight. Win. MMA & Fitness	http://www.tfwmma.com
286	http-only	CO	Denver	Tri-Town Brazilian Jiu Jitsu	http://www.tritownbjjacademy.com
287	http-only	CO	Denver	Way of Jiu Jitsu Academy	http://www.wayofjiujitsu.com
288	http-only	CO	Eaton	Element Brazilian Jiu Jitsu	http://www.coelementbjj.com
289	http-only	CO	Englewood	Factory X Muay Thai / MMA / BJJ	http://www.factoryxmuaythai.com
290	http-only	CO	Erie	Motive Jiu-Jitsu Academy	http://www.motivejiujitsu.com
291	http-only	CO	Evergreen	Brazilian Top Team Evergreen	http://www.bttevergreen.com
292	http-only	CO	Fort Collins	McMahon Brazilian Jiu-Jitsu Academy	http://www.mcmahonbjj.com
293	http-only	CO	Fort Collins	Total Ryu Martial Arts	http://www.ftcollinsmartialarts.com
294	http-only	CO	Fort Collins	Trials Martial Arts & Fitness	http://trialsmma.com
295	http-only	CO	Frisco	Summit County Jiu Jitsu	http://summitcobjj.com
296	http-only	CO	Golden	Denver Grappling Club	http://grapplingzonekj.com
297	http-only	CO	Granby	Mountain Beast MMA & Fitness	http://www.mountainbeast.com
298	http-only	CO	Highlands Ranch	Competitive Edge Mixed Martial Arts of Highlands Ranch	http://www.ce-mma.com
299	http-only	CO	Lafayette	10th Planet Jiu Jitsu Boulder - Lafayette	http://www.10thplanetboulder.com
300	http-only	CO	Lakewood	Imperial Jiu Jitsu / Kickboxing	http://imperialjiujitsu.com
301	http-only	CO	Lakewood	Peak Kickboxing & Jiu-Jitsu	http://peakmartialartsdenver.com
302	http-only	CO	Lakewood	Seo's Martial Arts	http://www.seosmartialartsacademy.com
303	http-only	CO	Lakewood	The Sanctuary Brazilian JiuJitsu and Fitness	http://www.thesanctuarybjjandfitness.com
304	http-only	CO	Littleton	Gracie Judo Club	http://www.graciejudoclub.com
305	http-only	CO	Littleton	Kompound Training Center	http://kompoundtrainingcenter.com
306	http-only	CO	Lone Tree	UFC GYM Lone Tree	http://ufcgym.com
307	http-only	CO	Longmont	Dark Horse Brazilian Jiu Jitsu	http://bjjdarkhorse.com
308	http-only	CO	Loveland	Infinite Jiu-Jitsu Academy	http://www.infinitejiujitsuloveland.com
309	http-only	CO	Montrose	Agoge Jiu Jitsu	http://agogejiujitsu.com
310	http-only	CO	Montrose	Montrose Brazilian Jiu-Jitsu	http://www.montrosebjj.com
311	http-only	CO	Monument	The Academy of Martial Arts - Monument Jiu-Jitsu	http://monumentjiujitsu.com
312	http-only	CO	Parker	10th Planet DSU Parker	http://www.10thplanetparker.com
313	http-only	CO	Parker	5280 Martial Arts	http://www.5280ma.com
314	http-only	CO	Parker	Kurusan Jiu-Jitsu & Kickboxing	http://www.kurusan.com
315	http-only	CO	Parker	Otomi Martial Arts	http://www.otomimartialarts.com
316	http-only	CO	Parker	Zenith Authentic Brazilian Jiu-Jitsu	http://www.authenticbjj.com
317	http-only	CO	Westminster	DCO MMA & Fitness	http://dcommafitness.com
318	http-only	CO	Westminster	Rebellion Self Defense & GJJ	http://rebellionselfdefensegjj.com
319	http-only	CO	Wheat Ridge	ETHOS Colorado	http://ethoscolorado.com
320	http-only	CO	Wheat Ridge	10th Planet Jiu Jitsu Denver	http://www.10thplanetdenver.com/
321	http-only	CT	Ansonia	Casa of Jiu Jitsu	http://www.casabjj.com/
322	http-only	CT	Baltic	Shetucket Valley Judo and Sambo	http://www.judoct.com/
323	http-only	CT	Berlin	Relson Gracie Jiu-Jitsu Academy	http://www.relsongraciejjct.com/
324	http-only	CT	Bridgeport	Cruvinel Brothers Mixed Martial Arts Academy	http://cruvinelbros.com/
325	http-only	CT	Bridgeport	Marcelo Garcia Jiu-Jitsu Association Connecticut	http://www.mgctbjj.com/
326	http-only	CT	Bristol	Ascension Athletics - Mixed Martial Arts & BJJ	http://www.ascensionathleticsct.com/
327	http-only	CT	Cos Cob	Greenwich Jiu Jitsu	http://greenwichjiujitsu.com/
328	http-only	CT	Cromwell	Jiu-Jitsu And Strength Academy	http://www.jiujitsuct.com/
329	http-only	CT	Danbury	American Top Team Connecticut BJJ, MMA, Muay Thai Danbury, CT	http://www.americantopteamdanbury.com/
330	http-only	CT	Enfield	Northeast Elite Wrestling Center	http://northeastelitewrestling.com/
331	http-only	CT	Fairfield	Connecticut Martial Arts Training Center	http://ctmma.com/
332	http-only	CT	Fairfield	Fit Club BJJ	http://www.fitclubct.com/
333	http-only	CT	Fairfield	Hammer Jiu Jitsu	http://hammerbjj.com/
334	http-only	CT	Glastonbury	Team Link Glastonbury	http://www.teamlinkbjjglastonbury.com/
335	http-only	CT	Griswold	Mackavi Martial Arts	http://mackavimartialarts.com/
336	http-only	CT	Hamden	Bashta's Martial Arts	http://www.bashtasmartialarts.com/
337	http-only	CT	Hamden	Soulcraft Brazilian Jiu-Jitsu	http://www.soulcraftbjj.com/
338	http-only	CT	Hartford	Underdog Brazilian Jiu-Jitsu	http://www.underdogbjj.com/
339	http-only	CT	Hebron	Bushido Hebron Brazilian Jiu Jitsu	http://bushidobjj.com/
340	http-only	CT	Meriden	Modern Self Defense Center	http://www.modernselfdefense.com/
341	http-only	CT	Milford	Fighting Arts Academy CT	http://www.fightingartsct.com/
342	http-only	CT	Milford	Renzo Gracie Milford	http://www.renzograciemilford.com/
343	http-only	CT	Naugatuck	Vincent Brightman's Carlson Gracie MMA & BJJ	http://vbrightmantraining.com/
344	http-only	CT	New Britain	New Britain Judo and Dynamic Arts	http://www.newbritainjudo.org/
345	http-only	CT	New London	Strikezone MMA	http://www.strikezonemma.com/
346	http-only	CT	New Milford	ZenDo Ju-Jitsu	http://zendojujitsu.com/
347	http-only	CT	North Haven	Ultimate MMA Training Center	http://www.ultimatemmact.com/
348	http-only	CT	Norwalk	Gracie Sports USA Brazilian Jiu Jitsu and Self-Defense	http://www.graciesportsusa.com/
349	http-only	CT	Norwalk	Jonesly MMA Academy Norwalk: Muay Thai, Kickboxing, Jiu Jitsu	http://www.joneslymma.com/
350	http-only	CT	Norwalk	Sono Dojo & Martial Arts Fitness	http://sonomartialartsfitness.com/
351	http-only	CT	Norwalk	Submit! Brazilian Jiu-Jitsu Academy	http://www.submitbjj.com/
352	http-only	CT	Oakville	CT Combat Training Center	http://www.ctcombat.com/
353	http-only	CT	Oakville	Viana Brothers Martial Fight Club in Steel Beach Gym	http://www.facebook.com/vianabrosbjjmma
354	http-only	CT	Old Lyme	RISE Martial Arts Academy	http://www.risemartialartsacademy.com/
355	http-only	CT	Old Saybrook	Renzo Gracie Shoreline Academy	http://shorelinebjj.com/
356	http-only	CT	Plainville	Plainville Martial Arts	http://plainvillemartialarts.com/
357	http-only	CT	Shelton	Endure Brazilian Jiu-Jitsu Academy	http://www.endurejj.com/
358	http-only	CT	Southington	Solid Base BJJ	http://www.solidbasebjj.com/
359	http-only	CT	Stamford	Carlson Gracie Team - CT/Cesar Pereira BJJ	http://www.bjjstamfordct.com/
360	http-only	CT	Stratford	Cruvinel Brothers Brazilian Jiujitsu / GFTeam	http://www.cruvinelbrothers.com/
361	http-only	CT	Stratford	Iceman's Martial Arts Academy	http://www.icemansmartialarts.com/
362	http-only	CT	Tolland	IPD Jiujitsu and Fitness	http://www.ipdct.com/
363	http-only	CT	Tolland	Secret Pages Brazilian Jiu-Jitsu	http://secretpagesbjj.com/
364	http-only	CT	Wallingford	Jitsu Academy	http://www.jitsuacademy.com/
365	http-only	CT	Wallingford	Jiu Jitsu Life SCA	http://jitslifesca.com/
366	http-only	CT	Wallingford	Performance Combat MMA	http://www.performancecombatmma.com/
367	http-only	CT	Waterbury	Practical Self Defense Training Center	http://psdtc.com/
368	http-only	CT	Watertown	Thunder Martial Arts Academy	http://teamthundermma.net/
369	http-only	CT	West Hartford	House of Jujitsu	http://houseofjujitsu.com/
370	http-only	CT	West Hartford	Plus One Defense Systems	http://www.teamplusone.com/
371	http-only	CT	West Hartford	Royce Gracie Brazilian Jiu Jitsu	http://gracie-jiu-jitsu.com/
372	http-only	CT	West Haven	Assembly of the Martial Arts Academy	http://www.westhavenmartialartsschools.com/
373	http-only	CT	West Haven	Renzo Gracie Training Facility	http://www.renzograciect.com/
374	http-only	FL	Altamonte Springs	Gracie Jiu-Jitsu Altamonte Springs	http://www.graciejjcfl.com/
375	http-only	FL	Apopka	6 Levels Apopka Jiu-Jitsu	http://www.6levelsapopka.com/
376	http-only	FL	Boca Raton	Kimura Brazilian Jiu-Jitsu Boca Raton	http://www.kimurabjj.com/
377	http-only	FL	Boca Raton	Renzo Gracie Jiu Jitsu Academy of Boca Raton	http://renzograciejiujitsubocaraton.com/
378	http-only	FL	Bradenton	Olivera Jiu Jitsu And Fitness Academy	http://www.oliverabjj.com/
379	http-only	FL	Brandon	Fabio Novaes Brazilian Jiu-Jitsu	http://www.fabionovaesbjj.com/
380	http-only	FL	Cape Coral	Black Trunk Martial Arts	http://blacktrunk.net/
381	http-only	FL	Clearwater	Omega MMA Training Center	http://omegamma.com/cms/
382	http-only	FL	Cocoa Beach	Off The Grid BJJ	http://www.offthegridjiujitsu.com/
383	http-only	FL	Coconut Creek	American Top Team	http://www.americantopteam.com/
384	http-only	FL	Cooper City	Everyone Jiu-Jitsu	http://www.everyonebjj.com
385	http-only	FL	Coral Gables	Valente Brothers Jiu-Jitsu Coral Gables	http://www.valentebrothers.com/
386	http-only	FL	Dania Beach	ATP Brazilian Jiu Jitsu	http://www.atpbjj.com/
387	http-only	FL	Davie	Dynamic Martial Arts & Fitness Studios	http://www.nitroacademy.com/
388	http-only	FL	Davie	Mattix Gracie Jiu Jitsu Academy	http://www.mattixacademy.com
389	http-only	FL	Davie	RAIVA Brazilian Jiu Jitsu	http://www.raivabjj.com
390	http-only	FL	Davie	Rock MMA	http://www.fightingchancebjj.com/
391	http-only	FL	DeLand	DeLand Brazilian Jiu-Jitsu	http://www.delandjiujitsu.com/
392	http-only	FL	Deerfield Beach	American Combat Gym	http://americancombatgym.com/
393	http-only	FL	Delray Beach	RM BJJ Academy	http://rmbjjacademy.com
394	http-only	FL	Destin	Gracie Jiu-Jitsu Destin	http://www.graciejiujitsudestin.com/
395	http-only	FL	Doral	Rilion Gracie Jiu-Jitsu Doral	http://www.riliongraciedoral.com
396	http-only	FL	Dunnellon	Team Carvalho Academy	http://www.teamcarvalho.com/home.html
397	http-only	FL	Estero	The Grounds MMA	http://www.traininggroundsma.com/
398	http-only	FL	Eustis	Mount Dora BJJ Academy	http://www.mountdorabjjacademy.com/
399	http-only	FL	Florida City	Extraordinary Martial Arts	http://www.extraordinaryma.com
400	http-only	FL	Fort Lauderdale	American Top Team Fort Lauderdale	http://attftl.com/
401	http-only	FL	Fort Lauderdale	Moncaio Brothers Brazilian Jiu Jitsu	http://www.bjjbrothers.com/
402	http-only	FL	Fort Lauderdale	Renzo Gracie Ft. Lauderdale	http://renzogracieftl.com/
403	http-only	FL	Fort Myers	GB Fort Myers	http://www.gbfortmyers.com/
404	http-only	FL	Fort Myers	Vickery Jiu-Jitsu & MMA	http://www.vickerybjj.com/
405	http-only	FL	Fort Walton Beach	Capitao Jiu Jitsu and Mixed Martial Arts	http://capitaomma.com/
406	http-only	FL	Green Cove Springs	GB Green Cove Springs	http://solidbasemma.com/
407	http-only	FL	Greenacres	Christian Carvalho BJJ-MMA	http://www.carvalhobjjmma.com/
408	http-only	FL	Greenacres	K2 MMA & BJJ	http://www.k2life.com/greenacres/
409	http-only	FL	Hialeah	MMA Masters	http://www.mmamasters.com/
410	http-only	FL	Hollywood	Team Rollyson Brazilian Jiu-Jitsu	http://www.rollysonbjj.com/
411	http-only	FL	Hollywood	The Academy of Martial Arts	http://www.aomacoopercity.com/
412	http-only	FL	Homestead	Gracie Barra Homestead	http://graciebarra.com
413	http-only	FL	Indian Harbour Beach	Framework BJJ (Indian Harbour Beach FL)	http://www.frameworkbjj.com/
414	http-only	FL	Jacksonville	Bill Brazilian Jiu Jitsu Association Inc	http://billjiujitsu.com/
415	http-only	FL	Jacksonville	Gracie Barra – Jacksonville	http://gbjacksonville.com/
416	http-only	FL	Jacksonville	Studio 8 BJJ - JJM Mandarin	http://www.studio8bjj.com/
417	http-only	FL	Jupiter	The Jupiter Jiu Jitsu Academy in Jupiter Fl	http://www.jupiterjiujitsu.com/
418	http-only	FL	Key Biscayne	Academy of Martial Arts	http://rdcamma.com
419	http-only	FL	Key Biscayne	Miloki Flow / Jiu-Jitsu and Movement	http://www.milokiflow.com
420	http-only	FL	Key West	Key West PAL Gym (Jiu-jitsu/Wrestling/Kickboxing/MMA)	http://floridakeysjiujitsu.com/
421	http-only	FL	Kissimmee	GB Kissimmee	http://marciosimas.com/
422	http-only	FL	Kissimmee	Knights BJJ	http://knightsbjj.com/
423	http-only	FL	Lakeland	Champions Mixed Martial Arts	http://www.championsmma.tv/
424	http-only	FL	Lantana	Combat Club	http://www.combatclub.com/
425	http-only	FL	Largo	Supremacy Brazilian Jiu Jitsu	http://www.supremacybjj.com/
426	http-only	FL	Lauderhill	Inside Control Academy	http://insidecontrolacademy.com/
427	http-only	FL	Longwood	American Top Team Longwood	http://www.attlongwood.com/
428	http-only	FL	Mary Esther	Souther Soul Jiu-Jitsu Academy – Renzo Gracie Emerald Coast	http://www.southernsoulacademy.com/
429	http-only	FL	Melbourne	American Killer Bees Fitness	http://www.americankillerbeesfitness.com/
430	http-only	FL	Melbourne	Carlson Gracie JiuJitsu Melbourne FL- Hot Box MMA	http://bjjmelbournefl.com/
431	http-only	FL	Miami	Arise Martial Arts (BJJ)	http://www.arisebjj.com
432	http-only	FL	Miami	Boca De La Riva	http://www.bocajiujitsumiami.com
433	http-only	FL	Miami	Hybrid Martial Arts	http://hybridmartialart.com
434	http-only	FL	Miami	Atos Miami Brazilian Jiu-Jitsu	http://www.atosmiami.com/
435	http-only	FL	Miami	Fight Sports The Falls	http://www.fightsportsthefalls.com
436	http-only	FL	Miami	Rilion Gracie Jiu-Jitsu Academy	http://riliongracie.com
437	http-only	FL	Miami Beach	Miami Beach Brazilian Jiu-Jitsu	http://www.rioheroes-jorgepereira.com
438	http-only	FL	Miami Gardens	Trillo Jiujitsu Academy	http://trillojiujitsu.com
439	http-only	FL	Miami Lakes	Rilion Gracie Jiu-Jitsu of Miami Lakes	http://www.riliongraciemiamilakes.com/
440	http-only	FL	Minneola	Xtreme Gracie Jiu Jitsu	http://xtremegraciejiujitsu.com/
441	http-only	FL	Miramar	American Top Team Miramar Jiu Jitsu & MMA	http://www.attmiramar.com/
442	http-only	FL	Mount Dora	Grappling Mastery	http://www.grapplingmastery.com/
443	http-only	FL	Naples	Evolution MMA Naples	http://evolutionmmanaples.com/
444	http-only	FL	Naples	Marcelo Pereira BJJ & MMA	http://brazilianjiujitsunaples.com/
445	http-only	FL	Naples	Paulo Ribeiro Brazilian Jiu Jitsu	http://prbjjnaples.com/
446	http-only	FL	Neptune Beach	Jacksonville BJJ & MMA	http://www.jaxbjj.com/
447	http-only	FL	North Fort Myers	Futures MMA	http://futuresmma.com/
448	http-only	FL	North Miami	Vital Brothers Brazilian Jiu Jitsu	http://vitalbrothersbjj.com
449	http-only	FL	North Port	Nokido Ju-Jitsu, Judo & BJJ	http://www.nokido.net/
450	http-only	FL	Orange City	Darkwolf MMA	http://www.darkwolfmma.com/
451	http-only	FL	Orange Park	Combat Athletix	http://www.combatathletix.com/
452	http-only	FL	Orlando	Atos Orlando - Brazilian Jiu-Jitsu (BJJ) and Self-Defense School	http://www.atosorlando.com/
453	http-only	FL	Orlando	FRBJJ Lake Nona	http://frbjjlakenona.com/
454	http-only	FL	Orlando	GB Hunters Creek	http://www.graciebarrahunterscreek.com/
455	http-only	FL	Orlando	Gracie Barra – Orlando-Sandlake	http://marciosimas.com/
456	http-only	FL	Ormond Beach	Gracie Florida Jiu-Jitsu	http://www.gracieflorida.com/
457	http-only	FL	Oviedo	GB Oviedo	http://marciosimas.com/
458	http-only	FL	Oviedo	Nelumbo Brazilian Jiu-Jitsu	http://bjjoviedo.com/
459	http-only	FL	Palm Bay	Fastidious Jiu Jitsu	http://fastidiousjiujitsu.com/
460	http-only	FL	Palm Beach Gardens	American Top Team Palm Beach Gardens	http://www.attpbg.com/schedule
461	http-only	FL	Palm Beach Gardens	Rilion Gracie Jiu-Jitsu Palm Beach Gardens	http://www.jiujitsupbg.com/
462	http-only	FL	Palm City	East Coast Combat Club	http://eccombatclub.com/
463	http-only	FL	Palm Coast	Spartan Academy Palm Coast / Brazilian Jiu Jitsu & more	http://www.spartanpalmcoast.com/
464	http-only	FL	Palmetto Bay	Elemental Jiu Jitsu and Fitness	http://www.elementaljiujitsuandfitness.com
465	http-only	FL	Pembroke Pines	Alers Martial Arts	http://www.alersmartialarts.com
466	http-only	FL	Pembroke Pines	American Top Team West Pines	http://americantopteamwestpines.com/
467	http-only	FL	Pembroke Pines	Gracie Barra Pembroke Pines	http://www.gbpembroke.com
468	http-only	FL	Pinellas Park	Mastermind MMA Academy	http://www.mastermindmmaacademy.com/
469	http-only	FL	Plant City	Ares BJJ Plant City	http://www.aresbjjplantcity.com/
470	http-only	FL	Plantation	Yaniv Rosenberg Jiu Jitsu Team	http://www.yrjiujitsu.com/
471	http-only	FL	Pompano Beach	Gabriel Leite Brazilian Jiu-Jitsu	http://www.facebook.com/GLBJJ
472	http-only	FL	Port Charlotte	Wolfpack South Brazilian Jiu Jitsu	http://wolfpacksouthbjj.com/
473	http-only	FL	Port Orange	Ralph Gracie Florida Jiu-Jitsu	http://www.ralphgraciefl.com/
474	http-only	FL	Port Saint Lucie	Future School of Jiu Jitsu	http://futurejiujitsu.com/
475	http-only	FL	Royal Palm Beach	Renzo Gracie Royal Palm Beach	http://www.royalpalmbeachjj.com/
476	http-only	FL	Sanford	The Jungle MMA and Fitness Lake Mary (Sanford FL)	http://jungleorlando.com/
477	http-only	FL	Sarasota	Gracie Jiu Jitsu Sarasota Academy	http://graciejiujitsusarasota.net/
478	http-only	FL	Sarasota	Team Alves	http://www.thealvesjiujitsu.com/
479	http-only	FL	Sarasota	Vieira Martial Arts Academy	http://www.siestakeybjj.com/
480	http-only	FL	Sarasota	Wolfpack Brazilian Jiu Jitsu - Martial Arts	http://www.wolfpackbjj.com/
481	http-only	FL	St. Augustine	Relson Gracie Jiu-Jitsu Academy St. Augustine	http://www.mma4florida.com/
482	http-only	FL	St. Petersburg	St. Pete BJJ	http://www.stpetebjj.com/
483	http-only	FL	Sunny Isles Beach	Winners Training Center Sunny Isles Beach	http://www.winnerstrainingcenter.com
484	http-only	FL	Sunrise	American Top Team of Sunrise	http://attsunrisemma.com/
485	http-only	FL	Sunrise	Imperial Martial Arts	http://www.imperialmartialarts.com/
486	http-only	FL	Tallahassee	Weinischke Martial Arts	http://www.tallahasseejiujitsu.com
487	http-only	FL	Tallahassee	Zicro Academy / Alliance Tallahassee	http://www.zicrobjj.com/
488	http-only	FL	Tampa	American Top Team Tampa	http://www.americantopteamtampa.com/
489	http-only	FL	Tampa	Gracie Tampa South Martial Arts	http://www.gracietampasouth.com/
490	http-only	FL	Tampa	South Tampa Jiu-Jitsu & MMA	http://southtampajiujitsu.com/
491	http-only	FL	Venice	Alliance Venice Brazilian Jiu-jitsu Team	http://www.alliancevenice.com/
492	http-only	FL	Wellington	American Top Team Wellington	http://www.attwellington.com/
493	http-only	FL	Wellington	Gracie Elite Jiu-Jitsu Academy - Wellington	http://wellingtonjiujitsu.com/
494	http-only	FL	Wellington	Villardo Jiu-Jitsu Academy	http://www.brjj.com/
495	http-only	FL	Weston	American Top Team Weston	http://www.westonatt.com/
496	http-only	FL	Weston	Oceans Brazilian Jiu-Jitsu Academy	http://www.oceansbjj.com/
497	http-only	FL	Weston	Renzo Gracie Training Center	http://www.renzogracieflorida.com/
498	http-only	FL	Winter Garden	6 Levels MMA and Fitness Center	http://www.6levelsorlando.com/
499	http-only	FL	Winter Garden	Carlson Gracie Central Florida	http://www.rinaldosantos.com/
500	http-only	FL	Winter Garden	Sanity Jiu Jitsu	http://www.sanityjiujitsu.com/
501	http-only	FL	Winter Haven	Carlson Gracie Winter Haven	http://www.cgwinterhaven.com/
502	http-only	FL	Winter Park	Armada Brazilian Jiu Jitsu Winter Park	http://winterparkbjj.com/
503	http-only	FL	Winter Park	Elementum Jiu-jitsu	http://www.elementumjiujitsu.com/
504	http-only	GA	Acworth	Gracie Barra - Acworth	http://gbgeorgia.com/
505	http-only	GA	Alpharetta	J3 Brazilian Jiu Jitsu	http://www.j3bjj.com/
506	http-only	GA	Alpharetta	Iron Horse Brazilian Jiu Jitsu	http://ironhorsebjj.com/
507	http-only	GA	Alpharetta	KnuckleUp Fitness Alpharetta	http://www.knuckleupfitness.com/
508	http-only	GA	Alpharetta	KBX Gym	http://www.kbxgym.com/
509	http-only	GA	Americus	Americus Martial Arts Academy	http://americusmartialartsacademy.com/
510	http-only	GA	Atlanta	Odyssey BJJ	http://odysseybjj.com/
511	http-only	GA	Atlanta	American Top Team Atlanta	http://attatl.com/
512	http-only	GA	Bogart	Gracie Jiu-Jitsu Athens at American Black Belt Academy	http://www.athensjiujitsu.com/
513	http-only	GA	Buford	Legacy MMA Club	http://www.legacymmaclub.com/
514	http-only	GA	Cartersville	AllAmbition Brazilian Jiu Jitsu	http://allambitionbjj.com/
515	http-only	GA	Cartersville	Team Octopus Cartersville	http://mmaatl.com/
516	http-only	GA	Chamblee	Fit to Fight Atlanta	http://www.ftfatl.com/
517	http-only	GA	Covington	Apex MMA Covington	http://www.apexconyers.com/
518	http-only	GA	Cumming	Raven Brazilian Jiu-Jitsu	http://ravenjiujitsu.com/contact/
519	http-only	GA	Dalton	Veritas Brazilian Jiu-Jitsu - Kuzushi Club Dalton	http://veritasbjj.com/
520	http-only	GA	Dalton	North Georgia Hayastan MMA Academy	http://www.teamhayastan.com
521	http-only	GA	Dawsonville	GB Dawsonville	http://gbdawsonville.com/
522	http-only	GA	Decatur	Gracie Jiu-Jitsu Decatur	http://graciedecatur.com/
523	http-only	GA	Douglasville	KnuckleUp MMA & Fitness	http://www.knuckleupfitness.com/
524	http-only	GA	Dunwoody	Alliance Martial Arts Center	http://www.alliancebjj.com/
525	http-only	GA	Gainesville	Team Doan Jiu Jitsu Gainesville & Fitness	http://www.teamdoan.com/
526	http-only	GA	Grovetown	Greubel's MMA of Grovetown	http://grovetownmartialarts.com/
527	http-only	GA	Grovetown	Liberty Jiu-Jitsu Grovetown	http://libertybjj.community/
528	http-only	GA	Hinesville	Pit Bull MMA	http://www.pitbullmma.org/
529	http-only	GA	Hinesville	Team Kalista Martial Arts	http://teamkalistamartialarts.wodify.com/
530	http-only	GA	Johns Creek	Francis Fong Martial Arts Academy (Gracie BJJ)	http://www.francisfongacademy.com/
531	http-only	GA	Kennesaw	Striker Fight Center	http://www.strikerfightmma.com/
532	http-only	GA	Lawrenceville	Team Mongoose BJJ	http://mongoosejiujitsu.com/
533	http-only	GA	Leesburg	Black Sheep MMA	http://www.blacksheep-mma.com/
534	http-only	GA	Macon	Rush MMA	http://rushmma.com/
535	http-only	GA	Marietta	Atos Atlanta Brazilian Jiu-Jitsu	http://www.atosbjj-atl.com/
536	http-only	GA	Marietta	Borges Brazilian Jiu-Jitsu	http://borgesbjj.com
537	http-only	GA	Marietta	X3 Sports Marietta	http://x3sports.com/
538	http-only	GA	Marietta	Fusion MMA	http://fusionfitnessandmma.com/
539	http-only	GA	McDonough	Independent MMA & Fitness	http://www.independentmmafitness.com/
540	http-only	GA	Milledgeville	Serra BJJ Milledgeville	http://www.trainwithmamma.com/
541	http-only	GA	Peachtree City	Gracie Jiu-Jitsu Balance Academy	http://www.graciebalance.com/
542	http-only	GA	Peachtree City	PTC Combat Fitness	http://ptccombatfitness.com/
543	http-only	GA	Perry	10th Planet Jiu Jitsu Perry	http://www.10thplanetperry.com/
544	http-only	GA	Rossville	Academy of Athletics (AOA)	http://www.facebook.com/ChallengeBringsChange/
545	http-only	GA	Rossville	Agoge Combatives	http://www.agogecombatives.com/
546	http-only	GA	Roswell	True Strength MMA	http://www.truestrengthmma.com/
547	http-only	GA	Roswell	Jiu Jitsu Roswell	http://jiujitsuroswell.com/
548	http-only	GA	Roswell	Hokutoryu	http://usajutsu.com/
549	http-only	GA	Sandy Springs	Team Octopus Sandy Springs	http://mmaatl.com/
550	http-only	GA	Sandy Springs	Knuckle Up Fitness	http://www.knuckleupfitness.com/
551	http-only	GA	Savannah	SERG Brazilian Jiu Jitsu and Fitness	http://www.sergbjj.com/
552	http-only	GA	Savannah	Savannah Combat Club	http://savannahcombatclub.com/
553	http-only	GA	Savannah	Devine Jiu Jitsu Savannah & Five Star Wrestling	http://fivestarsavannah.com/
554	http-only	GA	Savannah	Champions Training Center	http://www.ctcsavannah.com
555	http-only	GA	Smyrna	Tonchu Martial Arts Academy	http://www.tonchumartialarts.com/
556	http-only	GA	Stonecrest	Temporal Brazilian Jiu Jitsu Academy	http://www.temporalbjj.com/
557	http-only	GA	Sugar Hill	Legacy MMA Club Sugar Hill	http://www.legacymmaclub.com/
558	http-only	GA	Tifton	Thrive Jiu Jitsu & Fitness	http://www.thrivejj.com/
559	http-only	GA	Valdosta	American Top Team Valdosta	http://att229.com/
560	http-only	GA	Waycross	Southeast Martial Arts Center	http://www.southeastmartialartscenter.com/
561	http-only	GA	Woodstock	KODA Academy of Martial Arts	http://www.sakurabjj.com/
562	http-only	GA	Woodstock	Atlanta Martial Arts Center	http://www.atlantamartialartscenter.com/
563	http-only	HI	Wailuku	Hanaloa School of Jiu-Jitsu	http://www.hanaloaschoolofjiujitsu.com
564	http-only	IL	Algonquin	Illinois Martial Arts Academy	http://www.illinoismartialartsacademy.com/
565	http-only	IL	Alton	Strategic BJJ	http://www.strategicbjj.com/
566	http-only	IL	Arlington Heights	Brazil 021 School of Jiu-Jitsu	http://www.brazil021arlingtonheights.com
567	http-only	IL	Arlington Heights	Champion Jiu-Jitsu at Spider GYM MMA Club	http://www.championjiujitsu.com/
568	http-only	IL	Arlington Heights	DK Fitness Arts	http://www.dkfitnessarts.com/
569	http-only	IL	Barrington	LCCT Brazilian Jiu Jitsu Barrington	http://www.lcctbjjbarrington.com/
570	http-only	IL	Benton	iQ Jiu-Jitsu	http://www.iqjiujitsu.com/
571	http-only	IL	Bloomington	GB Twin Cities	http://gbtcjiujitsu.com/
572	http-only	IL	Bolingbrook	Gladiador Brazilian Jiu Jitsu Academy	http://www.thegentleartbjj.com/
573	http-only	IL	Buffalo Grove	Kogan Self-Defense & Martial Arts	http://www.koganselfdefense.com
574	http-only	IL	Channahon	Carlson Gracie MMA - Channahon	http://www.carlsongracie-mma.com/
575	http-only	IL	Chatham	Gracie Humaita Springfield	http://www.graciehumaitaspringfieldil.com/
576	http-only	IL	Chicago	Bender Martial Arts and Fitness	http://www.bendermartialarts.com
577	http-only	IL	Chicago	Benjilany Striking & Fitness	http://www.benjilanyfitness.com
578	http-only	IL	Chicago	Chicago School Of Grappling	http://chicagoschoolofgrappling.com
579	http-only	IL	Chicago	Copa Jiu-Jitsu	http://www.copabjj.com/
580	http-only	IL	Chicago	Taylor Biagi Jiu Jitsu	http://taylorbiagijiujitsu.com
581	http-only	IL	Chicago	Uflacker Academy	http://bjjsouthside.com
582	http-only	IL	Chicago	Victory Training	http://www.feelthevictory.com
583	http-only	IL	Chicago	Warrior Evolution MMA	http://www.warriorevolutionmma.com
584	http-only	IL	Chicago	Redzovic Jiu Jitsu Lincoln Square	http://www.chicagojiujitsu.com/
585	http-only	IL	Chicago	Renzo Gracie Chicago	http://renzograciechicago.com
586	http-only	IL	Chicago	TDC MMA + Fitness	http://www.tdcmmaandfitness.com
587	http-only	IL	Countryside	APEX House of Grappling	http://apexgrappling.com/
588	http-only	IL	Crest Hill	MMA Stop	http://www.mmastopfitness.com/
589	http-only	IL	Crystal Lake	Jeff Curran Martial Arts Academy	http://www.teamcurran.com/
590	http-only	IL	Crystal Lake	MMA Underground	http://mmaunderground.info
591	http-only	IL	Des Plaines	Mbd Martial Arts	http://www.mbdmartialarts.com/home.html
592	http-only	IL	East Dundee	Five Points Jiu Jitsu	http://fivepointsbjj.com/
593	http-only	IL	Elmhurst	Ferro Academy	http://ferroacademybjj.com
594	http-only	IL	Elmhurst	Patriot Sports and Fitness	http://www.patriotsportsandfitness.com
595	http-only	IL	Elmhurst	Yobe Jiu Jitsu	http://bjjlabelmhurst.com/
596	http-only	IL	Evanston	Fonseca Martial Arts	http://www.fonsecamartialarts.com/
597	http-only	IL	Evanston	Serafin Brazilian Jiu-Jitsu	http://serafinjiujitsu.com
598	http-only	IL	Forest Park	Intercept MMA	http://interceptmma.com/
599	http-only	IL	Granite City	Finney's Hit Squad	http://thehitsquad.com/
600	http-only	IL	Hanover Park	3D MMA Brazilian Jiu Jitsu	http://www.3dmmaacademy.com/
601	http-only	IL	Highland	Fathom Brazilian Jiu Jitsu	http://www.fathombjj.com/
602	http-only	IL	Hinckley	Dekalb County Brazilian Jiu Jitsu	http://www.dekalbcountybjj.com/
603	http-only	IL	Lincoln Square	Degerberg Academy	http://www.degerbergacademy.com/
604	http-only	IL	Lisle	Mequinho Jiu Jitsu	http://www.downersgrovejiujitsu.com
605	http-only	IL	Lombard	UFC GYM Yorktown	http://ufcgym.com
606	http-only	IL	Marion	4:13 Jiu-Jitsu	http://www.413jiujitsu.com/
607	http-only	IL	Mascoutah	Illinois Brazilian Jiu-Jitsu Academy	http://www.illinoisbjj.com/
608	http-only	IL	Mattoon	Arebalo Jiu Jitsu	http://arebalojiujitsu.com/
609	http-only	IL	Mundelein	Lake County Brazilian Jiu-Jitsu	http://www.lakecountybjj.com/
610	http-only	IL	Naperville	B1 Brazilian Jiu Jitsu & Self Defense	http://www.b1bjjfitness.com/
611	http-only	IL	Naperville	BJJ Lab Brazilian Jiu-Jitsu Academy Naperville	http://www.bjjlabnaperville.com/
612	http-only	IL	New Lenox	University of Ground Fighting	http://www.uofgf.com/
613	http-only	IL	Niles	New Breed Training Center	http://www.newbreedtrainingcenter.com/
614	http-only	IL	Niles	Top Level MMA Training Center	http://www.toplevelmma.com
615	http-only	IL	O'Fallon	S.I.M.S. Martial Arts Academy	http://www.simsmartialartsacademy.com/
616	http-only	IL	Orland Park	ROL Academy of Jiu Jitsu	http://www.rolacademy.com/
617	http-only	IL	Oswego	Dominion MMA	http://www.dominionmartialarts.com/
618	http-only	IL	Palatine	FLO Fitness & Martial Arts	http://www.flomma.com/
619	http-only	IL	Quincy	Midwest Jiu Jitsu Academy	http://www.mwjja.com/
620	http-only	IL	Rockford	Team Haanpaa Martial Arts	http://www.teamhaanpaa.com/
621	http-only	IL	Rockton	Pride Jiu-Jitsu Academy	http://www.pridejiujitsuacademy.com/
622	http-only	IL	Schaumburg	Evolution Mixed Martial Arts Chicago - Schaumburg	http://www.evolutionmmachicago.com/
623	http-only	IL	Schaumburg	Midwest Training Center	http://mtcmma.com/
624	http-only	IL	Villa Park	Team Top Notch	http://www.topnotchmma.com
625	http-only	IL	Waukegan	Dave Strasser's Freestyle Academy of MMA	http://www.davestrasser.com/
626	http-only	IL	Westmont	Midwest Judo & Jujitsu Club	http://www.midwestjudo.com
627	http-only	IL	Winnetka	The Academy BJJ	http://www.academybjj.com
628	http-only	IL	Yorkville	AXT Jiu-Jitsu	http://axtjiujitsu.com/
629	http-only	KS	Mission	Kansas City Brazilian Jiu Jitsu	http://www.kcbjj.com
630	http-only	KY	Henderson	Alliance Jiu Jitsu Henderson KY	http://www.scottaudasjiujitsu.com/
631	http-only	KY	Richmond	Team AFS MMA	http://www.afsacademy.com/
632	http-only	LA	Baton Rouge	David Vincent's Martial Arts & Fitness	http://www.dvmafit.com/
633	http-only	LA	Baton Rouge	Gracie United Baton Rouge	http://www.gracieunited.com/
634	http-only	LA	Belle Chasse	Belle Chasse Martial Arts	http://www.bellechassemartialarts.com/
635	http-only	LA	Bossier City	SMAA/Soul Fighters SBC, Brazilian Jiu Jitsu	http://www.sbcjiujitsu.com/
636	http-only	LA	Chalmette	Gracie United - Team Jucāo Chalmette	http://www.gubjj.com/
637	http-only	LA	Denham Springs	Excelsior Jiu-Jitsu Denham Springs	http://excelsiorbjj.com/
638	http-only	LA	Denham Springs	Wall To Wall Martial Arts	http://www.wallmartialarts.com/
639	http-only	LA	Gonzales	Active Martial Arts	http://www.activegonzales.com/
640	http-only	LA	Gonzales	S.I.C.A. MMA and Krav Maga	http://www.sicamma.com/
641	http-only	LA	Hammond	DiBenedetto's Karate Jiu-Jitsu	http://www.dkjla.com/
642	http-only	LA	Houma	Blacklist Martial Arts	http://www.blacklistbjj.com/
643	http-only	LA	Houma	Next Level Martial Arts of Houma	http://www.nlmahouma.com/
644	http-only	LA	Lake Charles	PE Training Center	http://www.petrainingcenter.com/
645	http-only	LA	Leesville	West Louisiana Jujutsu Training Academy	http://www.leesvillejujutsu.com/
646	http-only	LA	Mandeville	Vida Jiu-Jitsu	http://www.vidabjj.com/
647	http-only	LA	Metairie	Legacy Fitness Factory	http://legacyfitnessfactory.com/
648	http-only	LA	Metairie	Shogun	http://www.shogunnola.com/contact/
649	http-only	LA	Metairie	Thanh Le's MMA at Moon College	http://www.lebrosmma.com/
650	http-only	LA	Moss Bluff	GB Moss Bluff	http://www.gbmossbluff.com/
651	http-only	LA	Natchitoches	Light City Martial Arts	http://www.lightcitymma.com/
652	http-only	LA	New Orleans	Church's Karate & Kickboxing Academy	http://www.churchskarateacademy.com/
653	http-only	LA	New Orleans	Hayashi Judo School	http://www.nolajudo.com/
654	http-only	LA	New Orleans	NOLA BJJ Westbank	http://westbanksocialclub.com/
655	http-only	LA	River Ridge	Ronin Martial Arts & Fitness	http://roninmma.fitness/
656	http-only	LA	Scott	Acadiana Jiu Jitsu	http://acadianajiujitsu.com/
657	http-only	LA	Slidell	Premier Martial Arts Slidell	http://www.premiermartialarts.com/slidell
658	http-only	LA	Sulphur	Indigo Brazilian Jiu Jitsu Sulphur	http://indigobjj.com/
659	http-only	LA	Thibodaux	Guerrilla Jiu-Jitsu Thibodaux	http://www.guerrillajiujitsuthibodaux.com/
660	http-only	LA	West Monroe	Kron Gracie Jiu Jitsu West Monroe	http://www.kgjjwm.com/
661	http-only	LA	Youngsville	Gladiators Academy of Youngsville	http://www.gladiatorsyv.com/
662	http-only	LA	Youngsville	Gracie Jiu-Jitsu Youngsville	http://gracieyoungsville.com/
663	http-only	LA	Zachary	Zachary Martial Arts	http://www.zacharymartialarts.com/
664	http-only	MI	Allen Park	Allen Park Martial Arts Center	http://www.allenparkmartialartscenter.com/
665	http-only	MI	Ann Arbor	Close Quarters Combat Academy	http://www.cqcacademy.com/contact
666	http-only	MI	Ann Arbor	Japanese Martial Arts Center	http://japanesemartialartscenter.com/
667	http-only	MI	Ann Arbor	URSA Academy - Ribeiro Jiu-Jitsu Ann Arbor	http://www.ursaacademy.com/
668	http-only	MI	Battle Creek	Ray White's Midwest Martial Arts	http://www.themushinacademy.com/
669	http-only	MI	Berkley	School of Martial Arts	http://www.zenmartialarts.com/
670	http-only	MI	Bloomfield Hills	Assembly Jiu-Jitsu	http://www.assembly-detroit.com
671	http-only	MI	Bloomfield Township	Roots Jiu Jitsu	http://www.rootsjj.com
672	http-only	MI	Clare	Black Tie Jiu Jitsu Clare	http://www.sbardellamma.com/
673	http-only	MI	Coldwater	The Beast Academy	http://www.the-beast.com/
674	http-only	MI	Detroit	10th Planet Jiu Jitsu Detroit	http://www.10thplanetdetroit.com
675	http-only	MI	Detroit	313 Brazilian Jiu-Jitsu	http://www.313bjj.com
676	http-only	MI	Detroit	My Tactical Advantage LLC	http://mytacticaladvantageonline.com/
677	http-only	MI	East Lansing	East Lansing Underground Martial Arts	http://www.elunderground.com/
678	http-only	MI	Flint	Combat Base Flint	http://www.combatbaseflint.com/
679	http-only	MI	Grand Blanc	Masters & Champions Inc	http://www.mastersandchampions.net/
680	http-only	MI	Grand Rapids	Daniel Gracie Grand Rapids	http://www.danielgraciegrandrapids.com/
681	http-only	MI	Grand Rapids	Lion Martial Arts Academy	http://www.lionmaacademy.com/
682	http-only	MI	Grand Rapids	Triumph MMA	http://www.triumphgym.com/
683	http-only	MI	Grand Rapids	Vanguard Brazilian Jiu Jitsu	http://vanguardbjj.com/
684	http-only	MI	Hancock	Keweenaw Jiu-Jitsu	http://keweenawjiujitsu.com/
685	http-only	MI	Holland	Myrmidon Training Systems	http://www.myrmidontrained.com/
686	http-only	MI	Keego Harbor	Gracie Jiu-Jitsu Keego Harbor	http://www.graciejiujitsumichigan.com
687	http-only	MI	Lansing	KSK Martial Arts	http://www.kskmartialarts.com/
688	http-only	MI	Lansing	Michigan Muay Thai Academy	http://www.mimuaythaiacademy.com/
689	http-only	MI	Livonia	Elite Jiu Jitsu	http://www.elite-jiujitsu.com
690	http-only	MI	Livonia	Gracie Barra Livonia	http://graciebarralivonia.com/
691	http-only	MI	Monroe	Japan Center of Martial Arts	http://www.japankarateacademy.com/
692	http-only	MI	Muskegon	Island Jiu Jitsu Michigan	http://islandjiujitsumi.com/
693	http-only	MI	Okemos	Mid-Michigan Academy of Martial Arts	http://lansingmartialarts.com/
694	http-only	MI	Petoskey	Petoskey MMA	http://petoskey-mma.business.site/
695	http-only	MI	Portage	Kalamazoo BJJ	http://www.kzoobjj.net/
696	http-only	MI	Portage	Southside Dojo	http://www.southsidedojo.com/
697	http-only	MI	Redford	Mash Gym	http://www.mashgym.com
698	http-only	MI	Riverview	Downriver Jiu-Jitsu	http://www.downriverbjj.com
699	http-only	MI	Rochester Hills	Metro Detroit Brazilian Jiu Jitsu Academy	http://www.metrodetroitbjj.com/
700	http-only	MI	Roscommon	Hayastan Grappling	http://facebook.com/hayastanroscommon
701	http-only	MI	Saginaw	Palm BJJ Brazilian Jiu-Jitsu	http://www.palmbjj.com/
702	http-only	MI	Shelby Charter Township	Mada Krav Maga	http://madakravmaga.com
703	http-only	MI	Southfield	Allied Academy Of Martial Arts	http://alliedmartialarts.com/
704	http-only	MI	Southgate	Metro Jiu-Jitsu	http://metrojj.com
705	http-only	MI	Southgate	Royce Gracie Jiu-Jitsu Academy of Michigan	http://www.roycegracieaom.com/
706	http-only	MI	St Clair Shores	Fresh Brazilian Jiu Jitsu	http://www.saintclairshoresmma.com
707	http-only	MI	Sterling Heights	College of Martial Arts	http://comakarate.com/
708	http-only	MI	Swartz Creek	Garcia Jiu-Jitsu	http://www.garciajiujitsu.com/
709	http-only	MI	Three Rivers	Warriors Code Martial Arts	http://www.warriorway.com/
710	http-only	MI	Traverse City	Seung-ni Traverse City Martial Arts & Kickboxing Academy	http://seungnitc.com/
711	http-only	MI	Troy	Troy Martial Arts	http://www.troymartialarts.net/
712	http-only	MI	Troy	Victorious MMA	http://www.victoriousmma.com/
713	http-only	MI	West Bloomfield	True Martial Arts	http://www.bloomfieldmartialarts.com
714	http-only	MI	Wixom	Krav Maga Great Lakes	http://www.kravmagagreatlakes.com/
715	http-only	MI	Wixom	Vision BJJ	http://visionbjj.com/
716	http-only	MI	Wyandotte	Bear's Den Grappling Center BJJ and Wrestling	http://www.bearsdengrapplingcenter.com/
717	http-only	MN	Duluth	Apex Jiu-Jitsu	http://apexjiujitsu.net
718	http-only	MN	Rochester	Mario Roberto Jiu-Jitsu Academy	http://mrjja.com
719	http-only	MO	Aurora	Aurora BJJ	http://www.aurorabjj.com/
720	http-only	MO	Blue Springs	Blue Springs Jiu-Jitsu	http://bluespringsjiujitsu.com/
721	http-only	MO	Blue Springs	Gautreaux's Martial Art Center	http://www.gforcekicks.com/
722	http-only	MO	Blue Springs	Sharkbait's MMA & Jiu Jitsu Academy	http://sharkbaitmma.com/contact
723	http-only	MO	Cape Girardeau	Cape Martial Arts	http://www.capemartialarts.com/
724	http-only	MO	Dexter	Carrillo's Martial Arts	http://www.carrillosmartialarts.com/
725	http-only	MO	Eureka	Gracie Humaita Eureka	http://www.gracieeureka.com/
726	http-only	MO	Farmington	Victory MMA and Fitness Farmington MO	http://www.victorymma.net/
727	http-only	MO	Fenton	ES MMA and Fitness	http://esmmaandfitness.com/
728	http-only	MO	Fenton	Team Rodrigo Vaghi	http://teamvaghi.com/
729	http-only	MO	Festus	Hahn Mixed Martial Arts & Fight Promotions	http://www.hahnmma.com/
730	http-only	MO	Gladstone	Dot Your Eye, INC MMA	http://rivercitywarriors.com/
731	http-only	MO	Independence	Pirata Jiu Jitsu	http://www.piratajiujitsu.com
732	http-only	MO	Jefferson City	HerronBJJ (Jiu-Jitsu and Self-Defense)	http://www.herronbjj.com/
733	http-only	MO	Kansas City	Gracie Humaita Kansas City	http://www.graciehumaitakansascity.com/
734	http-only	MO	Kansas City	KiCK Martial Arts	http://www.kickma.com
735	http-only	MO	Kansas City	10th Planet Kansas City	http://10wolf.com
736	http-only	MO	Lee's Summit	Glory MMA & Fitness	http://www.glorymmaandfitness.com
737	http-only	MO	Lee's Summit	K2L Martial Arts	http://www.kids2leaders.com/
738	http-only	MO	Lee's Summit	New Star Martial Arts	http://newstarmartialarts.com/
739	http-only	MO	Marshfield	Ozark Mountain Brazilian Jiu Jitsu	http://www.ozarkmountainbjj.com/
740	http-only	MO	Nixa	Leake Brazilian Jiu Jitsu	http://www.leakebjj.com/
741	http-only	MO	Park Hills	Legends MMA	http://www.legendsmmaofparkhills.com/
742	http-only	MO	Parkville	Aplomb Martial Arts of Parkville	http://www.aplombmartialarts.com
743	http-only	MO	Peculiar	JD's Gym	http://www.jdsgym.com/
744	http-only	MO	Pleasant Valley	Cast Iron Bjj	http://libertybjj.com/
745	http-only	MO	Richmond Heights	JAMMA Jermaine Andre Mixed Martial Arts	http://www.jamma.pro/
746	http-only	MO	Rolla	Agoge Training Body and Mind	http://www.facebook.com/agogetrainer
747	http-only	MO	Salem	Kifaru Jitsu Martial Arts	http://www.kifarujitsu.com/
748	http-only	MO	St Charles	St. Charles MMA and BJJ	http://www.stcharlesmma.com/
749	http-only	MO	St Joseph	St. Joseph Brazilian Jiu Jitsu & Mixed Martial Arts	http://www.sjbjjmma.com/
750	http-only	MO	St Peters	MAYSH Fitness	http://mayshfit.com/
751	http-only	MO	St. Louis	Finney's MMA	http://finneyskickboxing.com/
752	http-only	MO	St. Louis	North Broadway Jiu-Jitsu	http://www.guidrytraining.com/
753	http-only	MO	St. Louis	Rgda Gracie Jiu-Jitsu St. Louis	http://grapplingconcepts.com/
754	http-only	MO	St. Louis	Scr Fight Club	http://www.stlmuaythai.com/
755	http-only	MO	St. Louis	The Martial Arts Center (PACT MMA)	http://www.pactmma.com/
756	http-only	MO	St. Louis	Watson Martial Arts (BJJ and Muay Thai)	http://www.watsonbjj.com/
757	http-only	MO	Sullivan	Sullivan Athletic Club	http://www.sullivanathleticclub.net/
758	http-only	MO	Washington	Family Martial Arts Fitness Academy	http://clickheretobook.online/nfc
759	http-only	MO	Webb City	A-Force BJJ Missouri	http://www.aforcebjjmo.com/
760	http-only	MO	West Plains	Team Fusion: West Plains	http://fusion417.com/
761	http-only	MS	Olive Branch	Stratos Jiu Jitsu	http://stratosbjj.com
762	http-only	MT	Billings	Billings Jiu Jitsu	http://billingsjiujitsu.com
763	http-only	MT	Billings	Gracie Jiu-Jitsu Billings	http://graciejiujitsubillings.com
764	http-only	MT	Billings	The Grindhouse Billings	http://mmabillings.com
765	http-only	MT	Bozeman	Gallatin Valley Martial Arts	http://www.gallatinvalleymma.com
766	http-only	MT	Butte	Grit Training Center	http://www.gritmartialarts.com
767	http-only	MT	Hamilton	Olsen Behring Vale Tudo/MMA	http://olsenmma.com
768	http-only	MT	Helena	Bear Hug Jiu-Jitsu	http://www.bearhugmt.com
769	http-only	MT	Helena	Helena Brazilian Jiu-Jitsu	http://helenabjj.com
770	http-only	MT	Missoula	Missoula Brazilian Jiu Jitsu	http://www.mslabjj.com
771	http-only	MT	Missoula	Zoo Brazilian Jiu Jitsu	http://www.zoobjj.com
772	http-only	NC	Archdale	Triad Brazilian Jiu-Jitsu	http://www.triadbjj.com/
773	http-only	NC	Arden	Fight to Win Jiu Jitsu Asheville	http://www.ftwbjjasheville.com/
774	http-only	NC	Arden	American Top Team Asheville	http://www.americantopteamasheville.com/
775	http-only	NC	Asheboro	Warrior Life Martial Arts	http://warriorlifemartialarts.com/
776	http-only	NC	Asheville	Rogue Combat Club	http://www.roguecombatclub.com/
777	http-only	NC	Asheville	Open Source Jiu-Jitsu	http://osbjj.net/
778	http-only	NC	Burlington	CJJF North Carolina	http://www.cjjfnorthcarolina.com/
779	http-only	NC	Burlington	Gracie Burlington Jiu Jitsu	http://www.gracieburlington.com/
780	http-only	NC	Cary	G13 Brazilian Jiu Jitsu HQ US	http://g13bjj.us/hq/
781	http-only	NC	Cary	Ancient Arts Family Karate and Ju-Jitsu Academy	http://www.aaafamilykarate.com/
782	http-only	NC	Chapel Hill	Chapel Hill Quest Martial Arts	http://chquestcenter.com/
783	http-only	NC	Chapel Hill	Beacon Mixed Martial Arts	http://chapelhillmma.com/
784	http-only	NC	Charlotte	Leadership Martial Arts	http://www.leadershipma.com/
785	http-only	NC	Charlotte	Arte Suave Jiujitsu Academy	http://www.artesuavejiujitsuacademy.com/
786	http-only	NC	Charlotte	SMA Academy Martial Arts	http://smamartialarts.com/
787	http-only	NC	Charlotte	ECF Martial Arts & Fitness / Brazilian Top Team BTT Charlotte	http://www.eastcoastfighter.com
788	http-only	NC	Charlotte	Atos Jiu Jitsu of Charlotte	http://martialartscharlottenc.com/
789	http-only	NC	Clayton	Chuva Brazilian Jiu Jitsu	http://chuvabjj.com/
790	http-only	NC	Clayton	TFTC Academy BJJ and Kickboxing	http://www.tftcacademy.com/
791	http-only	NC	Concord	Fight To Win Brazilian Jiu Jitsu Concord	http://www.ftwbjjacademy.com
792	http-only	NC	Cornelius	Champions Judo	http://www.championsjudo.com
793	http-only	NC	Denver	Fight to Win Lake Norman	http://www.ftwlkn.com
794	http-only	NC	Durham	Bull City Brazilian Jiu Jitsu	http://bullcitybjj.com/
795	http-only	NC	Durham	Elevate MMA Academy	http://www.elevatemmaacademy.com/
796	http-only	NC	Durham	Gracie Jiu Jitsu Durham	http://www.graciejiujitsudurham.com/
797	http-only	NC	Durham	TKF MMA	http://www.tkfmma.com/
798	http-only	NC	Durham	Saunders Brazilian Jiu-Jitsu	http://www.saundersbjj.com/
799	http-only	NC	East Flat Rock	CTA BJJ MMA	http://www.ctabjjmma.com/
800	http-only	NC	Elizabeth City	Team Luiz Palhares Gracie Jiu-Jitsu	http://www.tinsleyfamilymartialarts.com/
801	http-only	NC	Fayetteville	Cornerstone Brazilian Jiu Jitsu	http://www.cornerstonebjj.com/
802	http-only	NC	Forest City	Fusion Jiu Jitsu	http://fusionjiujitsu.com/
803	http-only	NC	Goldsboro	Marshall's MMA - American Brutality Fight Team	http://graciegoldsboro.com/
804	http-only	NC	Greensboro	Octagon MMA & Krav Maga	http://www.octagongymgso.com/
805	http-only	NC	Greensboro	GB Greensboro	http://greensborojiujitsu.com/
806	http-only	NC	Greenville	All-American Martial Arts Academy	http://www.groundgrappling.com/
807	http-only	NC	Harrisburg	Royce Gracie Jiu Jitsu Network of Charlotte	http://graciecharlotte.com
808	http-only	NC	Hickory	Fenix Jiu Jitsu	http://www.fenixjiujitsu.com/
809	http-only	NC	High Point	BJJ High Point (at Tiger Rock Martial Arts)	http://www.bjjhighpoint.com/
810	http-only	NC	High Point	Battle Born BJJ and MMA	http://www.battlebornbjjandmma.com/
811	http-only	NC	High Point	Edge Fitness and Combat Arts	http://www.edgefitnessllc.com/
812	http-only	NC	High Point	Evolution Fight Academy	http://www.evolutionfightacademy.com/
813	http-only	NC	Holly Springs	36 Chambers Martial Arts and Fitness	http://36chambersnc.com/
814	http-only	NC	Hubert	CXBJJ Academy	http://www.cxbjjnc.com/
815	http-only	NC	Indian Trail	Union Martial Arts	http://unionmartialarts.com
816	http-only	NC	Indian Trail	Art of Motion Jiu Jitsu	http://www.aomjj.com/
817	http-only	NC	Indian Trail	4M Fitness Indian Trail	http://www.4mfit.com
818	http-only	NC	Kannapolis	Honest Grappling Company	http://www.honestgrappling.com
819	http-only	NC	Knightdale	Team Raines Brazilian Jiu-Jitsu	http://www.facebook.com/teamrainesbjj
820	http-only	NC	Lowell	BodyShot Combat & Fitness	http://www.bodyshotcc.com/
821	http-only	NC	Matthews	Hayastan MMA Charlotte	http://www.hayastanmma.com/
822	http-only	NC	Matthews	Satsuma Jiu Jitsu	http://www.satsumaspiders.com
823	http-only	NC	Monroe	Gracie Jiu-Jitsu Monroe	http://www.graciejiujitsumonroe.com
824	http-only	NC	Monroe	Zen Jiu-Jitsu & Fitness	http://zenjiujitsucharlotte.com
825	http-only	NC	Mooresville	Gracie Lake Norman Brazilian Jiu-Jitsu	http://www.gracielakenorman.com/
826	http-only	NC	New Bern	Walters Brazilian Jiu-Jitsu	http://www.waltersjiujitsu.com/
827	http-only	NC	Pineville	Top Martial Arts and Fitness	http://tmacharlotte.com
828	http-only	NC	Raleigh	Fight Flow Academy	http://fightflowmma.com/
829	http-only	NC	Raleigh	Raleigh Institute of Martial Arts	http://4kickbox.com/
830	http-only	NC	Rocky Mount	Gustavo Machado Brazilian Jiu-Jitsu Rocky Mount	http://www.gmbjjrm.com/
831	http-only	NC	Sanford	GB Sanford	http://www.aresbjjsanford.com/
832	http-only	NC	Sneads Ferry	Groundstone Brazilian Jiu Jitsu	http://www.groundstonebjj.com/
833	http-only	NC	Southern Pines	Martial Arts Academy of Southern Pines	http://www.maaspi.com/
834	http-only	NC	Thomasville	School of Fighting Arts	http://www.schooloffightingarts.com/
835	http-only	NC	Wake Forest	Pendergrass BJJ Academy	http://www.bjjnc.com/
836	http-only	NC	Wake Forest	Inmortales MMA, Self Defense & Fitness	http://www.inmortalesmma.com/
837	http-only	NC	Waxhaw	BC Kickboxing & BJJ	http://www.bckickboxingbjj.com/
838	http-only	NC	Waynesville	Basulto Academy Of Defense	http://www.wncbjj.com/
839	http-only	NC	Wilmington	Brunson's MMA & Fitness	http://brunsonsmmaandfitness.com/
840	http-only	NC	Winston-Salem	R&D Academy of Self Defense (Gracie Humaita WSNC & Nito Judo Club)	http://myrdacademy.com/
841	http-only	NC	Winterville	EC Fitness - East Carolina Brazilian Jiu Jitsu	http://www.eastcarolinabjj.com/
842	http-only	NE	North Platte	Top Tier MMA and Boxing	http://www.toptier.ninja
843	http-only	NH	Ashland	White Mtn. Brazilian Jiu-Jitsu and MMA Club	http://www.whitemtbjj.com
844	http-only	NH	Manchester	Bare Knuckle Murphy	http://www.bareknucklemurphy.com
845	http-only	NJ	Absecon	Modern Fighting Concepts	http://www.mfcmma.com/
846	http-only	NJ	Avenel	Velez Jiujitsu	http://www.dieseltrainingbjj.com/
847	http-only	NJ	Bayonne	Prolific Brazilian Jiu Jitsu	http://prolificbjj.com/
848	http-only	NJ	Bayonne	Senshi Tori Mixed Martial Arts	http://www.senshitori.com/
849	http-only	NJ	Bayonne	TRA Jiu jitsu	http://www.trajiujitsu.com
850	http-only	NJ	Bayville	Tong Dragon Mixed Martial Arts	http://www.tongdragon.com/
851	http-only	NJ	Belleville	Buctown MMA	http://www.buctown.org/
852	http-only	NJ	Belleville	FastKick Martial Arts	http://www.ifastkick.com
853	http-only	NJ	Bernardsville	RUSH Mixed Martial Arts Team Joe Moreira	http://www.rushdefense.com/
854	http-only	NJ	Blairstown	Lobo Mixed Martial Arts	http://www.lobomma.com/
855	http-only	NJ	Brick Township	Girl Fight	http://gfight.com/
856	http-only	NJ	Bridgewater	Alex Wilkie's Martial Arts Academy	http://www.alexwilkiemma.com/
857	http-only	NJ	Clifton	Bones Jiu Jitsu	http://bonesjiujitsu.com
858	http-only	NJ	Clifton	Carnicella MMA	http://www.carnicellamma.com/
859	http-only	NJ	Clifton	Immortals Jiu Jitsu	http://www.immortalsjiujitsu.com/
860	http-only	NJ	Clifton	Unity Jiu Jitsu New Jersey	http://unitybjjnj.com
861	http-only	NJ	East Hanover	Amped Mixed Martial Arts & Fitness	http://ampedmma.com/
862	http-only	NJ	East Hanover	Silver Fox Brazilian Jiu-Jitsu Academy [East Hanover]	http://www.silverfoxbjjeh.com/
863	http-only	NJ	East Rutherford	Notorious Mixed Martial Arts	http://www.notoriousbjj.com/
864	http-only	NJ	Edison	Satori Academy Brazilian Jiu Jitsu	http://www.satoriacademynj.com/
865	http-only	NJ	Fair Lawn	MK Muay Thai	http://www.mkmuaythai.com/
866	http-only	NJ	Flemington	Loftus Jiu Jitsu Academy	http://www.loftusjiujitsu.com/
867	http-only	NJ	Fords	Radji Barrett Jiu Jitsu	http://radjibarrettjiujitsu.com/
868	http-only	NJ	Green Brook Township	Hybrid Academy of Mixed Martial Arts	http://www.hybridacademymma.com/
869	http-only	NJ	Guttenberg	Jiu-Jitsu Family Training Center	http://www.jiujitsunewjersey.com/
870	http-only	NJ	Hackensack	ROLLSTAR Jiu Jitsu (HQ)	http://www.rollstarbjj.com/
871	http-only	NJ	Hackettstown	Evolutionary Martial Arts	http://www.evolutionarymartialarts.com/
872	http-only	NJ	Hackettstown	NJ Ronin Jiu Jitsu and Striking Academy	http://www.njronin.com/
873	http-only	NJ	Hamilton Township	Stray Dawgs Gym	http://straydawgsgym.com/
874	http-only	NJ	Harrison	Cruz Mixed Martial Arts Academy Jiu-Jitsu BJJ Kickboxing	http://www.cruzmma.com/
875	http-only	NJ	Harrison	Cutting Edge Brazilian Jiu Jitsu	http://cuttingedgebjj.com
876	http-only	NJ	Harrison	Nova Uniao Brazilian Jiu-Jitsu Academy	http://www.jmbjj.com/
877	http-only	NJ	Hillsborough Township	Hillsborough Brazilian Jiu-Jitsu	http://www.hillsboroughbjj.com/
878	http-only	NJ	Hillsborough Township	Nak Muay Gym	http://www.nakmuaygym.com
879	http-only	NJ	Hillsborough Township	Stay Strong Brazilian Jiu Jitsu	http://www.staystrongbjj.com/
880	http-only	NJ	Hoboken	Hoboken Fight Club	http://chuteboxela.com
881	http-only	NJ	Hoboken	Institute Of Defensive Methods	http://www.idmnj.com
882	http-only	NJ	Howell Township	Team Oliveira Brazilian Jiu Jitsu	http://www.teamoliveirabjj.com/
883	http-only	NJ	Jackson Township	Tony Silva's Fusion Martial Arts & Brazilian Jiu Jitsu	http://www.silvafusion.com/
884	http-only	NJ	Jersey City	Family Fitness Mixed Martial Arts	http://www.ffmanj.com/
885	http-only	NJ	Jersey City	Renzo Gracie Jersey City	http://renzograciejc.com/
886	http-only	NJ	Lafayette	North Jersey Mixed Martial Arts	http://www.njmmaa.com/
887	http-only	NJ	Little Egg Harbor Township	Pinelands Brazilian Jiu-Jitsu	http://pinelandsbjj.com/
888	http-only	NJ	Lyndhurst	Subforce BJJ	http://www.subforcebjj.com
889	http-only	NJ	Matawan	Matawan School Of Martial Arts	http://www.trianglechoke.com/
890	http-only	NJ	Mays Landing	Lentz Mixed Martial Arts and Boxing	http://www.lentzmma.com/
891	http-only	NJ	Middletown Township	Renzo Gracie Middletown	http://renzograciemiddletownmartialarts.com/
892	http-only	NJ	Morganville	Fatjo's Mixed Martial Arts	http://www.fmacworld.com/
893	http-only	NJ	Neptune City	Madhouse Academy	http://www.madhouseacademy.com/
894	http-only	NJ	Neptune City	Southpaw Gym - Boxing, Muay Thai, Mixed Martial Arts	http://www.southpawgymnjusa.com/
895	http-only	NJ	Old Bridge	Strategic Combat Academy	http://strategicmma.com/
896	http-only	NJ	Pennsauken Township	Kao Muay Thai	http://kaomuaythai.com/
897	http-only	NJ	Point Pleasant	Bill Scott BJJ Shore Academy	http://billscottbjj.com/
898	http-only	NJ	Princeton Junction	Princeton Academy Of Martial Arts	http://www.pamausa.com/
899	http-only	NJ	Ridgefield	Tribe MMA Ridgefield	http://www.mmatribenj.com/contact-us-2
900	http-only	NJ	Rockaway	Pure Mixed Martial Arts	http://www.puremixedmartialarts.com/
901	http-only	NJ	Saddle Brook	Silver Fox Brazilian Jiu-Jitsu Academy	http://www.silverfoxbjj.com/
902	http-only	NJ	Saddle Brook	The Edge Ultimate Martial Arts	http://theedgemma.com/
903	http-only	NJ	Sicklerville	Wolf Brazilian Jiu Jitsu	http://teamwolfbjj.com/
904	http-only	NJ	Sparta	Sussex County Mixed Martial Arts	http://www.sussexcountymma.com/
905	http-only	NJ	Stafford Township	Stafford Mixed Martial Arts	http://www.staffordmma.com/
906	http-only	NJ	Stanhope	Core Brazilian Jiu Jitsu Academy	http://corebjjnj.com/
907	http-only	NJ	Stockholm	Touro MMA	http://www.touromma.com/
908	http-only	NJ	Succasunna	Echo Alpha Gracie Jiu Jitsu	http://www.echoalphabjj.com/
909	http-only	NJ	Toms River	Checkmates Boxing and MMA Striking Skills	http://www.checkmates-boxing.com/
910	http-only	NJ	Toms River	Girl Fight Martial Arts Center	http://www.thegirlfight.com/
911	http-only	NJ	Toms River	Madama Jiu-Jitsu Academy	http://madamajj.com/
912	http-only	NJ	Totowa	NJ United Mixed Martial Arts	http://www.njunitedmma.com/
913	http-only	NJ	Township of Washington	Loyalty BJJ	http://loyaltybjjnj.com/
914	http-only	NJ	Union	AllStar BJJ/MMA Training	http://allstarbjjmma.com/
915	http-only	NJ	Union	Elijah Brazilian Jiu Jitsu	http://ebjj.com/
916	http-only	NJ	Vineland	Legion Mixed Martial Arts	http://legionmixedmartialarts.com/
917	http-only	NJ	Vineland	The Shark Tank BJJ	http://sharktankbjj.com/
918	http-only	NJ	Washington	Esoteric Jiu Jitsu Academy	http://www.esotericjiujitsu.com/
919	http-only	NJ	Wayne	White Tiger Martial Arts	http://wtma-nj.com/
920	http-only	NJ	West New York	High Impact Martial Arts	http://www.highimpactma.com/
921	http-only	NJ	West Orange	BeltQuest Jiu Jitsu	http://www.beltquestjiujitsu.com
922	http-only	NJ	Westville	Close Quarters Brazilian Jiu Jitsu	http://www.cqbjjfit.com/
923	http-only	NJ	Westwood	Training Grounds MMA & Gjj	http://www.njtraininggrounds.com/
924	http-only	NJ	Windsor	Brazen Martial Arts	http://www.brazenmartialarts.com/bmablog/
925	http-only	NM	Los Alamos	Los Alamos Brazilian Jiu-Jitsu Academy	http://www.losalamosbjj.com
926	http-only	NV	Boulder City	Rebel Jiujitsu	http://rebeljiujitsu.com
927	http-only	NV	Carson City	Adrenaline Training Center	http://www.adrenalinetc.com
928	http-only	NV	Carson City	Gary Grate Brazilian Jiu-Jitsu Academy of Carson City NV	http://www.bjjcarsoncity.com
929	http-only	NV	Elko	Komainu/Yemaso Brazilian Jiujitsu/MMA Academy	http://jreamacademy.com
930	http-only	NV	Elko	Loyalty Brazilian Jiu-Jitsu	http://www.loyaltybjj.com
931	http-only	NV	Gardnerville	Douglas County Jiu Jitsu	http://www.dcjiujitsunv.com
932	http-only	NV	Henderson	American Wrestling Club	http://www.americanwrestlingclub.com
933	http-only	NV	Henderson	Carlson Gracie Green Valley	http://carlsongraciegreenvalley.com
934	http-only	NV	Henderson	Ftcc	http://www.ftcclv.com
935	http-only	NV	Henderson	Gracie Jiu Jitsu Henderson	http://www.gracielasvegas.com
936	http-only	NV	Henderson	Rico's Martial Arts	http://ricosmartialarts.com
937	http-only	NV	Henderson	Ryoku Judo Club	http://www.ryokujudo.com
938	http-only	NV	Henderson	UFC Gym Green Valley	http://ufcgym.com/greenvalley
939	http-only	NV	Las Vegas	10th Planet Downtown	http://10thplanetdtlv.com
940	http-only	NV	Las Vegas	Asylum Fight Team	http://www.asylumfightteam.com
941	http-only	NV	Las Vegas	Atlas Grappling	http://www.AtlasGrappling.com
942	http-only	NV	Las Vegas	Atos Jiu Jitsu Las Vegas	http://www.atosjiujitsulv.com
943	http-only	NV	Las Vegas	Carlson Gracie Las Vegas	http://carlsongracielv.com
944	http-only	NV	Las Vegas	Carlson Gracie Training Center - Cavalcanti Jiu Jitsu	http://www.rcjiujitsu.com
945	http-only	NV	Las Vegas	Cephas Brazilian Jiu Jitsu Academy	http://cephasbjj.com
946	http-only	NV	Las Vegas	Cobra Kai Jiu Jitsu South	http://www.simgojj.com
947	http-only	NV	Las Vegas	Cobrinha Brazilian Jiu Jitsu Academy	http://www.cobrinhabjjlasvegas.com
948	http-only	NV	Las Vegas	Drysdale Fight For Us Jiu Jitsu	http://www.drysdalefightforus.com
949	http-only	NV	Las Vegas	FASI Sports	http://www.fasisports.com
950	http-only	NV	Las Vegas	Fight Capital Gym	http://www.fightcapital.com
951	http-only	NV	Las Vegas	Legend Mixed Martial Arts	http://www.legendmixedmartialarts.com
952	http-only	NV	Las Vegas	Milestone Martial Arts	http://www.milestonemartialarts.com
953	http-only	NV	Las Vegas	Nova Uniao Las Vegas	http://www.ryukotrainingcenter.com
954	http-only	NV	Las Vegas	Ryuko Training Center	http://www.ryukotrainingcenter.com
955	http-only	NV	Las Vegas	SHOSHINKAN - Las Vegas Martial Arts	http://www.shoshinkanlv.com
956	http-only	NV	Las Vegas	SIMGO Academy	http://ckjj.com
957	http-only	NV	Las Vegas	Sergio Penha	http://sergiopenha.com
958	http-only	NV	Las Vegas	Syndicate Mixed Martial Arts	http://www.syndicatemmavegas.com
959	http-only	NV	Las Vegas	Torres MMA Sport	http://www.torresmmasport.com/Contact-Us.html
960	http-only	NV	Las Vegas	Vegas Combat	http://www.vegascombat.com
961	http-only	NV	Las Vegas	Vills Bros Brazilian Jiu-Jitsu	http://www.villsbrosbjj.com
962	http-only	NV	Las Vegas	Wayne's Martial Arts School	http://waynelacno5.wixsite.com
963	http-only	NV	Las Vegas	Zenith By Robert Drysdale	http://www.drysdalejiujitsu.com
964	http-only	NV	North Las Vegas	Gracie Humaita West Craig	http://jiujitsulv.com
965	http-only	NV	North Las Vegas	Uprising MMA	http://www.uprisingmma.com
966	http-only	NV	Pahrump	Mix-It-Up Kickboxing & Brazilian Jiu-Jitsu	http://www.mixitupacademy.com
967	http-only	NV	Reno	360 Martial Arts Academy	http://360martialarts.com
968	http-only	NV	Reno	Ares BJJ Reno	http://aresbjjreno.com
969	http-only	NV	Reno	Freestyle Martial Arts Academy	http://www.freestylema.com
970	http-only	NV	Reno	Guerrilla Jiu Jitsu Academy Reno	http://www.renojiujitsu.com
971	http-only	NV	Reno	Komainu Gym	http://www.komainuapparel.com
972	http-only	NV	Reno	Life Jiu Jitsu Reno	http://lifebjjreno.com
973	http-only	NV	Reno	Renzo Gracie Academy Reno	http://www.renzograciereno.com
974	http-only	NV	Reno	Zai Martial Arts Academy	http://www.zaixma.com
975	http-only	NV	Sparks	Evolution Martial Arts Academy	http://evomaa.com
976	http-only	NV	Sparks	The Komainu Collective Brazilian Jiu Jitsu	http://bjjrenotahoe.com
977	http-only	NV	Winnemucca	Loyalty Brazilian Jiu-Jitsu Winnemucca	http://www.loyaltybjj.com
978	http-only	NY	Astoria	LifeStyle Brazilian Jiu Jitsu Academy	http://lifestyle-mma.com
979	http-only	NY	Bronx	MCF Warpath Boxing and MMA Academy	http://mcfmma.com
980	http-only	NY	Bronx	Kaizen Brazilian Jiu-Jitsu	http://www.kaizen-jiujitsu.com
981	http-only	NY	Bronx	Jungle Gym Martial Arts - Bronx	http://junglegymbronx.com
982	http-only	NY	Bronx	Bronx Jiu-Jitsu	http://bronxjiujitsu.com
983	http-only	NY	Brooklyn	Fight Factory	http://www.fightfactoryny.com
984	http-only	NY	Brooklyn	JAO Martial Arts Academy/Caio Terra Brazilian Jiu Jitsu NY	http://www.jao-maa.com
985	http-only	NY	Brooklyn	Sheepshead Bay Roll	http://sheepsheadbayroll.com/contact.html
986	http-only	NY	Brooklyn	UFC GYM Park Slope	http://www.ufcgym.com
987	http-only	NY	Brooklyn	Chop & Chops MMA	http://www.chopandchopsmma.com
988	http-only	NY	Brooklyn	Renzo Gracie Bay Ridge	http://renzograciebayridge.com
989	http-only	NY	Buffalo	WNY MMA & Fitness	http://www.wnymma.com
990	http-only	NY	Deer Park	American Academy Of Self Defense	http://www.aaofsd.com
991	http-only	NY	Fresh Meadows	Progressive Martial Arts	http://www.progressivemartialarts.com
992	http-only	NY	Marcy	Next Level Athletic Performance	http://www.nxtleveltraining.com
993	http-only	NY	Nanuet	Rockland Brazilian Jiu-Jitsu	http://www.rocklandbjj.com
994	http-only	NY	New York	Evolution Muay Thai	http://evolutionmuaythai.com
995	http-only	NY	New York	Gotham Jiu Jitsu	http://www.gothamjiujitsu.com
996	http-only	NY	New York	Workshop NYC	http://www.workshop-nyc.com
997	http-only	NY	New York	Brazilian Jiu Jitsu of Washington Heights	http://bjjofwashingtonheights.com
998	http-only	NY	New York	Upper West Side Brazilian Jiu-Jitsu	http://www.uwskenshikai.com/bjj
999	http-only	NY	New York	NY Combat Club	http://www.nycombatclub.com
1000	http-only	NY	New York	Big Apple BJJ Open	http://bigapplebjjopen.com
1001	http-only	NY	New York	Church Street Boxing Gym	http://csboxinggym.com
1002	http-only	NY	New York	Five Points Academy	http://www.academyfivepoints.com
1003	http-only	NY	Queens	Mayo Kickboxing & MMA Academy	http://mayomma.com
1004	http-only	NY	Queens	At Jiu-Jitsu NYC	http://www.atjiujitsunyc.com
1005	http-only	NY	Queens	Lotus Jiu Jitsu Flushing	http://www.flushingjiujitsu.com
1006	http-only	NY	Queens	Butch's Boxing & MMA	http://www.ny-mma.com
1007	http-only	NY	Rochester	10th Planet Rochester	http://www.10thplanetjiujitsurochester.com
1008	http-only	NY	Rockville Centre	Alpha Omega MMA	http://www.alphaomegamma.com
1009	http-only	NY	Staten Island	Codella Brazilian Jiu Jitsu Academy	http://codellaacademy.com
1010	http-only	NY	Staten Island	Staten Island Brazilian Jiu-Jitsu/MMA	http://sibjjmma.com
1011	http-only	NY	Watertown	American Top Team Watertown	http://americantopteamwatertown.com
1012	http-only	NY	Webster	Shōgun Jiu Jitsu Academy	http://www.shogunma.com
1013	http-only	NY	Webster	Dark Arts Muay Thai and Brazilian Jiu Jitsu	http://darkartsroc.com
1014	http-only	NY	Whitestone	Renzo Gracie Whitestone	http://renzogracie-whitestone.com
1015	http-only	NY	Whitestone	East Coast United Queens Academy of Brazilian Jiu Jitsu	http://www.ecuqueensbjj.com
1016	http-only	NY	Woodside	Glory Mixed Martial Arts	http://www.glorymma.com
1017	http-only	OH	Akron	Gotham Gym/ Savage MMA and Fitness LLC	http://gothamgym.gymmasteronline.com/
1018	http-only	OH	Akron	Zahand's Martial Arts	http://www.zahands.com/
1019	http-only	OH	Alliance	Next Level Martial Arts Alliance	http://www.mountunionbjj.com/
1020	http-only	OH	Amelia	G-Force MMA	http://gforcemma.com/
1021	http-only	OH	Austinburg	Consecution Jiu-Jitsu	http://consecutionjiujitsu.com/
1022	http-only	OH	Austintown	Next Level Martial Arts Academy	http://youngstownmartialarts.com/
1023	http-only	OH	Beavercreek	Dayton Mixed Martial Arts Academy	http://www.daytonmma.com/
1024	http-only	OH	Bedford Heights	Rising Dragon Mixed Martial Arts & Fitness	http://risingdragonmma.com/
1025	http-only	OH	Big Prairie	Jujitsu School Of Self Defense	http://jujitsuschool.net/
1026	http-only	OH	Blue Ash	Gracie Cincinnati Jiu-Jitsu	http://graciecincinnati.com/
1027	http-only	OH	Boardman	Brazilian Jiu-Jitsu & Self Defense Academy	http://youngstownjiujitsu.com/
1028	http-only	OH	Brook Park	1-Up BJJ/Team Chard West (inside Old School Iron Gym)	http://www.1upjiujitsu.com/
1029	http-only	OH	Canfield	Mario Sperry Jiu-Jitsu of Ohio	http://www.msjjo.com/
1030	http-only	OH	Canton	Sabatino MMA and Fitness	http://facebook.com/sabatinomma
1031	http-only	OH	Centerville	Brown Institute	http://www.browninstitute.com/
1032	http-only	OH	Cincinnati	Club MMA: Mixed Martial Arts	http://www.club-mma.com/
1033	http-only	OH	Cincinnati	Powell MMA and Fitness (Jiu Jitsu, Kickboxing, Wrestling)	http://powellmmaandfitness.com/
1034	http-only	OH	Cincinnati	US Martial Arts Academy	http://usmartialartsacademy.com/
1035	http-only	OH	Cincinnati	Vision Fitness & MMA	http://www.visionmma.com/
1036	http-only	OH	Circleville	RoundTown Brazilian Jiu-Jitsu Academy	http://www.roundtownjiujitsu.com/
1037	http-only	OH	Cleveland	Hurricane Jiu Jitsu	http://www.hurricanejj.com/
1038	http-only	OH	Cleveland	Revolution Fight and Fitness	http://revolutionfightandfitness.com/
1039	http-only	OH	Cleveland Heights	Izzah Combat Sports & Fitness Eastside Brasa Bjj	http://www.izzahsports.com/
1040	http-only	OH	Columbus	Buckeye Mixed Martial Arts & Fitness	http://www.buckeyemma.com/
1041	http-only	OH	Columbus	Mat Lab Brazilian JiuJitsu	http://matlabbjj.com/
1042	http-only	OH	Columbus	Relson Gracie Jiu-Jitsu Columbus	http://www.gracieohio.com/
1043	http-only	OH	Columbus	The Technician Dojo	http://www.thetechniciandojo.com
1044	http-only	OH	Cortland	Leverage Brazilian Jiu-Jitsu	http://www.leveragebjjohio.com/
1045	http-only	OH	Cuyahoga Falls	Top Level Martial Arts	http://www.toplevelmartialarts.com/
1046	http-only	OH	Dayton	Ohio Budokan Martial Arts	http://www.ohiobudokan.org/
1047	http-only	OH	Dayton	S&G Brazilian Jiu Jitsu	http://www.sgbjj.com/
1048	http-only	OH	Dayton	Soma Gracie Brazilian Jiu-Jitsu of Dayton	http://www.somajj.com/
1049	http-only	OH	Dayton	TAMA Family Martial Arts	http://tamamartialarts.com/
1050	http-only	OH	Dayton	Tenbears Martial Arts Academy	http://www.tenbearsmma.com/
1051	http-only	OH	Dayton	The Dirty Gym	http://thedirtygym.com/
1052	http-only	OH	Delaware	Summit Martial Arts	http://summitmartialartsacademy.com/
1053	http-only	OH	Dublin	Super System BJJ	http://supersystembjj.com
1054	http-only	OH	Fairlawn	True Art Jiu Jitsu	http://www.trueartbjj.com/
1055	http-only	OH	Fairview Park	Black Lotus Brazilian Jiu Jitsu Academy	http://www.blacklotusbjja.com/
1056	http-only	OH	Gahanna	Ruffhouse Jiu Jitsu Columbus	http://ruffhousecolumbus.com/
1057	http-only	OH	Grove City	Columbus MMA	http://www.columbusmma.com/
1058	http-only	OH	Hamilton	Legacy Martial Arts Academy	http://www.legacy-ohio.com/
1059	http-only	OH	Hartville	Waterhouse Brazilian Jiu-Jitsu Academy	http://www.waterhousebjj.com/
1060	http-only	OH	Heath	Delta Team Jiu Jitsu	http://deltagrapplingacademy.com/
1061	http-only	OH	Hilliard	Integrated Combative Arts Academy	http://www.icaacademy.com/
1062	http-only	OH	Lewis Center	Immortal Martial Arts Center	http://www.immortalmartialartscenter.com/
1063	http-only	OH	Lewis Center	Team Chitwood Martial Arts & Fitness Lewis Center OH	http://www.teamchitwood.com/
1064	http-only	OH	Lima	Lima's Total Revolution Training Facility	http://trmartialarts.com/
1065	http-only	OH	Massillon	Ground Zero MMA	http://groundzeromma.com/
1066	http-only	OH	Maumee	Ohio Martial Arts	http://ohiomartialarts.com/
1067	http-only	OH	Mayfield Heights	Mayfield Karate & Minna Jiu Jitsu	http://themayfieldacademy.com/
1068	http-only	OH	Medina	Combat CFMA - Functional Martial Arts	http://combatcfma.com/
1069	http-only	OH	Mentor	Griffonrawl MMA	http://www.ohio-mma.com/
1070	http-only	OH	Morristown	Bullpen Fight Club Morristown OH	http://bullpenfightclub.com/
1071	http-only	OH	Newark	Impact Family Martial Arts Newark	http://www.impactdojo.com/
1072	http-only	OH	Newark	VO2 Fitness (BJJ by Delta Grappling Academy)	http://vo2fitnessnewark.com/
1073	http-only	OH	North Canton	Hill Jiu Jitsu Academy	http://hilljiujitsuacademy.com/
1074	http-only	OH	Orwell	Gracie Orwell Jiu Jitsu Academy	http://www.gracieorwell.com/
1075	http-only	OH	Ostrander	4Point Base BJJ	http://www.4pointbase.com/
1076	http-only	OH	Reynoldsburg	Columbus Brazilian Jiu-Jitsu	http://www.columbusbjj.com/
1077	http-only	OH	Reynoldsburg	Ohio Combat Sports Academy	http://www.ohiocombatacademy.com/
1078	http-only	OH	St Clairsville	Edge Fitness Studio	http://www.theedgefit.com/
1079	http-only	OH	Toledo	North American Martial Arts Institute	http://namai.us/
1080	http-only	OH	Toledo	Ohio Brasa/Deon Thompson Brazilian Jiu Jitsu	http://ohiobrasajiujitsu.com/
1081	http-only	OH	Toledo	Rudo Jiu-Jitsu	http://rudojiujitsu.com/
1082	http-only	OH	Toledo	Toledo Jiu Jitsu Center	http://toledojiujitsu.com/
1083	http-only	OH	Walton Hills	Team Chard BJJ	http://ohiobjjc.com/
1084	http-only	OH	Warren	Team Bundy Gracie Jiu-Jitsu	http://teambundymma.com/
1085	http-only	OH	Warrensville Heights	Ground Up Brazilian Jiu-Jitsu	http://mpcle.com/class/ground-up-bjj/
1086	http-only	OH	West Chester	Sacan Martial Arts	http://sacanmartialarts.com/
1087	http-only	OH	West Chester Township	Meyer Martial Arts	http://www.meyermartialarts.com/
1088	http-only	OH	Willoughby	Relson Gracie Jiu-Jitsu Cleveland	http://www.graciecleveland.com/
1089	http-only	OH	Zanesville	Gracie Allegiance Ohio	http://www.zanesville-jiujitsu.com/
1090	http-only	OR	Albany	Integrity Martial Arts and Fitness, LLC	http://www.integritymaf.com/
1091	http-only	OR	Astoria	White Panther Tae Kwon Do Boxing and Filipino Martial Arts	http://www.whitepantherastoria.com/
1092	http-only	OR	Astoria	Men's JIUJITSU School	http://mensjiujitsu.com/
1093	http-only	OR	Beaverton	Invictus Defense Academy	http://invictusdefenseacademy.com/
1094	http-only	OR	Beaverton	Aim High Academy Of Martial Arts	http://www.aimhighma.org/
1095	http-only	OR	Beaverton	Kilian's Martial Arts Center	http://www.kmacoregon.com/
1096	http-only	OR	Beaverton	EchoValor Striking & MMA Beaverton	http://www.echovalor.com
1097	http-only	OR	Bend	Danzig MMA	http://www.danzigmixedmartialarts.com
1098	http-only	OR	Bend	Straight Blast Gym of Bend	http://www.sbgbend.com/
1099	http-only	OR	Bend	High Desert Martial Arts	http://www.highdesertmartialartsbend.com/
1100	http-only	OR	Bend	Ralph Gracie Brazilian Jiu-Jitsu (BJJ) - Bend	http://www.ralphgraciebend.com/
1101	http-only	OR	Canby	Sunshine Athletics	http://canbyjiujitsu.com
1102	http-only	OR	Clackamas	Brazilian Top Team Happy Valley	http://www.btthappyvalley.com/
1103	http-only	OR	Coos Bay	The Coos Bay Dojo	http://www.coquilletkd.com/
1104	http-only	OR	Eugene	Art Of War MMA	http://www.artofwar-mma.com/
1105	http-only	OR	Eugene	Atos Jiu Jitsu Northwest	http://www.atosjiujitsunw.com/
1106	http-only	OR	Eugene	Gracie Jiu Jitsu Eugene	http://graciejiujitsueugene.com/
1107	http-only	OR	Eugene	Bigfoot Gym	http://www.bigfootmuaythai.com/
1108	http-only	OR	Eugene	Northwest Martial Arts	http://www.nwmaacademy.com/
1109	http-only	OR	Eugene	Jujitsu-Do Martial Art Center	http://jujitsu-do.com/
1110	http-only	OR	Grants Pass	10th Planet Jiu Jitsu Grants Pass	http://www.10thplanetgrantspass.com/
1111	http-only	OR	Gresham	Fabiano Scherner Brazilian Jiu Jitsu	http://www.greshamjiujitsu.com/
1112	http-only	OR	Gresham	Anibal Lobo Jiu Jitsu	http://lobojiujitsu.com/
1113	http-only	OR	Gresham	US World Class Taekwondo	http://www.greshamtkd.com
1114	http-only	OR	Gresham	Porrada Jiu Jitsu Academy	http://www.porradajiujitsu.com/
1115	http-only	OR	Gresham	Dynamic Martial Arts	http://www.dmapdx.com/
1116	http-only	OR	Hermiston	Morizi Jiu-Jitsu	http://morizijiujitsu.com/
1117	http-only	OR	Hillsboro	Ernie Reyes World Martial Arts	http://www.erniereyes.com/
1118	http-only	OR	Hillsboro	CTA Hillsboro Jiu Jitsu and Boxing	http://www.oregonbjj.com/
1119	http-only	OR	Lake Oswego	Academy of Modern Martial Arts	http://www.martialarts-fitness.com/invitation.php
1120	http-only	OR	Lebanon	Lebanon Gracie Jiu-Jitsu & Hollywood Dance Studios	http://www.hollywoodclasses.com/
1121	http-only	OR	McMinnville	Impact Jiu Jitsu McMinnville	http://www.impactjjmac.com/
1122	http-only	OR	Medford	Fudoshin Brazilian Jiu Jitsu	http://www.fudoshinbjj.com/
1123	http-only	OR	Medford	Lotus Academy Brazilian Jiu Jitsu	http://www.lotusacademymedford.com/
1124	http-only	OR	Medford	Medford Oregon Kung Fu & JuJitsu	http://www.medfordoregonkungfu.com/
1125	http-only	OR	Newport	Tsunami Training Center	http://tsunamitc.com/
1126	http-only	OR	North Bend	Northwest Martial Arts Coos Bay	http://www.nwmacoosbay.com/
1127	http-only	OR	Oak Grove	Grit MMA	http://gritmmallc.com/
1128	http-only	OR	Oregon City	Brazilian Top Team Oregon City	http://www.bttoregoncity.com/
1129	http-only	OR	Oregon City	Enso Jiu Jitsu	http://ensojj.com
1130	http-only	OR	Philomath	The Fight System	http://thefightsystem.com/
1131	http-only	OR	Phoenix	Grappletown Wrestling & Jiujitsu	http://grappletown.com
1132	http-only	OR	Portland	Straight Blast Gym Portland	http://www.sbgi-pdx.com
1133	http-only	OR	Portland	Mata Leao Combat Sports	http://www.mataleaocs.com/
1134	http-only	OR	Portland	Five Rings Jiu Jitsu	http://5rjj.com/
1135	http-only	OR	Portland	Alive MMA	http://www.alivemma.com
1136	http-only	OR	Portland	Southwest Portland Martial Arts and CrossFit Hillsdale	http://www.southwestportlandmartialarts.com
1137	http-only	OR	Portland	Team Quest MMA & Fitness	http://www.tqmma.com
1138	http-only	OR	Portland	Northwest Fighting Arts	http://nwfighting.com/
1139	http-only	OR	Portland	GIRLS Gym	http://www.girlsgympdx.com
1140	http-only	OR	Roseburg	Dynamic MMA	http://www.dynamicjudo.com/
1141	http-only	OR	Roseburg	Roseburg Martial Arts Academy	http://www.roseburgmartialarts.com/
1142	http-only	OR	Salem	Krav Maga Salem	http://www.kravsalem.com/schedule
1143	http-only	OR	Salem	Combat Sports Center	http://www.combatsportscenters.com
1144	http-only	OR	Salem	Zanshin Martial Arts	http://www.zanshinarts.com/
1145	http-only	OR	Salem	Salem-Keizer Brazilian Jiu-Jitsu Academy	http://www.skbjj.com/
1146	http-only	OR	Sandy	Mt. Hood Impact Jiu Jitsu	http://www.impactmthood.com/
1147	http-only	OR	Seaside	Adamson Bros Jiu Jitsu Academy	http://orbjj.com/
1148	http-only	OR	Seaside	Valhalla Combat	http://valhallacombat.com/
1149	http-only	OR	Sherwood	Sherwood MUSA	http://musasherwood.com
1150	http-only	OR	Sherwood	Impact Jiu Jitsu Sherwood	http://impactjjsherwood.com
1151	http-only	OR	Springfield	Performance Martial Arts Academy	http://pgbjj.com/
1152	http-only	OR	Springfield	Mendez Boxing Gym	http://www.facebook.com/mendezboxingclub/
1153	http-only	OR	Springfield	Superhero Jiu Jitsu Academy	http://www.superherojj.com/
1154	http-only	OR	The Dalles	Salvos Training	http://salvostraining.com/
1155	http-only	OR	Tigard	CrossFit Tigard - PAW	http://www.crossfittigardpaw.com
1156	http-only	OR	Tigard	River City Warriors	http://www.rivercitywarrior.com/
1157	http-only	OR	Tigard	Next Level Martial Arts & Fitness	http://nextlevelmartialartsgym.com/
1158	http-only	OR	Tigard	Pacific Rim Martial Arts Academy	http://www.prmaa.com/
1159	http-only	OR	Troutdale	Gracie Technics Jiu-Jitsu	http://www.selfdefenseoregon.com
1160	http-only	OR	Tualatin	Resolution Jiu Jitsu	http://www.resolutionjiujitsu.com/
1161	http-only	PA	Allentown	Padilla Brazilian Jiu Jitsu	http://padillabjj.com/
1162	http-only	PA	Allentown	Zombie Brazilian Jiu-Jitsu and MMA Allentown	http://zombiebjjpa.com/
1163	http-only	PA	Altoona	Pa-Grappling	http://www.pa-grappling.com/
1164	http-only	PA	Ambler	Ataraxis Brazilian Jiu-Jitsu & Self Defense	http://www.ataraxisbjj.com/
1165	http-only	PA	Annville	5 Stones Fight Club	http://5stonesfightclub.org/
1166	http-only	PA	Ardmore	Main Line United Brazilian Jiu-Jitsu	http://www.mainlineunited.com/
1167	http-only	PA	Bellefonte	Raptor Academy of Martial Arts	http://www.raptorbjj.com/
1168	http-only	PA	Bensalem	Ryan Wagner's Martial Arts & Fitness	http://www.martialarts4bensalem.com
1169	http-only	PA	Bethlehem	10th Planet Jiu-Jitsu Bethlehem	http://finishersmma.com/
1170	http-only	PA	Boothwyn	World Class Martial Arts	http://www.wcma-usa.com/
1171	http-only	PA	Bridgeport	Hellfish Mixed Martial Arts	http://hellfishmma.com
1172	http-only	PA	Bristol	Keystone Boxing & MMA Gym	http://keystoneboxingmma.com
1173	http-only	PA	Chadds Ford	Delaware Jiu Jitsu	http://www.delawarejiujitsu.com/
1174	http-only	PA	Chalfont	Rosendo Diaz Brazilian Jiu-Jitsu	http://www.graciepa.com/
1175	http-only	PA	Conshohocken	Hart Jiu Jitsu, Kickboxing and Mixed Martial Arts	http://www.hartbjj.com
1176	http-only	PA	Coraopolis	Rise 8 Training Academy	http://www.facebook.com/Rise8bjj
1177	http-only	PA	Downingtown	Paramount Brazilian Jiu-Jitsu	http://www.paramountbjj.com/
1178	http-only	PA	Doylestown	Combat Fitness Martial Arts	http://www.combatfitnessmartialarts.com/
1179	http-only	PA	DuBois	REAKT - Team Renzo Gracie	http://reaktbjj.com/
1180	http-only	PA	Ephrata	Lancaster Brazilian Jiu Jitsu	http://www.lancasterbjj.com/
1181	http-only	PA	Erdenheim	Crush Crew Jiu Jitsu	http://crushcrewjiujitsu.com
1182	http-only	PA	Feasterville-Trevose	Grindhouse MMA & Fitness	http://www.grindhousemma.com/
1183	http-only	PA	Folsom	Quintella MMA	http://www.quintellajiujitsu.com
1184	http-only	PA	Glenside	Fundamental Jiujitsu	http://www.fundamentaljiujitsu.com
1185	http-only	PA	Greensburg	High Ground Jiu-Jitsu	http://highgroundbjj.com/
1186	http-only	PA	Greensburg	Pennsylvania Combat Sports	http://www.pacombatsports.com/
1187	http-only	PA	Harrisburg	Deep Water Brazilian Jiu Jitsu	http://deepwaterbjjacademy.com/
1188	http-only	PA	Hatboro	Saga BJJ	http://www.sagabjj.com/
1189	http-only	PA	Hatfield	Renzo Gracie Pennsylvania	http://www.renzograciepa.com
1190	http-only	PA	Havertown	Spear Jiu Jitsu	http://spearjj.com
1191	http-only	PA	Horsham	East Montgomery Martial Arts	http://www.eastmontma.com
1192	http-only	PA	Hummelstown	Complete Martial Arts Club of Hershey	http://completemartialartsclub.com/
1193	http-only	PA	Huntingdon Valley	Kozma Brazilian Jiu-Jitsu	http://www.kozmabjj.com
1194	http-only	PA	Indiana	Elite Combative Systems	http://www.elitecombativesystems.com/
1195	http-only	PA	Jenkintown	Brazilian Jiu-Jitsu United	http://www.bjjunited.com
1196	http-only	PA	King of Prussia	Algeo MMA and Kickboxing	http://algeomma.com
1197	http-only	PA	King of Prussia	Precision Jiu-Jitsu	http://precisionjj.com
1198	http-only	PA	Lancaster	Achieve Jiu Jitsu Academy	http://achievejja.com/
1199	http-only	PA	Lancaster	Gracie 717	http://www.gracie717.com/
1200	http-only	PA	Lancaster	Jiu Jitsu One	http://www.jiujitsu1.com/
1201	http-only	PA	Langhorne	MPR Endurance MMA	http://mprendurance.com/
1202	http-only	PA	Lansdale	UFC GYM Lansdale	http://ufcgym.com
1203	http-only	PA	Latrobe	Ground Zero Pittsburgh	http://www.gzpittsburgh.com/
1204	http-only	PA	Lemoyne	Harrisburg Brazilian Jiu Jitsu and Judo	http://www.harrisburgbjjandjudo.com
1205	http-only	PA	Malvern	Elite Edge Boxing & Jiu Jitsu	http://www.eliteedgeboxingbjj.com/
1206	http-only	PA	Monaca	Armezzani Jiu Jitsu Academy	http://www.pittsburghbjj.net/
1207	http-only	PA	Morton	The Vault Jiu Jitsu	http://www.vaultbjj.com/
1208	http-only	PA	Narberth	Miloki Flow Jiu Jitsu & Movement	http://www.milokiflow.com/
1209	http-only	PA	Newtown Square	Onyx Combat Sports	http://www.onyxcombatsports.com
1210	http-only	PA	Norristown	Beltrante Fighting Systems	http://www.belfightsys.com/
1211	http-only	PA	Northampton	Elite Mixed Martial Arts	http://www.elitemmactr.com/
1212	http-only	PA	Olyphant	Gracie NEPA Grappling Club	http://www.gracienepa.com/
1213	http-only	PA	Orwigsburg	Schuylkill County Brazilian Jiu Jitsu	http://www.schuylkillbjj.com/
1214	http-only	PA	Palmerton	Rat Pack Fighting Systems	http://www.rpfightingsystems.com/
1215	http-only	PA	Palmyra	Chosen Martial Arts Academy	http://www.chosenmartialartsacademy.com/
1216	http-only	PA	Philadelphia	Fight Firm	http://fightfirmgym.com
1217	http-only	PA	Philadelphia	SAS Philadelphia Brazilian Jiu-Jitsu	http://www.sasphiladelphiabjj.com/
1218	http-only	PA	Philadelphia	Shorty's Brazilian Jiu Jitsu	http://www.shortysbjj.com
1219	http-only	PA	Philadelphia	The Jiu Jitsu Company	http://www.jiujitsuphilly.com
1220	http-only	PA	Phoenixville	Alliance Pennsylvania Jiu-Jitsu	http://www.bajji.com/
1221	http-only	PA	Phoenixville	Gracie Jiu Jitsu Phoenixville	http://graciejiujitsuphoenixville.com/
1222	http-only	PA	Pittsburgh	Renzo Gracie Pittsburgh	http://www.renzograciepittsburgh.com/
1223	http-only	PA	Pittsburgh	Steel City Martial Arts	http://www.steelcitymartialarts.com
1224	http-only	PA	Pittsburgh	The Academy of Martial Arts and Fitness	http://www.pittsburghacademy.com/
1225	http-only	PA	Pittsburgh	True Believer Jiu Jitsu	http://www.truebelieverjiujitsu.com/
1226	http-only	PA	Pottstown	Droogs MMA & Jiu Jitsu	http://droogsmma.com/
1227	http-only	PA	Reading	Berks County Brazilian Jiu-Jitsu	http://www.bcbjj.org/
1228	http-only	PA	Reading	Team Pereira / Jucao Mixed Martial Arts Academy	http://pereirabjj.com/
1229	http-only	PA	Red Lion	Mace MMA	http://macemma.com/
1230	http-only	PA	Richboro	Movement Art Jiu-Jitsu	http://www.rmbjjrichboro.com
1231	http-only	PA	Royersford	High Voltage Gym	http://www.highvoltagegym.net/
1232	http-only	PA	Sarver	Empower Jiu Jitsu	http://empowerjiujitsupa.com/
1233	http-only	PA	Scranton	Pride Lands MMA Academy	http://www.pridelandsmma.com/
1234	http-only	PA	Southampton	Sion Brazilian JiuJitsu	http://sionbjj.com/
1235	http-only	PA	State College	LombardMMA	http://lombardmma.com/
1236	http-only	PA	Stroudsburg	American Killer Bees PA MMA & BJJ	http://killerbeespa.com/
1237	http-only	PA	Towanda	Edge Fitness & Martial Arts	http://www.theedgefitness.com/
1238	http-only	PA	York	York Brazilian Jiu Jitsu	http://www.3gyorkbjj.com
1239	http-only	PA	York	York Mixed Martial Arts Academy	http://www.ymmaa.com/
1240	http-only	PA	York	Zero Brazilian Jiu Jitsu	http://www.zerobjj.com/
1241	http-only	PA	Zelienople	Stout PGH - Zelienople/North	http://stouttrainpitt.com/
1242	http-only	RI	Lincoln	Terrinha BJJ Lincoln	http://tdtbjj.com
1243	http-only	RI	Pawtucket	Team Santos Fighting Academy	http://matsantos.com
1244	http-only	TX	Abilene	Zombie Brazilian Jiu-Jitsu and MMA	http://zombiebjj.com/
1245	http-only	TX	Addison	Guy Mezger's Fs Martial Arts	http://www.guymezger.com/
1246	http-only	TX	Alvin	Still Waters Brazilian Jiu Jitsu	http://stillwatersbjj.com
1247	http-only	TX	Amarillo	Guetho Texas BJJ	http://amarillobjj.com/
1248	http-only	TX	Arlington	Team One Mixed Martial Arts	http://teamonept.wix.com/personaltrainig
1249	http-only	TX	Arlington	Texas Self Defense Academy	http://www.martialartsarlingtontx.com/
1250	http-only	TX	Austin	Austin Jiu-Jitsu	http://austinjiujitsu.com/ajj/
1251	http-only	TX	Austin	Claunch Academy of Brazilian Jiu-Jitsu	http://www.claunchacademyofbjj.com/
1252	http-only	TX	Austin	Mario Esfiha Brazilian Jiu Jitsu Austin - Brasa Team	http://www.mebjj.com/
1253	http-only	TX	Austin	Paragon Jiu-Jitsu Academy - Austin	http://www.paragonaustin.com/
1254	http-only	TX	Austin	Veterans Jiu-Jitsu	http://www.veteransjiujitsu.com/
1255	http-only	TX	Austin	Onnit Gym MMA	http://www.onnitgymmma.com/
1256	http-only	TX	Bastrop	Insight BJJ	http://www.insightbjj.com/
1257	http-only	TX	Bastrop	Insight BJJ Bastrop – Team Renzo Gracie	http://www.insightbjj.com/
1258	http-only	TX	Baytown	Elite MMA Baytown	http://www.elite-mma.com
1259	http-only	TX	Beaumont	TPC Brazilian Jiu-Jitsu & MMA	http://tpcjiujitsu.com/
1260	http-only	TX	Bedford	DFW Personal Training and Self Defense	http://www.dfwkickboxing.com/
1261	http-only	TX	Bellaire	MACBJJ (Marcos Cerqueira BJJ/Brazil-021 Houston)	http://www.brazil021houston.com
1262	http-only	TX	Bellaire	Pablo Silva Brazilian Jiu Jitsu HQ	http://www.pablosilvabjj.com/
1263	http-only	TX	Belton	Grapplers Lair	http://grapplerslair.com/
1264	http-only	TX	Brownsville	Gracie Barra Brownsville	http://gbbrownsville.com/
1265	http-only	TX	Bulverde	Inochi Mixed Martial Arts Academy - Paul Haben	http://www.inochimma.com/
1266	http-only	TX	Carrollton	Gameness Sports	http://www.gameness.com/
1267	http-only	TX	Carrollton	Hicks MMA	http://www.hicksmma.com/
1268	http-only	TX	Carrollton	Star Jiu Jitsu	http://starbjj.com/
1269	http-only	TX	Cedar Park	Gracie Barra Cedar Park	http://www.gbcedarpark.com/
1270	http-only	TX	Cedar Park	Nunan's Martial Arts	http://nunansmartialarts.com/
1271	http-only	TX	Cedar Park	The Mat Martial Arts & Fitness	http://themataustin.com/
1272	http-only	TX	College Station	Brazos Valley Mixed Martial Arts	http://www.bvmma.com
1273	http-only	TX	Colleyville	JJ Machado DFW	http://jjmachadodfw.com/
1274	http-only	TX	Conroe	Ares BRAZILIAN JIU-JITSU	http://www.aresbjj.com/
1275	http-only	TX	Corinth	Risen Jiu-Jitsu and Fitness	http://www.risenbjj.com/
1276	http-only	TX	Corpus Christi	Full Contact Fight Academy	http://www.fullcontactfightacademy.com/
1277	http-only	TX	Corpus Christi	Gracie Barra Brazilian Jiu Jitsu	http://www.graciebarracorpuschristi.com/
1278	http-only	TX	Corpus Christi	Hardstyle KBJJ	http://www.hardstylekettlebell.com/
1279	http-only	TX	Corpus Christi	Lumampao Martial Arts	http://www.lumampaomartialarts.com/
1280	http-only	TX	Corpus Christi	Presa Brazillian Jiu-Jitsu	http://www.presabjj.com/
1281	http-only	TX	Cypress	Team Tooke Mixed Martial Arts Cypress	http://www.teamtooke-cypress.com
1282	http-only	TX	Dallas	Dallas Jiu-Jitsu	http://www.dallasjiujitsu.com/
1283	http-only	TX	Deer Park	CEV Athletics	http://cevathletics.com
1284	http-only	TX	Deer Park	Virtues Jiu-Jitsu Self Defense	http://virtuesjiu-jitsu.com
1285	http-only	TX	Dickinson	Furia Training Center MMA & BJJ	http://www.furiatrainingcenter.com
1286	http-only	TX	Dripping Springs	JJ Machado Austin Jiujitsu	http://www.jjmachadoaustin.com/
1287	http-only	TX	Edinburg	Brazilian Jiu Jitsu and Sambo - Koulikov Grappling Academy	http://www.sambofusion.com/
1288	http-only	TX	El Paso	Bushido MMA and BJJ Academy	http://bushidommateam.com/
1289	http-only	TX	Euless	FXMMA - Brazilian Jiu-Jitsu - Wrestling - Boxing	http://www.fxmma.com/
1290	http-only	TX	Euless	Sloth BJJ	http://slothbjjtx.com/
1291	http-only	TX	Flower Mound	North Texas Mixed Martial Arts	http://ntmma.com/
1292	http-only	TX	Fort Worth	Frequency BJJ & Fitness	http://www.frequencyjiujitsu.com/
1293	http-only	TX	Fort Worth	Marcos Santos Academy	http://fwbjj.com/
1294	http-only	TX	Friendswood	PRESS Forward MMA & Fitness	http://www.pressforwardmma.com/
1295	http-only	TX	Frisco	Campuzano Martial Arts	http://www.campuzanomartialarts.com/
1296	http-only	TX	Frisco	CJJF West Frisco	http://www.cjjftx.com/
1297	http-only	TX	Frisco	Rockstar Martial Arts and Fitness	http://www.rockstarmartialarts.com/
1298	http-only	TX	Garland	Texas Gladiators Academy	http://texasgladiators.org/
1299	http-only	TX	Georgetown	Georgetown Brazilian Jiu Jitsu	http://www.jiujitsugeorgetown.com/
1300	http-only	TX	Georgetown	John's Gym Georgetown Jiu Jitsu and MMA	http://www.johnsgymgeorgetown.com/
1301	http-only	TX	Grapevine	Mohler MMA – Brazilian Jiu Jitsu & Boxing	http://www.mohlermma.com/
1302	http-only	TX	Haltom City	Flux MMA	http://www.fluxmma.com/
1303	http-only	TX	Harlingen	Harlingen Jiu-Jitsu Club	http://www.harlingenjjc.com/
1304	http-only	TX	Haslet	Gann BJJ Fight & Fitness	http://www.teamgann.com/
1305	http-only	TX	Hockley	Honor Martial Arts - Houston Brazilian Jiu-Jitsu, Judo, Karate and Yoga.	http://www.honormartialarts.com/
1306	http-only	TX	Houston	Active Jiu Jitsu	http://activejiujitsu.com
1307	http-only	TX	Houston	Cantu’s Texas Brazilian Jiu Jitsu Self Defense Academy	http://www.cantuselfdefense.com/
1308	http-only	TX	Houston	Dark Gift Combat	http://darkgiftcombat.com/
1309	http-only	TX	Houston	Elite MMA	http://www.elite-mma.com
1310	http-only	TX	Houston	Elite MMA - Greenway Plaza	http://www.elite-mma.com
1311	http-only	TX	Houston	Gracie Jiu Jitsu Houston	http://www.graciejiujitsuwesthouston.com
1312	http-only	TX	Houston	Ravlin Brazilian Jiu-Jitsu & Muay Thai-Kickboxing	http://www.ravlinmartialarts.com
1313	http-only	TX	Houston	Rilion Gracie Jiu Jitsu Energy Corridor	http://riliongraciewesthouston.com
1314	http-only	TX	Houston	Texas Barbell Syndicate	http://www.texasbarbellsyndicate.com
1315	http-only	TX	Houston	Mousel's Self-Defense Academy	http://www.defend.net
1316	http-only	TX	Humble	Abstract Jiu-Jitsu Club	http://abstractjiujitsu.com
1317	http-only	TX	Humble	Denizen Brazilian Jiu-Jitsu	http://facebook.com/denizenjiujitsu
1318	http-only	TX	Humble	Henderson's Martial Arts	http://www.hendersonsma.com
1319	http-only	TX	Humble	McCall Mixed Martial Arts	http://www.mccallmixedmartialarts.com
1320	http-only	TX	Humble	Solis Martial Arts Academy	http://www.solismartialarts.com/
1321	http-only	TX	Irving	Caio Terra Academy - Irving	http://www.bjjirving.com/
1322	http-only	TX	Irving	George's MMA & Boxing Gym	http://dallasmmaboxing.com/
1323	http-only	TX	Irving	MA BJJ Academy	http://www.mabjjacademy.com/
1324	http-only	TX	Irving	Reyes Jiu-Jitsu	http://www.reyesjiujitsu.com/
1325	http-only	TX	Katy	Gracie Barra Katy	http://www.graciebarrakaty.com
1326	http-only	TX	Katy	Katy Brazilian Jiu Jitsu Revolution Team	http://katybjj.com
1327	http-only	TX	Katy	The Fight Lab	http://thefightlabtx.com
1328	http-only	TX	Keller	All American MMA and BJJ	http://www.allamericanmma.com/
1329	http-only	TX	Kingwood	Kingwood MMA	http://www.kingwoodmixedmartialarts.com/
1330	http-only	TX	Lakeway	Gracie Barra – Lakeway	http://gblakeway.com/
1331	http-only	TX	Laredo	Cadejo Brazilian Jiu Jitsu Academy	http://www.cadejobjj.com/
1332	http-only	TX	Lewisville	Silva BJJ Lewisville TX (Aloisio Silva BJJ Associated Academy)	http://www.silvaacademy.com/
1333	http-only	TX	Liberty Hill	John's Gym Liberty Hill Jiu Jitsu	http://johnsgymlibertyhill.com/
1334	http-only	TX	Longview	Team 515 Mixed Martial Arts	http://team515.com/
1335	http-only	TX	Mansfield	Cobra Brazilian Jiu Jitsu Mansfield	http://www.cobrabjjmansfield.com/
1336	http-only	TX	Mansfield	Gracie Barra Jiu Jitsu Mansfield	http://gbmansfield.com/
1337	http-only	TX	McAllen	Enzo Jiu Jitsu / BJJ McAllen TX 78501	http://www.enzojiujitsu.com/
1338	http-only	TX	McAllen	Modern Jiu-Jitsu Self Defense	http://mdrnjj.com/
1339	http-only	TX	Mesquite	Sfs MMA	http://www.sfsmma.com/
1340	http-only	TX	Missouri City	Rilion Gracie Academy Missouri City	http://www.riliongraciemissouricity.com/
1341	http-only	TX	Nederland	Golden Triangle Jiu-jitsu Academy	http://www.goldentrianglejiujitsu.com/
1342	http-only	TX	Pearland	Grappling Zone Pearland	http://www.grapplingzonepearland.com
1343	http-only	TX	Pearland	UFC GYM Pearland	http://ufcgym.com
1344	http-only	TX	Pflugerville	Eclectic Combat Systems	http://ecsmma.com/
1345	http-only	TX	Pflugerville	Team Rabadi Brazilian Jiu Jitsu & Muay Thai	http://www.rrbjj.com/
1346	http-only	TX	Plano	Cobra Brazilian Jiu-Jitsu	http://www.cobrabjj.com/
1347	http-only	TX	Plano	Mcsweeney Martial Arts and Performance Center	http://mcsweeneymma.com/
1348	http-only	TX	Plano	Royal Art BJJ	http://bjjroyal.com/
1349	http-only	TX	Porter	10th Planet Jiu Jitsu New Caney Texas	http://www.10thplanetnewcaney.com/
1350	http-only	TX	Prosper	Aguilera Martial Arts Prosper TX	http://aguilerabjj.com/
1351	http-only	TX	Richardson	Corvo Martial Arts	http://corvomartialarts.com/
1352	http-only	TX	Richmond	AON Jiu Jitsu	http://www.aonjiujitsu.com
1353	http-only	TX	Richmond	Renzo Gracie The Grove	http://renzograciethegrove.com
1354	http-only	TX	River Oaks	Genesis Jiu Jitsu	http://www.genesisjiujitsu.com
1355	http-only	TX	Rockwall	316 BJJ - Rockwall Jiu Jitsu Self Defense Martial Arts	http://www.316bjj.com/
1356	http-only	TX	Round Rock	True JiuJitsu Academy	http://www.truejiujitsu.com/
1357	http-only	TX	San Angelo	Angelo Mixed Martial Arts and fitness	http://www.facebook.com/angelomixedmartialarts
1358	http-only	TX	San Antonio	Gracie Jiu-Jitsu North-East San Antonio	http://www.graciejiujitsusanantonio.com/
1359	http-only	TX	San Antonio	Gracie Jiu-Jitsu North-West San Antonio	http://www.gracienorthwestsanantonio.com/
1360	http-only	TX	San Antonio	Marra Senki Brazilian Jiu-Jitsu	http://marrajj.com/
1361	http-only	TX	San Antonio	Victory Martial Arts Leon Springs	http://www.victoryma.com/
1362	http-only	TX	Seabrook	Ed Ramos Clear Lake	http://www.edramosclearlake.com
1363	http-only	TX	Southlake	Gracie Barra – Southlake	http://gbsouthlake.com
1364	http-only	TX	Southlake	Sampson Jiu Jitsu Academy	http://www.sampsonjiujitsuacademy.com/
1365	http-only	TX	Spicewood	Lake Travis Jiu-Jitsu Club	http://www.ltjjc.com/
1366	http-only	TX	Spring	Finesse BJJ	http://finessebjj.com
1367	http-only	TX	Spring	Gracie Barra – The Woodlands	http://www.mmathewoodlands.com/
1368	http-only	TX	Spring	Ground Dwellers BJJ	http://www.grounddwellers.com
1369	http-only	TX	Spring	Hero Martial Arts Academy	http://heromaa.com
1370	http-only	TX	Spring	Maozinha Brazilian Jiu Jitsu	http://www.teammaozinha.com
1371	http-only	TX	Spring	Torres Brazilian Jiu Jitsu	http://www.torresjiujitsu.com
1372	http-only	TX	Stafford	TX 3rd Coast MMA	http://www.tx3rdcoastmma.com
1373	http-only	TX	Stephenville	Makhuwabjj Brazilian JiuJitsu	http://www.makhuwabjj.com/
1374	http-only	TX	Sugar Land	LX Jiu-Jitsu & Self Defense	http://www.lxbjj.com
1375	http-only	TX	Sugar Land	Renzo Gracie Houston	http://graciebarrasugarland.com
1376	http-only	TX	Sugar Land	Sugarland MMA	http://www.sugarlandmixedmartialarts.com
1377	http-only	TX	Sulphur Springs	Ion Jiu Jitsu	http://www.ionjiujitsuandfitness.com/
1378	http-only	TX	Taylor	Concept Brazilian Jiu Jitsu	http://www.taylorbjj.com/
1379	http-only	TX	Temple	Legends Brazilian Jiu Jitsu	http://www.legendsbjj.com/
1380	http-only	TX	The Woodlands	Maven Jiu-Jitsu Academy	http://www.mavenbjj.com/
1381	http-only	TX	Tomball	Global Martial Arts	http://www.teamglobalmma.com
1382	http-only	TX	Tomball	WAR Training Center	http://www.wartrainingcenter.com
1383	http-only	TX	Waco	Ralph Gracie Jiu-Jitsu Waco Texas	http://ralphgracietexas.com/
1384	http-only	TX	Waco	Select Jiu Jitsu Academy	http://www.selectjiujitsu.com/
1385	http-only	TX	Wimberley	Fighteria Academy	http://www.fighteriatx.com/
1386	http-only	VA	Alexandria	Caio Terra Academy - Alexandria BJJ	http://www.alexandriabjj.com
1387	http-only	VA	Alexandria	High Noon BJJ & Fitness	http://highnoonbjj.com
1388	http-only	VA	Alexandria	King Khong MMA	http://kingkhong.com
1389	http-only	VA	Alexandria	Testudo BJJ Judo	http://testudobjj.com
1390	http-only	VA	Annandale	Lotus Thai Boxing and BJJ	http://lotusthaiboxing.com
1391	http-only	VA	Arlington	Capitol Combat Sports	http://capitolcombatsports.blogspot.com
1392	http-only	VA	Arlington	Darcio Lira Jiu Jitsu	http://darciolirajjdcva.squarespace.com
1393	http-only	VA	Arlington	District Martial Arts	http://www.districtmartialarts.com
1394	http-only	VA	Arlington	Kogaion Academy Brazilian Jiu-Jitsu & Judo	http://www.kogaionacademy.com/
1395	http-only	VA	Arlington	Leo Dalla Martial Arts Arlington at One Life Fitness Ballston	http://leodalla.com/
1396	http-only	VA	Arlington	Pentagon Mixed Martial Arts	http://www.pentagonmma.com/
1397	http-only	VA	Ashland	Revolution BJJ Ashland LLC	http://www.revolutionbjjashland.com/
1398	http-only	VA	Bailey's Crossroads	MiKiDo	http://www.mikido.com
1399	http-only	VA	Blacksburg	Team Mannon BJJ	http://teammannonbjj.com/
1400	http-only	VA	Bristol	Bristol Jiu Jitsu	http://bristoljiujitsu.com/
1401	http-only	VA	Bristol	Stryker Martial Arts / Carlos Machado Jiu-Jitsu Bristol	http://strykermaa.com/
1402	http-only	VA	Centreville	Centreville Brazilian Jiu Jitsu	http://www.centrevillebjj.com/
1403	http-only	VA	Chantilly	Dimitri Chrisos Jiu Jitsu Academy	http://dc-bjj.com/
1404	http-only	VA	Charlottesville	Charlottesville Brazilian Jiu-Jitsu	http://www.cvillebjj.com/
1405	http-only	VA	Chesapeake	Tidewater Academy Chesapeake	http://tidewaterbjj.com/
1406	http-only	VA	Chesapeake	Virginia TaeKwonDo & Jiu-Jitsu Academy	http://www.virginiatkd.com/
1407	http-only	VA	Christiansburg	Tech MMA & Fitness Academy	http://techmmaacademy.com/
1408	http-only	VA	Culpeper	Yamasaki BJJ Culpeper	http://www.culpepermartialarts.com/
1409	http-only	VA	Fairfax	Comet BJJ	http://cometmma.com/
1410	http-only	VA	Fairfax	Kaizen MMA Fairfax	http://www.kzmma.com/
1411	http-only	VA	Fairfax	OSA Martial Arts	http://www.emafairfax.com/
1412	http-only	VA	Falls Church	Fifty/50 Martial Arts Academy	http://5050bjj.com
1413	http-only	VA	Falls Church	Kaizen MMA Falls Church	http://www.kzmma.com/
1414	http-only	VA	Fredericksburg	Darcio Lira Brazilian Jiu Jitsu	http://www.darciolirajjdcva.com/
1415	http-only	VA	Fredericksburg	DCB MMA & Athletic Training	http://www.dcbmma.com/
1416	http-only	VA	Fredericksburg	Enlisted Nine Fight Company - Virginia	http://www.e9fcva.com/
1417	http-only	VA	Hampton	Cheeseman Martial Arts Brazilian Jiu Jitsu	http://cheesemanmartialarts.net/
1418	http-only	VA	Hampton	Five Crow Martial Arts & Fitness	http://fivecrow.com
1419	http-only	VA	Hampton	New World Academy	http://newworldacademybjj.com
1420	http-only	VA	Haymarket	Battlefield Jiu Jitsu	http://www.battlefieldjiujitsu.com/
1421	http-only	VA	Herndon	Pedro Sauer Academy: One Spirit Martial Arts	http://www.virginiabjj.com/
1422	http-only	VA	King William	Odyssey MMA	http://www.odysseymma.com/
1423	http-only	VA	Linden	Shannon Arts Jiu-Jitsu & Wrestling Front Royal	http://www.shannonajj.com/
1424	http-only	VA	Lynchburg	Jamerson YMCA Martial Arts: Brazilian Jiu-Jitsu & Kempo Karate	http://lynchburgkempobjj.com/
1425	http-only	VA	Lynchburg	Nomad JiuJitsu	http://nomadjitsu.com/
1426	http-only	VA	Lynchburg	The Edge Martial Arts and Tumbling	http://theedgeforlife.com/
1427	http-only	VA	Mechanicsville	BOA BJJ Academy	http://boabjj.com/
1428	http-only	VA	Midlothian	804 Jiu-Jitsu / Team Passos	http://www.804jiu-jitsu.com/
1429	http-only	VA	Midlothian	Apex Jiu Jitsu	http://apexjiujitsuva.com/
1430	http-only	VA	Newport News	East Wind Academy of Martial Arts	http://www.eastwindacademy.com/
1431	http-only	VA	Norfolk	Clayton Phillips Jiu Jitsu	http://norfolkjiujitsu.com
1432	http-only	VA	Norfolk	Gustavo Machado Norfolk	http://www.gustavomachadonorfolk.com
1433	http-only	VA	Norfolk	Norfolk Karate Academy / Gracie Jiu Jitsu Norfolk	http://www.norfolkkarate.com/
1434	http-only	VA	Norfolk	The House of Muay Thai	http://thehouseofmuaythai.com/
1435	http-only	VA	North Springfield	Yamasaki Academy Springfield	http://www.yamasakispringfield.com/
1436	http-only	VA	Portsmouth	Universal General Mixed Martial Arts	http://www.ugmma.com/
1437	http-only	VA	Purcellville	Justin Lough Brazilian Jiu Jitsu	http://www.jloughbjj.com/
1438	http-only	VA	Purcellville	Kaizen MMA Purcellville	http://www.kzmma.com/
1439	http-only	VA	Roanoke	Hybrid Martial Arts Center	http://www.hybridroanoke.com/
1440	http-only	VA	Springfield	Arte Suave Jiu-Jitsu	http://www.artesuave-bjj.com/
1441	http-only	VA	Sterling	Disciple MMA Academy	http://www.disciplemmaacademy.com/
1442	http-only	VA	Strasburg	Good2Go MMA	http://linktr.ee/good2go_mma
1443	http-only	VA	Vienna	American Fight Club	http://afcva.com/
1444	http-only	VA	Vienna	David Jacobs BJJ Academy	http://www.therockbjj.com
1445	http-only	VA	Vienna	Kaizen MMA Vienna	http://www.kzmma.com/
1446	http-only	VA	Vinton	Grappling Sports	http://grapplingsports.com/
1447	http-only	VA	Virginia Beach	Coastal Brazilian Jiu Jitsu	http://www.coastalbjj.com/
1448	http-only	VA	Virginia Beach	Diego Bispo Academy	http://diegobispoacademy.com/
1449	http-only	VA	Virginia Beach	Eastern Academy of Mixed Martial Arts	http://www.easternacademy.com
1450	http-only	VA	Virginia Beach	Element Academy of Jiu-Jitsu	http://www.elementbjj.com/
1451	http-only	VA	Woodbridge	Leo Dalla Martial Arts	http://leodalla.com/
1452	http-only	VA	Woodbridge	Trident Academy MMA	http://www.tridentmartialarts.com/
1453	http-only	VA	Yorktown	Ribeiro Jiu-Jitsu	http://www.ribeirojiujitsuyorktown.com
1454	http-only	WV	Bridgeport	Ground Zero BJJ Bridgeport	http://www.groundzerobjjbridgeport.com
1455	http-only	WV	Morgantown	Team Junqueira Brazilian Jiu Jitsu	http://teamrjbjj.com
1456	scheme-less	DC	Washington	BETA Academy	betaacademy.com
1457	scheme-less	DC	Washington	Estilo Jiu Jitsu	estilojiujitsu.com
1458	scheme-less	DC	Washington	Underworld BJJ DC	underworlddc.com
1459	scheme-less	DE	Dover	Kaizen Jiu-Jitsu Academy	kaizen-jiu-jitsu.com
1460	scheme-less	DE	Dover	Meia Guarda Gracie Brazilian Jiu-Jitsu	delawareselfdefenseacademy.com
1461	scheme-less	DE	Lewes	Rip Tide Brazilian Jiu Jitsu	brazilianjiujitsudelaware.com
1462	scheme-less	DE	Middletown	302 BJJ Middletown	302bjj.com
1463	scheme-less	DE	Milford	Bayside Athletics	baysideathleticsde.com
1464	scheme-less	DE	Newark	Dauntless BJJ & MMA	fightdrive.com
1465	scheme-less	DE	Wilmington	302 BJJ Wilmington	302bjj.com
1466	scheme-less	FL	Gainesville	Carlson Gracie Gainesville	www.carlsongraciegainesville.com
1467	scheme-less	IN	Anderson	Freedom Martial Arts and Fitness	freedommartialarts.org
1468	scheme-less	IN	Brazil	Gracie Jiu-Jitsu Brazil	graciebrazilindiana.com
1469	scheme-less	IN	Brownsburg	Brownsburg Brazilian Jiu-Jitsu	brownsburgbjj.com
1470	scheme-less	IN	Brownsburg	Performex Martial Arts and Fitness	performexmartialarts.com
1471	scheme-less	IN	Carmel	House Of Martial Arts	houseofmartialarts.com
1472	scheme-less	IN	Carmel	Indianapolis Brazilian Jiu-Jitsu	indianapolisjiujitsu.com
1473	scheme-less	IN	Carmel	The School of Self Defense	the-school-of-self-defense.com
1474	scheme-less	IN	Chesterton	Team O'Connor Brazilian Jiu-Jitsu	team-oconnor.com
1475	scheme-less	IN	Clarksville	Awesome Martial Arts Academy	awesomesportsandcamps.com
1476	scheme-less	IN	Crown Point	219 Submission Academy	219submission.com
1477	scheme-less	IN	Elkhart	Alexander Brazilian Jiu Jitsu	alexanderbjj.com
1478	scheme-less	IN	Elkhart	Kroyler Gracie Jiu-Jitsu	kroylergracie.com
1479	scheme-less	IN	Evansville	The JiuJitsu Academy	thejiujitsuacademy.com
1480	scheme-less	IN	Fishers	Fishers Elite Martial Arts	fishersmartialarts.com
1481	scheme-less	IN	Fishers	KruFit	krufit.com
1482	scheme-less	IN	Fort Wayne	First Shield Defense	firstshielddefense.com
1483	scheme-less	IN	Fort Wayne	Gracie Jiu-Jitsu Fort Wayne	graciejiu-jitsufortwayne.com
1484	scheme-less	IN	Fort Wayne	Journey Brazilian Jiu-jitsu/Blackbelt Wrestling Academy	journeybjj.com
1485	scheme-less	IN	Fort Wayne	Lee Brothers Submission Academy	leebrothersmma.com
1486	scheme-less	IN	Fort Wayne	Sud'n Impact Gym	sudnimpactgym.com
1487	scheme-less	IN	Franklin	Franklin Jiu Jitsu Club	franklinbjjclub.com
1488	scheme-less	IN	Goshen	Barrick Brazilian Jiu Jitsu	barrickbjj.com
1489	scheme-less	IN	Granger	FLOW Brazilian Jiu-Jitsu	flowingwolfbjj.squarespace.com
1490	scheme-less	IN	Greenwood	Roll Model Grappling Academy	rollmodelgrapplingacademy.com
1491	scheme-less	IN	Hobart	Carlson Gracie Brazilian Jiu-jitsu Team Hobart	maximgymllc.com
1492	scheme-less	IN	Hobart	Torres Martial Arts Academy	torresmartialarts.com
1493	scheme-less	IN	Indianapolis	10th Planet Indianapolis at Circle City Martial Arts & Fitness	ccmaf.com
1494	scheme-less	IN	Indianapolis	Champlin Jiu-Jitsu Academy	champlinbjj.com
1495	scheme-less	IN	Indianapolis	Indianapolis Jiu Jitsu Coach	indianapolisbjjcoach.com
1496	scheme-less	IN	Indianapolis	SoBro Brazilian Jiu Jitsu	sobrobjj.com
1497	scheme-less	IN	Lafayette	The Forge Training Center	theforgetc.com
1498	scheme-less	IN	Lawrenceburg	Bright Brazilian Jiu Jitsu	brightbrazilianjiujitsu.com
1499	scheme-less	IN	Marion	Tiger Martial Arts Fitness Academy	tigermartialartsfitness.com
1500	scheme-less	IN	Merrillville	Team Colón Mixed Martial Arts	teamcolonmma.com
1501	scheme-less	IN	Merrillville	UFC GYM Merrillville	ufcgym.com
1502	scheme-less	IN	Mishawaka	Revolution Fitness Center	joinrevolutionfc.com
1503	scheme-less	IN	Monticello	Monticello Jiu-Jitsu Academy	monticellojiujitsu.square.site
1504	scheme-less	IN	Mooresville	Indiana Combat Grappling	indianama.com
1505	scheme-less	IN	Muncie	Muncie Brazilian Jiu-Jitsu	munciebjj.com
1506	scheme-less	IN	Nappanee	Gracie Jiu-Jitsu Nappanee	gjjnappanee.com
1507	scheme-less	IN	New Albany	Southern Indiana Martial Arts	southernindianamartialarts.com
1508	scheme-less	IN	North Manchester	Journey Brazilian Jiu-Jitsu	journeybjj.com
1509	scheme-less	IN	Pendleton	Ironhorse Martial Arts	ironhorsemartialarts.com
1510	scheme-less	IN	Plainfield	DragonFly Elite Martial Arts & Fitness	dragonflyelite.com
1511	scheme-less	IN	Plainfield	Pollaro's Martial Arts	pollaroma.com
1512	scheme-less	IN	Plymouth	Hybrid Combat Club	hybridcombatclub.com
1513	scheme-less	IN	Portage	Corral's Martial Arts Portage	teamcorral.com
1514	scheme-less	IN	Rochester	Rochester Family Martial Arts	rochesterfamilymartialarts.com
1515	scheme-less	IN	Schererville	Corral's Martial Arts Schererville	teamcorral.com
1516	scheme-less	IN	South Bend	Gracie Jiu Jitsu South Bend	graciejiujitsusouthbend.com
1517	scheme-less	IN	Terre Haute	Jason Gonzalez Brazilian Jiu-Jitsu	jg-bjj.com
1518	scheme-less	IN	Terre Haute	Mcvicker’s Brazilian Jiu-Jitsu	jackmcvicker.com
1519	scheme-less	IN	Terre Haute	Pedigo Submission Fighting - Terre Haute	eplegends.com
1520	scheme-less	IN	Thorntown	BJJ Coach / Maddox Martial Arts Academy	bjjcoachmaddox.com
1521	scheme-less	IN	Valparaiso	Corral’s Martial Arts	teamcorral.com
1522	scheme-less	IN	Vincennes	Anvil Training Center	anvilcenter.com
1523	scheme-less	IN	Warsaw	Relentless Brazilian Jiu Jitsu	relentlessbjj.net
1524	scheme-less	IN	West Lafayette	Impact Zone Training Center	impactzonetrainingcenter.com
1525	scheme-less	IN	Whitestown	UFC GYM Whitestown	ufcgym.com
1526	scheme-less	IN	Zionsville	BJJ Bushido Zionsville	bjjbushido.com
1527	scheme-less	IN	Zionsville	Chris Howe Brazilian Jiu Jitsu	chrishowebjj.com
1528	scheme-less	IN	Zionsville	Endurance Brazilian Jiu-Jitsu	endurancebjj.com
1529	scheme-less	MA	Acton	Mass Bjj	massbjj.com
1530	scheme-less	MA	Agawam	10th Planet Jiu Jitsu Springfield MA	10thplanetspringfieldma.com
1531	scheme-less	MA	Allston	Wai Kru Mixed Martial Arts	waikru.com
1532	scheme-less	MA	Amherst	New England Submission Fighting	amherstmma.com
1533	scheme-less	MA	Bedford	Bernardo Faria Brazilian Jiu-Jitsu Academy	bernardofariaacademy.com
1534	scheme-less	MA	Bellingham	Impact School Of Martial Arts	groundwarrior.com
1535	scheme-less	MA	Bellingham	USMMA Martial Arts and Yoga	clients.mindbodyonline.com
1536	scheme-less	MA	Beverly	Sityodtong Northshore	sityodtongnorthshore.com
1537	scheme-less	MA	Boston	Back to Basics Martial Arts & Fitness	backtobasicsboston.com
1538	scheme-less	MA	Boston	Broadway Jiu-Jitsu and Fitness	broadwayjiujitsu.com
1539	scheme-less	MA	Boston	Citadel Martial Arts	citadelmartialarts.com
1540	scheme-less	MA	Boston	Combat Sports Boston	combatsportsboston.com
1541	scheme-less	MA	Boston	Empower Brazilian Jiu Jitsu	empowerbjj.com
1542	scheme-less	MA	Boston	Gracie Barra Boston	graciebarraboston.com
1543	scheme-less	MA	Boston	UFC GYM Boston Financial District	ufcgym.com
1544	scheme-less	MA	Boston	Viver MMA	vivermma.com
1545	scheme-less	MA	Brighton	Submit Your Friend Brazilian Jiujitsu Academy	syf-bjj.com
1546	scheme-less	MA	Cambridge	Ginsberg Academy BJJ	ginsbergacademy.com
1547	scheme-less	MA	Cambridge	REDLINE Fight Sports	redlinefightsports.com
1548	scheme-less	MA	Canton	American Grit MMA	americangritmma.com
1549	scheme-less	MA	Chelmsford	Gentle Art Dojo	gentleartdojo.com
1550	scheme-less	MA	Dedham	Gracie Jiu-Jitsu Dedham	graciededham.com
1551	scheme-less	MA	Dedham	Mo's Martial Arts	mosmartialarts.com
1552	scheme-less	MA	Dorchester	Level Ground Mixed Martial Arts	levelgroundmma.org
1553	scheme-less	MA	Everett	Brazilian Top Team Boston	bttboston.com
1554	scheme-less	MA	Everett	Hard Knocks Muay Thai & Mma	hardknockseverett.com
1555	scheme-less	MA	Everett	Total Performance Sports	totalperformancesports.com
1556	scheme-less	MA	Fairhaven	Danny Savery Brazilian Jiu Jitsu - Fairhaven MA	dannysaverybjj.com
1557	scheme-less	MA	Fall River	Regiment Training Center	regimenttrainingcenter.com
1558	scheme-less	MA	Fitchburg	Newaza Brazilian Jiu-Jitsu Club	newazabjj.com
1559	scheme-less	MA	Fitchburg	The Fighting Arts Academy	fightingartsfitchburg.com
1560	scheme-less	MA	Framingham	Alliance Jiu-Jitsu Framingham	alliancebjjframingham.com
1561	scheme-less	MA	Framingham	Boston Brazilian Jiu Jitsu Framingham	bbjjoff.com
1562	scheme-less	MA	Framingham	Dragon Lair Mma	dragonlairmma.com
1563	scheme-less	MA	Gloucester	DF Fitness & Martial Arts Center	dffitnessmacenter.com
1564	scheme-less	MA	Hanover	Thurston Martial Arts	thurstonmartialarts.com
1565	scheme-less	MA	Haverhill	Binda Jiu Jitsu	bindajiujitsu.com
1566	scheme-less	MA	Hopkinton	Terrinha Draculino BJJ Team	tdtbjj.com
1567	scheme-less	MA	Hudson	Hudson Combat Academy	hudsoncombat.com
1568	scheme-less	MA	Hyannis	Daniel Gracie Academy Hyannis	daniel-gracie-academy-hyannis.business.site
1569	scheme-less	MA	Hyannis	Hyannis Mixed Martial Arts of Cape Cod	hyannismixedmartialarts.com
1570	scheme-less	MA	Hyde Park	New Vision Academy of Jiu Jitsu	nvajj.com
1571	scheme-less	MA	Kingston	Thurston Academy (NEU BJJ affiliate)	thurstonacademy.com
1572	scheme-less	MA	Lenox	ZenQuest Martial Arts Center	zenquestmac.com
1573	scheme-less	MA	Leominster	CBJJ School	cbjjteam.com
1574	scheme-less	MA	Leominster	Zichelle MMA BJJ & Fitness	zichellemmaandfitness.com
1575	scheme-less	MA	Ludlow	Team Link Brazilian Jiu-Jitsu	linkbjj.com
1576	scheme-less	MA	Lynn	Private Jewels Fitness	privatejewelsfitness.com
1577	scheme-less	MA	Marlborough	Phoenix BJJ Marlborough	phoenix-jj.com
1578	scheme-less	MA	Marlborough	Soneca Brazilian Jiu Jitsu / Team NEU BJJ - Marlborough	sonecabjj.com
1579	scheme-less	MA	Marlborough	Team Link BJJ (Brazilian Jiu Jitsu) Marlborough	m.facebook.com
1580	scheme-less	MA	Middleborough	REAL Brazilian Jiu Jitsu Middleboro	realbjj.com
1581	scheme-less	MA	Natick	Bay State Brazilian Jiu-Jitsu	natickbjj.academy
1582	scheme-less	MA	Natick	Versus Jiu-jitsu	versusjiujitsu.com
1583	scheme-less	MA	New Bedford	Curtis Mateus BJJ	curtismateusbjj.com
1584	scheme-less	MA	Newton	Boston Brazilian Jiu-Jitsu Newton	bbjiujitsu.com
1585	scheme-less	MA	North Billerica	Icon Jiu Jitsu Team USA	iconbjj-usa.com
1586	scheme-less	MA	North Chelmsford	Resolve Martial Arts	resolvemartialarts.com
1587	scheme-less	MA	North Dartmouth	Straight Blast Gym East Coast	sbgeastcoast.com
1588	scheme-less	MA	Northampton	Team Link Northampton	teamlinknoho.com
1589	scheme-less	MA	Northborough	Daniel Gracie Academy Northborough	danielgracieacademy.com
1590	scheme-less	MA	Norwood	Connors Mixed Martial Arts Academy	connorsma.com
1591	scheme-less	MA	Norwood	Luiz Paulo Brazilian Jiu Jitsu 7th Coral Belt	luizpaulojiujitsu.com
1592	scheme-less	MA	Orleans	Daniel Gracie Academy Orleans	gracie-capecod.business.site
1593	scheme-less	MA	Peabody	Adas Jiu Jitsu Academy	bjjpeabody.com
1594	scheme-less	MA	Pembroke	Dedeco Brazilian Jiu-Jitsu Marshfield/Pembroke	dedecobjj.com
1595	scheme-less	MA	Plainville	Darkside Jiu-Jitsu LLC	darksidebjj.com
1596	scheme-less	MA	Quincy	Institute of Combative Arts (Gracie Jiu-Jitsu Quincy)	instituteofcombativearts.com
1597	scheme-less	MA	Revere	Mmaxout Fitness And Martial Arts	bostonfight.com
1598	scheme-less	MA	Revere	Revere Jiu Jitsu Center	reverejiujitsucent.wixsite.com
1599	scheme-less	MA	Salem	k i Salem Martial Arts	kisalemma.com
1600	scheme-less	MA	Salem	North Shore Brazilian Jiu-Jitsu Academy	northshorebjj.com
1601	scheme-less	MA	Saugus	Way Of Life BJJ	wayoflifebjj.wixsite.com
1602	scheme-less	MA	Scituate	GB South Shore	graciebarra.com
1603	scheme-less	MA	Somerset	Danny Savery BJJ Somerset MA	dannysaverybjj.com
1604	scheme-less	MA	Somerville	Brazilian Martial Arts Center	bmacboston.com
1605	scheme-less	MA	Somerville	Davis Square Martial Arts	davissquaremartialarts.com
1606	scheme-less	MA	Southbridge	Combate Real School of Jiu Jitsu	combaterealjiujitsu.com
1607	scheme-less	MA	Springfield	New England Fit And MMA	newenglandfit.com
1608	scheme-less	MA	Stoughton	Boston Brazilian Jiu Jitsu Stoughton	bostonbjjstoughton.com
1609	scheme-less	MA	Stoughton	Maxx Training Center Martial Arts	maxxtrainingcenter.com
1610	scheme-less	MA	Stow	Mena Fitness Training & Brazilian Jiu Jitsu	menafitnesstraining.com
1611	scheme-less	MA	Taunton	RBJJ Taunton - BTT Taunton	rbjjtaunton.com
1612	scheme-less	MA	Tewksbury	Evolution Performance Center	evolutionperformancecenter.com
1613	scheme-less	MA	Tewksbury	Fenix Brazilian Jiu Jitsu Tewksbury	fenixbjj.com
1614	scheme-less	MA	Tyngsborough	Team Flo Brazilian Jiu Jitsu (NEU BJJ affiliate)	teamflojiujitsu.com
1615	scheme-less	MA	Uxbridge	Evolve Jiu Jitsu Training Center	massjiujitsu.com
1616	scheme-less	MA	Wakefield	FUJI Martial Arts Jiu-Jitsu Wakefield	fujigym.com
1617	scheme-less	MA	Watertown	Kimura BJJ	kimurabjj.com
1618	scheme-less	MA	Watertown	Theodorou Academy of Jiu Jitsu	bostonselfdefense.com
1619	scheme-less	MA	Webster	Mass Best Martial Arts Center	facebook.com
1620	scheme-less	MA	West Bridgewater	Bishop's Training & Fitness	bishopstrainingandfitness.com
1621	scheme-less	MA	West Springfield	Gabriel Gladiator Training Center	gabrielgladiator.com
1622	scheme-less	MA	West Springfield	Sento Mixed Martial Arts Academy	westspringfieldmma.com
1623	scheme-less	MA	Westfield	Ground Units Bjj	groundunitsbjj.wordpress.com
1624	scheme-less	MA	Westminster	Randy Brown Mantis Boxing & Brazilian Jiu-Jitsu	randybrownmantisboxing.com
1625	scheme-less	MA	Weymouth	Dedeco Brazilian Jiu Jitsu Weymouth - NEU team	dedecobjj.com
1626	scheme-less	MA	Woburn	Fenix Brazilian Jiu Jitsu Woburn	fenixbjj.com
1627	scheme-less	MA	Woburn	FUJI Martial Arts Jiu-Jitsu & Judo Woburn	fujimartialarts.com
1628	scheme-less	MA	Worcester	Soneca Brazilian Jiu-Jitsu/ Team NEU – Worcester	sonecabjj.com
1629	scheme-less	MA	Worcester	Squared Brazilian Jiu Jitsu	squared-bjj-worcester.ueniweb.com
1630	scheme-less	MA	Worcester	Worcester MMA	worcestermma.com
1631	scheme-less	MD	Annapolis	East Coast Martial Arts	eastcoastmartialarts.com
1632	scheme-less	MD	Annapolis	Kogen Dojo Self Defense Academy: Brazilian Jiu-Jitsu & Muay Thai	kogendojo.com
1633	scheme-less	MD	Annapolis	Team Randori Brazilian Jiu Jitsu Annapolis	teamrandori.com
1634	scheme-less	MD	Annapolis Junction	Hero MMA Academy	herommaacademy.com
1635	scheme-less	MD	Aspen Hill	Kang's Mixed Martial Arts	tigermma.com
1636	scheme-less	MD	Baltimore	Form Jiu Jitsu Academy	formjiujitsu.com
1637	scheme-less	MD	Baltimore	Kanjizai Academy of Jiu-Jitsu	towsonmartialarts.com
1638	scheme-less	MD	Baltimore	Prem1er Combat Academy	prem1ercombatacademy.com
1639	scheme-less	MD	Baltimore	Seigneury Dojo - Jujitsu, Judo & MMA Training	seigneurydojo.com
1640	scheme-less	MD	Baltimore	Zenyo Jiu Jitsu	zenyojiujitsu.com
1641	scheme-less	MD	Bel Air	Bel Air BJJ & MMA	belairbjj.com
1642	scheme-less	MD	Belcamp	Top Flight MMA Belcamp	topflightmma.com
1643	scheme-less	MD	Beltsville	College Park Mixed Martial Arts	cpmma.net
1644	scheme-less	MD	Bethesda	Ascend Institute of Martial Arts	ascendbethesda.com
1645	scheme-less	MD	Bethesda	Danzan Ryu Jujitsu Academy	jujitsuacademy.com
1646	scheme-less	MD	California	Lineage Brazilian Jiu Jitsu	lineagebjj.com
1647	scheme-less	MD	Camp Springs	Team Lloyd Irvin	lloydirvin.com
1648	scheme-less	MD	Catonsville	Baltimore Martial Arts Academy	baltimoremartialarts.com
1649	scheme-less	MD	Chester	Ronin Brazilian Jiu-Jitsu	ronin-bjj.com
1650	scheme-less	MD	Chevy Chase	Chevy Chase Jujitsu	chevychasejujitsu.com
1651	scheme-less	MD	Cockeysville	FightCamp Thai Boxing	fightcampthaiboxing.com
1652	scheme-less	MD	College Park	Berwyn Heights Brazilian Jiu Jitsu	berwynheightsbjj.com
1653	scheme-less	MD	Colora	Inversion Martial Arts	inversionbjj.com
1654	scheme-less	MD	Columbia	Rising Tide Academy	realjiujitsu.com
1655	scheme-less	MD	Crofton	Bellicose Martial Arts	bellicosemartialarts.zenplanner.com
1656	scheme-less	MD	Damascus	Han Mi Martial Arts / Gracie Damascus	hanmimartialarts.com
1657	scheme-less	MD	Damascus	MMA & Sport	mmaandsport.com
1658	scheme-less	MD	Damascus	Royal Tiger Academy MMA Self Defense Martial arts	royaltigeracademy.com
1659	scheme-less	MD	Easton	Mid Shore Martial Arts	fitnessrxworkout.com
1660	scheme-less	MD	Easton	The Lab Martial Arts and Fitness Center	thelabeaston.com
1661	scheme-less	MD	Edgemere	Practical MMA	practicalmma.com
1662	scheme-less	MD	Elkridge	Baltimore Mixed Martial Arts	baltimoremixedmartialarts.com
1663	scheme-less	MD	Elkridge	Crazy 88 Mixed Martial Arts	crazy88mma.com
1664	scheme-less	MD	Elkton	Triple Threat BJJ	ttcsbjj.com
1665	scheme-less	MD	Essex	Baltimore Brazilian Jiu Jitsu	baltimorebjj.com
1666	scheme-less	MD	Finksburg	Gracie Jiu-Jitsu Maryland (Finksburg)	realjiujitsu.com
1667	scheme-less	MD	Forest Hill	Method Jiu-Jitsu	methodmma.com
1668	scheme-less	MD	Fort Washington	Fort Washington United	unitedmartialartsmd.com
1669	scheme-less	MD	Frederick	Bowerhouse Academy of Mixed Martial Arts	bowerhouseacademy.com
1670	scheme-less	MD	Frederick	Clinch Martial Arts Academy	clinchacademy.com
1671	scheme-less	MD	Frostburg	Ryoma Academy of Martial Arts	ryomaacademy.com
1672	scheme-less	MD	Gaithersburg	Alliance Jiu Jitsu Maryland	thefoundrybjj.com
1673	scheme-less	MD	Gaithersburg	Culture of Jiu Jitsu	cultureofjiujitsu.com
1674	scheme-less	MD	Glen Burnie	Noel Smith Glen Burnie Brazilian Jiu-Jitsu	noelsmithbjj.com
1675	scheme-less	MD	Glen Burnie	Shonen Jiu Jitsu	shonenjiujitsu.com
1676	scheme-less	MD	Hagerstown	Hagerstown Brazilian Jiu Jitsu Academy	hagerstownbjj.com
1677	scheme-less	MD	Halethorpe	Baltimore Gracie Jiu-Jitsu	baltimoregraciejiujitsu.com
1678	scheme-less	MD	Hampstead	Global Martial Arts Academy	globalhapkido.com
1679	scheme-less	MD	Laurel	2nd Gear BJJ	2ndgearbjj.com
1680	scheme-less	MD	Laurel	Bams Martial Arts & Fitness	thebams.com
1681	scheme-less	MD	Millersville	Conquest Martial Arts & Fitness	bjjconquest.com
1682	scheme-less	MD	Millersville	Underworld BJJ	underworldbjj.com
1683	scheme-less	MD	Nottingham	Grapple Academy Martial Arts	perryhallmartialarts.com
1684	scheme-less	MD	Ocean City	Gracie Ocean City	gracieoceancity.com
1685	scheme-less	MD	Odenton	Synergy Martial Arts	synergykarate.com
1686	scheme-less	MD	Owings Mills	Ferocity Mixed Martial Arts	ferocitymmaclub.com
1687	scheme-less	MD	Owings Mills	Ground Control Owings Mills	groundcontrolom.com
1688	scheme-less	MD	Owings Mills	Stanley Combatives	stanleycombatives.com
1689	scheme-less	MD	Potomac	Potomac MMA	potomacmma.com
1690	scheme-less	MD	Rockville	Pure Performance Martial Arts Center	pureperformancemac.com
1691	scheme-less	MD	Rockville	Standard BJJ	standardjiujitsu.com
1692	scheme-less	MD	Rosedale	Ground Control Jiu-Jitsu Academy	groundcontrolbaltimore.com
1693	scheme-less	MD	Severna Park	Agoge Brazilian Jiu Jitsu	agogebjj.com
1694	scheme-less	MD	Severna Park	Kogen Dojo Self Defense Academy	kogendojo.com
1695	scheme-less	MD	Silver Spring	Bartman MMA and Self-Defense	bartmanmma.com
1696	scheme-less	MD	Silver Spring	Beltway Martial Arts	beltwaymartialarts.com
1697	scheme-less	MD	Silver Spring	Brazu Jiu Jitsu Academy	brazubjj.com
1698	scheme-less	MD	Silver Spring	Maguilla's BJJ Academy	bjjonline.com
1699	scheme-less	MD	Silver Spring	The Compound BJJ	thecompoundsilverspring.com
1700	scheme-less	MD	Sunderland	Calvert MMA Academy	calvertmma.com
1701	scheme-less	MD	Sykesville	Shaddock MMA Academy	shaddockmma.com
1702	scheme-less	MD	Takoma Park	Capital MMA & Elite Fitness	capitalmma.com
1703	scheme-less	MD	Takoma Park	Washington DC Brazilian Jiu Jitsu	wdcbjj.com
1704	scheme-less	MD	Timonium	Infinity Jiu-jitsu Maryland	infinitybjjmaryland.com
1705	scheme-less	MD	Timonium	Interactive Fitness Gym & MMA	interactivefitnessgym.com
1706	scheme-less	MD	Waldorf	American Martial Arts Gym	amagmma.com
1707	scheme-less	MD	Waldorf	Royal Martial Arts	royalmartialarts.com
1708	scheme-less	MD	White Plains	The Jiu-Jitsu Academy of Southern Maryland	somdjujitsu.com
1709	scheme-less	OK	Ardmore	Hensley Jiu Jitsu	hensleybjj.com
1710	scheme-less	OK	Ardmore	Kraken Jiu Jitsu - Ardmore OK	krakenardmore.com
1711	scheme-less	OK	Bixby	Omar French Brazilian Jiu Jitsu	omarfrench.com
1712	scheme-less	OK	Broken Arrow	Forza Combat Sports	forzacombatsports.com
1713	scheme-less	OK	Claremore	Havoc Brazilian Jiu-Jitsu	havocbjj.com
1714	scheme-less	OK	Claremore	Pejak Martial Arts	pejakmartialarts.com
1715	scheme-less	OK	Coweta	Team Impact Brazilian Jiu Jitsu & Kickboxing	teamimpactbjj.com
1716	scheme-less	OK	Cushing	The Cage Training Center	htc918.com
1717	scheme-less	OK	Del City	Top Dawg BJJ	topdawgbjj.com
1718	scheme-less	OK	Edmond	Christian Karate & Jiu-Jitsu Academy	christiankarateacademy.com
1719	scheme-less	OK	Edmond	Killer Bees Kickboxing	killerbeeskickboxing.com
1720	scheme-less	OK	Edmond	Legacy Martial Arts BJJ & Kickboxing	legacyma.com
1721	scheme-less	OK	Edmond	Mana Martial Arts	mmaok.com
1722	scheme-less	OK	Edmond	Raptor Jiu Jitsu & A Game MMA	raptorjj.com
1723	scheme-less	OK	Edmond	Redline Jiu-Jitsu	redlinebjj.com
1724	scheme-less	OK	Edmond	The Forge Brazilian Jiu Jitsu	theforgebjj.com
1725	scheme-less	OK	Glenpool	Burdette Jiu Jitsu	burdettejiujitsu.com
1726	scheme-less	OK	Glenpool	Ground Control Jiu-Jitsu	groundcontroljiu-jitsu.com
1727	scheme-less	OK	Grove	Grand Lake Martial Arts	grand-lake-martial-arts.maonrails.com
1728	scheme-less	OK	Guthrie	Top Tier Martial Arts	toptiermartialarts.com
1729	scheme-less	OK	Jenks	Jenks Martial Arts Academy	maausa.net
1730	scheme-less	OK	Jenks	Strike Martial Arts Academy	teamstrikemartialarts.com
1731	scheme-less	OK	Lawton	Dreadnought Brazilian Jiu-Jitsu	dreadnought-bjj.com
1732	scheme-less	OK	Lawton	Ricardo Cavalcanti Brazilian jiu jitsu Lawton/Alpha MMA	lawtonmma.com
1733	scheme-less	OK	Marlow	Marlow Martial Arts Academy	marlowmartialartsacademy.com
1734	scheme-less	OK	Muskogee	Soaring Eagle Jiu Jitsu	soaringeaglebjj.com
1735	scheme-less	OK	Mustang	Black Flag BJJ	blackflagok.com
1736	scheme-less	OK	Newcastle	Peaceful Warriors Black Belt Academy	oklakicks.com
1737	scheme-less	OK	Norman	Empire Jiu Jitsu	empirebjjok.com
1738	scheme-less	OK	Norman	Fight or Flight Fitness LLC	fightorflightnorman.com
1739	scheme-less	OK	Norman	Quest Grappling Academy	questgrapplingacademy.com
1740	scheme-less	OK	Oklahoma City	American Top Team OKC	americantopteamokc.com
1741	scheme-less	OK	Oklahoma City	Culture Brazilian Jiu Jitsu	culturebjjok.com
1742	scheme-less	OK	Oklahoma City	Gorilla Judo and BJJ Club	gorillajudoandbjjclub.com
1743	scheme-less	OK	Oklahoma City	Lovato Jiu-Jitsu Southside	okbjjsouth.com
1744	scheme-less	OK	Oklahoma City	Lovato’s School Of Brazilian Jiu-Jitsu and MMA	okbjj.com
1745	scheme-less	OK	Oklahoma City	New Limits Academy - Mixed Martial Arts in OKC	newlimitsmma.com
1746	scheme-less	OK	Oklahoma City	OKC Combat Sports	okccombatsports.com
1747	scheme-less	OK	Oklahoma City	Oklahoma Martial Arts Academy	s4oma.com
1748	scheme-less	OK	Oklahoma City	Outsiders Combat Club	outsiderscombat.com
1749	scheme-less	OK	Oklahoma City	Sandro Sampaio Brazilian Jiu-Jitsu Academy	bjjokc.com
1750	scheme-less	OK	Owasso	Rogue Martial Arts	rogueowasso.com
1751	scheme-less	OK	Sapulpa	Thunderkick Jiu-Jitsu and MMA	thunderkickgym.com
1752	scheme-less	OK	Stillwater	Elite Combat Systems	elitecombatsystems.com
1753	scheme-less	OK	Stillwater	Jiu Jitsu Academy Of Stillwater	bjjstillwater.com
1754	scheme-less	OK	Stillwater	Stillwater Martial Arts	stillwatermartialarts.com
1755	scheme-less	OK	Tahlequah	Relevant Martial Arts	relevantmartialarts.com
1756	scheme-less	OK	Tulsa	Gracie Jiu-Jitsu Tulsa	gracietulsa.com
1757	scheme-less	OK	Tulsa	Jedi Jiu-Jitsu	jjjtulsajiu-jitsu.com
1758	scheme-less	OK	Tulsa	Primate Brazilian Jiu Jitsu	primatebjj.com
1759	scheme-less	OK	Tulsa	Sheepdog Jiu-Jitsu	sheepdogtulsa.com
1760	scheme-less	OK	Tuttle	Apex Fitness & Martial Arts	okcbjj.co
1761	scheme-less	OK	Warr Acres	Highland Jiu Jitsu	bethanybjj.com
1762	scheme-less	OK	Woodward	RYSE Academy of Martial Arts	rysemma.com
1763	scheme-less	OK	Yukon	Conquest	conquestok.com
1764	scheme-less	OK	Yukon	Highland Martial Arts – Yukon	tsmayukon.com
1765	scheme-less	OK	Yukon	Solid MMA	solidmma.pro
1766	scheme-less	OK	Yukon	Transform Jiu-Jitsu	transformbjj.com
1767	scheme-less	OK	Yukon	Yukon Martial Arts	yukonokmartialarts.com
1768	scheme-less	TN	Athens	Athens Jiu Jitsu Tennessee	athensjiu-jitsu.com
1769	scheme-less	TN	Chattanooga	Chattanooga Jiu-Jitsu Academy	chattanoogajiujitsu.com
1770	scheme-less	TN	Collierville	Border Martial Arts Academy	colliervillemartialarts.com
1771	scheme-less	TN	Dickson	Vigilance Martial Arts	vigilancemartialarts.com
1772	scheme-less	TN	Dover	Renzo Gracie of Stewart County	renzogracieofstewartcounty.com
1773	scheme-less	TN	Dyersburg	Dogwood MMA	dogwoodmma.com
1774	scheme-less	TN	Franklin	Triangle Academy of Jiu-Jitsu	trianglefranklin.com
1775	scheme-less	TN	Gallatin	Global Martial Arts USA	globalmartialartsusa.com
1776	scheme-less	TN	Greeneville	Greeneville Jiu-Jitsu	greenevillejiujitsu.com
1777	scheme-less	TN	Johnson City	Olson's Martial Arts Academy	olsonsma.com
1778	scheme-less	TN	Kingsport	Kingsport JiuJitsu	kingsportjiujitsu.com
1779	scheme-less	TN	Knoxville	Progressive Martial Arts Academy - Knoxville	pmaoakridge.com
1780	scheme-less	TN	McMinnville	McMinnville Jiu-Jitsu Academy	mcminnvillejiujitsu.com
1781	scheme-less	TN	Memphis	Brazilian Jiu-Jitsu Centers of Memphis	bjjmemphis.com
1782	scheme-less	TN	Morristown	Victory Brazilian Jiu-Jitsu	teamvictorybjj.com
1783	scheme-less	TN	Murfreesboro	Tennessee BJJ Academy Murfreesboro	bestboromma.com
1784	scheme-less	TN	Oak Ridge	Progressive Martial Arts Academy	pmaoakridge.com
1785	scheme-less	TN	Sevierville	Fit Factory Fitness and Jiu Jitsu	fitfactoryonline.com
1786	scheme-less	TN	Seymour	Seymour Brazilian Jiu-Jitsu Academy	seymourbjj.com
1787	scheme-less	TN	Shelbyville	Shelbyville BJJ	bjjshelbyville.com
1788	scheme-less	TN	Tullahoma	Station 6 Fitness and Martial Arts	station6fitness.com
1789	scheme-less	WA	Aberdeen	Grays Harbor Brazilian Jiu-Jitsu	www.facebook.com/GHBRAZILIANJIUJITSU
1790	scheme-less	WA	Arlington	AKA MMA & Fitness	www.arlingtonkickboxingacademy.com
1791	scheme-less	WA	Auburn	Peak MMA & Fitness LLC Auburn	peakmmafitness.com
1792	scheme-less	WA	Bainbridge Island	Precision Movement	www.precisionmovement.org
1793	scheme-less	WA	Battle Ground	Battle Ground Martial Arts Academy	bmarodefit.com
1794	scheme-less	WA	Bellevue	Ring Sports United	ringsportsunited.com
1795	scheme-less	WA	Bellingham	Bellingham Mixed Martial Arts	www.bellinghammma.com
1796	scheme-less	WA	Bellingham	Rock Solid Martial Arts	www.rocksolidmartialarts.com
1797	scheme-less	WA	Bonney Lake	Bonney Lake Brazilian Jiu Jitsu Academy (Team Butler)	www.facebook.com/Bonney-Lake-Brazilian-Jiu-Jitsu-Academy-103477605304385
1798	scheme-less	WA	Bothell	Bothell Martial Arts Academy	bmaabothell.com
1799	scheme-less	WA	Bothell	Evergreen Karate	evergreenkarate.com
1800	scheme-less	WA	Bremerton	Bremerton Academy of Martial Arts	www.bremertonmartialarts.org
1801	scheme-less	WA	Bremerton	Hybrid Gym & Training Center	www.hybridgyms.com
1802	scheme-less	WA	Bremerton	Shaolin Mixed Martial Arts	www.shaolinmixedmartialarts.com
1803	scheme-less	WA	Camas	Universal Jiu Jitsu	www.universaljj.com
1804	scheme-less	WA	Centralia	EchoValor Striking & MMA	www.echovalor.com
1805	scheme-less	WA	Deer Park	SMASH BJJ Deer Park	smashbjjspokane.com
1806	scheme-less	WA	Des Moines	Gentle Human BJJ	www.gentlehumanbjj.com
1807	scheme-less	WA	Edmonds	Gracie Barra Edmonds	graciebarra.com/edmonds-wa
1808	scheme-less	WA	Edmonds	Kindred Jiu Jitsu	www.kindredjj.com
1809	scheme-less	WA	Ellensburg	Ellensburg Jiu Jitsu	ellensburgjiujitsu.com
1810	scheme-less	WA	Enumclaw	Combat Sport & Fitness	www.combatsportfitness.com
1811	scheme-less	WA	Ephrata	Imperial Jitz - Brazilian Jiu-Jitsu + Fitness	imperialjitz.com
1812	scheme-less	WA	Everett	Cascade Jiu-Jitsu	everettbjj.com
1813	scheme-less	WA	Everett	Catalyst Mixed Martial Arts	www.catalystmixedmartialarts.com
1814	scheme-less	WA	Everett	Charlie's Combat Club	www.charliescombatclub.com
1815	scheme-less	WA	Everett	Crazy Monkey USA	www.crazymonkeyusahq.com
1816	scheme-less	WA	Everett	Redline MMA Academy	redlinemmaacademy.com
1817	scheme-less	WA	Federal Way	Gracie Barra Federal Way	gbfederalway.com
1818	scheme-less	WA	Fircrest	GB Tacoma	graciebarra.com/tacoma-wa
1819	scheme-less	WA	Gig Harbor	Gig Harbor Mixed Martial Arts / Checkmat	gigharbormma.com
1820	scheme-less	WA	Issaquah	GB Issaquah	gbissaquah.com
1821	scheme-less	WA	Issaquah	NAK2 Academy	www.nak2.com
1822	scheme-less	WA	Kelso	Juggernaut Mixed Martial Arts	www.juggernautmma.com
1823	scheme-less	WA	Kennewick	Siri Brazilian Jiu-Jitsu Academy	siribjj.com
1824	scheme-less	WA	Kent	Foster Brazilian Jiu-Jitsu	www.fbjjonline.com
1825	scheme-less	WA	Kirkland	Miller's Martial Arts Academy	www.mmaa.com
1826	scheme-less	WA	Lacey	Alliance BJJ Lacey	alliancebjjwa.com
1827	scheme-less	WA	Lake Stevens	Electric North Jiu Jitsu	www.theelectricnorth.com
1828	scheme-less	WA	Lake Stevens	North Sound Brazilian Jiu-Jitsu	www.northsoundbjj.com
1829	scheme-less	WA	Lakewood	Ludusport Academy & Gym	ludusport.com
1830	scheme-less	WA	Longview	The Base Longview	the-base-longview.gymdesk.com
1831	scheme-less	WA	Lynnwood	Sleeper Jiu Jitsu	sleeperjj.com
1832	scheme-less	WA	Lynnwood	Team Wise Training Center	teamwisemma.com
1833	scheme-less	WA	Maple Valley	Phantom Brazilian Jiu Jitsu	www.phantombjj.com
1834	scheme-less	WA	Monroe	Laercio Fernandes BJJ	www.jitzlifeandfitness.com
1835	scheme-less	WA	Monroe	Stray Dogs Club	straydogsclub.com
1836	scheme-less	WA	North Bend	GB Snoqualmie Valley	graciebarra.com/snoqualmie-wa
1837	scheme-less	WA	Olympia	BJJ Olympia (NW HIT Center)	bjjolympia.com
1838	scheme-less	WA	Olympia	Jiu-Jitsu Dynamics	www.jiujitsudynamics.com
1839	scheme-less	WA	Olympia	United Training Center	www.utcmma.com
1840	scheme-less	WA	Port Angeles	CageworX Brazilian Jiu-Jitsu/Muay Thai/Fitness	www.cageworx.com
1841	scheme-less	WA	Port Orchard	Compass Jiu Jitsu	compassjiujitsu.com
1842	scheme-less	WA	Poulsbo	Street Sports Poulsbo	www.streetsportspoulsbo.com
1843	scheme-less	WA	Puyallup	Gracie Barra Puyallup	graciebarra.com/puyallup-wa
1844	scheme-less	WA	Puyallup	Pinnacle Martial Arts	www.pmapuyallup.com
1845	scheme-less	WA	Renton	GB Renton	graciebarra.com/renton-wa
1846	scheme-less	WA	Renton	Heva BJJ	hevabjj.com
1847	scheme-less	WA	Renton	Ruffhouse	www.ruffhouserenton.com
1848	scheme-less	WA	Richland	Legacy Jiu-Jitsu Academy	www.legacyjiujitsu.com
1849	scheme-less	WA	Seattle	Alpha Martial Arts	www.alphamartialarts.com
1850	scheme-less	WA	Seattle	Ballard Jiu Jitsu	ballardjj.com
1851	scheme-less	WA	Seattle	Burien Brazilian Jiu Jitsu	www.burienbjj.com
1852	scheme-less	WA	Seattle	Framework BJJ Seattle	www.frameworkseattle.com
1853	scheme-less	WA	Seattle	Gracie Barra Seattle	graciebarra.com/seattle-wa
1854	scheme-less	WA	Seattle	Ivan Salaverry MMA	www.ivansalaverrymma.com
1855	scheme-less	WA	Seattle	Marcelo Alonso Brazilian Jiu-Jitsu Carlson Gracie Team	www.mabjj.com
1856	scheme-less	WA	Seattle	Mat Chess Mixed Martial Arts	matchessmma.com
1857	scheme-less	WA	Seattle	Midnight Jiu-Jitsu Club	midnightjiujitsu.club
1858	scheme-less	WA	Seattle	MKG Martial Arts, Kickboxing & Fitness	www.mkgseattle.com
1859	scheme-less	WA	Seattle	Northwest Jiu Jitsu Academy	www.nwjja.net
1860	scheme-less	WA	Seattle	Praxis Brazilian Jiu Jitsu	www.praxisbjj.com
1861	scheme-less	WA	Seattle	Renzo Gracie Seattle	renzogracieseattle.com
1862	scheme-less	WA	Seattle	Seattle Integrated Martial Arts	www.simamartialarts.com
1863	scheme-less	WA	Seattle	Seattle Jiu-Jitsu Academy	www.seattlejiujitsuacademy.com
1864	scheme-less	WA	Sedro-Woolley	Livewire MMA	www.facebook.com/livewiremc
1865	scheme-less	WA	Silverdale	Street Sports Silverdale	www.streetsportssilverdale.com
1866	scheme-less	WA	Spokane	Newborn Cascao Jiu-Jitsu	www.newbornjiujitsuspokane.com
1867	scheme-less	WA	Spokane	Sik-Jitsu Mixed Martial Arts	excitefight.com
1868	scheme-less	WA	Spokane	Warrior Camp	www.warriorcampfitness.com
1869	scheme-less	WA	Spokane Valley	Spokane Valley Brazilian Jiu-Jitsu	www.spokanevalleybjj.com
1870	scheme-less	WA	Sumner	Grpl Club	grpl-club-jiu-jitsu-brasileiro.business.site
1871	scheme-less	WA	Tacoma	Defiance Jiu Jitsu	defiancebjj.com
1872	scheme-less	WA	Tacoma	T-Town MMA	www.ttownmma.com
1873	scheme-less	WA	Tacoma	Vital Jiu Jitsu and Srisuk Muay Thai	vitaljiujitsu.com
1874	scheme-less	WA	Vancouver	Emerge Jiu Jitsu	www.emergebjj.com
1875	scheme-less	WA	Vancouver	Inertia Brazilian Jiu Jitsu	www.inertiabjj.com
1876	scheme-less	WA	Vancouver	Progressive Jiu Jitsu MMA and Fitness	projj.com
1877	scheme-less	WA	Vancouver	The Base Vancouver	vancouverjiujitsu.com
1878	scheme-less	WA	Vancouver	Vancouver Elite Martial Arts	www.vancouverelitemma.com
1879	scheme-less	WA	Wenatchee	Axiom Brazilian Jiu Jitsu	www.axiomjiujitsu.com
1880	scheme-less	WA	Woodinville	AMC Kickboxing & Pankration	www.amcmma.com
1881	scheme-less	WI	Appleton	Flashback Martial Arts	flashbackmartialarts.com
1882	scheme-less	WI	Appleton	Gracie Jiu-Jitsu Appleton	gracieappleton.com
1883	scheme-less	WI	Appleton	Resurgence MMA Appleton	resurgencemma.com
1884	scheme-less	WI	Appleton	Team FVGC Brazilian Jiu-jitsu and Fitness	foxvalleygrapplingclub.com
1885	scheme-less	WI	Ashland	BigWater BJJ	bigwaterbjj.com
1886	scheme-less	WI	Beaver Dam	Third Heaven Martial Arts	thirdheaven.com
1887	scheme-less	WI	DeForest	Strong Hold Athletics	stronghold-athletics.com
1888	scheme-less	WI	Eau Claire	Ronin Fitness	roninfitness.net
1889	scheme-less	WI	Fort Atkinson	Defense Combatives DEFCOM Alpha Fort Atkinson	defcomma.com
1890	scheme-less	WI	Franklin	44 Fitness & Martial Arts	44fitness.com
1891	scheme-less	WI	Franklin	Pettis Martial Arts	pettismartialarts.com
1892	scheme-less	WI	Grafton	Neutral Ground Grafton Martial Arts	graftonmartialarts.com
1893	scheme-less	WI	Green Bay	Green Bay Jiu-Jitsu	greenbayjj.com
1894	scheme-less	WI	Green Bay	Titletown MMA Academy	titletownmma.com
1895	scheme-less	WI	Greenfield	Fluid Jiu Jitsu	fluid-jiujitsu.com
1896	scheme-less	WI	Hartland	Lake Country Martial Arts	lakecountrymartialarts.com
1897	scheme-less	WI	Holmen	Iron Works Training Center	ironworkstrainingcenter.com
1898	scheme-less	WI	Hudson	Midwest Center For Movement	midwestaikido.com
1899	scheme-less	WI	Hudson	Olson's Martial Arts	olsonsmartialarts.com
1900	scheme-less	WI	Jackson	Atlas Martial Arts Club	atlasmac.com
1901	scheme-less	WI	Janesville	New Element BJJ & Kickboxing	m.facebook.com/101109507917658
1902	scheme-less	WI	Kenosha	Rothwell Mixed Martial Arts	rothwellmma.com
1903	scheme-less	WI	Kewaskum	Veritas Brazilian Jiu Jitsu	veritasmma.com
1904	scheme-less	WI	La Crosse	Ironworks Driftless Academy	driftlessacademy.com
1905	scheme-less	WI	Little Chute	Conquer Martial Arts	conquerma.com
1906	scheme-less	WI	Lodi	Damage Inc. Fight Club	damageincfightclub.com
1907	scheme-less	WI	Madison	Alliance Jiu Jitsu of Madison	alliancebjjmadison.com
1908	scheme-less	WI	Madison	Fight Prime Training Center	fightprimetc.com
1909	scheme-less	WI	Madison	Foundations BJJ Academy	foundationsbjj.com
1910	scheme-less	WI	Madison	Gracie Barra Madison	graciebarramadison.com
1911	scheme-less	WI	Madison	Journey Brazilian Jiu Jitsu Academy	journeybjjacademy.com
1912	scheme-less	WI	Madison	MKG International Martial Arts Madison	mkgmadison.com
1913	scheme-less	WI	Madison	Sanctuary Jiu-Jitsu	bjjmadison.com
1914	scheme-less	WI	Madison	Team Curran Madison	teamcurranmadison.com
1915	scheme-less	WI	Manitowoc	Manitowoc Jiu Jitsu Academy	manitowocjiujitsu.com
1916	scheme-less	WI	McFarland	Chosen Few Gym	chosenfewacademy.com
1917	scheme-less	WI	Milwaukee	Free Form Jiu Jitsu	freeformjiujitsu.com
1918	scheme-less	WI	Milwaukee	Henry Matamoros Brazilian Jiu-Jitsu	justjitsu.com
1919	scheme-less	WI	Milwaukee	Neutral Ground - Milwaukee Bayview	ngmke.com
1920	scheme-less	WI	Milwaukee	Neutral Ground - Milwaukee East Side	ngmke.com
1921	scheme-less	WI	Milwaukee	Pura Vida BJJ & MMA	puravidabjj.com
1922	scheme-less	WI	Milwaukee	Roufusport Mixed Martial Arts Academy	roufusport.com
1923	scheme-less	WI	Monroe	Fluid Motion Jiu Jitsu	fluidmotionbjj.com
1924	scheme-less	WI	New London	Academy Martial Arts	academynl.com
1925	scheme-less	WI	Oak Creek	Ascension Martial Arts	ascensionma.com
1926	scheme-less	WI	Oak Creek	Nova Gyms Martial Arts & Fitness	novagyms.com
1927	scheme-less	WI	Oconomowoc	Open Guard Brazilian Jiu Jitsu Gym	openguardgym.com
1928	scheme-less	WI	Oshkosh	Impact Martial Arts	impactmartialartswi.com
1929	scheme-less	WI	Pewaukee	Nova Gyms Martial Arts & Fitness - Pewaukee	novagyms.com
1930	scheme-less	WI	Rhinelander	Groundwork Grappling	groundworkgrappling.com
1931	scheme-less	WI	Rice Lake	Origin Brazilian Jiu Jitsu	originmartialarts.net
1932	scheme-less	WI	Sheboygan	Highland Fight Systems	hfsmma.com
1933	scheme-less	WI	Sheboygan	Neutral Ground Sheboygan BJJ	sheboyganbjj.com
1934	scheme-less	WI	South Milwaukee	Neutral Ground - South Milwaukee	ngmke.com
1935	scheme-less	WI	Stevens Point	CWB Fight Club	cwbfightclub.com
1936	scheme-less	WI	Stevens Point	Elite Team Wisconsin Jiu Jitsu	eliteteamwi.com
1937	scheme-less	WI	Watertown	Defense Combatives DEFCOM HQ	defcomma.com
1938	scheme-less	WI	Waunakee	Gracie Barra Waunakee	graciebarramadison.com
1939	scheme-less	WI	Wausau	Rising Son MMA	risingsonmma.com
1940	scheme-less	WI	Wauwatosa	360 Brazilian Jiu-Jitsu	360-bjj.com
1941	scheme-less	WI	Wauwatosa	Crossover Brazilian Jiu Jitsu Academy	crossoverbjj.com
1942	scheme-less	WI	Wauwatosa	Gracie Jiu-Jitsu Milwaukee	graciemilwaukee.com
1943	scheme-less	WI	Wauwatosa	Wanderley Jiu Jitsu	wanderleyjiujitsu.com
1944	scheme-less	WI	West Allis	Primal MKE MMA Gym & Fitness	primalmke.com
1945	scheme-less	WI	West Bend	Neutral Ground West Bend	westbendbjj.com
1946	scheme-less	WI	Woodruff	Leadership Academy Martial Arts and Fitness	leadershipacademyinc.com
1947	https	AB	Airdrie	Airdrie Martial Arts Centre	https://airdriemartialartscentre.ca
1948	https	AB	Airdrie	Jiu-Jitsu For Life Airdrie	https://jiujitsuforlifeairdrie.com
1949	https	AB	Ardrossan	Ground Control Academy	https://groundcontrolacademy.ca
1950	https	AB	Calgary	Straight Blast Gym Calgary	https://sbgcalgary.com
1951	https	AB	Calgary	101 Academy	https://101academy.ca/
1952	https	AB	Calgary	Affinity Academy Nolan Hill	https://affinityacademy.ca
1953	https	AB	Calgary	Affinity Academy Varsity	https://affinityacademy.ca
1954	https	AB	Calgary	Alavanca	https://www.alavanca.ca
1955	https	AB	Calgary	Alliance BJJ Calgary	https://www.alliancebjjcalgary.com/
1956	https	AB	Calgary	Arashi-Do Martial Arts Calgary NE Deerfoot McCall Lake	https://arashido.com/location/calgary-deerfoot-north/
1957	https	AB	Calgary	Arashi-Do Martial Arts Calgary SE Deerfoot Douglasdale	https://arashido.com/location/calgary-deerfoot-south-douglasdale/
1958	https	AB	Calgary	Arashi-Do Martial Arts Calgary SW Rutland Park	https://arashido.com/location/calgary-south-rutland-park/
1959	https	AB	Calgary	Arashi-Do Martial Arts Calgary South Acadia	https://arashido.com/location/calgary-south-acadia/
1960	https	AB	Calgary	Arashi-Do Martial Arts Calgary West Springbank	https://arashido.com/location/calgary-west-springbank/
1961	https	AB	Calgary	Authentic Jiu Jitsu	https://authenticjiujitsu.com
1962	https	AB	Calgary	Carlson Gracie Calgary	https://www.carlsongraciecalgary.com
1963	https	AB	Calgary	Champion's Creed Martial Arts North	https://championscreed.ca
1964	https	AB	Calgary	Champion's Creed Martial Arts South	https://championscreed.ca/
1965	https	AB	Calgary	Dynamic MMA Calgary	https://www.dynamicmma.ca
1966	https	AB	Calgary	Gracie Barra Calgary	https://graciebarracalgary.ca
1967	https	AB	Calgary	JR Academy	https://www.jracademy.co
1968	https	AB	Calgary	Main Quest BJJ	https://mainquestbjj.com
1969	https	AB	Calgary	Rocky Mountain Brazilian Jiu Jitsu	https://rockymountainbjj.com
1970	https	AB	Calgary	The Old Way Jiu-Jitsu	https://www.theoldwayjiujitsu.com
1971	https	AB	Calgary	Tried & True Jiu Jitsu	https://triedandtruejj.ca
1972	https	AB	Calgary	Upper Academy & Alliance Brazilian Jiu-Jitsu	https://upperacademy.ca
1973	https	AB	Canmore	Dark Horse Martial Arts	https://darkhorsemartialarts.ca/
1974	https	AB	Cochrane	Arashi-Do Martial Arts Cochrane	https://arashido.com/location/cochrane/
1975	https	AB	Edmonton	Edmonton BJJ	https://edmontonbjj.com
1976	https	AB	Edmonton	Wolfhouse MMA Edmonton	https://wolfhousemma.com
1977	https	AB	Edmonton	Arashi-Do Martial Arts Edmonton East	https://arashido.com/location/edmonton-east/
1978	https	AB	Edmonton	Arashi-Do Martial Arts Edmonton North	https://arashido.com/location/edmonton-north/
1979	https	AB	Edmonton	Arashi-Do Martial Arts Edmonton South	https://arashido.com/location/edmonton-south/
1980	https	AB	Edmonton	Arashi-Do Martial Arts Edmonton West Mayfield	https://arashido.com/location/edmonton-west-mayfield/
1981	https	AB	Edmonton	Bairro Brazilian Jiu-Jitsu Academy	https://bairro.ca
1982	https	AB	Edmonton	Bairro Martial Arts Academy South	https://bairro.ca
1983	https	AB	Edmonton	Black Sails Brazilian Jiu Jitsu	https://www.blacksailsbjj.com
1984	https	AB	Edmonton	Bravé MMA and Fitness	https://bravemmaandfitness.com
1985	https	AB	Edmonton	Edmonton Gracie Jiu-Jitsu	https://edmontongraciejiujitsu.com/
1986	https	AB	Edmonton	Elite Taekwondo and Brazilian Jiu Jitsu	https://eliteedmonton.ca
1987	https	AB	Edmonton	Gracie Barra Edmonton	https://graciebarra.com/edmonton-alberta-canada/
1988	https	AB	Edmonton	Kamikaze Punishment Foundation	https://www.kpfit.ca
1989	https	AB	Edmonton	Kazoku BJJ	https://kazokubjj.ca/
1990	https	AB	Edmonton	Munduruca North Edmonton BJJ	https://northedmontonbjj.com
1991	https	AB	Edmonton	SBG Edmonton	https://www.straightblastgymedmonton.com
1992	https	AB	Edmonton	The Ludus Martial Arts Academy	https://www.ludusmartialarts.ca
1993	https	AB	Edson	Arashi-Do Martial Arts Edson	https://arashido.com/location/edson/
1994	https	AB	Grande Prairie	Heiho Dojo	https://www.heihodojo.ca
1995	https	AB	Grande Prairie	The Komodo Academy	https://www.thekomodoacademy.com/
1996	https	AB	Hinton	Arashi-Do Martial Arts Hinton	https://arashido.com/location/hinton/
1997	https	AB	Leduc	Arashi-Do Martial Arts Leduc	https://arashido.com/location/leduc/
1998	https	AB	Lethbridge	Canadian Martial Arts Centre	https://cmcmma.com
1999	https	AB	Lethbridge	Gracie Barra Lethbridge	https://gblethbridge.com
2000	https	AB	Lethbridge	Progressive Fighting Academy	https://pfakickboxing.com/
2001	https	AB	Medicine Hat	Resilience Brazilian Jiu Jitsu	https://www.rbjj.ca
2002	https	AB	Okotoks	Okotoks BJJ	https://okotoksbjj.com
2003	https	AB	Olds	Arashi-Do Martial Arts Olds	https://arashido.com/location/olds/
2004	https	AB	Penhold	Arashi-Do Martial Arts Penhold	https://arashido.com/location/penhold/
2005	https	AB	Red Deer	Arashi-Do Martial Arts Red Deer	https://arashido.com/location/red-deer/
2006	https	AB	Red Deer	KENSEI MMA	https://www.kensei.ca/
2007	https	AB	Sherwood Park	Arashi-Do Martial Arts Sherwood Park	https://arashido.com/location/sherwood-park/
2008	https	AB	Sherwood Park	Frontline Academy Canada	https://frontlinebjj.com
2009	https	AB	Spruce Grove	Black Gold Jiu-Jitsu Academy	https://www.blackgoldbjj.com
2010	https	AB	St. Albert	Complete Fitness and Martial Arts	https://www.stalbertmartialarts.com
2011	https	AB	St. Albert	Hayabusa Training Centre	https://hayabusatrainingcentre.com/
2012	https	AB	St. Albert	Ironside Martial Arts St. Albert	https://ironsidemartialarts.ca
2013	https	AB	St. Albert	Limitless BJJ Edmonton	https://limitlessbjjedmonton.com
2014	https	AB	St. Albert	The Dojo MMA	https://thedojomma.com
2015	https	AB	Sylvan Lake	Arashi-Do Martial Arts Sylvan Lake	https://arashido.com/location/sylvan-lake/
2016	https	AK	Anchorage	Anchorage Brazilian Jui-Jitsu	https://www.anchoragebjj.com/
2017	https	AK	Anchorage	Anchorage Grappling Academy	https://www.anchoragegrapplingcoop.com/
2018	https	AK	Anchorage	Crazy Monkey Alaska	https://crazymonkeyalaska.com/
2019	https	AK	Anchorage	Legacy Jiu Jitsu	https://www.legacyjiujitsuak.com/
2020	https	AK	Eagle River	The Sword BJJ	https://www.theswordbjj.com/
2021	https	AK	Fairbanks	Frostbite Vale-tudo	https://frostbitevaletudo.com/
2022	https	AK	Fairbanks	Revolution BJJ	https://revolutionalaska.com/
2023	https	AK	Fairbanks	Tribe Jiujitsu Academy	https://tribebjj.net/?utm_campaign=gmb
2024	https	AK	Fairbanks	Alaska Krav Maga & Fitness (BJJ program)	https://akkravmaga.com/programs/brazilian-jiu-jitsu
2025	https	AK	Juneau	Evolution Jiu Jitsu	https://evojj.com/
2026	https	AK	North Pole	Gracie Jiu-Jitsu North Pole	https://www.gracieuniversity.com/Pages/Public/AffiliateDetail
2027	https	AK	Palmer	Team Caique Jiu-Jitsu Alaska	https://cjjusaalaska.com/
2028	https	AK	Soldotna	AK-49 Martial Arts	https://www.ak49martialarts.com/
2029	https	AL	Alexandria	Valhalla Jiu-Jitsu & MMA	https://www.valhallamartialarts.com/
2030	https	AL	Anniston	GB Anniston	https://getevolutionfit.com
2031	https	AL	Auburn	Auburn Jiu Jitsu	https://auburn-jiujitsu.com/
2032	https	AL	Birmingham	10th Planet Birmingham	https://mmabirmingham.com/
2033	https	AL	Birmingham	Fight Club Fitness, LLC	https://mmabirmingham.com/Contact
2034	https	AL	Birmingham	HEROES MARTIAL ARTS ACADEMY	https://www.heroesmma.com/
2035	https	AL	Birmingham	GB Birmingham	https://gbbhamusa.com
2036	https	AL	Chelsea	Cobra BJJ Chelsea	https://cobrabjjchelsea.com/
2037	https	AL	Columbiana	Ground Strike Grappling	https://groundstrikegrappling.com/
2038	https	AL	Cullman	GB Cullman	https://gbcullman.com/
2039	https	AL	Daphne	Checkmat Daphne	https://rxsportfit.com/daphne-checkmat
2040	https	AL	Daphne	CT ARENA FEITOSA (USA) Brazilian Jiu Jitsu	https://ct-arena-feitosa-usa-brazilian-jiu-jitsu.business.site/
2041	https	AL	Decatur	10th Planet Jiu Jitsu Decatur	https://decaturbrazilianjiujitsu.com/
2042	https	AL	Dothan	Peak Martial Arts Dothan	https://pmadothan.com/classes/Brazilian-Jiu-Jitsu
2043	https	AL	Fairhope	Port City Combat Sports	https://www.pckickboxing.com/fairhope-schedule/
2044	https	AL	Florence	FLORENCE BRAZILIAN JIU-JITSU ACADEMY	https://www.florencebjj.com/
2045	https	AL	Fort Mitchell	Russell County Training Center	https://www.rctc980.com/
2046	https	AL	Gardendale	Team Jucao Gardendale	https://www.championfactory.com/
2047	https	AL	Gulf Shores	10th Planet Jiu-Jitsu Gulf Shores	https://www.facebook.com/KuzushiClubBJJGulfShores/
2048	https	AL	Gulf Shores	Gulf Coast Jujutsu	https://www.facebook.com/Gulf-Coast-Jujutsu-184652755613880/
2049	https	AL	Hazel Green	Kame House MMA	https://www.facebook.com/KameHouseMMA/
2050	https	AL	Homewood	Birmingham Brazilian Jiu Jitsu Spartan Fitness	https://spartanfitnessmma.com/classes/Brazilian-Jiu-Jitsu
2051	https	AL	Hoover	Lion Heart Jiu-Jitsu Academy	https://trainbjj.passion.io/
2052	https	AL	Huntsville	ALLIANCE JIU JITSU	https://alliancehuntsville.com/
2053	https	AL	Huntsville	Arsenal Combat Sports Club	https://www.arsenal-bjj.com/
2054	https	AL	Huntsville	Maverick Training Center	https://mavericktraining.net/
2055	https	AL	Huntsville	Rocket City MMA	https://rocketcitymma.com/
2056	https	AL	Huntsville	GB Huntsville	https://www.graciebarrahuntsville.com
2057	https	AL	Jasper	GB Jasper	https://gbjasper.com/
2058	https	AL	Madison	GRACIE JIU-JITSU	https://www.graciejiujitsumadisonal.com/
2059	https	AL	Madison	Pirate BJJ	https://www.piratebjj.com/
2060	https	AL	Madison	ROCKET CITY REVOLUTION BJJ	https://www.rcrbjj.com/
2061	https	AL	Mobile	Gulf Coast Jiu-jitsu	https://gcjiujitsu.com/
2062	https	AL	Mobile	Mobile MMA Club	https://www.mobilemmaclub.com/
2063	https	AL	Mobile	Renzo Gracie Alabama	https://www.renzograciealabama.com/
2064	https	AL	Mobile	Team Hopkins Jiu Jitsu Mobile	https://www.facebook.com/GracieJiuJitsuOfAlabama/
2065	https	AL	Montgomery	MONTGOMERY MARTIAL ARTS	https://montgomerymartialartsonline.com/
2066	https	AL	Montgomery	NXG COMBAT SPORTS	https://nxgcombatsports.com/
2067	https	AL	Opelika	Hooked Martial Arts + Fitness	https://www.hookedmartialarts.com/
2068	https	AL	Prattville	NEXTGEN MARTIAL ARTS	https://www.nextgenmartialarts.com/
2069	https	AL	Prattville	Richardson Jiu Jitsu	https://www.richardsonjj.com/
2070	https	AL	Selma	Selma Soul -Team	https://www.bjjselma.com/
2071	https	AL	Tuscaloosa	American Top Team Tuscaloosa - Kickboxing, MMA, Brazilian Jiu-Jitsu and Fitness Kickboxing	https://www.summitfitnesskickboxing.com/
2072	https	AL	Tuscaloosa	Cobra BJJ	https://www.cobrabjjtuscaloosa.com/
2073	https	AL	Wetumpka	Coosa Jiu Jitsu & Wellness	https://www.coosajiujitsuandwellness.com/
2074	https	AR	Batesville	Without Limits MMA	https://www.facebook.com/WithoutLimitsMMA/
2075	https	AR	Bella Vista	Inferno Martial Arts Bella Vista	https://myinfernofitness.com
2076	https	AR	Benton	Revolution Combat & Fitness	https://revolutionmma.com
2077	https	AR	Bentonville	ATA Martial Arts - Bentonville	https://www.tryata.com/
2078	https	AR	Bentonville	Eternal Warrior Brazilian Jiu-Jitsu	https://eternalwarriorbjj.com/
2079	https	AR	Bentonville	Overcome Brazilian jiu-jitsu school	https://overcomejiujitsu.com/
2080	https	AR	Bentonville	T.O.S.S. Academy / Gracie Brazilian Jiu-Jitsu	https://www.tossbjj.com/
2081	https	AR	Bentonville	Inferno Martial Arts Bentonville	https://myinfernofitness.com
2082	https	AR	Cabot	Cabot Jiu Jitsu Academy and Fitness	https://gjjcabot.com
2083	https	AR	Camden	Tribe Gym & Tribe Martial Arts	https://www.tribegymandmartialarts.com/
2084	https	AR	Cave Springs	Alliance Jiu Jitsu - Northwest Arkansas	https://alliancejjnorthwestarkansas.com/
2085	https	AR	Conway	501 BJJ & Kickboxing	https://501bjj.com
2086	https	AR	Conway	Eco Submission Grappling	https://ecosubmissiongrappling.com
2087	https	AR	Conway	Grandmaster Han's Martial Arts & Gracie Jiu-Jitsu	https://gmhgjj.com
2088	https	AR	Conway	Gravitas Martial Arts	https://gravitasmartialarts.com
2089	https	AR	Conway	Gray Beard Forge	https://graybeardforge.org
2090	https	AR	El Dorado	El Dorado Martial Arts	https://www.facebook.com/people/El-Dorado-Martial-Arts/100092167328803/
2091	https	AR	El Dorado	ONE HEART DOJO	https://www.eldoradomartialarts.com/
2092	https	AR	Fayetteville	Fayetteville Brazilian Jiu-Jitsu	https://fayetteville-jiujitsu.com/
2093	https	AR	Fayetteville	Meta Martial Arts	https://meta-ma.com/
2094	https	AR	Fayetteville	Diamond State Martial Arts	https://diamondstatemartialarts.com
2095	https	AR	Fort Smith	Fort Smith Martial Arts Center	https://fortsmithmartialartscenter.wordpress.com
2096	https	AR	Fort Smith	Gracie Jiu-Jitsu Fort Smith	https://graciefortsmith.com
2097	https	AR	Harrison	Gracie Jiu-Jitsu Harrison	https://www.gracieuniversity.com/Pages/Public/AffiliateDetail?enc=rl%2fmiDVLPwJnWoJzeXHm5w%3d%3d
2098	https	AR	Harrison	Troy Holton's Brazilian Jiu-Jitsu	https://www.troyholtonbjj.com/
2099	https	AR	Harrison	Impact Martial Arts Harrison	https://impactharrison.com/uncategorized/about/
2100	https	AR	Hot Springs	Real Deal Martial Arts	https://realdealmartialarts.com
2101	https	AR	Hot Springs	Wolf's Hammer Martial Arts Academy	https://hotspringsjiujitsu.com
2102	https	AR	Jacksonville	USA Jiu-Jitsu Arkansas	https://usajjarkansas.com
2103	https	AR	Jonesboro	ATA Martial Arts Jonesboro	https://www.jonesboroata.com/
2104	https	AR	Jonesboro	Cerberus Brazilian Jiu-Jitsu	https://cerberusbjj.weebly.com/
2105	https	AR	Jonesboro	Jonesboro Grappling Association	https://jonesborograpplingassociation.com/
2106	https	AR	Jonesboro	Veneration Jiu Jitsu LLC	https://www.jonesborojiujitsu.com/
2107	https	AR	Jonesboro	Gracie Jiu-Jitsu Jonesboro	https://graciejonesboro.com
2108	https	AR	Little Rock	Nemesis Jiu Jitsu	https://nemesisjiujitsu.com/
2109	https	AR	Little Rock	Westside BJJ	https://littlerockbjj.com/
2110	https	AR	Little Rock	Rock City Mixed Martial Arts	https://rockcitymma.com
2111	https	AR	Little Rock	Westside MMA	https://westsidemma.com
2112	https	AR	Lowell	Kore Brazilian Jiu-Jitsu NWA	https://www.facebook.com/koreBJJNWA/
2113	https	AR	Lowell	TK Martial Arts	https://www.tkmartialarts.com/
2114	https	AR	Malvern	Arkansas Center for Sports Science Trainin	https://www.facebook.com/ArkCenterForSportsScienceTraining
2115	https	AR	Marion	Blue Collar Grappling Academy	https://www.facebook.com/bluecollargrapplingacademy870/
2116	https	AR	Mountain Home	Gendai Budo Jiu Jitsu-MMA-Fitness	https://arkansastraveller.wixsite.com/gendaibudoacademy
2117	https	AR	Mountain Home	Phoenix Rising Martial Arts	https://www.phoenixrisingma.com/
2118	https	AR	North Little Rock	Rocha Brazilian Jiu Jitsu	https://rocha-bjj.com
2119	https	AR	Paragould	DNC Defense	https://dncdefense.com
2120	https	AR	Rogers	American Jiu Jitsu Academy	https://jiujitsu4america.com/
2121	https	AR	Rogers	Inferno Martial Arts Rogers	https://myinfernofitness.com
2122	https	AR	Rogers	Overcome Jiu Jitsu Pinnacle	https://overcomepinnacle.com
2123	https	AR	Russellville	FORCA MMA	https://forcamma.com
2124	https	AR	Russellville	Martial Arts America Russellville	https://russellvilletkd.com
2125	https	AR	Sherwood	Combat Concepts Academy	https://combatconceptsacademy.com
2126	https	AR	Siloam Springs	Inferno Martial Arts Siloam Springs	https://myinfernofitness.com/
2127	https	AR	Springdale	Inferno Martial Arts Springdale	https://myinfernofitness.com
2128	https	AR	Texarkana	Texarkana Combat Sports	https://www.texarkanacombatsports.com/
2129	https	AR	Wynne	The House MMA Academy	https://www.wynnegym.com/
2130	https	AZ	Apache Junction	Cove Jiu Jitsu	https://covejiujitsu.com/
2131	https	AZ	Avondale	10th Planet Goodyear	https://www.10thplanetgoodyear.com/
2132	https	AZ	Avondale	ABUNAI MMA	https://abunaimma.com/
2133	https	AZ	Avondale	No Surrender Athletics	https://www.nosurrenderathletics.com/
2134	https	AZ	Avondale	Sardinha Brazilian Jiu Jitsu	https://sardinhabjj.com/
2135	https	AZ	Avondale	Sentosa Martial Arts and Fitness	https://sentosamartialartsandfitness.com/
2136	https	AZ	Buckeye	Gracie Barra Buckeye	https://graciebarra.com/buckeye-az/
2137	https	AZ	Camp Verde	Zero Point Gracie Jiu Jitsu	https://www.zeropointgjj.com/
2138	https	AZ	Cave Creek	CAVE CREEK MILLENNIA MMA	https://cavecreekmillenniamma.com/
2139	https	AZ	Chandler	(Muay Thai Gym) Sitan Gym Arizona LLC	https://sitangymaz.com/
2140	https	AZ	Chandler	Kioto BJJ Southwest	https://kiotobjjsouthwest.com/
2141	https	AZ	Chandler	Lopez Martial Arts	https://lopezjiujitsu.com/
2142	https	AZ	Chandler	Ric Centron Brazilian Jiu Jitsu Academy	https://riccentronbjj.com/
2143	https	AZ	Chandler	Van Buren Jiu Jitsu Chandler	https://vanburenjiujitsu.com/
2144	https	AZ	Chino Valley	Tri-City Ju-Jitsu	https://tri-city-ju-jitsu.business.site/
2145	https	AZ	Cottonwood	Combat Club Cottonwood	https://cottonwoodbjj.com/
2146	https	AZ	Cottonwood	Verde Valley Brazilian Jiu Jitsu	https://verdevalleybjj.com/
2147	https	AZ	Douglas	JVLO Jiu-Jitsu	https://www.instagram.com/jvlojiujitsu/
2148	https	AZ	Flagstaff	66 JIU-JITSU	https://www.66jiu-jitsu.com/
2149	https	AZ	Flagstaff	Averitt Jiu Jitsu	https://averittjiujitsu.com/
2150	https	AZ	Flagstaff	Gracie Barra Flagstaff Jiu Jitsu and Self Defense	https://graciebarra.com/flagstaff-az/
2151	https	AZ	Flagstaff	Insurgent Fitness	https://insurgent.fitness/
2152	https	AZ	Flagstaff	Southside Combat Academy	https://www.facebook.com/wearesouthside/
2153	https	AZ	Fort Mohave	Lucero Jiu-Jitsu Academy	https://www.lucerobjj.com/
2154	https	AZ	Gilbert	Gracie Arizona Gilbert Jiu Jitsu Academy	https://graciearizonagilbert.com/
2155	https	AZ	Gilbert	GRACIE BARRA OCOTILLO SOUTH GILBERT	https://gilbertjiujitsu.com/
2156	https	AZ	Gilbert	M3 Karate	https://m3martialarts.com/what-m3-martial-arts-in-gilbert-offers/#jiujitsu
2157	https	AZ	Gilbert	Next Level Krav Maga & Gracie Humaita BJJ	https://kravmagagilbert.com/
2158	https	AZ	Gilbert	Roots Brazilian Jiu-Jitsu	https://rootsbjjaz.com/
2159	https	AZ	Gilbert	Carlson Gracie Team Gilbert AZ/Bjj & Family Fitness	https://www.carlsongracieteamaz.com/
2160	https	AZ	Gilbert	Murdoc’s Brazilian Jiu-Jitsu (MWBJJ) & Self Defense Academy (GD JJ Affiliate)	https://www.murdocsbjj.com/
2161	https	AZ	Glendale	Pinnacle Brazilian Jiu Jitsu	https://pinnaclebjjaz.com/
2162	https	AZ	Goodyear	Master Haydar's Black Belt Academy	https://masterhaydar.com/
2163	https	AZ	Green Valley	Sahuarita Brazilian Jiu Jitsu	https://www.sahuaritabjj.com/
2164	https	AZ	Green Valley	Undisputed South	https://undisputedsouth.com/
2165	https	AZ	Kingman	CARLSON GRACIE JIU JITSU AND KICKBOXING KINGMAN	https://13007.prod.live.site.mystudio.io/
2166	https	AZ	Kingman	Kingman Riot MMA LLC	https://kingmanriotmma.gymdesk.com/
2167	https	AZ	Lake Havasu City	Arevalo Academy	https://arevaloacademy.com/
2168	https	AZ	Mesa	Ares Arizona Brazilian Jiu Jitsu	https://www.aresazbjj.com/
2169	https	AZ	Mesa	Ares East Mesa BJJ Academy	https://areseastmesabjj.com/
2170	https	AZ	Mesa	Faction Combat Mixed Martial Arts Gym	https://www.factioncombat.com/
2171	https	AZ	Mesa	Gracie Barra East Mesa Brazilian Jiu-Jitsu & Self-Defense	https://www.gbeastmesa.com/
2172	https	AZ	Mesa	Maracaba BJJ	https://maracabajiujitsu.com/
2173	https	AZ	Mesa	Revive Jiu Jitsu - Mesa BJJ	https://bjjmesa.com/
2174	https	AZ	Mesa	UNIVERSAL FITNESS AND MIXED MARTIAL ARTS	https://ufitmma.com/
2175	https	AZ	Mesa	White 2 Black Brazilian Jiu-Jitsu Academy	https://white2blackacademy.com/
2176	https	AZ	Mesa	Gracie Jiu Jitsu West Mesa	https://www.graciemesa.com/
2177	https	AZ	Nogales	Fortress Fitness and MMA	https://fortress-fitness-and-mma.business.site/
2178	https	AZ	Oro Valley	GB Oro Valley	https://graciebarra.com/oro-valley-az/
2179	https	AZ	Page	Lake Powell Jiu-Jitsu	https://www.lpbjjaz.com/
2180	https	AZ	Payson	Vanquish MMA & Jiu Jitsu	https://vanquishselfdefense.com/
2181	https	AZ	Peoria	Crypto Jiu Jitsu - Peoria, Arizona	https://www.cryptojiujitsu.com/
2182	https	AZ	Peoria	Red Hawk Academy	https://www.redhawkacademyaz.com/
2183	https	AZ	Peoria	Siege Mixed Martial Arts & Fitness (MMA)	https://www.siegemma.com/
2184	https	AZ	Phoenix	12th Street Jiu-Jitsu	https://12stjiujitsu.com/
2185	https	AZ	Phoenix	Ares BJJ	https://www.aresbjj.com/
2186	https	AZ	Phoenix	Ares BJJ Academy Association	https://aresbjjphoenix.com/
2187	https	AZ	Phoenix	Ares BJJ Phoenix	https://aresbjjphoenix.com/
2188	https	AZ	Phoenix	Marcio Andre Brazilian Jiu-Jitsu Academy	https://marcioandrejiujitsu.com/
2189	https	AZ	Phoenix	Megaton Brazilian Jiu-Jitsu Academy	https://megatonjiujitsu.com/
2190	https	AZ	Phoenix	Mike Burlaka's Brazilian Jiu Jitsu @Hard Knocks Gym	https://www.facebook.com/MikeBurlakaBJJ/
2191	https	AZ	Phoenix	One Love Grappling Arts	https://onelovegrapplingarts.com/
2192	https	AZ	Phoenix	REFUGE BJJ	https://refugebjj.com/
2193	https	AZ	Phoenix	Satori Brazilian Jiu Jitsu Academy LLC	https://satoribjjacademy.com/
2194	https	AZ	Phoenix	Sol BJJ - Brazilian Jiu Jitsu Classes in Phoenix	https://solbjj.com/
2195	https	AZ	Phoenix	South Mountain Brazilian Jiu Jitsu & Self Defense	https://southmountainjiujitsu.com/
2196	https	AZ	Phoenix	Strong Heart Academy Brazilian jiu-jitsu & MMA	https://strongheartacademy.com/
2197	https	AZ	Phoenix	Ucelo Martial Arts Phoenix	https://ucelomartialartsphoenix.com/
2198	https	AZ	Phoenix	Exodus Jiu-Jitsu	https://exodusjjphx.com/
2199	https	AZ	Phoenix	Gracie Jiu-Jitsu Phoenix	https://graciejiujitsuphoenix.com/
2200	https	AZ	Phoenix	Infinite Jiu-Jitsu Phoenix	https://www.infinitearizona.com/
2201	https	AZ	Prescott	Excellence School of Jiu Jitsu	https://www.esjjprescott.com/
2202	https	AZ	Prescott	Mountain Tribe Brazilian Jiu-Jitsu	https://bjjprescott.com/
2203	https	AZ	Queen Creek	Ethos Martial Arts	https://ethosmartialartsaz.com/about-us/
2204	https	AZ	Queen Creek	Patriot Martial Arts Academy	https://www.queencreekmartialarts.com/
2205	https	AZ	Queen Creek	Solid Ground Brazilian Jiu-Jitsu	https://www.solidgroundbjj.com/
2206	https	AZ	San Tan Valley	My Style Martial Arts	https://mystylemartialarts.com/
2207	https	AZ	Scottsdale	One Ten Brazilian Jiu Jitsu Academy	https://onetenbjj.com/
2208	https	AZ	Scottsdale	Axe Capoeira Arizona	https://www.axecapoeira-az.com/brazilian-jiujitsu
2209	https	AZ	Sierra Vista	Blackout Mixed Martial Arts	https://www.blackoutmmaandfitness.com/
2210	https	AZ	Sierra Vista	Chute Boxe Academy	https://chuteboxeacademy.com/
2211	https	AZ	Tempe	Gustavo Dantas Brazilian Jiu-Jitsu Academy	https://gdjiujitsu.com/
2212	https	AZ	Tempe	Jay Pages Jiu-Jitsu & MMA	https://jaypagesjjmma.com/
2213	https	AZ	Tempe	Soul Fighters Headquarters	https://www.soulfightershq.com/
2214	https	AZ	Tucson	Alliance Jiu Jitsu - Tucson	https://alliancejiujitsutucson.com/
2215	https	AZ	Tucson	Alliance Jiu Jitsu - Vail	https://alliancejiujitsuvail.com/
2216	https	AZ	Tucson	Boxer's Rebellion Martial Arts	https://www.boxersrebellionmartialarts.com/
2217	https	AZ	Tucson	DeBrazil Jiu-Jitsu Academy	https://debraziljiujitsu.com/
2218	https	AZ	Tucson	Jiu Jitsu & Muay Thai - Carlson Gracie Tucson	https://carlsongracietucson.com/
2219	https	AZ	Tucson	Magnus Mixed Martial Arts	https://magnusmma.com/
2220	https	AZ	Tucson	Mako Brazilian Jiu-Jitsu Tucson	https://www.makobjj.com/
2221	https	AZ	Tucson	Success Martial Arts	https://smatucson.com/
2222	https	AZ	Tucson	The Arena Brazilian Jiu Jitsu Academy & Fitness	https://thearenabjj.com/
2223	https	AZ	Tucson	The Eyrie Brazilian Jiu-Jitsu	https://www.eyriebjj.com/
2224	https	AZ	Tucson	Daimyo Brazilian Jiujitsu	https://daimyobjj.com
2225	https	AZ	Tucson	Gracie Barra Tucson Jiu-Jitsu	https://gbtucson.com/
2226	https	AZ	Tucson	Pallaton Brazilian Jiu Jitsu	https://www.pallatonbjj.com
2227	https	AZ	Tucson	Primero Brazilian Jiu Jitsu Academy	https://www.primerobjj.com
2228	https	AZ	Tucson	Sonoran Brazilian Jiu Jitsu	https://www.sonoranbjj.com
2229	https	AZ	Tucson	Northside BJJ	https://www.nsbjj.com
2230	https	AZ	Williams	Route 66 Jiu Jitsu	https://route66jiujitsu.com/
2231	https	AZ	Yuma	10th Planet Marine Corps Air Station Yuma	https://www.10thplanetjj.com/locations/yuma-arizona/
2232	https	BC	Abbotsford	Burridge Martial Arts and Fitness	https://maxburridge.com
2233	https	BC	Abbotsford	Genesis Martial Arts	https://www.genesismartialarts.ca
2234	https	BC	Abbotsford	Pacific Top Team Abbotsford	https://pttabbotsford.com
2235	https	BC	Burnaby	Power3 Academy	https://power3academy.com
2236	https	BC	Burnaby	BVJJ	https://bvjj.ca
2237	https	BC	Burnaby	Budo Mixed Martial Arts Burnaby	https://budoburnaby.com
2238	https	BC	Burnaby	GFTeam Canada	https://www.gfteamcanada.ca
2239	https	BC	Burnaby	Gracie Barra Burnaby	https://gbburnaby.com
2240	https	BC	Burnaby	Gracie Barra North Burnaby	https://www.gbnorthburnaby.com
2241	https	BC	Burnaby	InFighting Training Centres	https://www.infighting.ca
2242	https	BC	Burnaby	Kajan Johnson MMA	https://kajanjohnsonmma.com
2243	https	BC	Burnaby	North Burnaby Brazilian Jiu Jitsu	https://www.northburnabyjiujitsu.com
2244	https	BC	Campbell River	Disciple BJJ	https://www.disciplebjj.ca
2245	https	BC	Campbell River	Pure Martial Arts and Fitness	https://puremartialarts.ca
2246	https	BC	Chilliwack	Chilliwack Jiu Jitsu	https://www.chilliwackjiujitsu.ca
2247	https	BC	Chilliwack	Gracie Barra Chilliwack	https://gbchilliwack.com
2248	https	BC	Chilliwack	Hiscoe Jiu-Jitsu	https://www.hiscoejiujitsu.com
2249	https	BC	Chilliwack	Pacific Top Team Chilliwack	https://pttchilliwack.ca
2250	https	BC	Coquitlam	Legacy Brazilian Jiu Jitsu Academy	https://www.legacybjjacademy.com
2251	https	BC	Coquitlam	Titan Training Centre	https://titantrainingcentre.com
2252	https	BC	Courtenay	Courtenay Brazilian Jiu-Jitsu	https://courtenaybjj.ca
2253	https	BC	Courtenay	Goblins Martial Arts	https://goblinsmartialarts.com
2254	https	BC	Cranbrook	Cranbrook Brazilian Jiu-Jitsu	https://cranbrookbjj.com
2255	https	BC	Delta	Delta BJJ British Columbia	https://deltabjj.ca
2256	https	BC	Delta	Gracie Barra Delta	https://www.gbdelta.com
2257	https	BC	Delta	World Martial Arts	https://www.worldtkd.ca
2258	https	BC	Duncan	South Island Brazilian Jiu-Jitsu	https://www.sibjj.com
2259	https	BC	Fort St. John	Iron Forge Fight and Fitness	https://ironforge.ca
2260	https	BC	Gibsons	Tidal BJJ	https://tidalbjj.ca
2261	https	BC	Kamloops	Valley Jiu-Jitsu	https://www.valleybjj.ca
2262	https	BC	Kelowna	Alliance Kelowna	https://www.alliancekelowna.com
2263	https	BC	Kelowna	Gracie Barra Kelowna	https://gbkelowna.ca
2264	https	BC	Kelowna	Preta Jiu Jitsu Academy	https://www.pretaacademy.ca
2265	https	BC	Kelowna	Toshido MMA	https://toshido.ca
2266	https	BC	Lake Country	Gracie Barra Lake Country	https://gblakecountry.com
2267	https	BC	Langley	Factory Fresh Jiu Jitsu	https://factoryfreshbjj.com
2268	https	BC	Langley	Gracie Barra Langley	https://gblangley.com
2269	https	BC	Langley	Marcus Soares Brazilian Jiu-Jitsu Langley	https://marcussoares.com/locations/langley
2270	https	BC	Maple Ridge	Gracie Barra Maple Ridge	https://gbmapleridge.com
2271	https	BC	Maple Ridge	Marcus Soares Brazilian Jiu-Jitsu Maple Ridge	https://marcussoares.com/locations/maple-ridge
2272	https	BC	Mission	Mission Brazilian Jiu Jitsu	https://www.missionbjj.ca
2273	https	BC	Nanaimo	CJ Martial Arts & Fitness	https://www.cjmartialartsnanaimo.ca
2274	https	BC	Nelson	North Kootenay Martial Arts	https://northkootenaymartialarts.com
2275	https	BC	Nelson	Transcendent Combat Sports	https://www.transcendentcombatsports.com
2276	https	BC	New Westminster	Gracie Barra New Westminster	https://gbnewwest.com
2277	https	BC	North Vancouver	Hero Academy	https://hero-academy.ca
2278	https	BC	North Vancouver	North Vancouver Brazilian Jiu Jitsu	https://northvanbjj.com
2279	https	BC	North Vancouver	Roll Jiu Jitsu Academy	https://www.rjja.ca
2280	https	BC	North Vancouver	Universal MMA	https://www.universalmma.com
2281	https	BC	Port Coquitlam	Gracie Barra Port Coquitlam	https://gbportcoquitlam.com
2282	https	BC	Port Moody	Tri-Cities Gracie Jiu-Jitsu	https://www.tricitiesgjj.com
2283	https	BC	Prince George	Galbraith Jiu Jitsu	https://galbraithjiujitsu.ca
2284	https	BC	Prince George	Kaiten Mixed Martial Arts Academy	https://princegeorgemma.com
2285	https	BC	Prince Rupert	Muscle Panda MMA	https://www.musclepandamma.ca
2286	https	BC	Revelstoke	Summit Jiu Jitsu	https://www.summitjjrevelstoke.com
2287	https	BC	Richmond	10th Planet Richmond	https://www.10thplanetrichmond.ca
2288	https	BC	Richmond	Advantage Jiu Jitsu	https://www.advantagejiujitsu.ca
2289	https	BC	Richmond	Gracie Barra Central Richmond	https://graciebarra.com/central-richmond-bc-canada
2290	https	BC	Richmond	Gracie Barra Richmond Steveston	https://gbrichmond.ca
2291	https	BC	Richmond	Kaizen Martial Arts and Health Club	https://kaizenjhc.ca
2292	https	BC	Richmond	Pinnacle Martial Arts Academy Richmond	https://pinnaclemma.ca
2293	https	BC	Richmond	Way Of BJJ Training Studio	https://wayofbjj.com
2294	https	BC	Salmon Arm	Salmon Arm Jiu-Jitsu	https://salmonarmjiujitsu.ca
2295	https	BC	Sechelt	Nomad Brazilian Jiu Jitsu Studio	https://thenomadstudio.ca
2296	https	BC	Squamish	Mountain Jiu Jitsu	https://www.mtnjjsq.com
2297	https	BC	Squamish	The Sound Martial Arts	https://www.thesoundmartialarts.com
2298	https	BC	Surrey	Eternal BJJ	https://eternalbjj.ca
2299	https	BC	Surrey	Golden Glory Fitness and Martial Arts Academy	https://www.goldenglory.ca
2300	https	BC	Surrey	Gracie Barra Cloverdale	https://gb-cloverdale.com
2301	https	BC	Surrey	Gracie Barra Guildford	https://gbguildford.com
2302	https	BC	Surrey	Gravity Brazilian Jiu-Jitsu	https://gravitybjj.ca
2303	https	BC	Surrey	Isshindo Martial Arts	https://isshindomartialarts.com
2304	https	BC	Surrey	Kaboom Brazilian Jiu-Jitsu	https://kaboombjj.com
2305	https	BC	Surrey	Red Tiger Martial Arts	https://www.redtigersurrey.com
2306	https	BC	Surrey	Surrey Combat Sports and Performance	https://surreymma.ca
2307	https	BC	Surrey	Triunity Martial Arts Studio	https://www.triunitymartialarts.com
2308	https	BC	Vancouver	West Coast BJJ	https://westcoastbjj.ca
2309	https	BC	Vancouver	Alliance BJJ Vancouver	https://www.alliancebjjteam.com
2310	https	BC	Vancouver	BUDō Jiu-Jitsu Team Vancouver	https://budojiujitsuteam.com
2311	https	BC	Vancouver	Diaz Combat Sports	https://diazcombatsports.com
2312	https	BC	Vancouver	Flow Martial Arts	https://www.flowmartialarts.ca
2313	https	BC	Vancouver	Gracie Barra Kerrisdale	https://gbkerrisdale.com
2314	https	BC	Vancouver	Gracie Barra Kitsilano	https://gbkitsilano.com
2315	https	BC	Vancouver	Gracie Barra Vancouver	https://www.gbvancouver.com
2316	https	BC	Vancouver	Kuzushi Grappling	https://kuzushigrappling.com
2317	https	BC	Vancouver	Lapel Arts	https://www.lapelarts.ca
2318	https	BC	Vancouver	Marcus Soares Brazilian Jiu-Jitsu	https://marcussoares.com
2319	https	BC	Vancouver	Nimbus Grappling Athletics Club	https://www.nimbusgrappling.com
2320	https	BC	Vancouver	Pacific Top Team Vancity	https://www.pttvancity.com
2321	https	BC	Vernon	NOS Brazilian Jiu-Jitsu & MMA	https://www.shuswapbjj.com
2322	https	BC	Vernon	Unity MMA & Kickboxing	https://unitymma.ca
2323	https	BC	Victoria	Hood Rich Jiu Jitsu	https://www.hoodrichjj.com
2324	https	BC	Victoria	Island MMA Training Centre	https://islandmma.com
2325	https	BC	Victoria	Kaiser Jiu Jitsu	https://www.kaiserjiujitsu.com
2326	https	BC	Victoria	Peterec's Kombat Center	https://peterecskickboxing.com
2327	https	BC	Victoria	West Coast Brazilian Jiu Jitsu Victoria	https://westcoastbjjvic.ca
2328	https	BC	Victoria	ZUMA Martial Arts	https://zuma.tv
2329	https	BC	West Vancouver	Gracie Barra West Vancouver	https://gbwestvancouver.com
2330	https	CA	Alhambra	Cosmic Training Center Brazilian Jiu Jitsu	https://www.cosmictrainingcenter.com/
2331	https	CA	Alpine	Alpine Jiu Jitsu	https://alpinebjjacademy.com
2332	https	CA	Anaheim	Carlson Gracie Jiu Jitsu Anaheim	https://www.carlsongraciebjj.club/
2333	https	CA	Anaheim	GB West Anaheim	https://www.gbwestanaheim.com
2334	https	CA	Arcata	Humboldt Jiu Jitsu	https://humboldtjiujitsu.com/
2335	https	CA	Arcata	Institute of Combat	https://www.instituteofcombat.com/
2336	https	CA	Arcata	Lost Boys Jiu-Jitsu & Muay Thai	https://www.lostboysbjj.com/#!location/c2q4
2337	https	CA	Auburn	Auburn CA Jiu Jitsu Academy	https://auburnjiujitsuacademy.com/
2338	https	CA	Auburn	Gold Country Jiu Jitsu	https://www.goldcountryjiujitsu.com/
2339	https	CA	Bakersfield	Bakersfield Brazilian Jiu Jitsu / BJJ Bakersfield CA 93313	https://www.mattbakerbjj.com/
2340	https	CA	Bakersfield	Trujitsu Bakersfield Brazilian Jiu Jitsu/mattbakerbjj	https://www.mattbakerbjj.com/
2341	https	CA	Belmont	Bay Area Boxing and BJJ	https://www.bayareaboxing.net/
2342	https	CA	Benicia	New Creation Wrestling and Jiu Jitsu Academy LLC	https://newcreationwrestlingandjiujitsu.com/
2343	https	CA	Berkeley	Bay Jiu-Jitsu / BJJ Berkeley CA 94704	https://www.baycombat.com/
2344	https	CA	Brawley	Carlson Gracie Brawley	https://www.carlsongraciebrawley.com
2345	https	CA	Burney	LongShot MMA	https://longshotmma.weebly.com/
2346	https	CA	Camarillo	The Los Angeles Jiu-Jitsu Club	https://lajjclub.com/
2347	https	CA	Carlsbad	Gracie Jiu Jitsu Carlsbad and San Marcos	https://www.graciecarlsbad.com
2348	https	CA	Carmichael	Uprise MMA	https://www.uprisemma.com/
2349	https	CA	Chico	Americana Brazilian-Jiu Jitsu	https://americanabjj.com/
2350	https	CA	Chico	Standalone MMA, Brazilian Jiu-Jitsu, Boxing, Muay Thai Kickboxing and Fitness	https://www.standalonemma.com/
2351	https	CA	Chino Hills	10th Planet Chino Hills	https://www.10thplanetchinohills.com/
2352	https	CA	Chula Vista	10th Planet South Bay (Chula Vista CA)	https://10thplanetsouthbay.com/
2353	https	CA	Chula Vista	Global Fighting Legion / Jiu-Jitsu Chula Vista CA 91914	https://theinstituteofhealthandfitness.com/Home
2354	https	CA	Clovis	7th Generation Jiu Jitsu	https://www.7thgenerationbjj.com/
2355	https	CA	Concord	925 Jiu Jitsu Club / BJJ Concord CA 94520	https://www.925jiujitsu.com/
2356	https	CA	Corona	10th Planet Corona	https://10thplanetjjcor.com
2357	https	CA	Corona	Edj School Of Jiu Jitsu	https://jiujitsucorona.com/
2358	https	CA	Corona	GB Corona	https://graciebarra.com/corona-ca/
2359	https	CA	Corona	Pacific Top Team Brazilian Jiu Jitsu Corona / BJJ Corona CA 92879	https://www.jiujitsucorona.com/
2360	https	CA	Corona	UFC GYM Corona	https://www.ufcgym.com/locations/corona/
2361	https	CA	Costa Mesa	GB Costa Mesa	https://www.gbcostamesa.com/
2362	https	CA	Costa Mesa	UFC GYM Costa Mesa	https://www.ufcgym.com/locations/costa-mesa/
2363	https	CA	Dana Point	GB Dana Point	https://graciebarra.com/dana-point-ca/
2364	https	CA	Del Mar	Del Mar Jiu Jitsu Club	https://www.delmarjiujitsuclub.com
2365	https	CA	Diamond Bar	GB Diamond Bar	https://graciebarra.com/diamond-bar-ca/
2366	https	CA	Downey	Academy Jiu-Jitsu and Kickboxing / Headquarters	https://www.academyjj.com/
2367	https	CA	Downey	GB Downey	https://graciebarra.com/downey-ca/
2368	https	CA	El Cajon	Silva BJJ Cajon CA (Aloisio Silva Associated Academy)	https://silvabjjacademy.com/
2369	https	CA	El Cajon	Trilogy Martial Arts	https://www.trilogymmagym.com/
2370	https	CA	Elk Grove	Charles Gracie Jiu-Jitsu Academy Elk Grove	https://gracieelkgrove.com/
2371	https	CA	Encinitas	GB Encinitas	https://graciebarra.com/encinitas-ca/
2372	https	CA	Escondido	GB Escondido	https://graciebarra.com/escondido-ca/
2373	https	CA	Eureka	Jobu Shin Kan	https://jobushinkan.weebly.com/instructor.html
2374	https	CA	Eureka	Raiz Brazilian Jiu-Jitsu	https://www.raizbjj.net/
2375	https	CA	Fremont	Gracie Brazilian Jiu Jitsu Fremont / Jiu-Jitsu Fremont CA 94538	https://www.graciefremont.com/
2376	https	CA	Fresno	Jean Jacques Machado Fresno	https://jjmachadofresno.com/
2377	https	CA	Fresno	Royce Gracie Jiu-Jitsu Of Fresno	https://www.graciefresno.com/
2378	https	CA	Fullerton	CSW Training Center	https://www.erikpaulson.com
2379	https	CA	Fullerton	GB Fullerton	https://graciebarra.com/fullerton-ca/
2380	https	CA	Garden Grove	GB Garden Grove	https://www.gbgardengrove.com/
2381	https	CA	Garden Grove	Nam Phan MMA Academy	https://www.iamnam.com/
2382	https	CA	Glendale	GB Glendale	https://www.gbglendale.com/
2383	https	CA	Huntington Beach	Electric Jiu Jitsu	https://electricjiujitsu.com
2384	https	CA	Huntington Beach	GB Huntington Beach	https://graciebarrahb.com/
2385	https	CA	Huntington Beach	Gracie Jiu-Jitsu Huntington Beach	https://graciejiujitsuhuntingtonbeach.com/
2386	https	CA	Huntington Beach	UFC GYM Huntington Beach	https://www.ufcgym.com/locations/huntington-beach/
2387	https	CA	Irvine	GB HQ - Irvine	https://graciebarra.com/irvine-ca/
2388	https	CA	La Cañada Flintridge	GB La Canada Flintridge	https://graciebarra.com/la-canada-ca/
2389	https	CA	La Palma	Gracie Jiu-Jitsu La Palma	https://www.gracielapalma.com/
2390	https	CA	La Quinta	Six Blades Jiu Jitsu La Quinta	https://laquintajiujitsu.com
2391	https	CA	Lake Elsinore	GB Lake Elsinore	https://graciebarra.com/lake-elsinore-ca/
2392	https	CA	Lancaster	Silva BJJ Lancaster CA (Aloisio Silva BJJ Associated Academy)	https://silvabjj.com/
2393	https	CA	Lawndale	Silva BJJ Lawndale CA (Aloisio Silva Affiliated Academy)	https://www.facebook.com/SilvaArmy/
2394	https	CA	Lincoln	Lincoln Jiu Jitsu Academy	https://lincolnjiujitsuacademy.com/
2395	https	CA	Livermore	Arena Training Center	https://www.arenastrong.com
2396	https	CA	Livermore	Darcio Lira Brazilian Jiu Jitsu and Martial Arts	https://www.darciolirajiujitsu.com/
2397	https	CA	Lomita	Caique - Gracie Brazilian Jiu Jitsu Academy	https://cjjusa.com/
2398	https	CA	Long Beach	10th Planet Long Beach CA	https://www.10thplanetjj.com/locations/long-beach-ca/
2399	https	CA	Long Beach	GB Long Beach	https://www.gblongbeach.com
2400	https	CA	Los Alamitos	Conde Koma Brazilian Jiu-Jitsu Academy	https://www.condekomabjj.com
2401	https	CA	Los Angeles	Renzo Gracie Los Angeles	https://renzogracielosangeles.com
2402	https	CA	Los Angeles	GB Northridge	https://www.gbnorthridge.com/
2403	https	CA	Los Angeles	Rey Diogo Brazilian Jiu Jitsu	https://www.reydiogojiujitsu.com/
2404	https	CA	Los Gatos	Xtreme Martial Arts and Fitness Center	https://www.xmagym.com/
2405	https	CA	Manteca	Jg Academy Manteca	https://www.jgacademy.net/manteca
2406	https	CA	Martinez	East Bay Academy Jiu Jitsu	https://www.ebajiujitsu.com/
2407	https	CA	Modesto	Charles Gracie Academy Brazilian Jiu Jitsu Modesto CA	https://graciemodesto.com/
2408	https	CA	Modesto	Gracie Jiu Jitsu Downtown Modesto	https://www.modestobjj.com/
2409	https	CA	Montrose	Tantō Jiujitsu	https://www.tantojiujitsu.com/
2410	https	CA	Moreno Valley	United Brazilian Jiu-Jitsu / BJJ Moreno Valley CA 92557	https://www.unitedbjj.com/#/
2411	https	CA	Morgan Hill	GB Morgan Hill	https://graciebarra.com/morgan-hill-ca/
2412	https	CA	Mountain House	Mtn House Jiu-Jitsu Academy	https://www.graciemh.com/
2413	https	CA	Mt Shasta	Base Camp Brazilian Jiu Jitsu	https://www.basecampbjj.com/
2414	https	CA	Murrieta	10th Planet Jiu JItsu Murrieta	https://www.10thplanetjjmurrieta.com
2415	https	CA	Murrieta	Carlson Gracie Murrieta Temecula Team	https://www.carlsongracietemecula.com
2416	https	CA	Murrieta	Checkmat BJJ Murrieta	https://www.checkmatmurrieta.com/
2417	https	CA	Newport Beach	GB Newport Beach	https://graciebarra.com/newport-beach-ca/
2418	https	CA	Norco	CQuence Jiu Jitsiu	https://www.facebook.com/CQuenceBJJ/
2419	https	CA	Novato	North Bay Jiu Jitsu	https://www.northbayjiujitsu.com/
2420	https	CA	Oakley	Growth Mindset Collective	https://growthmindsetcollective.com
2421	https	CA	Oceanside	10th Planet Oceanside	https://10thplanetoceanside.com
2422	https	CA	Oceanside	760 Jiu-Jitsu / BJJ Oceanside CA 92057	https://760jiujitsu.com/
2423	https	CA	Oceanside	CSG 360 Jiu Jitsu	https://www.csg360jiujitsu.com
2424	https	CA	Oceanside	GB Oceanside	https://graciebarra.com/oceanside-ca/
2425	https	CA	Oceanside	UFC Gym Oceanside	https://www.ufcgym.com/locations/oceanside/
2426	https	CA	Orange	OC Carlson Gracie Jiu Jitsu	https://www.carlsongracieoc.com/
2427	https	CA	Orange	UFC GYM Orange	https://www.ufcgym.com/locations/orange/
2428	https	CA	Oroville	Cultivate Power Fighting Arts	https://cultivatepower.net/
2429	https	CA	Oroville	Oroville Jiu Jitsu Academy	https://orovillejiujitsu.com/
2430	https	CA	Palm Desert	GB Palm Desert	https://graciebarra.com/palm-desert-ca/
2431	https	CA	Palmdale	10th Planet Palmdale	https://10thplanetpalmdale.com/
2432	https	CA	Palo Cedro	Combat Base Shasta/ Mendes Brazilian Jiu-Jitsu	https://www.reddingselfdefense.com/
2433	https	CA	Parlier	Silva BJJ Parlier CA (Aloisio Silva Affiliated Academy)	https://silvabjj.com/
2434	https	CA	Pasadena	Gracie Barra Pasadena	https://graciebarra.com/pasadena-ca/
2435	https	CA	Pasadena	Renzo Gracie Pasadena	https://www.renzograciepasadena.com/
2436	https	CA	Poway	10th Planet Poway Jiu Jitsu	https://www.10thplanetpoway.com/
2437	https	CA	Quincy	Quincy Brazilian JiuJitsu	https://www.facebook.com/p/Quincy-Brazilian-JiuJitsu-100057115883887/
2438	https	CA	Rancho Cucamonga	Javier Vazquez Jiu Jitsu Rancho / BJJ Rancho Cucamonga CA 91730	https://www.jiujitsuranchocucamonga.com/
2439	https	CA	Redding	Redding Ju Jitsu Academy Inc	https://www.ajjf.org/
2440	https	CA	Redding	Rice brothers Brazilian Jiu Jitsu	https://ricebrosacademy.com/?fbPAAaank9WRQJ0f5XUCD7nDCT9_YZ7N0FpkVqn-3QxgLos6phsskIp9UrbXTyc_aem_AcxKEC-ea23ShVOKT-p_9ivUHO3QEvIy3wh3A7nmMpplQlDh7ddgoeBgtEJrB7mEiho
2441	https	CA	Redlands	Redlands Jiu Jitsu	https://redlandsbjj.com
2442	https	CA	Rialto	Carlos Alberto's MMA & Fitness Center	https://www.carlosalbertosmma.com/
2443	https	CA	Ripon	Charles Gracie Jiu Jitsu Ripon	https://www.gracieripon.com/
2444	https	CA	Riverside	10th Planet Jiu Jitsu Riverside CA	https://www.10thplanetjjriverside.com/
2445	https	CA	Riverside	Gracie Barra Riverside Brazilian Jiu-Jitsu Martial Arts	https://graciebarra.com/riverside-ca/
2446	https	CA	Rocklin	UFC GYM Rocklin	https://www.ufcgym.com/locations/rocklin/
2447	https	CA	Rohnert Park	GB Rohnert Park	https://graciebarra.com/rohnert-park-ca/
2448	https	CA	Sacramento	10th Planet Sacramento	https://www.10psac.com
2449	https	CA	Sacramento	Capitol Jiu Jitsu	https://www.capitoljiujitsu.com/
2450	https	CA	Sacramento	Logic Jiu Jitsu	https://logicbjj.com
2451	https	CA	Sacramento	UFC GYM Sacramento	https://www.ufcgym.com/locations/sacramento/
2452	https	CA	Sacramento	Urijah Faber's Ultimate Fitness	https://ufultimatefitness.com/
2453	https	CA	San Clemente	GB San Clemente	https://graciebarra.com/san-clemente-ca/
2454	https	CA	San Diego	Alliance San Diego	https://alliancesandiego.com
2455	https	CA	San Diego	Atos	https://atosjiujitsuhq.com
2456	https	CA	San Diego	GB San Diego	https://www.graciebarrasandiego.com/
2457	https	CA	San Diego	Legion AJJ	https://legionsandiego.com
2458	https	CA	San Diego	10th Planet San Diego	https://10thplanetsandiego.com
2459	https	CA	San Diego	GB Sorrento Valley	https://gbsorrentovalleybjj.com/
2460	https	CA	San Francisco	BJJ at 11th Street Dojo by Nayo Fauntes (Clois Silva)	https://www.11thstreetdojo.com/aikido-1
2461	https	CA	San Francisco	Romulo Melo Brazilian Jiu-Jitsu	https://romulomelobjj.com/
2462	https	CA	San Jose	American Kickboxing Academy	https://www.americankickboxingacademy.com/
2463	https	CA	San Jose	Guerrilla Jiu-Jitsu Martial Arts Academy	https://www.guerrillajiujitsu.com/
2464	https	CA	San Mateo	Charles Gracie San Mateo Academy	https://www.graciesm.com/
2465	https	CA	San Pedro	San Pedro Fight Club/ Ribeiro Jiu-Jitsu San Pedro	https://www.facebook.com/ribeirojjsanpedro/
2466	https	CA	San Ysidro	GB San Ysidro	https://graciebarra.com/san-ysidro-ca/
2467	https	CA	Santa Ana	GB Santa Ana	https://graciebarra.com/santa-ana-ca
2468	https	CA	Santa Barbara	10th Planet Santa Barbara	https://www.10thplanetsantabarbara.com/
2469	https	CA	Santa Barbara	Paragon Academy Jiu Jitsu-Boxing-Kickboxing Gym	https://www.paragonbjj.com/
2470	https	CA	Santa Clarita	GB Santa Clarita	https://gbvalencia.com/
2471	https	CA	Santa Clarita	Honor Roll Brazilian Jiu-Jitsu / BJJ Santa Clarita CA 91350	https://www.honorrollbjj.com/
2472	https	CA	Santa Clarita	Ultra Brazilian Jiu-Jitsu & Mixed Martial Arts Santa Clarita	https://ultrabrazilianjiujitsusantaclarita.business.site/
2473	https	CA	Santa Fe Springs	New Breed Mixed Martial Arts & Fitness	https://newbreedacademy.com/
2474	https	CA	Santa Maria	Santa Maria Brazilian Jiu JITSU	https://www.smbjj.com
2475	https	CA	Santa Rosa	GB Santa Rosa	https://graciebarra.com/santa-rosa-ca/
2476	https	CA	Santa Rosa	NorCal Fighting Alliance	https://www.norcalfighting.com
2477	https	CA	Santa Rosa	Ringtime Fitness	https://ringtimefitness.com/
2478	https	CA	Sherman Oaks	Valley Martial Arts Center	https://www.valleymac.com/
2479	https	CA	Signal Hill	Brazilian Top Team Long Beach	https://www.bttlongbeach.com/
2480	https	CA	Signal Hill	Checkmat	https://checkmatjiujitsusignalhill.com/
2481	https	CA	Simi Valley	GB Simi Valley	https://graciebarra.com/simi-valley-ca/
2482	https	CA	South Gate	Connect Brazilian Jiu Jitsu	https://www.connectbjj.com/
2483	https	CA	Stockton	Stockton Jiu-Jitsu Academy	https://stocktonjiujitsuvalleyfit.com/
2484	https	CA	Studio City	Gracie Barra Studio City	https://gbstudiocity.com
2485	https	CA	Suisun	Train 4 Life	https://www.train4life.info
2486	https	CA	Temecula	Lohaki Jiu Jitsu	https://www.lokahijiujitsu.com/
2487	https	CA	Thousand Oaks	10th Planet Thousand Oaks	https://www.10thplanetthousandoaks.com/
2488	https	CA	Thousand Oaks	GB Thousand Oaks	https://graciebarra.com/newbury-park-ca/
2489	https	CA	Torrance	Golden State BJJ	https://www.goldenstatebjj.com
2490	https	CA	Torrance	UFC GYM Torrance	https://www.ufcgym.com/locations/torrance/
2491	https	CA	Tracy	JG Academy - Jiu Jitsu & Fitness	https://www.jgacademy.net/tracy
2492	https	CA	Truckee	Elevated Academy of Martial Arts	https://www.elevatedbjj.com/
2493	https	CA	Tustin	Total MMA Studios	https://www.totalmmastudios.com/
2494	https	CA	Ukiah	Mendo Training Center	https://www.mendomma.com/mendommacom
2495	https	CA	Upland	Braga Jiu-Jitsu	https://braga-jiu-jitsu.business.site/
2496	https	CA	Upland	GB Upland	https://www.gbupland.com
2497	https	CA	Valencia	Julio Juarez Brazilian Jiu-Jitsu	https://www.jjbjjsc.com/
2498	https	CA	Ventura	10th Planet Jiu Jitsu Ventura / BJJ Ventura CA 93001	https://10thplanetventura.com/
2499	https	CA	Ventura	Morumbi Jiu Jitsu & Fitness Academy - Ventura	https://www.morumbijiujitsuacademy.com/
2500	https	CA	Ventura	Paragon BJJ	https://www.paragonbjjventura.com
2501	https	CA	Visalia	Resilience Brazilian Jiu-Jitsu Academy	https://www.facebook.com/resiliencebrazilianjiujitsu/
2502	https	CA	Visalia	Trifecta MMA/BJJ	https://trifecta-mmabjj.maonrails.com/
2503	https	CA	Vista	North Coast Jiu Jitsu / Jiu Jitsu Vista CA 92084	https://northcoastjj.com/
2504	https	CA	West Covina	GB West Covina	https://graciebarra.com/west-covina-ca/
2505	https	CA	West Covina	Untamed Jiu-Jitsu	https://www.untamedbjj.com/
2506	https	CA	West Lancaster	GB West Lancaster	https://graciebarra.com/lancaster-ca/
2507	https	CA	Westlake Village	Osvaldvo Alves Jiu-Jitsu Academy	https://www.osvaldoalvesbjjsocal.com/
2508	https	CA	Whittier	10th Planet Whittier	https://www.join10pwhittier.com/
2509	https	CA	Whittier	GB Whittier	https://www.gbwhittier.com
2510	https	CA	Whittier	GIT Right Sports Performance & MMA (Ralph Gracie Whittier)	https://gitrightspf.com/wcs3_class/mma/
2511	https	CA	Wildomar	Carlson Gracie Inland Valley	https://jiujitsuwildomar.com/
2512	https	CA	Willows	Willows Jiu Jitsu & MMA	https://www.willowsjiujitsumma.com/
2513	https	CA	Woodland Hills	Jean Jacques Machado Brazilian Jiu Jitsu Academy	https://www.jeanjacquesmachado.com
2514	https	CA	Yorba Linda	GB Yorba Linda	https://gbyorbalinda.com/
2515	https	CA	Yuba City	Ground-Up Brazilian Jiu-Jitsu Academy, LLC	https://www.gubjja.com/
2516	https	CA	Yuba City	NorCal Fitness Co-op	https://norcalfitness.net/
2517	https	CA	Yuba City	GB Yuba City	https://graciebarra.com/yuba-city-ca/
2518	https	CO	Aurora	Portela Brazilian Jiu-Jitsu	https://www.portelabjjaurora.com
2519	https	CO	Brighton	Vibrant Jiu Jitsu	https://vibrantjj.com
2520	https	CO	Castle Rock	Bom Jitsu Brazilian Jiu Jitsu	https://bomjitsu.com
2521	https	CO	Castle Rock	GB Castle Rock	https://www.gbcastlerock.com
2522	https	CO	Castle Rock	Matrix Martial Arts	https://www.matrixcastlerock.com
2523	https	CO	Centennial	Busy Brazilian Jiu-Jitsu & Fitness	https://www.busybjj.com
2524	https	CO	Centennial	Easton Training Center Centennial	https://eastonbjj.com/centennial
2525	https	CO	Centennial	GB Centennial	https://gbcentennial.com
2526	https	CO	Colorado Springs	Colorado Springs Brazilian Jiu Jitsu	https://csbjj.com
2527	https	CO	Colorado Springs	Iron Roots Brazilian Jiu Jitsu	https://ironrootsbjj.com
2528	https	CO	Colorado Springs	Kraken Brazilian Jiu-Jitsu & Fitness	https://bjjkraken.com
2529	https	CO	Colorado Springs	Team Chaotic Combat Sports and Fitness	https://m.facebook.com/TeamChaoticCombatSports
2530	https	CO	Colorado Springs	Warrior Fitness Center	https://www.cowarrior.com
2531	https	CO	Colorado Springs	Wilson Bros. Grappling	https://www.wilsonbrosgrappling.com
2532	https	CO	Denver	10th Planet Denver	https://10thplanetjiujitsu.com/denver
2533	https	CO	Denver	Denver Jiu Jitsu - Rodrigo Salazar Team	https://www.denverjiujitsu.com
2534	https	CO	Denver	Easton BJJ Lowry	https://eastonbjj.com/lowry
2535	https	CO	Denver	Edge MMA and Fitness	https://www.facebook.com/teamedgemma
2536	https	CO	Denver	Fusion Combat Training Center	https://www.selfdefensedenver.com
2537	https	CO	Denver	Gracie Barra Denver Jiu-Jitsu	https://gbdenver.com
2538	https	CO	Fort Collins	Groundwork BJJ	https://groundworkbjj.com
2539	https	CO	Fort Collins	Inspire Brazilian Jiu Jitsu Academy	https://www.inspirebjj.com
2540	https	CO	Grand Junction	Golden Fights MMA Gym	https://cagewarsnow.com
2541	https	CO	Grand Junction	Grand Valley Brazilian Jiu Jitsu	https://grandvalleybjj.com
2542	https	CO	Greeley	The Farm BJJ	https://thefarmbjj.com
2543	https	CO	Greeley	Renegade BJJ and MMA	https://www.facebook.com/Rbjjmma
2544	https	CO	Lafayette	Chroma Jiu-Jitsu	https://chromajiujitsu.com
2545	https	CO	Lakewood	Mile High Gracie Jiu-Jitsu	https://www.milehighgraciejiujitsu.com
2546	https	CO	Littleton	Katharo Training Center - Jiu-Jitsu and Fitness	https://katharotrainingcenter.com
2547	https	CO	Longmont	Easton BJJ Longmont	https://eastonbjj.com/longmont
2548	https	CO	Louisville	Leverage Jiu Jitsu Colorado	https://leveragejiujitsuco.com
2549	https	CO	Loveland	Catalyst BJJ	https://catalystbjj.com
2550	https	CO	Parker	GB Parker	https://www.parkergb.com
2551	https	CO	Parker	Parker Academy of Martial Arts	https://kicksrus.com/pama-home/
2552	https	CO	Peyton	Combative Fighting Systems Brazilian Jiu Jitsu	https://cfsfalcon.com
2553	https	CO	Pueblo	Childress Brazilian Jiu-Jitsu	https://www.childressbjj.com
2554	https	CO	Pueblo	Gracie Barra Pueblo	https://graciebarra.com/co-pueblo
2555	https	CO	Pueblo	Pacific Warrior MMA - BJJ with Coach Kyle Hagen	https://coachkylehagen.wordpress.com
2556	https	CO	Steamboat Springs	Steamboat Springs BJJ	https://steamboatbjj.com
2557	https	CO	Westminster	303 Training Center	https://www.303trainingcenter.com
2558	https	CO	Westminster	FusBoxe Sambo 1 Martial Arts	https://fusboxesambo1.business.site
2559	https	CO	Wheat Ridge	Easton BJJ Arvada	https://eastonbjj.com/arvada
2560	https	CT	Bethel	Caio Magalhaes Brazilian Jiu-Jitsu & Self Defense	https://caiomagalhaes-brazilian-jiu-jitsu-self-defense.negocio.site/
2561	https	CT	Bethel	Teixeira MMA & Fitness	https://www.teixeirammaandfitness.com/
2562	https	CT	Colchester	360 Defense Martial Arts Colchester CT	https://www.facebook.com/ABDColchesterCT/
2563	https	CT	Danielson	Squared Brazilian Jiu-Jitsu Danielson, CT	https://www.facebook.com/Squaredbjjdanielsonct/
2564	https	CT	Enfield	Royce Gracie Jiu Jitsu	https://www.gracieenfield.com/
2565	https	CT	Fairfield	Gracie Sports Brazilian Jiu-Jitsu Fairfield	https://graciesportsusa.com/
2566	https	CT	Groton	Gabrieles Martial Arts - Groton, CT	https://gabrielesmartialarts.com/
2567	https	CT	Milford	Bagwell Academy of Martial Arts	https://bagwellacademy.com/
2568	https	CT	New London	Whaling City Athletic Club	https://www.whalingcityathletics.com/
2569	https	CT	North Branford	CT Krav Maga & MMA	https://www.ctkravmagamma.com/
2570	https	CT	Northford	Tom Smith's Forge Martial Arts Academy	https://www.forgeacademyct.com/
2571	https	CT	Norwich	360 Defense Martial Arts (Macarra BJJ Affiliated Academy)	https://www.360defensemartialarts.com/
2572	https	CT	South Windsor	Kobukai Jujitsu - South Windsor	https://www.ctjujitsu.com/
2573	https	CT	Southington	UFC GYM Southington	https://www.ufcgym.com/locations/southington/
2574	https	CT	Stamford	Tiger Schulmann's Martial Arts Stamford CT	https://tsk.com/locations/ct/stamford/
2575	https	CT	Waterbury	IMB Academy CT	https://jessymiele.wixsite.com/imbct/
2576	https	DC	Washington	Highstyle Jiu-Jitsu	https://highstylejiujitsu.com
2577	https	DC	Washington	Vortex Jiu-Jitsu	https://vortexjiujitsu.com
2578	https	FL	Altamonte Springs	United Legion Brazilian Jiu-Jitsu	https://unitedlegionbjj.com/
2579	https	FL	Boca Raton	10th Planet Boca Raton	https://10thplanetboca.com/
2580	https	FL	Boca Raton	Gracie Barra Brazilian Jiu-Jitsu Boca Raton	https://gbbocaraton.com/
2581	https	FL	Boynton Beach	GB Boynton Beach	https://sbgboyntonbeach.com/
2582	https	FL	Bradenton	Bradenton BJJ	https://bradentonbjj.com
2583	https	FL	Brandon	GB Brandon	https://www.graciebarrabrandon.com/
2584	https	FL	Cape Coral	Black Tie Brazilian Jiu Jitsu	https://blacktiebrazilianjiu-jitsu.com/
2585	https	FL	Celebration	GB Celebration	https://www.gbcelebration.com
2586	https	FL	Clearwater	Gracie Barra Clearwater	https://gbclearwater.com/
2587	https	FL	Clermont	GB Clermont	https://graciebarra.com/clermont-fl/
2588	https	FL	Cocoa Beach	Cocoa Beach Fight Club BJJ & Fitness	https://cocoa-beach-fight-club-bjj-fitness.business.site/
2589	https	FL	Coral Springs	Alliance Coral Springs	https://alliancecoralsprings.com
2590	https	FL	Coral Springs	Rmbjj Coral Springs / BJJ Coral Springs FL 33065	https://coralspringsbjj.com/
2591	https	FL	Davenport	GB Davenport	https://gbdavenport.com/
2592	https	FL	Davie	American TKA Martial Arts	https://www.americantka.com/
2593	https	FL	Davie	American Top Team Davie	https://www.americantopteam.com/davie/
2594	https	FL	DeLand	Gator Family Brazilian Jiu Jitsu	https://gatorfamilybjj.com
2595	https	FL	DeLand	Warrior Defense Brazilian Jiu Jitsu	https://warriordefense.com/classes-by-reservation
2596	https	FL	Deerfield Beach	GB Deerfield Beach	https://rogergraciedeerfieldbeach.com/
2597	https	FL	Doral	Anta's Fitness & Self Defense	https://www.mindbodyonline.com/explore/locations/anta-s-fitness-and-self-defense
2598	https	FL	Fleming Island	GB Fleming Island	https://graciebarra.com/fleming-island-fl/
2599	https	FL	Fort Lauderdale	A & M Jiu-Jitsu	https://aandmbjj.com
2600	https	FL	Fort Lauderdale	Carbon SG	https://carbonsg.com/
2601	https	FL	Fort Lauderdale	Gracie Barra Fort Lauderdale	https://graciebarra.com/fort-lauderdale-fl/
2602	https	FL	Gainesville	School of Combat Arts	https://schoolofcombatarts.com/
2603	https	FL	Gainesville	Carlson Gracie Jiu Jitsu Gainesville	https://www.carlsongraciegainesville.com/
2604	https	FL	Hollywood	Alliance South Florida Team Rollyson	https://alliancesouthflorida.com/
2605	https	FL	Jacksonville	10th Planet Jiu Jitsu Jacksonville	https://www.10pjax.com/
2606	https	FL	Jacksonville	Jacksonville Gracie Jiu-Jitsu	https://jacksonville-gracie-jiu-jitsu.business.site/
2607	https	FL	Jacksonville	Knuckle Up Martial Arts	https://martialartsjacksonvillefl.com/
2608	https	FL	Jupiter	GB Jupiter	https://graciebarra.com/jupiter-fl/
2609	https	FL	Jupiter	Harmony Martial Arts Center	https://harmonymartialarts.com/
2610	https	FL	Kissimmee	American Top Team Kissimmee - Black Boxx	https://attkissimmee.com/kids-martial-arts-in-person-classes-american-top-team-black-boxx-kissimmee/
2611	https	FL	Lake Worth	Cardona's Brazilian Jiu Jitsu	https://www.cardonasbjj.com/
2612	https	FL	Lake Worth	Renzo Gracie of Lake Worth	https://renzogracielakeworth.com/
2613	https	FL	Lakeland	Fabio Novaes Brazilian Jiu-jitsu Lakeland	https://fabionovaesbjj.com/
2614	https	FL	Lauderhill	UFC GYM Lauderhill	https://www.ufcgym.com/locations/lauderhill/
2615	https	FL	Longwood	GB Seminole	https://graciebarra.com/longwood-fl/
2616	https	FL	Longwood	Relic Jiu Jitsu	https://cp.mystudio.io/t/
2617	https	FL	Lutz	GB Lutz	https://gblutz.com/
2618	https	FL	Lutz	Gracie Wesley Chapel	https://www.graciewesleychapel.com
2619	https	FL	Lutz	Olympus Jiu Jitsu Academy	https://bjjolympus.com/
2620	https	FL	Margate	GB Coral Springs	https://www.graciebarra.com
2621	https	FL	Melbourne	Control Jiu-Jitsu	https://controljiujitsu.com/
2622	https	FL	Miami	10th Planet Miami	https://10thplanetmiami.com/
2623	https	FL	Miami	Fight Sports Miami	https://fightsportsmiami.com/
2624	https	FL	Miami	Vagner Rocha Martial Arts	https://www.vagnerrochamartialarts.com/
2625	https	FL	Miami	Cardoso Jiu Jitsu	https://cardosojiujitsu.com/
2626	https	FL	Miami	First Order of JiuJitsu	https://firstorderjiujitsu.com
2627	https	FL	Miami Beach	5th St. Gym	https://www.5thstreetgym.com/
2628	https	FL	Miramar	START Jiu Jitsu Academy	https://startjiujitsu.com/facilities-pembroke-pines/
2629	https	FL	Naples	Global Brazilian Jiu-Jitsu Naples	https://global1bjj.com
2630	https	FL	Naples	Renzo Gracie Naples	https://renzogracienaples.com
2631	https	FL	Naples	Team Third Law BJJ Naples	https://www.teamthirdlaw.com
2632	https	FL	Naples	Inferno MMA	https://www.mindbodyonline.com/explore/locations/inferno-mixed-martial-arts
2633	https	FL	New Port Richey	Gracie Barra Trinity - Brazilian Jiu-Jitsu & Self Defense	https://www.tampabaymma.com/
2634	https	FL	Ocala	Creed BJJ	https://www.creedbjj.com
2635	https	FL	Ocala	Nogi MMA	https://nogishootbox.com/
2636	https	FL	Ocoee	Jacaré Brazilian Jiu-Jitsu	https://jacaremartialarts.com/
2637	https	FL	Orange Park	Art of War Jiu Jitsu	https://aowjj.com
2638	https	FL	Orlando	Gracie Barra North Orlando	https://www.northorlandobjj.com/
2639	https	FL	Orlando	Guto Campos BJJ	https://gutocamposbjj.com
2640	https	FL	Orlando	Orlando Brazilian Jiu Jitsu	https://www.orlandobjj.com
2641	https	FL	Orlando	Championship Martial Arts/ Spartan Brazilian Jiu Jitsu	https://www.cmaconway.com/
2642	https	FL	Orlando	Martial Arts Nation Lake Nona BJJ	https://manationlakenona.com
2643	https	FL	Orlando	Renzo Gracie Orlando	https://orlandojiujitsu.com/
2644	https	FL	Orlando	GB Windermere	https://graciebarra.com/windermere-fl/
2645	https	FL	Pace	Pace Gracie Jiu Jitsu Academy	https://pacegjj.com
2646	https	FL	Palm Bay	Vortex Jiu Jitsu Academy	https://vortexbjj.com/
2647	https	FL	Palmetto Bay	GB Palmetto Bay	https://graciebarra.com/palmetto-bay-fl/
2648	https	FL	Panama City Beach	Emerald Coast Jiu Jitsu (Beach Jiu Jitsu)	https://emeraldcoastjiujitsullc.sites.zenplanner.com/calendar.cfm
2649	https	FL	Pensacola	The Academy of Pensacola	https://www.theacademyofpensacola.com/
2650	https	FL	Pinellas Park	Fight Fitness Center (FFC)	https://www.fightfitnesscenter.net/
2651	https	FL	Plant City	Carlson Gracie Plant City	https://www.plantcitybjj.com
2652	https	FL	Ponte Vedra Beach	Ponte Vedra Brazilian Jiu Jitsu	https://pvbjj.com/
2653	https	FL	Riverview	Gracie Brandon Martial Arts BJJ/MMA	https://graciebrandon.com/
2654	https	FL	Rockledge	GB Rockledge	https://graciebarra.com/rockledge-fl/
2655	https	FL	Royal Palm Beach	GB Royal Palm Beach	https://www.gbroyalpalmbeach.com
2656	https	FL	Sarasota	Sarasota BJJ / Ribeiro Jiu Jitsu	https://sarasotabjj.com/
2657	https	FL	Sarasota	Martin Academy of Martial Arts	https://airtable.com/shrYsLfI3VocYXFhF
2658	https	FL	St. Augustine	GB St. Johns	https://www.gbstjohns.com/
2659	https	FL	St. Cloud	New Journey Jiu Jitsu	https://www.newjourneyjj.com
2660	https	FL	St. Petersburg	Gracie Humaita St. Petersburg	https://graciejiujitsustpete.com
2661	https	FL	St. Petersburg	GB St. Petersburg	https://gbstpetersburg.com/
2662	https	FL	Sunrise	Renzo Gracie Academy Florida	https://renzogracieflorida.com/
2663	https	FL	Tallahassee	BlackSmith Jiu Jitsu Florida	https://blacksmithjiujitsu.com/
2664	https	FL	Tallahassee	Positive Balance Brazilian Jiu Jitsu	https://positivebalancegrappling.com/
2665	https	FL	Tampa	Gracie Tampa	https://gracietampa.com/
2666	https	FL	Tampa	Marcio Cruz BJJ	https://marciocruzbjj.com/
2667	https	FL	Tampa	Elevate Martial Arts South Campus (American Top Team affiliate)	https://elevatemartialartstampa.com/adult-bjj-classes-south-tampa/
2668	https	FL	Tampa	GB Citrus Park	https://gbcitrusparktampa.com/
2669	https	FL	Tampa	Gracie PAC MMA	https://msgsndr.com/widget/booking/8L4G6Ygx38eviQU1Xb3E
2670	https	FL	Tampa	Hellman's Mixed Martial Arts	https://hellmansmma.com/
2671	https	FL	Tampa	Martial Arts Advantage South Tampa	https://martialartsadvantage.com/south-tampa-adult-brazilian-jiu-jitsu-classes-martial-arts-advantage/
2672	https	FL	West Palm Beach	10th Planet Palm Beach at AOP MMA (West Palm Beach)	https://www.vagaro.com/aopmma
2673	https	FL	West Palm Beach	American Top Team West Palm Beach	https://attwpb.squarespace.com/
2674	https	FL	Weston	GB Weston	https://www.graciebarraweston.com
2675	https	FL	Winter Springs	UFC GYM Winter Springs	https://www.ufcgym.com/locations/winter-springs/
2676	https	GA	Alpharetta	Union Team BJJ	https://unionteambjj.com
2677	https	GA	Alpharetta	Tiger Academy of Martial Arts	https://tigeracademy.com/
2678	https	GA	Athens	Athens BJJ	https://athensbjj.com
2679	https	GA	Athens	East Athens Jiu Jitsu	https://eastathensjiujitsu.com/
2680	https	GA	Athens	X3 Sports - Athens	https://x3sports.com/sign-up-for-a-free-class/
2681	https	GA	Atlanta	Straight Blast Gym Atlanta BJJ	https://sbgatlanta.com/locations/sbg-atlanta/
2682	https	GA	Atlanta	Ranieri Paiva Jiu-Jitsu Academy	https://www.atlbjj.com/
2683	https	GA	Atlanta	Atlanta Kick	https://atlantakick.com/try-free-class
2684	https	GA	Atlanta	Buckhead Jiu-Jitsu	https://www.buckheadjj.com/
2685	https	GA	Atlanta	Evolution X Martial Arts and Fitness	https://evolutionxma.com/try-a-drop-in-class/
2686	https	GA	Augusta	Greubel's Mixed Martial Arts	https://www.greubelsmma.com/
2687	https	GA	Augusta	Terra Guerra Jiu Jitsu	https://www.terraguerrajj.com/
2688	https	GA	Baxley	Southeast Jiu Jitsu	https://www.facebook.com/southeastjiujitsu/
2689	https	GA	Blackshear	Iron Forge Jiu Jitsu	https://www.facebook.com/IronForgeJiuJitsu/
2690	https	GA	Blue Ridge	Gracie Barra Blue Ridge	https://graciebarra.com/blue-ridge-ga/
2691	https	GA	Bonaire	Miller Martial Arts (American Top Team Warner Robins)	https://millermartialarts.us
2692	https	GA	Brookhaven	Buckhead Fight Club	https://www.buckheadfightclub.com/
2693	https	GA	Brunswick	Devine Jiu Jitsu - Brunswick	https://www.devinejiujitsu.com/schools/brunswick/
2694	https	GA	Buford	Straight Blast Gym Buford	https://sbgatlanta.com/locations/sbg-buford/
2695	https	GA	Buford	Underground Martial Arts & Fitness LLC	https://www.ukamartialarts.com/
2696	https	GA	Byron	Burton Brazilian Jiu Jitsu	https://www.burtonbrazilianjiujitsu.com/
2697	https	GA	Chamblee	Team Octopus Chamblee	https://mmaatl.com/get-started/
2698	https	GA	Cumming	Ascension Mixed Martial Arts (Cumming)	https://ascensionmma.com/
2699	https	GA	Cumming	GB South Forsyth	https://graciebarra.com/cumming-ga/
2700	https	GA	Dacula	Alex Daltro Jiu-Jitsu	https://www.facebook.com/Alexdaltrojiujitsu-104683961825611
2701	https	GA	Dalton	G1 Martial Arts, Krav Maga, & Brazilian Jiu Jitsu	https://www.g1martialarts.com/
2702	https	GA	Decatur	Tsunami MMA	https://www.tsunamimma.co/
2703	https	GA	Ellijay	GB Ellijay	https://graciebarra.com/ellijay-ga/
2704	https	GA	Griffin	Wolfhunter Jiu Jitsu Club	https://wolfhunterjjc.com
2705	https	GA	Griffin	Anchor Jiu Jitsu & Fitness	https://anchorjiujitsu.com/
2706	https	GA	Hahira	Ohana Jiu-Jitsu	https://ohanajiu-jitsu.com/
2707	https	GA	Hiram	Rolling Panda Brazilian Jiu Jitsu	https://www.rollingpandabjj.com
2708	https	GA	Johns Creek	SPARTAK Atlanta - Judo, BJJ, and Fitness	https://www.spartakatl.com/
2709	https	GA	Jonesboro	X3 Sports - North Marietta	https://x3sports.com/sign-up-for-a-free-class/
2710	https	GA	Kathleen	Southpaw Fitness	https://www.southpawfitness.com/
2711	https	GA	Kennesaw	Rise Up BJJ	https://www.riseupbjj.com/
2712	https	GA	Lawrenceville	Monsuta Jiu-Jitsu Academy	https://monsuta-jiu-jitsu-academy.business.site/
2713	https	GA	Lawrenceville	GB Lawrenceville	https://graciebarra.com/lawrenceville-ga/
2714	https	GA	Lawrenceville	American Top Team of Gwinnett	https://attofgwinnett.com/
2715	https	GA	Marietta	Kenny Kim BJJ	https://kennykimbjj.com/
2716	https	GA	McDonough	Smith Brazilian Jiu-Jitsu	https://www.smithbjj.com/
2717	https	GA	Newnan	Independent MMA & Fitness of Newnan	https://independentmmafitness-newnan.com/
2718	https	GA	Newnan	Gracie Jiu-Jitsu Newnan	https://www.gracienewnan.com/
2719	https	GA	Norcross	Diego Saraiva BJJ - Nova Uniao Atlanta GA	https://saraivabjj.com/
2720	https	GA	Norcross	Nucleus Brazilian Jiu Jitsu	https://nucleusbjj.com
2721	https	GA	Richmond Hill	Alliance Richmond Hill Brazilian Jiu Jitsu	https://www.facebook.com/Alliance-Savannah-Richmond-Hill-Brazilian-Jiu-Jitsu-345133652772330/
2722	https	GA	Rincon	KravHIIT Martial Arts & Fitness Academy	https://kravhiit.us/
2723	https	GA	Rome	Scramble Brazilian Jiu Jitsu and Wrestling	https://scramblebrazilianjiujitsuandwrestling.blogspot.com/
2724	https	GA	Roswell	Diego Saraiva BJJ - Roswell/Crabapple GA	https://saraivabjjroswell.com/
2725	https	GA	Savannah	Gracie Jiu-Jitsu Savannah	https://www.gjjsav.com
2726	https	GA	Savannah	Constant Expansion Jiu Jitsu / MMA	https://www.10psav.com
2727	https	GA	Smyrna	Jinsendo Martial Arts	https://www.jinsendo.com/
2728	https	GA	Snellville	Helix Brazilian Jiu-Jitsu	https://www.facebook.com/helixbjj/
2729	https	GA	Stone Mountain	Elite Academy of Martial Arts	https://eliteacademyofmartialarts.com/
2730	https	GA	Sugar Hill	Kyle Fogel Brazilian Jiu Jitsu	https://sugarhillbjj.com/
2731	https	GA	Suwanee	Creighton MMA & Fitness Academy	https://paulcreighton.com/
2732	https	GA	Villa Rica	Proboxing, MMA Villa Rica	https://ifa-fitnessclass.business.site/
2733	https	GA	Woodstock	ATL Fitness 24/7 Woodstock	https://www.mindbodyonline.com/explore/locations/tapout-fitness-woodstock
2734	https	HI	Aiea	CJJF Central	https://cjjfcentral.com
2735	https	HI	Aiea	O2 Martial Arts Academy	https://onzuka.com/o2maaweb/
2736	https	HI	Ewa Beach	Island Jiu Jitsu West	https://www.islandjiujitsuwest.com
2737	https	HI	Haiku	Maui Jiu-Jitsu Academy	https://mauijiujitsu.com
2738	https	HI	Hilo	UFC GYM Hilo	https://www.ufcgym.com/locations/hilo
2739	https	HI	Honolulu	Caveirinha Jiu-Jitsu Family Hawaii Kai	https://www.cjjfhawaii.com
2740	https	HI	Honolulu	Gracie Allegiance Honolulu	https://honolulubjj.com
2741	https	HI	Honolulu	Gracie Barra Aloha Stadium	https://graciebarra.com/honolulu-hi
2742	https	HI	Honolulu	HNL Jiu Jitsu Academy	https://www.hnljiujitsuacademy.com
2743	https	HI	Honolulu	Island Jiu-Jitsu	https://www.islandjiujitsu.com
2744	https	HI	Honolulu	Kansept Academy	https://kanseptacademy.com
2745	https	HI	Honolulu	Mano Jiu Jitsu	https://www.manojiujitsu.com
2746	https	HI	Honolulu	Relson Gracie Jiu-Jitsu Ronn Shiraki Academy	https://www.ronnshiraki.com
2747	https	HI	Honolulu	Relson Gracie Jiu-Jitsu Team HK	https://www.graciehonolulu.com
2748	https	HI	Honolulu	Sapateiro Jiu Jitsu Academy	https://www.oahubjj.com
2749	https	HI	Honolulu	Technics Jiu-Jitsu Academy	https://www.gracietechnics.com
2750	https	HI	Kahului	Maui Grappling Academy	https://mauigrapplingacademy.com
2751	https	HI	Kailua	Gracie Jiu Jitsu Kailua	https://graciejiujitsukailua.com
2752	https	HI	Kailua	Masters Martial Arts School	https://mastersmartialartsschool.com
2753	https	HI	Kailua-Kona	Exodus Martial Arts Academy	https://exodusmaahawaii.squarespace.com
2754	https	HI	Kailua-Kona	Foundation BJJ	https://www.foundationbjj.net
2755	https	HI	Kailua-Kona	The Process Martial Arts Academy	https://www.theprocessmartialarts.com
2756	https	HI	Kaneohe	Hawaii Jiu Jitsu Lab	https://hawaiijiujitsulab.com
2757	https	HI	Kaneohe	K-Team Martial Arts	https://k-team-martial-arts.com
2758	https	HI	Kapaa	Bragiao BJJ MMA	https://www.mmaonkauai.com
2759	https	HI	Kapolei	Gracie Barra Kapolei	https://graciebarra.com/kapolei-hi
2760	https	HI	Kapolei	TRXTR Studio	https://bjjkapolei.com
2761	https	HI	Keaau	House of Alameda Jiu Jitsu	https://alamedajj.com
2762	https	HI	Kihei	Ohana Jiu Jitsu Academy	https://www.ohanajiujitsumaui.com
2763	https	HI	Lihue	Lions BJJ Kauai	https://kauaibjj.com
2764	https	HI	Pearl City	United BJJ Hawaii	https://unitedbjjhawaii.com
2765	https	HI	Wahiawa	Central Oahu Jiu-Jitsu Academy	https://www.graciehi.com
2766	https	HI	Wahiawa	Mad Tiger Academy	https://www.madtigerbjj.com
2767	https	HI	Wailuku	Maui Kombat Academy	https://www.mauikombatacademy.com
2768	https	HI	Wailuku	United Team Maui	https://bjjwailuku.com
2769	https	HI	Waimea	West Kauai Jiu-Jitsu	https://www.westkauaijiujitsu.com
2770	https	IA	Ames	Alliance Ames Brazilian JiuJitsu	https://amesbrazilianjiu-jitsu.com
2771	https	IA	Ankeny	Elite Edge Gym Ankeny	https://eliteedgegym.com
2772	https	IA	Bettendorf	Breaking Point Jiu-Jitsu Bettendorf	https://breakingpointbjj.com
2773	https	IA	Burlington	Kutting Edge Jiu-Jitsu Academy	https://www.kuttingedgejiujitsuacademy.com
2774	https	IA	Cedar Rapids	Hard Drive Performance Center	https://harddriveperformance.com
2775	https	IA	Cedar Rapids	Mission Athletics	https://www.missionathletics.com
2776	https	IA	Cedar Rapids	Tipping Point Brazilian Jiu Jitsu	https://www.tippingpointbjj.com
2777	https	IA	Clinton	Iowa Top Team Boxing & Jiu-Jitsu	https://www.iowatopteam.com
2778	https	IA	Clive	Precision Submission Grappling	https://www.precisionsubmissiongrappling.com
2779	https	IA	Coralville	Ascent Jiu Jitsu	https://ascent-jiujitsu.com
2780	https	IA	Council Bluffs	CBBJJ	https://www.cbbjj.com
2781	https	IA	Council Bluffs	Gracie Jiu-Jitsu Council Bluffs	https://graciecb.com
2782	https	IA	Davenport	Breaking Point Jiu-Jitsu Davenport	https://breakingpointbjj.com
2783	https	IA	Davenport	Tarpein's Dojo	https://tarpeinsdojo.com
2784	https	IA	Decorah	Decorah Martial Arts	https://www.decorahmartialarts.com
2785	https	IA	Des Moines	Des Moines Jiu-Jitsu Academy	https://iowabjj.com
2786	https	IA	Des Moines	Renzo Gracie Des Moines	https://renzograciedesmoines.com
2787	https	IA	Dubuque	Dubuque Jiu-Jitsu	https://dubuquebjj.com
2788	https	IA	Fort Dodge	Faiferlick Martial Arts	https://fortdodgemartialarts.com
2789	https	IA	Fort Dodge	Southside Martial Arts	https://southsidemartialarts.com
2790	https	IA	Fort Madison	Olive Branch Jiu Jitsu	https://olivebranchjj.com
2791	https	IA	Iowa City	Iowa City BJJ	https://iowacitybjj.com
2792	https	IA	Iowa City	Arroyo Grappling Academy	https://arroyograppling.com
2793	https	IA	Iowa City	Citadel BJJ	https://bjjiniowacity.com
2794	https	IA	Marshalltown	Zura Jiu-Jitsu	https://www.zurajiujitsu.com
2795	https	IA	Mason City	The Flow Institute Mason City	https://tfiexperience.com/mason-city
2796	https	IA	Mason City	Tsunami Flow Jiu Jitsu	https://www.tsunamiflowjiujitsu.com
2797	https	IA	Ottumwa	Guardian Jiujitsu & Judo	https://www.guardianjj.com
2798	https	IA	Pella	Triumph Martial Arts Pella	https://triumphma.com/location/pella-ia
2799	https	IA	Sioux City	Jiu-Jitsu Unlimited	https://jjxkbultd.com
2800	https	IA	Sioux City	One Combat Academy	https://fourseasonshealthclub.com/one-combat-academy/
2801	https	IA	Urbandale	No Coast Brazilian Jiu Jitsu	https://waukeemartialarts.com
2802	https	IA	Urbandale	Triumph Martial Arts	https://triumphma.com
2803	https	IA	Waterloo	Cedar Valley Jiu Jitsu	https://cv-bjj.com
2804	https	ID	Blackfoot	Blackfoot Jiu Jitsu and Fitness	https://blackfootjiujitsu.com
2805	https	ID	Boise	Elite Jiu-Jitsu Academy	https://elitejiujitsu.com
2806	https	ID	Boise	Alliance Jiu Jitsu East Boise	https://www.allianceboise.org
2807	https	ID	Boise	Brave BJJ Boise	https://www.brave-bjj.com
2808	https	ID	Boise	Gracie Barra South Boise	https://gbsouthboise.com
2809	https	ID	Boise	Gracie Barra Southeast Boise	https://gbsoutheastboise.com
2810	https	ID	Boise	SBG Idaho	https://sbgidaho.com
2811	https	ID	Boise	Self Reliant Jiu Jitsu	https://www.selfreliantjiujitsu.com
2812	https	ID	Boise	The PIT Idaho	https://www.thepitidaho.com
2813	https	ID	Caldwell	Gracie Barra Caldwell	https://graciebarra.com/id-caldwell
2814	https	ID	Caldwell	Idahome Jiu-Jitsu	https://idahomejiujitsu.com
2815	https	ID	Caldwell	Studio 671 Jiu Jitsu	https://studio671jiujitsu.com
2816	https	ID	Coeur d'Alene	BPi Fighting Systems	https://www.bpifight.com
2817	https	ID	Dalton Gardens	CDA Jiu-Jitsu	https://cdajiujitsu.com
2818	https	ID	Driggs	SBG Teton Valley	https://www.sbgtetonvalley.com
2819	https	ID	Eagle	Alliance Jiu Jitsu Eagle	https://www.allianceboise.org
2820	https	ID	Eagle	Battles Jiu Jitsu	https://www.battlesjiujitsu.com
2821	https	ID	Garden City	Gracie Barra Boise	https://graciebarra.com/boise-id
2822	https	ID	Hailey	Jiu-Jitsu 100 Academy	https://jiujitsu100.com
2823	https	ID	Hayden	Gracie Barra Hayden	https://www.gbhayden.com
2824	https	ID	Idaho Falls	SOMA Jiu-Jitsu Academy Idaho Falls	https://www.idahofallsbjj.com
2825	https	ID	Idaho Falls	Vibe Jiu Jitsu & Grappling Arts	https://www.vibejiujitsu.com
2826	https	ID	Kootenai	Gracie Jiu-Jitsu Sandpoint	https://graciesandpoint.com
2827	https	ID	Kuna	Gem State Jiu Jitsu	https://gemstatejiujitsu.com
2828	https	ID	Lewiston	Arnett's Martial Arts America	https://martialartsamericaid.com
2829	https	ID	Meridian	Atlas Jiu Jitsu	https://atlas-jiujitsu.com
2830	https	ID	Meridian	Gracie Barra Meridian	https://graciebarrameridian.com
2831	https	ID	Meridian	JG Academy Meridian	https://www.jgacademy.net/meridian
2832	https	ID	Meridian	System Jiu-Jitsu	https://systemjiujitsu.com
2833	https	ID	Meridian	Team Rhino Gracie Jiu-Jitsu	https://teamrhinoidaho.com
2834	https	ID	Meridian	The Base Jiu Jitsu Boise	https://jiujitsuboise.com
2835	https	ID	Moscow	Casa De Fera Jiu Jitsu	https://cdfjiujitsu.com
2836	https	ID	Moscow	V7 Martial Arts	https://v7martialarts.com
2837	https	ID	Mountain Home	Vital Brothers Brazilian Jiu Jitsu Mountain Home	https://vitalbrazilianjiujitsu.com
2838	https	ID	Nampa	208 Jiu Jitsu Academy	https://www.208jiujitsuacademy.com
2839	https	ID	Nampa	Core Jiu Jitsu	https://corejjidaho.com
2840	https	ID	Pocatello	Colossal Fight Company	https://www.colossalfightcompany.com
2841	https	ID	Pocatello	Pocatello Jiu Jitsu	https://pocatellobjj.com
2842	https	ID	Post Falls	Gracie Jiu-Jitsu Post Falls	https://graciepostfalls.com
2843	https	ID	Rexburg	PAC Jiu-Jitsu	https://pacjiujitsu.com
2844	https	ID	Rexburg	SOMA Jiu-Jitsu Academy Rexburg	https://www.rexburgbjj.com
2845	https	ID	Sandpoint	North Idaho Jiu Jitsu	https://www.northidahojiujitsu.com
2846	https	ID	Star	West Idaho BJJ	https://westidahobjj.com
2847	https	IL	Alton	Alton Family Martial Arts & Fitness	https://www.altonfma.com/
2848	https	IL	Arcola	Parallel Jiu Jitsu	https://parallel-jiu-jitsu.business.site/
2849	https	IL	Arlington Heights	Victory MMA Academy Arlington Heights	https://victorymmaacademy.com/arlington-heights-location/
2850	https	IL	Batavia	Olympus Grappling Arts	https://olympusgrapplingarts.com/
2851	https	IL	Benton	Arsenal Brazilian Jiu Jitsu	https://www.arsenalbjj.com
2852	https	IL	Bloomingdale	Brasa Comprido BJJ	https://compridobjj.com/
2853	https	IL	Bloomington	GB Bloomington	https://www.graciebarrabloomingtonjj.com/
2854	https	IL	Buffalo Grove	Brazilian Black Belt Buffalo Grove	https://brazilianblackbelt.com/buffalo-grove-brazilian-jiu-jitsu
2855	https	IL	Chicago	Grassroots Jiu-Jitsu	https://grassrootsjiujitsu.com
2856	https	IL	Chicago	Molinaro Jiu-Jitsu	https://molinarojiujitsu.com
2857	https	IL	Chicago	North Side Brazilian Jiu Jitsu	https://northsidebjj.com
2858	https	IL	Chicago	Valko Brazilian Jiu-Jitsu Academy	https://valkobjj.com
2859	https	IL	Chicago	GB Chicago West Loop	https://graciebarrachicago.com/
2860	https	IL	Danville	Ryan Thomas Brazilian Jiu Jitsu	https://ryanthomasbjj.com/
2861	https	IL	DeKalb	United Elite Mixed Martial Arts and Fitness	https://www.unitedelitemma.com/
2862	https	IL	Deerfield	GB Deerfield	https://graciebarra.com/deerfield-il/
2863	https	IL	Des Plaines	Gracie Barra Des Plaines	https://graciebarra.com/des-plaines-il/
2864	https	IL	Downers Grove	GB Downers Grove	https://gbdownersgrove.com
2865	https	IL	Elgin	Fusion Academy of Martial Arts	https://fusionacademyofmartialarts.com/
2866	https	IL	Forest Park	Tutaj Brazilian Jiu Jitsu	https://www.tutajbjj.com/
2867	https	IL	Forsyth	Decatur Brazilian Jiu Jitsu	https://www.facebook.com/DecaturBJJ/
2868	https	IL	Libertyville	Black Tiger Martial Arts Academy	https://www.blacktigerfightclub.com/
2869	https	IL	Libertyville	GB Libertyville	https://graciebarra.com/libertyville-il/
2870	https	IL	Libertyville	Northshore Academy of Martial Arts	https://nsama.com/
2871	https	IL	Lisle	GB East Naperville	https://gbeastnaperville.com/
2872	https	IL	Lombard	All Star Jiu Jitsu	https://www.allstarjiujitsu.com/
2873	https	IL	Naperville	UFC GYM Naperville	https://www.ufcgym.com/locations/naperville
2874	https	IL	New Lenox	GB New Lenox	https://graciebarra.com/new-lenox-il/
2875	https	IL	Peru	Rodriguez Brazilian Jiu Jitsu	https://drodriguezbjj.business.site/
2876	https	IL	Rockford	Core Combat Sports	https://coremma.com
2877	https	IL	Springfield	GB Springfield	https://graciebarra.com/springfield-il/
2878	https	IL	Urbana	CU Jiu Jitsu	https://www.cu-bjj.com/
2879	https	IL	Urbana	GB Champaign	https://gbchampaign.com/
2880	https	IL	Willowbrook	Living Art Brazilian Jiu Jitsu	https://livingartbjj.com/
2881	https	IL	Wilmette	Staley Martial Arts / Carlson Gracie North Shore	https://staleymartialarts.com
2882	https	IN	Greenwood	Indiana Brazilian Jiu-Jitsu Academy	https://ibjja.com
2883	https	KS	Andover	Andover Jiu Jitsu	https://andoverjiujitsu.com
2884	https	KS	Arkansas City	Elite Martial Arts Academy	https://elitemartialartsacademyks.com
2885	https	KS	Colby	NWKS Jiu Jitsu Colby	https://nwksjiujitsu.com
2886	https	KS	Derby	Laselva MMA	https://laselvamma.com
2887	https	KS	Dodge City	Dodge City House of Grappling	https://www.dodgecitygrappling.com
2888	https	KS	Emporia	Emporia BJJ	https://emporiabjj.com
2889	https	KS	Goodland	NWKS Jiu Jitsu Goodland	https://nwksjiujitsu.com
2890	https	KS	Great Bend	November Tango BJJ	https://novembertangobjj.com
2891	https	KS	Hays	NWKS Jiu Jitsu Hays	https://nwksjiujitsu.com
2892	https	KS	Hutchinson	Elite Combat Sports Center	https://elitecombatsportscenter.com
2893	https	KS	Junction City	Elite Academy of Martial Arts Junction City	https://eliteacademyma.com
2894	https	KS	Junction City	RS MMA and Fitness	https://rsmartialarts.com
2895	https	KS	Lawrence	Ground Theory Jiu Jitsu	https://www.groundtheoryjiujitsu.com
2896	https	KS	Lawrence	Rivers Brazilian Jiu-Jitsu	https://www.riversjiujitsu.com
2897	https	KS	Lenexa	Brazil Academy USA	https://www.brazilacademyusa.com
2898	https	KS	Lenexa	Chute Boxe KC	https://chuteboxekc.com
2899	https	KS	Manhattan	Combative Sports Center	https://www.cscmhk.com
2900	https	KS	Newton	Chaotic Jiu Jitsu	https://www.chaoticjiujitsu.com
2901	https	KS	Newton	Newton Jiu Jitsu	https://newtonjiujitsu.com
2902	https	KS	Overland Park	E3 Jiu-Jitsu	https://www.e3sf.org
2903	https	KS	Overland Park	Gracie Barra Overland Park	https://gboverlandpark.com
2904	https	KS	Overland Park	Marathon Mixed Martial Arts Academy	https://overlandparkmma.com
2905	https	KS	Overland Park	TMC Brazilian Jiu-Jitsu	https://tmcbjj.com
2906	https	KS	Pittsburg	Arise Brazilian Jiu-Jitsu Academy	https://arisebjj.org
2907	https	KS	Salina	WaveMan Combat Academy	https://wavemanjiujitsu.com
2908	https	KS	Topeka	R.E. Training Center	https://roneyedlerbrazilianjiujitsu.com
2909	https	KS	Wichita	Animal House FC	https://www.animalhousefc.com
2910	https	KS	Wichita	Burns Martial Arts	https://www.burnsmartialarts.com
2911	https	KS	Wichita	Ethos BJJ Wichita	https://ethosjj.com
2912	https	KS	Wichita	Fox Fitness BJJ	https://www.foxfitnessbjj.com
2913	https	KS	Wichita	Immortal MMA	https://www.immortalmmawichita.com
2914	https	KS	Wichita	Prairie Wolfe Jiu Jitsu	https://prairiewolfejiujitsu.com
2915	https	KS	Wichita	Valor Martial Arts	https://www.wichitavalor.com
2916	https	KY	Ashland	Phil Clark's Martial Arts & Relson Gracie Jiu-Jitsu Of KY	https://ashlandtaekwondo.com/
2917	https	KY	Bowling Green	Hicsmma	https://www.hicsmma.com/
2918	https	KY	Bowling Green	Sentou Dojo	https://www.bgdojo.com/
2919	https	KY	Crittenden	BarnYard MMA	https://barnyardmma.com/
2920	https	KY	Elizabethtown	E-town/Bowling Green Clube de Jiu-Jitsu	https://e-townbjj.com/
2921	https	KY	Erlanger	Son Of Siam Martial Arts	https://www.sonofsiam.com
2922	https	KY	Frankfort	Frankfort Martial Arts	https://martialartsky.com/
2923	https	KY	Glasgow	13 Jiu Jitsu	https://www.facebook.com/13JiuJitsu
2924	https	KY	Grand Rivers	Skinner's Martial Arts	https://www.skinnersmartialarts.com/
2925	https	KY	Highland Heights	Club MMA	https://www.club-mma.com/
2926	https	KY	Hopkinsville	Hopkinsville Martial Arts	https://hoptownmartialarts.com/
2927	https	KY	Jeffersontown	Bluegrass Martial Arts	https://bluegrassmartialarts.com/
2928	https	KY	La Grange	Oldham County Martial Arts Academy	https://www.ocmaaky.com
2929	https	KY	Lexington	Lexington Jiu-Jitsu & Fitness	https://lexingtonjiujitsuandfitness.com
2930	https	KY	Lexington	Lexington Academy of Martial Arts - LAMA	https://www.facebook.com/Lexington-Academy-of-Martial-Arts-LAMA-112562654001820/
2931	https	KY	Lexington	Martial Arts USA (Fayette Mall Location)	https://www.martialartslexington.com/contact-us
2932	https	KY	London	United Martial Arts Academy	https://www.kentuckymartialarts.com/
2933	https	KY	Louisville	Derby City MMA	https://derbycitymartialarts.com
2934	https	KY	Louisville	Fight Factory Louisville	https://www.fightfactoryky.com
2935	https	KY	Louisville	Old Louisville Jiu Jitsu Academy	https://www.oldlouisvillejiujitsuacademy.com
2936	https	KY	Louisville	Rough Hands BJJ	https://roughhandsbjj.com
2937	https	KY	Louisville	Area 502 MMA - Carlson Gracie Team	https://area502mma.com/
2938	https	KY	Louisville	Criterion Brazilian Jiu Jitsu of Louisville	https://criterionbjj.com
2939	https	KY	Louisville	Gracie Jiu-Jitsu of Kentucky - Louisville	https://graciekentucky.com/location/louisville-ky/
2940	https	KY	Louisville	MADE Fitness and Training Center	https://www.madelouisville.com/
2941	https	KY	Louisville	Real Fighters Gym, LLC	https://www.realfightersgym.com/
2942	https	KY	Louisville	St. Matthews Martial Arts	https://www.gokempo.com/
2943	https	KY	Louisville	Core Combat Sports Louisville	https://corelouisville.com
2944	https	KY	Maysville	Iron Fist Gym	https://www.facebook.com/pages/Iron-Fist-Gym/197039466976181
2945	https	KY	Maysville	Life's Ultimate Martial Arts Academy	https://www.lumaacademy.net/
2946	https	KY	Newport	Carlson Gracie Northern Kentucky - MMA, Jiu-Jitsu, & Judo	https://www.carlsongracienky.com/
2947	https	KY	Newport	Newport Fitness	https://www.newport-fitness.com/
2948	https	KY	Nicholasville	Reaction MMA	https://www.reactionmma.com
2949	https	KY	Nicholasville	AKF Lexington Martial Arts	https://akflexington.com/
2950	https	KY	Olive Hill	Wilson Fitness & Martial Arts	https://www.facebook.com/wilsonmartial.arts.3/
2951	https	KY	Owensboro	Gracie Owensboro	https://gracieowensboro.com/
2952	https	KY	Paducah	Three Rivers Martial Arts Academy	https://threeriversacademy.com/dev/
2953	https	KY	Paducah	Atmosphere Martial Arts Academy	https://www.atmospheremartialarts.com/
2954	https	KY	Paducah	Elite Martial Arts-Richmond	https://www.elitema.org/
2955	https	KY	Shepherdsville	Apex Martial Arts Academy	https://theapexmaa.com
2956	https	KY	Somerset	East West Karate and BJJ Somerset	https://www.facebook.com/eastwestmartialarts/
2957	https	KY	Somerset	Insight BJJ Somerset KY	https://www.insightbjj-ky.com/
2958	https	KY	Somerset	Somerset Martial Arts Summer Camp & Afterschool	https://somersetmartialartsky.com/
2959	https	KY	Tompkinsville	American Grappling	https://americangrappling.org/
2960	https	KY	Walton	Go Do Ryu Mixed Martial Arts	https://godoryu.com/
2961	https	LA	Baton Rouge	AMP BJJ Baton Rouge	https://ampbjj.com/about-amp-bjj/amp-bjj-baton-rouge/
2962	https	LA	Baton Rouge	Gracie United Baton Rouge - Tiger Bend	https://batonrougejiujitsu.com
2963	https	LA	Baton Rouge	JM Modern Jiu Jitsu	https://www.jmmodernjj.com
2964	https	LA	Baton Rouge	Bayou Jiu Jitsu & Self Defense Baton Rouge	https://bayoujiujitsu.us/
2965	https	LA	Baton Rouge	Kimm's Institute of Self-Defense	https://www.kimmsinstitute.info/
2966	https	LA	Bossier City	Gracie Jiu-Jitsu Shreveport / Bossier City	https://graciesbc.com
2967	https	LA	Bossier City	Bossier Jiu-Jitsu: Louisiana Black Belt Academy	https://bossierjiujitsu.com/
2968	https	LA	Bossier City	Rogue 22 BJJ	https://bookeo.com/rogue22bjj
2969	https	LA	Boutte	Cyclone Brazilian Jiu Jitsu & Combatives	https://cyclonecombatives.com
2970	https	LA	Boutte	Cyclone Brazilian Jiu Jitsu	https://cyclonejj.com/
2971	https	LA	Calhoun	Hero Fitness Academy	https://herofitnessacademy.com/
2972	https	LA	Covington	Gracie United Covington	https://trainbjjnow.com/
2973	https	LA	Covington	Southern Karate Jiu-Jitsu	https://www.facebook.com/SouthernKarate/
2974	https	LA	Denham Springs	Movement Fitness - Watson	https://www.mindbodyonline.com/explore/locations/movement-martial-arts-and-fitness
2975	https	LA	Hammond	Gracie United Hammond	https://trainbjjnow.com/
2976	https	LA	Harvey	Science of Jiu Jitsu Academy	https://scienceofjiujitsu.net
2977	https	LA	Kenner	Yonsei Martial Arts Academy	https://calendly.com/info4yonsei/quick-start
2978	https	LA	Lafayette	Be Jiu Jitsu	https://be-jj.com
2979	https	LA	Lafayette	Team Tooke Mixed Martial Arts Lafayette	https://www.teamtooke.com/
2980	https	LA	Lake Charles	GB Lake Charles	https://gblakecharles.com/
2981	https	LA	Leesville	Gracie United Team Jucao-Leesville	https://gracie-united-team-jucao-leesville.business.site/
2982	https	LA	Metairie	Combat Jujitsu	https://www.combatjujitsu.biz/
2983	https	LA	Monroe	Pinnacle Martial Arts Academy	https://pinnacle-ma.com/
2984	https	LA	Morgan City	Louisiana Black Belt Academy	https://morgancitymartialarts.com/
2985	https	LA	New Orleans	NOLA BJJ (Uptown)	https://nolabjj.com
2986	https	LA	New Orleans	Forever Driven Martial Arts	https://foreverdrivennola.com/
2987	https	LA	New Orleans	Temple Gym NOLA	https://www.templegymnola.com/
2988	https	LA	Opelousas	Team Juggernaut Brazilian Jiu Jitsu & Fitness Academy	https://teamjuggernautbrazilianjiujitsufitness.business.site/
2989	https	LA	Plaquemine	Gracie United Team Jucao Plaquemine	https://www.facebook.com/guplaquemine/
2990	https	LA	Rayne	Studio 334	https://www.facebook.com/studio334la/
2991	https	LA	Slidell	Clementi's Gladiator Academy	https://www.facebook.com/ClementisGladiatorAcademy
2992	https	LA	Sulphur	Olympic Brazilian Jiu Jitsu	https://olympicbjj.org
2993	https	LA	Ville Platte	Inner Game Jiu-Jitsu	https://www.innergamebjj.com
2994	https	LA	Zachary	BJJ Revolution Team - Baton Rouge	https://www.bjjrevolutionteam.com/
2995	https	MA	Boston	Boston Brazilian Jiu Jitsu	https://bostonbjj.com/
2996	https	MA	Boston	Brazilian Top Team Back Bay	https://bttbackbay.co
2997	https	MA	Boston	South Boston BJJ	https://southbostonbjj.com
2998	https	MA	Brookline	Florian Martial Arts Center	https://www.florianmartialartscenter.com
2999	https	MA	Dennis	Sardinha BJJ Cape Cod	https://www.sardinhabjjcapecod.com
3000	https	MA	Falmouth	Daniel Gracie Academy Falmouth	https://daniel-gracie.com/
3001	https	MA	Lowell	Paradigm Brazilian Jiu Jitsu	https://www.theparadigmacademy.com
3002	https	MA	Peabody	Gracie Barra Peabody	https://graciebarrapeabody.com
3003	https	MA	Waltham	Atlas Jiu Jitsu Waltham	https://www.atlasjiujitsu.com/waltham-massachusetts
3004	https	MA	West Springfield	BattleGround Jiu-Jitsu Academy	https://battlegroundjiujitsu.com
3005	https	MA	West Springfield	VACA BJJ & MMA	https://www.vacabjjmma.com
3006	https	MA	Woburn	Boston Brazilian Jiu-Jitsu Woburn	https://bostonbjjwoburn.com
3007	https	MB	Brandon	WAMMA Brandon	https://wammabrandon.com
3008	https	MB	Dauphin	WAMMA Dauphin	https://wamma.site/dauphin
3009	https	MB	Flin Flon	WAMMA Flin Flon	https://wamma.site/flinflon
3010	https	MB	Morden	Precision MMA Morden	https://www.precisionmma.ca
3011	https	MB	Niverville	WAMMA Niverville	https://wammaniverville.ca
3012	https	MB	Selkirk	Iron Image Barbell Club	https://www.ironimage.ca
3013	https	MB	Steinbach	Future MMA	https://futuremma.ca
3014	https	MB	Steinbach	Revelation Martial Arts	https://www.revelationmartialarts.com
3015	https	MB	Thompson	WAMMA Thompson	https://wamma.site/thompson
3016	https	MB	Winkler	RISE Athletics	https://www.riseactive.ca
3017	https	MB	Winnipeg	Balance Jiu Jitsu	https://www.balancebjjwinnipeg.com
3018	https	MB	Winnipeg	Brazil-021 Winnipeg	https://www.brazil021wpg.com
3019	https	MB	Winnipeg	Canadian Fighting Center	https://www.cfcgym.net
3020	https	MB	Winnipeg	Champion Brazilian Jiu-Jitsu & Capoeira	https://beachampion.ca
3021	https	MB	Winnipeg	Gracie Jiu-Jitsu Winnipeg	https://graciejiujitsuwinnipeg.com
3022	https	MB	Winnipeg	Innovative Martial Arts & Fitness	https://winnipegmartialarts.ca
3023	https	MB	Winnipeg	Robert Lee Martial Arts	https://www.robertleema.ca
3024	https	MB	Winnipeg	Socius BJJ	https://www.sociusbjj.com
3025	https	MB	Winnipeg	Thrive Academy	https://thriveacademy.ca
3026	https	MB	Winnipeg	WAMMA NextGen	https://wamma.site
3027	https	MD	Bryans Road	Southern Maryland Martial Arts & Fitness Bryans Road	https://smmafitness.com
3028	https	MD	La Plata	Southern Maryland Martial Arts & Fitness La Plata	https://smmafitness.com
3029	https	ME	Bar Harbor	Bar Harbor Brazilian Jiu Jitsu	https://barharborbjj.com
3030	https	ME	Caribou	Graciefighter Jiu Jitsu	https://graciefightercaribou.com
3031	https	ME	Ellsworth	Acadia Brazilian Jiu-Jitsu	https://acadiabjj.com
3032	https	ME	Ellsworth	Rolls Jiu Jitsu	https://rollsjiujitsumaine.com
3033	https	ME	Farmington	The Foundry Brazilian Jiu Jitsu	https://foundrybjj.com
3034	https	ME	Freeport	Empire Brazilian Jiu Jitsu	https://empirebjjmaine.com
3035	https	ME	Kittery	Port City BJJ	https://portcitybjj.com
3036	https	ME	Oakland	Bearclan Jiujitsu	https://bearclanjiujitsu.com
3037	https	ME	Portland	Stonecoast Brazilian Jiu Jitsu	https://stonecoastbjj.com
3038	https	ME	Rockland	Flow Brazilian Jiu Jitsu	https://flowbrazilianjiujitsu.com
3039	https	ME	Saco	Evolution Athletix	https://evolutionathletix.com
3040	https	ME	South Portland	Gracie Barra South Portland	https://graciebarrasouthportland.com
3041	https	ME	Topsham	Brunswick Martial Arts Academy	https://brunswickmartialarts.com
3042	https	ME	Westbrook	Alexey Pickerell BJJ	https://alexeybjj.com
3043	https	ME	Windham	Gracie Gym Maine	https://graciegymmaine.com
3044	https	ME	Winslow	Huard's Ju-Jitsu & Karate	https://huardsmartialarts.com
3045	https	MI	Alma	Central Michigan Jiu Jitsu Academy	https://centralmichiganjiujitsu.com/
3046	https	MI	Ann Arbor	Final Round Mixed Martial Arts and Fitness	https://www.finalroundtrainingcenter.com/
3047	https	MI	Bay City	Cosens MMA	https://cosensmma.com/
3048	https	MI	Belmont	Kraken Jiu Jitsu BJJ & Self-Defense	https://krakenjj.com/
3049	https	MI	Brighton	Team SFS - Scorpion Fighting System at Michigan Institute of Athletics	https://www.facebook.com/SFSMMA/
3050	https	MI	Burton	GB Burton	https://graciebarra.com/burton-mi/
3051	https	MI	Byron Center	Black Lion Jiu Jitsu Academy	https://www.blacklionjiujitsu.com/
3052	https	MI	Caledonia	Deep Blue Brazilian Jiu Jitsu	https://deep-blue-brazilian-jiu-jitsu.gymdesk.com/signup/i/ARadW
3053	https	MI	Detroit	Detroit Jiu Jitsu	https://detroitjiujitsu.com
3054	https	MI	Detroit	Michigan Top Team	https://michigantopteam.com
3055	https	MI	Detroit	Jabs Gym Eastern Market	https://www.mindbodyonline.com/explore/locations/jabs-gym-eastern-market
3056	https	MI	Edwardsburg	Grapple House BJJ	https://grapplehousebjj.com/
3057	https	MI	Farmington Hills	The Michigan Center for Capoeira	https://www.tmc4c.com/bjjschedule
3058	https	MI	Ferndale	MKG Martial Arts	https://www.boomboxdet.com/
3059	https	MI	Flint	Fight Mechanix Kickboxing & MMA	https://www.fightmechanix.com/
3060	https	MI	Grand Blanc	Cosens Martial Arts Grand Blanc LLC	https://cosensmmagrandblanc.com/
3061	https	MI	Grand Rapids	10th Planet Jiu Jitsu Grand Rapids	https://www.10thplanetgrandrapids.com/
3062	https	MI	Grand Rapids	Octo Alliance Combat Sports	https://octoalliancecombatsports.com/
3063	https	MI	Harbor Springs	Ronin Jiu Jitsu Academy	https://petoskeybjj.com/
3064	https	MI	Lansing	Simmons Academy of Wrestling	https://www.mindbodyonline.com/explore/locations/simmons-academy-of-wrestling
3065	https	MI	Livonia	Ultimate House of Champions	https://ultimate-protector-mixed-martial-arts-academy-house.business.site/
3066	https	MI	Mesick	All Around Fitness and Jiu Jitsu	https://www.facebook.com/Allaround-Gym-Fitness-1535990496691246/
3067	https	MI	Midland	Cosens Martial Arts Midland LLC	https://cosensmmamidland.com/
3068	https	MI	Mt. Pleasant	Cosens Martial Arts Mt. Pleasant LLC	https://cosensmmamtpleasant.com/
3069	https	MI	Novi	Gracie Barra Novi	https://graciebarradetroit.com/
3070	https	MI	Plymouth	Guardian Tactics	https://www.guardianjiujitsu.com/
3071	https	MI	Port Huron	Port Huron Jiu Jitsu Academy	https://www.porthuronbjj.com/
3072	https	MI	Rochester Hills	Bushidokan Martial Arts (BJJ and Aikido)	https://bushidokanmartialarts.com/
3073	https	MI	Romeo	TNT Martial Arts	https://tntmartialarts.com
3074	https	MI	Saginaw	Cosens Martial Arts Saginaw LLC	https://cosensmmasaginaw.com/
3075	https	MI	Shelby Charter Township	Metro Detroit Kudo	https://www.gkadojo.com/
3076	https	MI	Shelby Township	Proving Grounds Jiu Jitsu & MMA	https://provinggroundsjj.com/
3077	https	MI	Southfield	Shojin Judo	https://www.shojinjudo.com/
3078	https	MI	Traverse City	Significant Strikes Boxing, Jiu-Jitsu & MMA	https://significantstrikes.com/appointments
3079	https	MI	Troy	Detroit Academy of Martial Arts	https://martialartstroy.com/
3080	https	MI	Westland	Japanese Martial Arts Academy	https://samuraidetroit.com/free-lesson
3081	https	MI	Westland	NWC Martial Arts Academy	https://www.nwcmartialartsacademy.com/
3082	https	MI	Westland	Stars and Strikes MMA	https://starsandstrikesmma.com/
3083	https	MI	White Pigeon	CrowesNest BJJ	https://www.facebook.com/CRowesNestBJJ/
3084	https	MN	Albert Lea	Freestyle Martial Arts	https://www.minnesotafighting.com
3085	https	MN	Apple Valley	Rio Jitsu	https://riojitsu.com
3086	https	MN	Blaine	Prodigy Martial Arts	https://www.prodigymartialartsmn.com
3087	https	MN	Brainerd	Black Arrow Martial Arts	https://www.blackarrowmartialarts.com
3088	https	MN	Brooklyn Center	The Academy MN	https://theacademymn.com
3089	https	MN	Burnsville	Burnsville Martial Arts Academy	https://www.burnsvillemartialartsacademy.com
3090	https	MN	Coon Rapids	Tracks Brazilian Jiu-Jitsu	https://tracksbjj.com
3091	https	MN	Duluth	Drengr Jiu-Jitsu	https://drengrjiujitsu.com
3092	https	MN	Eagan	Minnesota Top Team	https://minnesotatopteam.com
3093	https	MN	Eden Prairie	Gorilla Combat	https://gorillacombat.com
3094	https	MN	Eden Prairie	World Jiu Jitsu Academy	https://wjja4u.com
3095	https	MN	Edina	Alliance Jiu Jitsu MPLS	https://alliancebjjmn.com
3096	https	MN	Edina	The Academy Eden Prairie	https://www.academyedenprairie.com
3097	https	MN	Elk River	The Academy Elk River	https://academyelkriver.com
3098	https	MN	Hamel	Hamel Jiu Jitsu Club	https://www.hameljiujitsu.com
3099	https	MN	Hibbing	Iron Academy Martial Arts	https://ironacademymartialarts.com
3100	https	MN	Isanti	Isanti Grappling Club	https://isantigrapplingclub.com
3101	https	MN	Lakeville	Resilience Martial Arts	https://www.resilience-ma.com
3102	https	MN	Little Canada	Warrior's Cove Martial Arts and Fitness Little Canada	https://warriorscove.com/st-paul-martial-arts/
3103	https	MN	Mankato	Kato Jiujitsu	https://katojiujitsu.com
3104	https	MN	Mankato	Mark44 Martial Arts Academy	https://www.mark44mma.com
3105	https	MN	Maplewood	United Jiu Jitsu	https://www.ujjmn.com
3106	https	MN	Minneapolis	MKG Martial Arts Minneapolis	https://www.mnkali.com
3107	https	MN	Minneapolis	Migration BJJ	https://migrationbjj.com
3108	https	MN	Minneapolis	Southside Brazilian Jiu Jitsu	https://www.southsidebrazilianjiujitsu.com
3109	https	MN	New Brighton	Motion City	https://motioncitybjj.com
3110	https	MN	Oakdale	Spartan Martial Arts	https://spartanmartialartsgym.com
3111	https	MN	Owatonna	The Flow Lab Owatonna	https://theflowlabowatonna.com
3112	https	MN	Plymouth	The Academy Plymouth	https://academyplymouth.com
3113	https	MN	Prior Lake	American MMA	https://american-mma.com
3114	https	MN	Red Wing	UnderGround Boxing & Brazilian Jiu-Jitsu	https://www.ugroundboxing.com
3115	https	MN	Richfield	Tensei Jiu-Jitsu	https://tenseibjj.com
3116	https	MN	Rochester	Imperial Training Center	https://imperialtrainingcenter.com
3117	https	MN	Rochester	Stock Martial Arts	https://www.stockmartialarts.com
3118	https	MN	Roseville	The Cellar Gym	https://thecellargym.com
3119	https	MN	Shakopee	Royce Gracie Jiu Jitsu Academy Shakopee	https://rgjjmn.com
3120	https	MN	St. Cloud	Start BJJ Minnesota	https://startbjjminnesota.squarespace.com
3121	https	MN	St. Louis Park	M-Theory Martial Arts	https://mtheorymartialarts.com
3122	https	MN	St. Louis Park	Warrior's Cove Martial Arts and Fitness	https://warriorscove.com
3123	https	MN	St. Paul	Bellum Brazilian Jiu Jitsu	https://bellumbrazilianjiujitsu.com
3124	https	MN	St. Paul	Grappler Station	https://www.grapplerstation.com
3125	https	MN	St. Paul	St. Paul Brazilian Jiu Jitsu Academy	https://bjjacademymn.com
3126	https	MN	White Bear Lake	Higher Ground Brazilian Jiu-Jitsu	https://www.hgbjjmn.com
3127	https	MN	Winona	Winona BJJ	https://winonabjj.com
3128	https	MN	Winona	Flow Jiu-Jitsu Winona	https://winonabjj.com
3129	https	MN	Woodbury	Next Level Combat	https://www.nextlevelcombat.com
3130	https	MO	Ballwin	GB West County	https://gbwestcounty.com/
3131	https	MO	Bevier	Black Diamond Grappling Club	https://www.bevierjiujitsu.com/
3132	https	MO	Bolivar	Infinity Martial Arts of Bolivar	https://infinity-martial-arts-of-bolivar.business.site/
3133	https	MO	Camdenton	Lake Area Gracie Jiu-jitsu	https://www.lakeareabjj.com/
3134	https	MO	Cape Girardeau	Carpe Momentum School of Jiu-Jitsu LLC	https://cmsojj.com/
3135	https	MO	Chesterfield	GB Chesterfield	https://gbchesterfield.com/
3136	https	MO	Columbia	Gracie Humaita Columbia	https://graciehumaitacolumbia.com
3137	https	MO	Columbia	GB Columbia	https://graciebarra.com/columbia-mo/
3138	https	MO	Dardenne Prairie	GB O'Fallon	https://gbofallon.com/
3139	https	MO	Eureka	USA Martial Arts Academy	https://www.usamartialartsacademy.com/
3140	https	MO	Farmington	Royce Gracie Jiu-Jitsu Farmington MO	https://www.facebook.com/RoyceGracieFarmington/
3141	https	MO	Hannibal	FullTilt Performance Center	https://fulltilt-performance-center.business.site/
3142	https	MO	Hannibal	GB Hannibal	https://graciebarra.com/hannibal-mo/
3143	https	MO	Jackson	Gracie Jiu Jitsu of Southeast Missouri	https://graciesemo.com
3144	https	MO	Jefferson City	GB Jefferson City	https://graciebarra.com/jefferson-city-mo/
3145	https	MO	Jefferson City	Jefferson City Judo Club & Jujitsu	https://jeffersoncityjudoclub.com/
3146	https	MO	Joplin	Joplin BJJ	https://joplinbjj.com
3147	https	MO	Joplin	The Forge	https://www.warriorsciences.net/
3148	https	MO	Kirksville	Old School Jiu Jitsu	https://www.facebook.com/oldschooljj
3149	https	MO	Nixa	Grappling Concepts Nixa	https://grapplingconceptsnixa.com/
3150	https	MO	Ozark	Forged Jiu Jitsu	https://forged-bjj.com
3151	https	MO	Republic	MTA Republic	https://www.facebook.com/MTA-RepublicGillespies-Academy-of-Martial-Arts-229743763757836/
3152	https	MO	Rolla	Honey Badger Training Facility	https://honeybadgertrainingfacility.com
3153	https	MO	Sedalia	10th Planet Sedalia MO	https://www.facebook.com/p/10th-Planet-Jiu-Jitsu-Sedalia-100027128487044/
3154	https	MO	St Charles	Revive BJJ	https://www.revivebjj.com/
3155	https	MO	St. Louis	Next Level STL	https://nextlevelstl.com
3156	https	MO	St. Peters	GB St. Peters, USA	https://graciebarrastpeters.com/schedule/
3157	https	MO	Washington	Center of Defensive Arts	https://www.centerofdefensivearts.com/
3158	https	MO	Washington	GB Washington	https://gbwashington.com/
3159	https	MO	Weldon Spring	Gracie Humaitá St Louis	https://www.graciestlouis.com
3160	https	MO	Wentzville	Gracie Humaita Wentzville	https://www.graciehumaitawentzville.com/
3161	https	MS	Bay St. Louis	Gracie United Hancock	https://www.hancockbjj.com
3162	https	MS	Biloxi	Gracie Gulf Coast Brazilian Jiu-Jitsu	https://graciegc.com
3163	https	MS	Biloxi	Gulf Coast Jiu Jitsu	https://www.gulfcoastjiujitsu.net
3164	https	MS	Biloxi	Leonardo Delgado Jiu-Jitsu Academy	https://selfdefensedibervillems.com
3165	https	MS	Brandon	Grapple Jiu Jitsu	https://www.grapplejiujitsu.com
3166	https	MS	Brandon	Rankin Jiu-Jitsu Academy	https://rankinjiujitsu.com
3167	https	MS	Brookhaven	Pursuit Jiu Jitsu	https://www.pursuitjj.com
3168	https	MS	Columbus	Relentless Mixed Martial Arts	https://relentless-mma.com
3169	https	MS	D'Iberville	American Top Team D'Iberville	https://attdiberville.com
3170	https	MS	Diamondhead	Gracie United - Team Jucao Hancock County in Diamondhead	https://www.hancockbjj.com/locations/diamondhead
3171	https	MS	Flowood	No Limit Combatives	https://nolimitflowood.com
3172	https	MS	Flowood	Precision Martial Arts Academy Flowood	https://www.mississippijiujitsu.com
3173	https	MS	Hattiesburg	Gracie United Hattiesburg	https://www.championfactory.com/gyms/hattiesburg
3174	https	MS	Hattiesburg	Team Hopkins Hattiesburg	https://teamhopkinsjiujitsu.com
3175	https	MS	Long Beach	KC Jones Martial Arts	https://www.kcjonesmartialarts.com
3176	https	MS	Madison	Anthony Mitchell Jiu Jitsu Studio	https://bigantbjj.com
3177	https	MS	Ocean Springs	Gracie Jiu-Jitsu Ocean Springs	https://gracieoceansprings.com
3178	https	MS	Olive Branch	Shackelford's MMA Center	https://shackelfordsmma.com
3179	https	MS	Oxford	662 JiuJitsu	https://www.jiujitsuoxford.com
3180	https	MS	Pearl	Gracie South Jiu-Jitsu of Pearl	https://graciesouthjiujitsupearl.com
3181	https	MS	Petal	Graham MMA	https://grahammma.com
3182	https	MS	Ridgeland	Gracie South Jiu Jitsu Headquarters	https://graciesouth.com
3183	https	MS	Starkville	Summit Fitness Kickboxing and Jiu Jitsu	https://starkvillefitnesskickboxing.com
3184	https	MS	Tupelo	Tupelo Jiu Jitsu Academy	https://tupelojiujitsuacademy.com
3185	https	MS	Wiggins	Gracie United Wiggins	https://www.championfactory.com/gyms/wiggins
3186	https	MT	Belgrade	Bozeman JuJitsu	https://bozemanjujitsu.com
3187	https	MT	Belgrade	Kron Gracie Academy	https://www.facebook.com/KRONGRACIEACADEMY
3188	https	MT	Big Sky	CEMA BJJ at BASE Big Sky	https://www.cemartialarts.com/big-sky
3189	https	MT	Bigfork	Straight Blast Gym Bigfork	https://sbgmontana.com/gym-locations/bigfork-gym
3190	https	MT	Billings	Function Jiu Jitsu	https://functionjiujitsu.com
3191	https	MT	Bozeman	Montana Mixed Martial Arts	https://www.facebook.com/montanamma
3192	https	MT	Bozeman	Straight Blast Gym Bozeman	https://sbgbozeman.com
3193	https	MT	Butte	Imperial BJJ	https://www.facebook.com/ImperialTruthBJJ
3194	https	MT	Corvallis	Bitterroot Warrior Arts Corvallis	https://www.bugoutmt.com/bitterrootwarriorarts
3195	https	MT	Great Falls	GB Great Falls	https://www.dragonfirebrazilianjiujitsu.com
3196	https	MT	Helena	Deliberate Jiu Jitsu at Valley Speedway Athletics	https://www.valleyspeedwayathletics.com/deliberate-jiu-jitsu
3197	https	MT	Kalispell	Absolute Fight Factory	https://www.absolutefightfactory.com
3198	https	MT	Kalispell	Straight Blast Gym Kalispell	https://sbgkalispell.com/bjj
3199	https	MT	Livingston	Livingston Jiu-Jitsu	https://www.facebook.com/livingstonjiujitsu
3200	https	MT	Missoula	Dojo USA South BJJ Missoula	https://dojousa.co
3201	https	MT	Missoula	Sakura Warrior Arts	https://sakurawarriorarts.com
3202	https	MT	Missoula	Straight Blast Gym Missoula	https://sbgmissoula.com
3203	https	MT	Missoula	Traphouse Jiu Jitsu	https://www.traphousesociety.com
3204	https	MT	Red Lodge	Red Lodge Grindhouse Jiu Jitsu	https://redlodgegrindhouse.com
3205	https	MT	Stevensville	Bitterroot Warrior Arts Stevensville	https://www.bugoutmt.com/bitterrootwarriorarts
3206	https	MT	Whitefish	Whitefish BJJ	https://whitefishbjj.com
3207	https	NB	Campbellton	Restigouche Dojo	https://restigouchedojo.com
3208	https	NB	Edmundston	Victory Jiu-Jitsu Edmundston	https://www.facebook.com/VictoryJJEdmundston
3209	https	NB	Fredericton	Evolution Training Centre	https://www.evolutiontrainingcenter.ca
3210	https	NB	Fredericton	Fredericton BJJ	https://frederictonbjj.com
3211	https	NB	Fredericton	Synergy BJJ Fredericton	https://www.bjjfredericton.com
3212	https	NB	Miramichi	MXT BJJ Miramichi	https://mxt-bjj-miramichi.gymdesk.com
3213	https	NB	Moncton	Icon Combat	https://iconcombat.com
3214	https	NB	Moncton	Knots Jiu Jitsu	https://knotsjj.ca
3215	https	NB	Moncton	Quantum Jiu Jitsu	https://www.quantumjj.com
3216	https	NB	Quispamsis	Victory Jiu Jitsu	https://victorykv.gymdesk.com
3217	https	NB	Sackville	Junglefowl Brazilian Jiu Jitsu	https://junglefowlbjj.ca
3218	https	NB	Saint John	MXT BJJ	https://www.mxtbjj.com
3219	https	NB	Saint John	Team Flow State	https://www.facebook.com/FlowstateJJ
3220	https	NB	Woodstock	B7 Jiu Jitsu	https://www.facebook.com/B7JiuJitsu
3221	https	NC	Apex	Spangler Brazilian Jiu Jitsu Academy	https://www.carybjj.com
3222	https	NC	Apex	Open Guard BJJ	https://openguardbjj.com/
3223	https	NC	Asheville	Asheville BJJ	https://ashevillebjj.com
3224	https	NC	Asheville	GB Asheville	https://graciebarra.com/asheville-nc/
3225	https	NC	Cary	TFTC Academy Cary	https://carymma.com/
3226	https	NC	Cary	Cary Brazilian Jiu-Jitsu	https://caryjiujitsu.com/
3227	https	NC	Cary	Team Casarez Jiu-Jitsu	https://casarezbjj.com/
3228	https	NC	Cary	Royce Gracie Jiu Jitsu Cary	https://roycegraciecary.com/
3229	https	NC	Charlotte	Checkmat Charlotte	https://checkmat.com/charlotte
3230	https	NC	Charlotte	Fight Sports Charlotte	https://fightsportscharlotte.com
3231	https	NC	Clayton	Revolution Modern Martial Arts	https://revolutionselfdefense.com/
3232	https	NC	Cornelius	GB Lake Norman	https://gblakenorman.com/
3233	https	NC	Durham	Team Rubao Carioca BJJ	https://www.facebook.com/teamrubao/
3234	https	NC	Durham	Pure1 MMA & Muay Thai	https://www.facebook.com/thePure1mma/
3235	https	NC	Fayetteville	Fayetteville BJJ	https://fayettevillebjj.com
3236	https	NC	Fayetteville	DualForces 001 Brazilian Jiu-Jitsu	https://dualforces.com/
3237	https	NC	Fayetteville	Martial Arts of NC	https://martialartsofnc.com/
3238	https	NC	Fuquay-Varina	Schell Shock BJJ Martial Arts	https://www.schellshockbjj.com/
3239	https	NC	Gastonia	FTF Fitness and Self Defense	https://www.ftfgastonia.com
3240	https	NC	Gastonia	McGinnis Academy of Martial Arts	https://www.mcginnisacademyofmartialarts.com/
3241	https	NC	Hampstead	Crest Brazilian Jiu Jitsu	https://bjjhampstead.com/
3242	https	NC	Hickory	Atlantic MMA	https://fightforitcompany.com/
3243	https	NC	High Point	Ecos BJJ	https://ecosgroups.com/jiu-jitsu
3244	https	NC	Indian Trail	Carolina Combat Sports and Fitness	https://www.carolinacombatsports.com/
3245	https	NC	Knightdale	GB Knightdale	https://gbknightdale.com/
3246	https	NC	Marion	Titan Brazilian Jiu Jitsu	https://www.facebook.com/p/Titan-Brazilian-Jiu-Jitsu-100049469036429/
3247	https	NC	Mills River	Blue Ridge Jiu Jitsu	https://blueridgejj.com/
3248	https	NC	New Bern	Moreno BJJ	https://morenobjj.com/
3249	https	NC	Raleigh	Gracie Raleigh	https://gracieraleigh.com
3250	https	NC	Raleigh	Irongrip Jiu Jitsu	https://irongripjiujitsu.com/
3251	https	NC	Raleigh	Royce Gracie Jiu Jitsu Academy of Raleigh	https://roycegracienc.com/
3252	https	NC	Rocky Mount	Rocky Mount BJJ	https://rockymountbjj.com
3253	https	NC	Statesville	Gladiator Martial Arts	https://www.facebook.com/Gladiator.MartialArt/
3254	https	NC	Sylva	Glory Martial Arts and Fitness	https://www.facebook.com/spencerthekingfisher/
3255	https	NC	Wake Forest	Embrace Jiu Jitsu	https://embracemartialarts.com
3256	https	NC	Wilmington	The Jiu Jitsu Institute	https://www.thejji.com/
3257	https	NC	Wilmington	SaltyDog Jiu Jitsu	https://portcitymmafitness.com/
3258	https	NC	Wilmington	Martial Arts and More of Wilmington (Team JBM BJJ)	https://martialartswilmingtonnc.com/
3259	https	ND	Bismarck	Bismarck MMA	https://bismarckmma.com
3260	https	ND	Bismarck	Ice Dragon Academy	https://icedragonacademy.com
3261	https	ND	Dickinson	Carlos Machado Jiu Jitsu Dickinson	https://carlosmachadojiujitsudickinson.com
3262	https	ND	Dickinson	Elite BJJ	https://elitebjj.org
3263	https	ND	Fargo	Fargo BJJ	https://fargobjj.com
3264	https	ND	Fargo	Academy of Combat Arts	https://fmaca.com
3265	https	ND	Grand Forks	Grand Forks Brazilian Jiu-jitsu Academy	https://grandforksbjj.com
3266	https	ND	Grand Forks	Progressive Martial Arts Grand Forks	https://progressivemartialartsgf.com
3267	https	ND	Minot	Gracie Jiu-jitsu Minot	https://sites.google.com/view/minotgjj
3268	https	ND	Valley City	Valley City Jiu-Jitsu and Self Defense Academy	https://jiujitsuvc.wixsite.com/valley-city-jiujitsu
3269	https	ND	Williston	SBG Williston	https://sbgwilliston.com
3270	https	NE	Auburn	10th Planet Jiu-Jitsu Auburn	https://10thplanetauburn.com
3271	https	NE	Bellevue	10th Planet Jiu-Jitsu Omaha	https://10thplanetomaha.com
3272	https	NE	Bellevue	Bellevue Academy of Brazilian Jiu Jitsu	https://bellevuebjj.com
3273	https	NE	Bellevue	Kassebaum's Martial Arts	https://nebraskakma.com
3274	https	NE	Elkhorn	Elkhorn BJJ	https://www.elkhornbjj.com
3275	https	NE	Kearney	Kearney Combat Sports and Fitness	https://kearneycombatsports.com
3276	https	NE	Lincoln	Lincoln Brazilian Jiu-Jitsu Center - College View	https://lincolnbjj.com
3277	https	NE	Lincoln	Lincoln Brazilian Jiu-Jitsu Center - Havelock	https://lincolnbjjnorth.com
3278	https	NE	Lincoln	West O Dojo	https://westodojo.com
3279	https	NE	Nebraska City	SIMS Dojo Nebraska City	https://learn.simsdojo.net
3280	https	NE	Omaha	Ares Brazilian Jiu-Jitsu Omaha	https://nebraskabjj.com
3281	https	NE	Omaha	Carlson Gracie Omaha Coyote BJJ Team	https://carlsongracieomaha.com
3282	https	NE	Omaha	Gracie Jiu-Jitsu Omaha	https://gracieomaha.com
3283	https	NE	Omaha	Lokahi Jiu-Jitsu Collective	https://www.lokahiomaha.com
3284	https	NE	Omaha	Mid America Martial Arts	https://midamericamartialarts.com
3285	https	NE	Omaha	Narrow Path Martial Arts	https://npmaomaha.com
3286	https	NE	Omaha	Omaha's Academy of Brazilian Jiu Jitsu	https://www.oabjj.com
3287	https	NE	Omaha	Premier Combat Center	https://premiercombatcenter.com
3288	https	NE	Papillion	Gracie Humaita Omaha	https://www.graciehumaitaomaha.com
3289	https	NE	Papillion	Legacy BJJ Omaha	https://legacybjjomaha.com
3290	https	NH	Claremont	National Institute of Modern Martial Arts	https://nimmadojo.com
3291	https	NH	Concord	Leverage BJJ NH	https://www.leveragebjjnh.com
3292	https	NH	Concord	New England BJJ Academy	https://www.nebjj.com
3293	https	NH	Derry	Primal Jiu Jitsu and Mixed Martial Arts	https://www.primaljiujitsuacademy.com
3294	https	NH	Derry	Professional Martial Arts Academy Derry	https://pmaderry.com
3295	https	NH	Dover	Kevin Watson Brazilian Jiu-Jitsu	https://www.kwbjj.com
3296	https	NH	East Hampstead	Limitless Pride Martial Arts and Fitness Center	https://www.limitlesspridemartialarts.com
3297	https	NH	Enfield	Upper Valley Brazilian Jiu Jitsu	https://www.uppervalleybjj.com
3298	https	NH	Exeter	Hero Jiu Jitsu	https://herojiujitsu.com
3299	https	NH	Exeter	Renzo Gracie NH Exeter	https://renzogracienh.org
3300	https	NH	Keene	Elements MMA	https://www.elements-mma.com
3301	https	NH	Lebanon	Infinity Gracie Brazilian Jiu Jitsu	https://www.gracieuppervalley.com
3302	https	NH	Londonderry	Brazilian Top Team Londonderry	https://bttlondonderry.com
3303	https	NH	Londonderry	Valle Brazilian Jiu Jitsu	https://vallebjj.com
3304	https	NH	Manchester	NH BJJ	https://nhbjj.com
3305	https	NH	Manchester	Burgess Academy of BJJ and MMA	https://burgessmma.com
3306	https	NH	Manchester	Full Circle Martial Arts and Fitness Center	https://fullcirclemafc.com
3307	https	NH	Manchester	Renzo Gracie NH Manchester	https://renzogracienh.org
3308	https	NH	Manchester	The Martial Arts Zone	https://themartialartszone.com
3309	https	NH	Nashua	Bazzani BJJ	https://bazzanibjj.com
3310	https	NH	Nashua	Blue Wave Brazilian Jiu Jitsu	https://bluewavejiujitsu.com
3311	https	NH	Nashua	Triumph Brazilian Jiu-Jitsu	https://teamtriumphbjj.com
3312	https	NH	North Hampton	Granite State BJJ	https://granitestatebjj.com
3313	https	NH	North Hampton	Heavy Mettle Jiu Jitsu	https://www.heavymettlejj.com
3314	https	NH	Plaistow	Professional Martial Arts Academy Plaistow	https://pmaplaistow.com
3315	https	NH	Rochester	Sanders Jiu Jitsu	https://www.sandersbjjacademy.com
3316	https	NH	Salem	New England Top Team	https://www.newenglandtopteam.com
3317	https	NH	Salem	Off Your Back BJJ Academy	https://offyourbackbjj.com
3318	https	NH	Somersworth	Nostos MMA	https://www.nostos-mma.com
3319	https	NH	Windham	Renzo Gracie NH Windham	https://renzogracienh.org
3320	https	NJ	Belle Mead	Montgomery Brazilian Jiu-Jitsu	https://www.montgomerybjj.com/
3321	https	NJ	Bergenfield	Abrecea BJJ	https://www.abreceabjj.com
3322	https	NJ	Bergenfield	Team Curuma Brazilian Jiu-Jitsu Academy	https://teamcuruma.com
3323	https	NJ	Bloomfield	Rare Breed Mixed Martial Arts	https://www.rarebreedmma.com/
3324	https	NJ	Brick Township	Nick Catone MMA & Fitness	https://www.mindbodyonline.com/explore/locations/nick-catone-s-mixed-martial-arts
3325	https	NJ	Brick Township	Tiger Schulmann's Martial Arts Brick NJ	https://tsk.com/locations/nj/brick/
3326	https	NJ	Cookstown	Power Half Wrestling and Mixed Martial Arts	https://powerhalfwrestling.com/
3327	https	NJ	Denville	Renzo Gracie Denville	https://renzograciedenville.com
3328	https	NJ	East Brunswick	Tiger Schulmann's Martial Arts East Brunswick NJ	https://tsk.com/locations/nj/east-brunswick/
3329	https	NJ	East Rutherford	UFC GYM East Rutherford	https://www.ufcgym.com/locations/east-rutherford/
3330	https	NJ	Eatontown	Tiger Schulmann's Martial Arts Eatontown NJ	https://tsk.com/locations/nj/eatontown/
3331	https	NJ	Edison	B Team Jiu Jitsu	https://www.bteamjiujitsu.com/
3332	https	NJ	Egg Harbor Township	609 Jiu Jitsu	https://609jiujitsu.com/
3333	https	NJ	Egg Harbor Township	Harbor Jiu-Jitsu	https://www.harborjiujitsu.com/
3334	https	NJ	Elmwood Park	Tiger Schulmann's Martial Arts Elmwood Park NJ	https://tsk.com/locations/nj/elmwood-park/
3335	https	NJ	Englewood	Tiger Schulmann's Martial Arts Englewood NJ	https://tsk.com/locations/nj/englewood/
3336	https	NJ	Fair Lawn	Performance Jiu-Jitsu Academy	https://armlock.com
3337	https	NJ	Florence	Matakas Jiu Jitsu	https://www.matakasbjj.com
3338	https	NJ	Fort Lee	Renzo Gracie Fort Lee / TEO BJJ	https://teobjj.com
3339	https	NJ	Freehold Township	Dante Rivera Brazilian Jiu-Jitsu Academy	https://danteriverabjj.com/
3340	https	NJ	Freehold Township	Tiger Schulmann's Martial Arts Freehold NJ	https://tsk.com/locations/nj/freehold/
3341	https	NJ	Galloway	Snake Pit U.S.A. MMA	https://snakepitusamma.com
3342	https	NJ	Glen Rock	Trasso Jiu Jitsu & Wrestling	https://trassojjw.com/
3343	https	NJ	Hamilton	Ricardo Almeida BJJ Academy	https://ricardoalmeida.com
3344	https	NJ	Harrison	Renzo Gracie Harrison	https://www.renzograciecrowncollection.com
3345	https	NJ	Hasbrouck Heights	Sidekick Martial Arts & Fitness	https://sidekick-ma.maonrails.com/
3346	https	NJ	Hoboken	Tiger Schulmann's Martial Arts Hoboken NJ	https://tsk.com/locations/nj/hoboken/
3347	https	NJ	Jersey City	Procel Brazilian Jiu-Jitsu	https://procelbjj.com
3348	https	NJ	Jersey City	Savarese BJJ Academy - Jersey City	https://njbjj.com/
3349	https	NJ	Jersey City	Studio 1908 (Miyao Brothers)	https://www.studio1908bjj.com/
3350	https	NJ	Jersey City	Unity Jiu Jitsu Jersey City	https://unityjiujitsujc.com
3351	https	NJ	Jersey City	Cultr Fight Club	https://www.cultrfightclub.com/brazilianjiujitsu
3352	https	NJ	Jersey City	Tiger Schulmann's Martial Arts Jersey City NJ	https://tsk.com/locations/nj/jersey-city/
3353	https	NJ	Kinnelon	Bataille Jiu Jitsu Academy	https://www.bataillejj.com/
3354	https	NJ	Lawrence Township	Tiger Schulmann's Martial Arts Princeton	https://tsk.com/locations/nj/princeton/
3355	https	NJ	Lawrenceville	Gracie Barra Princeton	https://gbprinceton.com
3356	https	NJ	Lawrenceville	Gracie New Jersey Academy	https://gracienewjersey.com
3357	https	NJ	Little Ferry	Rising MMA	https://www.facebook.com/risingmma2010/
3358	https	NJ	Mahwah	Gorilla Martial Arts	https://www.gorillabjjacademy.com/
3359	https	NJ	Mahwah	Renzo Gracie Ramapo Valley	https://ramapovalleyjiujitsu.com/
3360	https	NJ	Medford	Art of Movement: MMA, BJJ & Fitness	https://aommma.com/
3361	https	NJ	Middlesex	All In BJJ	https://www.allinbjj.com/contact
3362	https	NJ	Middlesex	Zealous Nation MMA	https://zealousnationmma.com/
3363	https	NJ	Middletown	Bayshore BJJ	https://www.bayshorebjj.com/
3364	https	NJ	Montclair	Straight Blast Gym New Jersey	https://www.sbgnj.com/
3365	https	NJ	Neptune City	Asbury Park Jiu Jitsu	https://www.mindbodyonline.com/explore/locations/asbury-park-jiu-jitsu
3366	https	NJ	Newark	American Jiu Jitsu	https://www.americanjiujitsu.com/
3367	https	NJ	Newark	Renzo Gracie Newark	https://www.renzogracienj.com
3368	https	NJ	Newark	Ironbound Fight Club	https://www.instagram.com/ifcnewarknj_2/
3369	https	NJ	Newark	Team Jucao Newark Brazilian Jiu Jitsu	https://www.facebook.com/teamjucaonewark/
3370	https	NJ	Newton	Martial Way MMA	https://martialwaymma.com/
3371	https	NJ	North Bergen	Anaconda Brazilian Jiu-Jitsu North Bergen	https://anacondabjjnjny.com/
3372	https	NJ	North Brunswick Township	Garry Tonon Jiu Jitsu	https://www.garrytononjiujitsu.com/
3373	https	NJ	North Brunswick Township	UFC GYM North Brunswick	https://www.ufcgym.com/locations/north-brunswick-township/
3374	https	NJ	North Haledon	Hibiscus Brazilian Jiu-Jitsu	https://www.hibiscusbjj.com/
3375	https	NJ	North Plainfield	Believe MMA	https://believemma.com/
3376	https	NJ	North Plainfield	Tiger Schulmann's Martial Arts North Plainfield NJ	https://tsk.com/locations/nj/north-plainfield/
3377	https	NJ	Northvale	Renzo Gracie Northern Valley	https://nvbjj.com
3378	https	NJ	Ocean Township	Spartan Mixed Martial Arts	https://oceantownshipmartialarts.com/
3379	https	NJ	Old Bridge	Rolles Gracie Academy	https://rollesgracieacademy.com/
3380	https	NJ	Paramus	Tiger Schulmann's Martial Arts Paramus NJ	https://tsk.com/locations/nj/paramus/
3381	https	NJ	Paramus	UFC GYM Paramus	https://www.ufcgym.com/locations/paramus
3382	https	NJ	Princeton	Princeton Brazilian Jiu Jitsu	https://www.princetonbjj.com
3383	https	NJ	Princeton	Gracie Barra North Princeton Brazilian Jiu Jitsu and Self Defense	https://www.gb-northprinceton.com/north-princeton-classes
3384	https	NJ	Ramsey	Bergen County Brazilian Jiu-Jitsu	https://www.jiujitsutrainingnj.com/
3385	https	NJ	Ramsey	Bill Stevens Karate	https://www.stevenskarate.com/brazilian-jiu-jitsu/
3386	https	NJ	Ramsey	Tiger Schulmann's Martial Arts Ramsey NJ	https://tsk.com/locations/nj/ramsey/
3387	https	NJ	Randolph	Tiger Schulmann's Martial Arts Randolph NJ	https://tsk.com/locations/nj/randolph/
3388	https	NJ	Red Bank	Garden State Brazilian Jiu-Jitsu Academy	https://gardenstatebjj.com/
3389	https	NJ	Red Bank	Tiger Schulmann's Martial Arts Red Bank NJ	https://tsk.com/locations/nj/red-bank/
3390	https	NJ	Ridgefield Park	Rising Sun Brazilian Jiu Jitsu Academy	https://www.risingsunacademy.com
3391	https	NJ	Rio Grande	Cape May Brazilian Jiu Jitsu	https://capemaybjj.com/
3392	https	NJ	Robbinsville Twp	Ricardo Almeida Brazilian Jiu-Jitsu	https://rabjjacademy.as.me/
3393	https	NJ	Roxbury Township	Gael Force Jiu Jitsu	https://www.gaelforcejiujitsu.com/
3394	https	NJ	Scotch Plains	Yeti MMA	https://www.shaolinbjj.com/
3395	https	NJ	Short Hills	Tiger Schulmann's Martial Arts Short Hills NJ	https://tsk.com/locations/nj/short-hills/
3396	https	NJ	Somerset	New Journey MMA Somerset NJ	https://www.newjourneymma.com/
3397	https	NJ	South Plainfield	Method BJJ	https://www.methodbjj.com/
3398	https	NJ	Summit	Zen Jiu Jitsu	https://www.zenjiujitsu.com/
3399	https	NJ	Toms River	Ocean County BJJ	https://www.oceancountybjj.com/
3400	https	NJ	Vauxhall	Sheridan Brazillian Jiu Jitsu	https://www.sheridanbjj.com/home-adult-jiu-jitsu
3401	https	NJ	Waldwick	Jiu Jitsu North Jersey / Otimo JJ	https://otimojj.com
3402	https	NJ	Waldwick	Rival Jiu-Jitsu	https://www.rivalbjj.com/
3403	https	NJ	Wayne	Tiger Schulmann's Martial Arts Wayne NJ	https://tsk.com/locations/nj/wayne/
3404	https	NJ	West Orange	Tiger Schulmann's Martial Arts West Orange NJ	https://tsk.com/locations/nj/westorange/
3405	https	NL	Clarenville	Velocity Martial Arts Academy	https://www.velocitynl.com
3406	https	NL	Conception Bay South	Jason Foley Martial Arts	https://www.jasonfoleyma.com
3407	https	NL	Corner Brook	Anchor Combat Academy	https://www.anchorcombatacademy.com
3408	https	NL	Flat Bay	Golden Rule Jiu Jitsu	https://golden-rule-jiu-jitsu-ltd.gymdesk.com
3409	https	NL	Grand Falls-Windsor	New Found TAO BJJ	https://www.newfoundtaobjj.ca
3410	https	NL	Paradise	Foley's Martial Arts	https://foleysmartialarts.com
3411	https	NL	St. John's	Alex Foley's Academy of Martial Arts	https://www.alexfoley.ca
3412	https	NL	St. John's	Michael Foley's Academy of Martial Arts	https://michaelfoley.ca
3413	https	NL	St. John's	Republic BJJ	https://www.republicbjj.com
3414	https	NL	St. John's	Tera BJJ	https://www.terabjj.com
3415	https	NM	Alamogordo	Desert Dynasty MMA	https://www.desertdynastymma.com
3416	https	NM	Alamogordo	Otero Combat Sports	https://oterocombatsports.com
3417	https	NM	Albuquerque	10th Planet Jiu Jitsu Albuquerque	https://10pabq.com
3418	https	NM	Albuquerque	Coyote Brazilian Jiu Jitsu Academy	https://coyotebjj.com
3419	https	NM	Albuquerque	Gracie Barra Albuquerque	https://gbalbuquerque.com
3420	https	NM	Albuquerque	Gracie Barra New Mexico	https://gbnewmexico.com
3421	https	NM	Albuquerque	Gracie Barra Westside	https://gbwestside.com
3422	https	NM	Albuquerque	Impact Jiu Jitsu Albuquerque	https://impactjjabq.com
3423	https	NM	Albuquerque	Invictus Brazilian Jiu Jitsu and Muay Thai Academy	https://www.invictusmartialarts.com
3424	https	NM	Albuquerque	New Mexico Jiujitsu Academy	https://nmjiujitsu.com
3425	https	NM	Albuquerque	Sindalu Brazilian Jiu-Jitsu Albuquerque	https://www.sindalubjj.com
3426	https	NM	Albuquerque	SmartJits Brazilian Jiu Jitsu Academy	https://smartjits.life
3427	https	NM	Aztec	Round 2 Martial Arts	https://round2martialarts.com
3428	https	NM	Aztec	San Juan Brazilian Jiu Jitsu	https://www.sanjuanbjj.com
3429	https	NM	Carlsbad	Kingdom Jiu Jitsu Academy	https://kingdombjj.com
3430	https	NM	Clovis	Silverback Jiu Jitsu	https://www.silverbacksoulbjj.com
3431	https	NM	Deming	Apex Grappling Academy	https://ufdeming.com/apex
3432	https	NM	Espanola	Gracie Barra Espanola	https://graciebarra.com/espanola-nm
3433	https	NM	Farmington	Farmington Jiu Jitsu Academy	https://farmingtonjiujitsu.com
3434	https	NM	Gallup	Megaton Gallup Jiu-Jitsu	https://gallupjiujitsu.com
3435	https	NM	Las Cruces	Kings Jiu Jitsu	https://www.kingsjiujitsucruces.com
3436	https	NM	Las Cruces	Zia Martial Arts	https://ziamartialarts.com
3437	https	NM	Portales	Sindalu Brazilian Jiu-Jitsu Portales	https://www.sindalubjj.com
3438	https	NM	Rio Rancho	Gracie Barra Rio Rancho	https://gbriorancho.com
3439	https	NM	Rio Rancho	Next Move Jiu Jitsu	https://www.nmjj.com
3440	https	NM	Roswell	Academy Jiu Jitsu	https://academyjiujitsu.net
3441	https	NM	Roswell	Gracie Barra Roswell	https://graciebarra.com/roswell-nm
3442	https	NM	Santa Fe	10th Planet Jiu Jitsu Santa Fe	https://10thplanetsantafe.com
3443	https	NM	Santa Fe	Gracie Barra Santa Fe	https://santafebjj.com
3444	https	NM	Santa Fe	Jesse Jacquez Brazilian Jiu-Jitsu Santa Fe	https://jessejacquezbjj.com
3445	https	NM	Taos	Jesse Jacquez Brazilian Jiu-Jitsu Taos	https://jessejacquezbjj.com
3446	https	NM	Tijeras	G13 Jiu-Jitsu New Mexico	https://www.g13bjjnewmexico.com
3447	https	NS	Amherst	Breakthrough BJJ	https://www.breakthroughbjj.ca
3448	https	NS	Antigonish	Woodshop Jiu-Jitsu	https://www.facebook.com/woodshopjits
3449	https	NS	Chéticamp	Cheticamp Martial Arts	https://www.cheticampmartialarts.com
3450	https	NS	Dartmouth	Fit Plus MMA	https://fitplusmma.com
3451	https	NS	Dartmouth	Grant's Martial Arts	https://www.grantsmartialarts.ca
3452	https	NS	Dartmouth	Tower 1 Combat Sports	https://www.tower1combatsports.com
3453	https	NS	Greenwich	Abhaya Mixed Martial Arts	https://abhaya.ca
3454	https	NS	Halifax	374 MMA	https://374mma.com
3455	https	NS	Halifax	Halifax BJJ Society	https://www.halifaxbjj.ca
3456	https	NS	Halifax	Jake MacKenzie School of Jiu Jitsu	https://jakemackenziebjj.com
3457	https	NS	Halifax	Maritime Jiu-Jitsu	https://www.maritimejiujitsu.ca
3458	https	NS	Halifax	Titan's Martial Arts and Fitness	https://titansmaaf.ca
3459	https	NS	Kingston	True Leverage Alliance BJJ	https://www.instagram.com/tla_bjj
3460	https	NS	Lantz	Bulldog Martial Arts	https://www.facebook.com/groups/206127349417091
3461	https	NS	Lower Sackville	Clinch Training Centre	https://clinchtrainingcenter.ca
3462	https	NS	Lucasville	Manimal Athletics Training Center	https://www.facebook.com/ManimalTraining
3463	https	NS	Middle Sackville	The Tap Room Grappling Group	https://www.facebook.com/p/The-Tap-Room-Grappling-Group-61571256489758
3464	https	NS	New Glasgow	Pictou County Jiu Jitsu	https://www.tapology.com/gyms/8759-pictou-county-jiu-jitsu
3465	https	NS	Pictou	Shiretown Grappling Club	https://www.instagram.com/shiretownbjj
3466	https	NS	Port Hawkesbury	Workhorse Mixed Martial Arts	https://workhorse-mma.gymdesk.com
3467	https	NS	Porters Lake	Porters Lake Brazilian Jiujitsu	https://www.facebook.com/averageday
3468	https	NS	Sydney	Integrity Martial Arts	https://www.integritymartialarts.ca
3469	https	NS	Sydney	Zombie Proof BJJ	https://www.zombieproofbjj.com
3470	https	NS	Truro	Truro BJJ	https://trurojiujitsu.com
3471	https	NS	Truro	Marmac Athletics	https://www.facebook.com/marmacathletics
3472	https	NS	Wellington	Presley BJJ	https://www.presleybjj.com
3473	https	NS	Windsor	Abhaya Martial Arts Academy	https://www.abhaya.ca/windsor
3474	https	NV	Carson City	JREAM Academy	https://www.jreamacademy.com
3475	https	NV	Carson City	Wild West Training Center	https://calendly.com/d/dkt-s43-wm4
3476	https	NV	Henderson	10th Planet Jiu Jitsu Las Vegas	https://www.10thplanetlasvegas.com
3477	https	NV	Henderson	Altruist Mixed Martial Arts	https://www.altruistmixedmartialarts.com
3478	https	NV	Henderson	Chris Engle Brazilian Jiu Jitsu	https://www.cebjj.net
3479	https	NV	Henderson	Core Fitness & Martial Arts	https://www.mystudio.academy/cs
3480	https	NV	Las Vegas	Alliance Jiu Jitsu Las Vegas	https://alliancejiujitsulasvegas.com
3481	https	NV	Las Vegas	Gracie Las Vegas	https://gracielasvegas.com
3482	https	NV	Las Vegas	Xtreme Couture MMA	https://xtremecouture.tv
3483	https	NV	Las Vegas	9th Isle BJJ Inc	https://www.9thislebjj.com
3484	https	NV	Las Vegas	Freestyle MMA & Jiu Jitsu	https://freestylemmalv.com
3485	https	NV	Las Vegas	GB Las Vegas	https://graciebarra.com/las-vegas-nv
3486	https	NV	Las Vegas	Gracie Nevada	https://gracie-nevada.business.site
3487	https	NV	Las Vegas	Hybrid Jiujitsu	https://hybridjiujitsulv.com
3488	https	NV	Las Vegas	Lagasca Brazilian Jiu Jitsu	https://www.lagascabjj.com
3489	https	NV	Las Vegas	Odin's Halls Brazilian Jiu Jitsu	https://www.bjjvegas.com
3490	https	NV	Las Vegas	Power Martial Arts & Fitness	https://www.powermartialarts.vegas
3491	https	NV	Las Vegas	Results Martial Arts	https://martialartslv.net
3492	https	NV	Las Vegas	Ronin Jiu-Jitsu Las Vegas	https://www.roninjiujitsu.com
3493	https	NV	Las Vegas	Roninjitsu Martial Arts	https://smashironfitness.com/roninjitsu-martial-arts
3494	https	NV	Las Vegas	Tribe Fitness and Martial Arts	https://www.tribevegas.com
3495	https	NV	Las Vegas	Zangief Jiu Jitsu	https://www.zangiefjiujitsu.com
3496	https	NV	North Las Vegas	K Jutsu Do Fights System	https://k-jutsu-do-fights-system.negocio.site
3497	https	NV	Reno	Alexandre Garcia Brazilian Jiu-Jitsu	https://www.agjiujitsu.com
3498	https	NV	Reno	Ascend Jiu-Jitsu	https://cp.mystudio.io/t
3499	https	NV	Reno	Black Diamond Brazilian Jiu-Jitsu	https://blackdiamondbjj.com/schedule
3500	https	NV	Reno	Gary Grate Brazilian Jiu-Jitsu Academy of Reno NV	https://www.bjjreno.com
3501	https	NV	Reno	Team Reno	https://www.momentumreno.com/brazilian-jiu-jitsu
3502	https	NV	Reno	UFC GYM Reno	https://www.ufcgym.com/locations/reno
3503	https	NV	Sparks	Combat Sport and Fitness	https://m.facebook.com/combatsportandfitnessreno
3504	https	NV	Sparks	Gracie Humaitá Jiu-Jitsu of Sparks NV	https://agjiujitsu.com
3505	https	NY	Albany	Victory BJJ	https://victoryjj.com
3506	https	NY	Astoria	Gentle Art Studio Lotus Club	https://www.gentleartstudio.com/
3507	https	NY	Astoria	Queens Jiu-Jitsu	https://www.queensjiujitsu.com/
3508	https	NY	Astoria	Tiger Schulmann's Martial Arts Astoria (Queens) NY	https://tsk.com/locations/ny/queens-astoria
3509	https	NY	Bayside	Renzo Gracie Bayside	https://renzograciebayside.com
3510	https	NY	Bronx	Gracie Jiu-Jitsu New York	https://gracieny.com
3511	https	NY	Bronx	Bronx Martial Arts Academy	https://www.bronxmartialarts.com
3512	https	NY	Brooklyn	Brooklyn Brazilian Jiu Jitsu	https://brooklynbjj.com
3513	https	NY	Brooklyn	Gregor Gracie Academy Brooklyn	https://www.gregorgracie.com/
3514	https	NY	Brooklyn	Renzo Gracie Brooklyn	https://renzograciebrooklynnyc.com
3515	https	NY	Brooklyn	Williamsburg MMA	https://www.williamsburgmma.com
3516	https	NY	Brooklyn	Park Slope Academy of Brazilian Jiu-Jitsu	https://www.psabjj.com
3517	https	NY	Brooklyn	Brooklyn Motumbaxé Capoeira Jiu Jitsu--Mestre Lampréia	https://lampreiamotumbaxe.com/membership
3518	https	NY	Brooklyn	Team Diamond Heart	https://teamdiamondheart.com
3519	https	NY	Brooklyn	Zero Gravity Jiu-Jitsu Academy	https://zerogbjj.com
3520	https	NY	Brooklyn	Unlimited Martial Arts	https://unlimitedmartialartsacademy.com
3521	https	NY	Brooklyn	Darfight Martial Arts	https://darfight.com
3522	https	NY	Brooklyn	TD Athletics	https://tdathletics.net
3523	https	NY	Brooklyn	Tiger Schulmann's Martial Arts Greenpoint (Brooklyn) NY	https://tsk.com/locations/ny/brooklyn-greenpoint
3524	https	NY	Brooklyn	Brooklyn Mixed Martial Arts & Fitness	https://www.brooklynmixedmartialarts.com
3525	https	NY	Brooklyn	The Grappling Club	https://thegrapplingclubnyc.com
3526	https	NY	Buffalo	Buffalo United Martial Arts	https://buffalounitedmartialarts.com
3527	https	NY	Depew	Lake Effect Martial Arts	https://lakeeffectbjj.com
3528	https	NY	Evans Mills	Behring Jiu Jitsu NY	https://behringjiujitsuny.com
3529	https	NY	Forest Hills	Una Brazilian Jiujitsu	https://www.unabjj.com
3530	https	NY	Fresh Meadows	Red Dawn Combat Club- Fresh Meadows	https://reddawnbjj.com
3531	https	NY	Garden City	Tiger Schulmann's Martial Arts Garden City NY	https://tsk.com/locations/ny/garden-city
3532	https	NY	Great Neck	A-Force BJJ Academy	https://www.aforcebjj.com
3533	https	NY	Hamburg	Sub Zero Brazilian Jiu Jitsu	https://subzerobjj.com
3534	https	NY	Holbrook	Vamos MMA	https://www.vamosmma.com
3535	https	NY	Huntington	Maxum BJJ Long Island	https://www.maxumbjj.com
3536	https	NY	Huntington	Tiger Schulmann's Martial Arts Huntington NY	https://tsk.com/locations/ny/huntington
3537	https	NY	Irondequoit	Rochester Jiu Jitsu	https://rochesterjiujitsu.com
3538	https	NY	Lake Grove	Long Island MMA	https://limixedmartialarts.com/
3539	https	NY	Lake Ronkonkoma	LockDown BJJ	https://lockdownbjj.com
3540	https	NY	Latham	Renzo Gracie Latham	https://renzogracielatham.com/
3541	https	NY	Long Beach	Long Beach Jiu Jitsu	https://lbnyjj.com
3542	https	NY	Long Island City	City Jiu Jitsu Academy	https://cityjiujitsuacademy.com
3543	https	NY	Manhasset	Tiger Schulmann's Martial Arts Manhasset NY	https://tsk.com/locations/ny/manhasset
3544	https	NY	Merrick	Tiger Schulmann's Martial Arts Merrick NY	https://tsk.com/locations/ny/merrick
3545	https	NY	Nanuet	Tiger Schulmann's Martial Arts Nanuet NY	https://tsk.com/locations/ny/nanuet
3546	https	NY	New City	Renzo Gracie Rockland	https://www.renzogracierockland.com
3547	https	NY	New Hyde Park	Gracie Barra Long Island	https://gblongisland.com
3548	https	NY	New Hyde Park	UFC GYM Long Island	https://www.ufcgym.com/locations/long-island
3549	https	NY	New Rochelle	Igor Gracie Jiu Jitsu Academy	https://igorgraciejiujitsu.com
3550	https	NY	New Rochelle	Westchester Fight Club	https://westchesterfightclub.com
3551	https	NY	New Windsor	Tiger Schulmann's Martial Arts New Windsor NY	https://tsk.com/locations/ny/new-windsor
3552	https	NY	New York	10th Planet Jiu Jitsu NYC	https://www.10thplanetjjnyc.com
3553	https	NY	New York	Anderson's Martial Arts Academy	https://www.andersonsmartialarts.com
3554	https	NY	New York	Clockwork Brazilian Jiu-Jitsu	https://www.clockworkbjj.com
3555	https	NY	New York	Kioto Brazilian Jiu Jitsu	https://www.kiotobjj.com/
3556	https	NY	New York	Marcelo Garcia Academy	https://www.marcelogarciajj.com/
3557	https	NY	New York	Range Brazilian Jiu-Jitsu	https://www.rangebjj.com
3558	https	NY	New York	Renzo Gracie Academy	https://renzogracieacademy.com
3559	https	NY	New York	Renzo Gracie East Side	https://www.renzogracieeastside.com
3560	https	NY	New York	Ronin Athletics	https://roninathletics.com
3561	https	NY	New York	Studio X	https://www.studiox.nyc/
3562	https	NY	New York	Unity Jiu Jitsu	https://unityjiujitsu.com
3563	https	NY	New York	Vitor Shaolin BJJ NYC	https://www.bjjnewyorkcity.com
3564	https	NY	New York	Tiger Schulmann's Martial Arts Chelsea (New York City) NY	https://tsk.com/locations/ny/chelsea
3565	https	NY	New York	Tiger Schulmann's Martial Arts Upper East Side (New York City) NY	https://tsk.com/locations/ny/upper-east-side
3566	https	NY	New York	Jkd NYC	https://jkdnyc.com
3567	https	NY	New York	Radical MMA	https://radicalmmanyc.com
3568	https	NY	New York	Valor Mixed Martial Arts	https://valormmanyc.com
3569	https	NY	New York	Modern Martial Arts Tribeca	https://www.mmanewyorkcity.com/locations/tribeca
3570	https	NY	New York	Team Jucao Brazilian Jiu Jitsu	https://teamjucao.com
3571	https	NY	New York	Modern Martial Arts NYC Upper Eastside	https://www.mmanewyorkcity.com/locations/upper-eastside
3572	https	NY	New York	Buzz Martial Arts	https://buzzma.com
3573	https	NY	New York	Renzo Gracie Jiu-Jitsu Upper West Side	https://www.renzogracieuws.com
3574	https	NY	New York	David Kaplan Martial Arts	https://www.davidkaplanmartialarts.com
3575	https	NY	New York	Square Circle New York	https://squarecirclenewyork.com
3576	https	NY	Oneonta	Oneonta Jiu Jitsu Academy	https://oneontajiujitsuacademy.com
3577	https	NY	Patchogue	Peak Jiu-Jitsu	https://www.peakjj.com
3578	https	NY	Port Chester	The Jiu Jitsu Mill	https://thejiujitsumill.com
3579	https	NY	Poughkeepsie	Gracie Jiu-Jitsu Poughkeepsie	https://nationalmartialartsandfitness.com
3580	https	NY	Queens	Spirit Martial Arts	https://spiritmma.com
3581	https	NY	Queens	Krystek School of Judo, BJJ, Self Defense and Fitness	https://krystekjudo.com
3582	https	NY	Queens	Tiger Schulmann's Martial Arts Fresh Meadows (Queens) NY	https://tsk.com/locations/ny/queens-fresh-meadows
3583	https	NY	Queens	Tiger Schulmann's Martial Arts Bayside (Queens) NY	https://tsk.com/locations/ny/queens-bayside
3584	https	NY	Queens	Tiger Schulmann's Martial Arts Bellerose (Queens) NY	https://tsk.com/locations/ny/bellerose
3585	https	NY	Queens	Tiger Schulmann's Martial Arts Rego Park (Queens) NY	https://tsk.com/locations/ny/queens-rego-park
3586	https	NY	Queens	IJC Martial Arts	https://ijcnyc.com
3587	https	NY	Queens	Tiger Schulmann's Martial Arts Jackson Heights (Queens) NY	https://tsk.com/locations/ny/queens-jackson-heights
3588	https	NY	Queens	Tiger Schulmann's Martial Arts Glendale (Queens) NY	https://tsk.com/locations/ny/queens-glendale
3589	https	NY	Queens	Hidden Fist Mixed Martial Arts Academy	https://www.hiddenfistacademy.com
3590	https	NY	Queens	Tiger Schulmann's Martial Arts Middle Village (Queens) NY	https://tsk.com/locations/ny/queens-middle-village
3591	https	NY	Queens	Training Zone NYC - Ozone Park	https://www.tznyc.com
3592	https	NY	Queens	Striking 101 Mixed Martial Arts - Forest Hills	https://s101hq.com
3593	https	NY	Rego Park	Kings Combat Fitness	https://kingscombatfitness.com
3594	https	NY	Rochester	Nova Jiu Jitsu Rochester	https://novajiujitsu.com
3595	https	NY	Rochester	Synthesis Brazilian Jiu-Jitsu	https://synthesisbjj.com
3596	https	NY	Rochester	Bedroc MMA & Fitness	https://www.bedrocmma.com
3597	https	NY	Rockville Centre	Tiger Schulmann's Martial Arts Rockville Centre NY	https://tsk.com/locations/ny/rockville-centre
3598	https	NY	Smithtown	Tiger Schulmann's Martial Arts Smithtown NY	https://tsk.com/locations/ny/smithtown
3599	https	NY	South Glens Falls	Atlas Jiu Jitsu Glens Falls	https://www.atlasjiujitsu.com/glenns-falls
3600	https	NY	Staten Island	Renzo Gracie Staten Island	https://sinybjj.com
3601	https	NY	Staten Island	Team Real USA	https://teamrealusa.com/wp
3602	https	NY	Staten Island	Tiger Schulmann's Martial Arts New Dorp (Staten Island) NY	https://tsk.com/locations/ny/staten-island-new-dorp
3603	https	NY	Staten Island	Tiger Schulmann's Martial Arts Tottenville (Staten Island) NY	https://tsk.com/locations/ny/staten-island-tottenville
3604	https	NY	Sunnyside	Marlon Colorado BJJ NYC	https://www.marloncoloradobjjnyc.com/
3605	https	NY	Syosset	Tiger Schulmann's Martial Arts Syosset NY	https://tsk.com/locations/ny/syosset
3606	https	NY	Syracuse	Haven Jiu Jitsu	https://cnyjiujitsu.com
3607	https	NY	Syracuse	Miori Martial Arts	https://www.miorimartialarts.com/
3608	https	NY	Syracuse	Sas Jiu Jitsu Syracuse	https://www.sasteamsyracuse.com
3609	https	NY	Victor	Gracie Jiu-Jitsu Victor	https://gracievictor.com
3610	https	NY	Wappingers Falls	Black Hole Jiu Jitsu	https://blackholejj.com
3611	https	NY	Yonkers	Peak Performance MMA	https://peakperformancemma.com/
3612	https	NY	Yonkers	Tiger Schulmann's Martial Arts Yonkers NY	https://tsk.com/locations/ny/yonkers
3613	https	OH	Akron	GT Brazilian Jiu-Jitsu	https://www.gtbjjohio.com/
3614	https	OH	Beachwood	Rio Pro Brazilian Jiu Jitsu	https://rioprobjj.com
3615	https	OH	Cambridge	Infinity Arts	https://www.facebook.com/InfinityArtsMartialArts/
3616	https	OH	Chillicothe	Monster Brazilian Jiu Jitsu	https://monsterbjj.com/contact-us/
3617	https	OH	Cincinnati	Limitless BJJ Cincinnati	https://limitlessbjj.com
3618	https	OH	Cincinnati	School of Combative Arts	https://www.schoolcombativearts.com/schedule-a-class
3619	https	OH	Cleveland	Hillcrest Academy of Goshin	https://www.hillcrestjujitsu.com/
3620	https	OH	Clyde	Iron & Soul	https://ironsouljiujitsu.com/
3621	https	OH	Dayton	Dayton Brazilian Jiu Jitsu	https://daytonbrazilianjiujitsu.com/
3622	https	OH	Dayton	Ilimitadas Brazilian Jiu-Jitsu	https://www.facebook.com/limitlessbjjmma/
3623	https	OH	Dublin	GB Columbus	https://graciebarra.com/dublin-oh/
3624	https	OH	Elyria	Meltons Jiujitsu/MMA	https://m.facebook.com/MeltonsJiuJitsuAcademyOhio/
3625	https	OH	Fremont	Hess' Oriental Martial Arts	https://hessma.com/
3626	https	OH	Grafton	Castro-Brasa Jiu-Jitsu	https://www.facebook.com/McCrillisBJJ/
3627	https	OH	Grove City	Grove City Brazilian Jiu-Jitsu Academy	https://www.grovecityjiujitsu.com/
3628	https	OH	Heath	10th Planet Jiu Jitsu Newark (Heath OH)	https://10thplanetnewark.com
3629	https	OH	Hinckley	Team Chitwood North	https://www.teamchitwoodnorth.com/
3630	https	OH	Macedonia	Ares Combat Training Center	https://www.arescombatsportacademy.com/
3631	https	OH	Masury	Finishers Jiu Jitsu	https://business.facebook.com/10thplanetmasury/
3632	https	OH	Newark	Underground Gym	https://www.facebook.com/NewarkUnderground/
3633	https	OH	North Ridgeville	Hooligans Boxing & MMA	https://hooligans.business.site/
3634	https	OH	Parma	Adventure BJJ & Sambo	https://adventuremma.com/bjj
3635	https	OH	Parma	Parma Family Martial Arts Center	https://www.pfmac.com/
3636	https	OH	Port Clinton	Second Nature Brazilian Jiu Jitsu	https://www.facebook.com/secondnaturebrazilianjiujitsu/
3637	https	OH	Ravenna	JW Brazilian Jiu-Jitsu	https://jwbrazilianjiujitsu.wixsite.com/website
3638	https	OH	Ravenna	South Prospect Martial Arts Gym	https://southprospectgym.quest/
3639	https	OH	St Marys	Young Guardians MMA	https://young-guardians-mma.business.site/
3640	https	OH	Strongsville	Vanyo Martial Arts	https://www.vanyomma.com/
3641	https	OH	The Plains	Bobcat MMA	https://www.starbrickbjj.com/bobcat-mma
3642	https	OH	Toledo	Adamas Brazilian Jiu Jitsu Academy	https://adamasjiujitsutoledo.com/
3643	https	OH	Upper Arlington	U A Jiu Jitsu	https://uajiujitsu.com
3644	https	OH	Vandalia	MPower Gym LLC	https://www.mpowergymllc.com/
3645	https	OH	West Chester	GB Cincinnati	https://cincymma.com/
3646	https	OH	West Chester	Jorge Gurgel Martial Arts Center West Chester	https://jgmma.com/
3647	https	OH	Wooster	Ohio Academy of Martial Arts	https://ohioacademyofmartialarts.com/
3648	https	OH	Xenia	Gladiator Training Center	https://www.gladiatortrained.com/
3649	https	OK	Moore	Blackout Jiu Jitsu	https://blackoutjiujitsu.com
3650	https	OK	Moore	Integrity Martial Arts Moore	https://integrityma.ninja
3651	https	OK	Tulsa	Carson Fight & Fitness	https://carsonfightfitness.com
3652	https	ON	Ajax	Elemental Jiu Jitsu	https://elementaljiujitsu.com
3653	https	ON	Ajax	Karma Jiu Jitsu	https://karmajiujitsu.com
3654	https	ON	Ajax	Moyo Jiu-Jitsu Academy	https://moyojiujitsu.com
3655	https	ON	Aurora	905 Brazilian Jiujitsu	https://905brazilianjiujitsu.com
3656	https	ON	Barrie	Champs Academy	https://champsacademy.ca
3657	https	ON	Barrie	Legacy Fight Club	https://legacyfightclub.com
3658	https	ON	Barrie	Submission Arts Academy	https://submissionartsacademy.com
3659	https	ON	Belleville	Belleville BJJ	https://bellevillebjj.com
3660	https	ON	Belleville	Alcateia Brazilian Jiu Jitsu	https://alcateiabjj.com
3661	https	ON	Brampton	Brampton Brazilian Jiu Jitsu Academy	https://bramptonbjj.com
3662	https	ON	Brantford	Brantford BJJ	https://brantfordbjj.com
3663	https	ON	Burlington	Burlington BJJ	https://burlingtonbjj.ca
3664	https	ON	Burlington	MN Brazilian Jiu Jitsu Academy	https://mnbjj.ca
3665	https	ON	Burlington	Octa BJJ Burlington	https://burlington.octabjj.com
3666	https	ON	Cambridge	Grand River BJJ	https://grandriverbjj.ca
3667	https	ON	Cambridge	MAS Academy of Martial Arts	https://masthaiboxing.com
3668	https	ON	Cambridge	Octa BJJ Cambridge	https://cambridge.octabjj.com
3669	https	ON	Concord	King Jiu Jitsu Vaughan	https://kingjiujitsuvaughan.com
3670	https	ON	Etobicoke	BJJ Battalion	https://bjjbattalion.com
3671	https	ON	Etobicoke	Etobicoke BJJ	https://etobicoke-bjj.com
3672	https	ON	Guelph	Guelph BJJ	https://guelphbjj.com
3673	https	ON	Guelph	Omerta BJJ	https://omertabjj.com
3674	https	ON	Guelph	Royal City BJJ	https://royalcitybjj.com
3675	https	ON	Hamilton	Hamilton Brazilian Jiu-Jitsu	https://hamiltonbjj.com
3676	https	ON	Hamilton	Bora Jiu-Jitsu	https://borabjj.com
3677	https	ON	Hamilton	Hamilton School of Martial Arts	https://hsma1.com
3678	https	ON	Hamilton	Joslin's MMA	https://joslinsmma.com
3679	https	ON	Hamilton	The Grappling Garden	https://grapplinggarden.ca
3680	https	ON	Kanata	Silver 7 Martial Arts	https://silver7martialarts.com
3681	https	ON	Kitchener	Guardhouse BJJ	https://guardhousebjj.ca
3682	https	ON	Kitchener	Octa BJJ Kitchener	https://octabjjkitchener.com
3683	https	ON	Kitchener	Olympus Martial Arts	https://olympusmma.com
3684	https	ON	Kitchener	Return of the Dragon	https://rotdma.com
3685	https	ON	London	Bindner Academy	https://bindner.academy
3686	https	ON	London	Gracie Barra London	https://graciebarra.com
3687	https	ON	London	The Submission Academy	https://subacademyldn.com
3688	https	ON	Markham	88 BJJ	https://eighteightbjj.com
3689	https	ON	Mississauga	Kombat Arts Training Academy	https://kombatarts.com
3690	https	ON	Mississauga	Mississauga Jiu Jitsu	https://mississaugajiujitsu.com
3691	https	ON	Mississauga	Santos Brothers BJJ	https://santosbrothersbjj.com
3692	https	ON	Mississauga	AMA Dojo	https://amadojo.ca
3693	https	ON	Mississauga	Core Jiu-Jitsu	https://bjjmississauga.com
3694	https	ON	Mississauga	Current Jiu Jitsu	https://currentbjj.com
3695	https	ON	Mississauga	New Valor Brazilian Jiu-Jitsu Academy	https://newvalorbjj.com
3696	https	ON	Mississauga	Octa BJJ Mississauga	https://mississauga.octabjj.com
3697	https	ON	Niagara Falls	Passador BJJ	https://passadorbjj.com
3698	https	ON	North Bay	Grounded Studios	https://grounded.ca
3699	https	ON	North Bay	The Garden Brazilian Jiu Jitsu	https://thegardenbjj.ca
3700	https	ON	North York	Toronto Top Team Martial Arts and Fitness	https://torontommateam.com
3701	https	ON	Oakville	Oakville Brazilian Jiu-Jitsu	https://oakvillejiujitsu.ca
3702	https	ON	Oakville	Octa BJJ Oakville	https://octabjj.com
3703	https	ON	Oakville	VS Brazilian Jiu-Jitsu	https://vsbjj.com
3704	https	ON	Orillia	Big Country - Orillia	https://bigcountryorillia.gymdesk.com
3705	https	ON	Orillia	Resolve Martial Arts Academy Orillia	https://resolvemartialartsorillia.com
3706	https	ON	Oshawa	Mamute Martial Arts	https://mamutemaa.com
3707	https	ON	Ottawa	Ground X Jiu Jitsu Ottawa	https://groundxjiujitsu.com
3708	https	ON	Ottawa	Ottawa Jiu Jitsu	https://ottawajiujitsu.com
3709	https	ON	Ottawa	Brave Martial Arts Institute	https://bravemai.com
3710	https	ON	Ottawa	Gracie Barra Ottawa	https://gb-ottawa.com
3711	https	ON	Ottawa	Jiujitsu Culture	https://jiujitsuculture.ca
3712	https	ON	Ottawa	Ottawa Academy of Martial Arts	https://oama.ca
3713	https	ON	Ottawa	The Ottawa Jiu Jitsu Club	https://theottawajiujitsuclub.com
3714	https	ON	Ottawa	Zen MMA	https://zenmma.ca
3715	https	ON	Peterborough	Eris Martial Arts Academy	https://erismartialarts.com
3716	https	ON	Peterborough	Kawartha Combat	https://kawarthacombat.com
3717	https	ON	Pickering	AACE Martial Arts Academy	https://aacemartialartsacademy.com
3718	https	ON	Pickering	Action & Reaction MMA Pickering	https://actionreactionmma.com
3719	https	ON	Richmond Hill	Richmond Hill Jiu-Jitsu	https://rh-bjj.com
3720	https	ON	Sarnia	Forge Training Centre	https://forgetrainingcentre.com
3721	https	ON	Sarnia	The Butcher Shop	https://butchershopjiujitsu.ca
3722	https	ON	Sault Ste. Marie	Gracie Jiu-Jitsu Sault Ste. Marie	https://graciejiujitsusaultstemarie.com
3723	https	ON	Sault Ste. Marie	Steel City MMA	https://steelcitymma.com
3724	https	ON	Scarborough	Salvosa Jiu-Jitsu Academy	https://salvosabjj.com
3725	https	ON	St. Catharines	Niagara BJJ	https://niagarabjj.com
3726	https	ON	St. Catharines	St. Catharines BJJ	https://stcatharinesbjj.com
3727	https	ON	St. Catharines	Evolve MMA & Fitness	https://evolvemma.ca
3728	https	ON	St. Catharines	Renzo Gracie Niagara	https://renzogracieniagara.com
3729	https	ON	St. Catharines	SBG Niagara	https://sbgniagara.ca
3730	https	ON	Stoney Creek	Hamilton BJJ	https://hamilton-bjj.com
3731	https	ON	Sudbury	Sudbury BJJ	https://sudburybjj.com
3732	https	ON	Tecumseh	Caique Jiu-Jitsu Academy Windsor Essex	https://cjjwe.com
3733	https	ON	Thunder Bay	Leading Edge MMA	https://leadingedgemma.ca
3734	https	ON	Thunder Bay	Thunder Valley Martial Arts	https://thundervalleymartialarts.com
3735	https	ON	Toronto	Greenwood Jiu-Jitsu	https://brazilianjiujitsutoronto.com
3736	https	ON	Toronto	Junction Academy	https://www.junctionacademy.ca
3737	https	ON	Toronto	Toronto BJJ	https://www.torontobjj.com
3738	https	ON	Toronto	Toronto Jiu Jitsu Club	https://torontojiujitsuclub.com
3739	https	ON	Toronto	Yorkdale Martial Arts	https://yorkdalemartialarts.com
3740	https	ON	Toronto	Gracie Barra Toronto East	https://graciebarra.com
3741	https	ON	Toronto	JT6 Academy	https://jt6.ca
3742	https	ON	Vaughan	Vaughan Jiu-Jitsu Academy	https://vaughanbjj.com
3743	https	ON	Waterloo	The Jiu-Jitsu Lab	https://labjiujitsu.com
3744	https	ON	Whitby	DNA Brazilian Jiu Jitsu	https://dnabjj.com
3745	https	ON	Windsor	APEX MMA	https://apexmma.ca
3746	https	ON	Windsor	META BJJ Windsor	https://metabjj.ca
3747	https	ON	Windsor	Maximum Training Centre	https://mtcwindsor.ca
3748	https	OR	Albany	Oregon Triad Jiu-Jitsu	https://www.facebook.com/OregonTriadJiuJitsu/
3749	https	OR	Ashland	Ashland BJJ	https://ashlandbjj.com
3750	https	OR	Ashland	Ashland Mixed Martial Art	https://ashlandheroacademy.com/
3751	https	OR	Beaverton	Impact Jiu Jitsu HQ Beaverton	https://www.impactjj.com/
3752	https	OR	Bend	Connection Rio Jiu-Jitsu Academy	https://connectionriobjj.com/
3753	https	OR	Bend	Clarks University of Martial Arts	https://clark-s-university-of-martial-arts.mykajabi.com/
3754	https	OR	Clackamas	Impact Jiu Jitsu Clackamas	https://www.impactjj.com/
3755	https	OR	Corvallis	10th Planet Corvallis	https://www.facebook.com/10PCorvallis/
3756	https	OR	Eugene	Grey Wolf Brazilian Jiu-Jitsu - Martial Arts	https://www.greywolfbjj.com/
3757	https	OR	Grants Pass	Wayne Owen Fighting Arts	https://www.facebook.com/Wayne-Owen-Fighting-Arts-174709395877709/
3758	https	OR	Gresham	Checkmat Portland	https://checkmatportland.com/
3759	https	OR	Hillsboro	Impact Jiu Jitsu Hillsboro	https://impacthillsboro.com/
3760	https	OR	Hood River	Impact Jiu Jitsu Hood River	https://www.impacthoodriver.com/
3761	https	OR	Hubbard	Counter Point Martial Arts	https://www.facebook.com/CPMATKD
3762	https	OR	Keizer	Impact Jiu Jitsu Keizer	https://salemimpactjj.com/
3763	https	OR	Klamath Falls	Mountain Warrior Academy Of Martial Arts (Impact JJ)	https://www.mwama.com/
3764	https	OR	Newberg	Impact Jiu Jitsu Newberg	https://www.impactnewberg.com/
3765	https	OR	Pendleton	Copperhead Jiu Jitsu	https://copperheadjiujitsu.com/
3766	https	OR	Portland	Unicorn Jiu Jitsu	https://www.unicornjiujitsu.com/
3767	https	OR	Portland	Recreate Fitness	https://recreatefitness.com/
3768	https	OR	Portland	TigerStyle Combat Sports	https://tigersden.club/classes/Brazilian-Jiu-Jitsu
3769	https	OR	Portland	Renzo Gracie Jiu Jitsu Portland	https://www.renzogracieportland.com/contact/
3770	https	OR	Portland	School of Budo	https://www.ecoledebudo.com/classes/jiu-jitsu/
3771	https	OR	Portland	Go Hard MMA & Fitness	https://www.facebook.com/Gohardmmafitness/
3772	https	OR	Portland	Gracie Jiu-Jitsu Portland	https://www.graciepdx.com/
3773	https	OR	Portland	Industrial Strength Gym BJJ (Impact JJ)	https://industrialstrengthgym.com/brazilian-jiu-jitsu/
3774	https	OR	Redmond	Joint Lock BJJ - Brazilian Jiu Jitsu	https://www.facebook.com/jointlockbjj
3775	https	OR	Salem	Impact Jiu Jitsu Salem (Lancaster)	https://courthousefit.com/impact-jiu-jitsu/
3776	https	OR	Salem	Impact Jiu Jitsu Salem	https://salemimpactjj.com/
3777	https	OR	Springfield	Checkered Past MMA Gym	https://www.checkeredpastmma.com/
3778	https	OR	Tigard	Gracie Barra Sw Portland	https://graciebarra.com/sw-portland-or/
3779	https	OR	Wilsonville	Impact Jiu Jitsu at Crossfit Wilsonville	https://www.crossfitwilsonville.com/jiu-jitsu-at-cfw
3780	https	PA	Allentown	10th Planet Jiu Jitsu Allentown	https://www.10thplanetallentown.com/
3781	https	PA	Allentown	Tiger Schulmann's Mixed Martial Arts Allentown	https://tsk.com/jiu-jitsu-classes/allentown-jiu-jitsu/
3782	https	PA	Beaver County	GB Beaver County	https://graciebarra.com/beaver-pa/
3783	https	PA	Bethlehem	Inverted Gear Academy	https://invertedgearacademy.com/
3784	https	PA	Bethlehem	Tiger Schulmann's Mixed Martial Arts Bethlehem	https://tsk.com/locations/pa/bethlehem/
3785	https	PA	Blakely	No Limits Grappling Academy	https://www.nolimitsgrapplingacademy.com/
3786	https	PA	Bloomsburg	10th Planet BJJ Bloomsburg at Mid World Martial Arts	https://www.midworldmartialarts.com/
3787	https	PA	Bloomsburg	Bloomsburg Martial Arts Academy	https://bloommma.com/
3788	https	PA	Clarion	Clarion MMA	https://clarionmma.com/
3789	https	PA	Colmar	Tiger Schulmann's Mixed Martial Arts Colmar	https://tsk.com/locations/pa/colmar/
3790	https	PA	Dunmore	Scranton MMA	https://scrantonmma.com/
3791	https	PA	Erie	Mata Leão Jiu-Jitsu	https://eriebjj.com
3792	https	PA	Feasterville-Trevose	Tiger Schulmann's Mixed Martial Arts Feasterville	https://tsk.com/locations/pa/feasterville/
3793	https	PA	Gettysburg	Tsunami Academy of Martial Arts	https://tsunami.academy/
3794	https	PA	Gilbertsville	Sentry Jiu-Jitsu	https://www.facebook.com/SentryBJJ/
3795	https	PA	Greencastle	Tactical Combat Academy MMA - Greencastle	https://www.tcamma.com/
3796	https	PA	Horsham	Tiger Schulmann's Mixed Martial Arts Horsham	https://tsk.com/locations/pa/horsham/
3797	https	PA	Johnstown	Flood City JiuJitsu	https://www.facebook.com/Flood-City-Jiu-Jitsu-102267197991568/
3798	https	PA	Lancaster	UFC GYM Lancaster	https://www.ufcgym.com/locations/lancaster/
3799	https	PA	Langhorne	ONEPUNCH Boxing and MMA Jujitsu Gym	https://onepunchatoxfordmall.business.site/
3800	https	PA	Lemont Furnace	All-American MMA Academy	https://all-american-mma-academy.business.site/
3801	https	PA	Malvern	Dragon Gym Malvern	https://www.dragongym.com/
3802	https	PA	Monongahela	Octane Martial Arts	https://octanemartialarts.com/
3803	https	PA	Morrisville	Good Vibes Brazilian Jiu Jitsu	https://goodvibesjiujitsu.com/
3804	https	PA	Nazareth	10th Planet Nazareth	https://10pnazareth.com/
3805	https	PA	Orwigsburg	Boa Brazilian Jiu Jitsu	https://boa-brazilian-jiu-jitsu-llc.business.site/
3806	https	PA	Philadelphia	Daniel Gracie BJJ	https://www.danielgraciephilly.com
3807	https	PA	Philadelphia	Philadelphia Jiu-Jitsu	https://www.instagram.com/philadelphiajiujitsu/
3808	https	PA	Philadelphia	RH Studios BJJ	https://www.instagram.com/rhstudios_bjj/
3809	https	PA	Philadelphia	Undisputed MMA	https://undisputed-mma-llc.business.site/
3810	https	PA	Pleasant Gap	American Top Team Happy Valley	https://atthappyvalleypa.com/
3811	https	PA	Pottsville	Mountain Road Jiu-Jitsu	https://mountainroadjiujitsu.com/
3812	https	PA	Quakertown	Quakertown Academy of MMA & Fitness	https://www.mindbodyonline.com/explore/locations/vmma-quakertown
3813	https	PA	Schwenksville	Precision Jiu Jitsu Spring Mount	https://www.precisionjjspringmount.com
3814	https	PA	State College	Central PA Mixed Martial Arts	https://www.cpamma.com/
3815	https	PA	Waynesboro	Elite Martial Arts Center	https://www.facebook.com/EliteFamilyMA/
3816	https	PA	Wexford	Team Junqueira Pittsburgh	https://www.teamjunqueira.com/
3817	https	PA	Wilkes-Barre	Bad Company Jiu-Jitsu	https://www.badcompanybjj.com/
3818	https	PA	York	East York Brazilian Jiu Jitsu	https://yorkbjj.com
3819	https	PE	Bonshaw	West River Jiu Jitsu	https://westriverjiujitsu.ca
3820	https	PE	Charlottetown	Charlottetown BJJ Academy	https://charlottetownbjj.com
3821	https	PE	Charlottetown	JM Brazilian Jiu-Jitsu	https://jmbjj.ca
3822	https	PE	Charlottetown	Renzo Gracie PEI Lot 36	https://www.facebook.com/p/Renzo-Gracie-PEI-Lot-36-100069410847003
3823	https	PE	Montague	Montague BJJ	https://montaguebjj.ca
3824	https	PE	O'Leary	PEI Martial Arts Academy O'Leary	https://www.peimma.com/oleary
3825	https	PE	Summerside	PEI Martial Arts Academy Summerside	https://www.peimma.com
3826	https	PE	York	Wulfrun Martial Arts	https://wulfrunmartialarts.com
3827	https	QC	Beloeil	Académie Impak	https://impakmma.com
3828	https	QC	Boucherville	Gracie Barra Boucherville	https://www.gbbou.ca
3829	https	QC	Brossard	Gracie Barra Brossard	https://gbbrossard.ca
3830	https	QC	Brossard	Guara BJJ	https://www.guarabjj.com
3831	https	QC	Drummondville	Elite Jiu Jitsu Drummondville	https://www.elitejjd.ca
3832	https	QC	Gatineau	Arts Martiaux DeRocque BJJ	https://derocquebjj.com
3833	https	QC	Gatineau	Aylmer Jiu-Jitsu and Muay-Thai	https://www.aylmerjiujitsu.com
3834	https	QC	Gatineau	Centre Evolution	https://www.artsmartiauxevolution.com
3835	https	QC	Gatineau	Rossi BJJ & Kickboxing	https://www.rossibjjkick.ca
3836	https	QC	Granby	Les Mauvais Compagnons	https://lesmauvaiscompagnons.com
3837	https	QC	Laval	Gracie Barra Laval	https://gblaval.com
3838	https	QC	Laval	Renzo Gracie Laval	https://www.gracielaval.com
3839	https	QC	Longueuil	Bravado BJJ Rive-Sud	https://www.bravadobjjrivesud.com
3840	https	QC	Longueuil	Outros Caras Jiu-Jitsu	https://www.outroscaras-bjj.com
3841	https	QC	Longueuil	Volt BJJ	https://www.voltbjj.com
3842	https	QC	Lévis	Gracie Jiu-Jitsu St-Nicolas	https://www.graciejiujitsustnicolas.com
3843	https	QC	Montreal	Carlson Gracie Montreal	https://carlsongraciemontreal.com
3844	https	QC	Montreal	NovaGym	https://novagym.ca
3845	https	QC	Montreal	Tristar Gym Montreal	https://tristargym.com
3846	https	QC	Montreal	Académie Frontenac	https://www.academiefrontenac.com
3847	https	QC	Montreal	Gracie Barra Kirkland	https://gbkirkland.ca
3848	https	QC	Montreal	Gracie Barra Montreal	https://gbmontreal.ca
3849	https	QC	Montreal	Gracie Barra Montreal-Ouest	https://gbmontrealouest.ca
3850	https	QC	Montreal	Gracie Barra Saint-Laurent	https://gbsaintlaurent.ca
3851	https	QC	Montreal	Gracie Barra Sainte-Anne-de-Bellevue	https://gbsainteanne.ca
3852	https	QC	Montreal	Plateau BJJ	https://plateaubjj.com
3853	https	QC	Montreal	Renzo Gracie West Island	https://www.rgwestisland.ca
3854	https	QC	Nicolet	Académie JiuManji	https://academiejiumanji.com
3855	https	QC	Notre-Dame-du-Mont-Carmel	Groupe Butactik	https://butactik.com
3856	https	QC	Quebec City	Nordik Fight Club	https://nordikfightclub.com
3857	https	QC	Quebec City	Bjj Québec	https://bjjquebec.com
3858	https	QC	Quebec City	Royal Jiu-Jitsu Québec	https://royaljiujitsuqc.com
3859	https	QC	Quebec City	Sampa Jiu-Jitsu	https://www.sampajjb.com
3860	https	QC	Repentigny	North Legion Académie	https://northlegionacademie.ca
3861	https	QC	Repentigny	Tristar Gym Repentigny	https://tristarrepentigny.ca
3862	https	QC	Rosemère	Alliance Jiu Jitsu Montréal - Rosemère	https://brazilianjiujitsumontreal.com
3863	https	QC	Saguenay	Jiu-Jitsu Saguenay	https://bjjsaguenay.com
3864	https	QC	Saint-Amable	Académie Connexion	https://academieconnexion.com
3865	https	QC	Saint-Constant	Arts Martiaux KJS	https://www.artsmartiauxkjs.com
3866	https	QC	Saint-Jérôme	Kuzushi Fight Club	https://www.saintjeromebjj.com
3867	https	QC	Saint-Mathieu-de-Beloeil	LV Jiu-Jitsu	https://lvbjj.ca
3868	https	QC	Shefford	Arts Martiaux K2V	https://www.ecolekaratebromont.com
3869	https	QC	Sherbrooke	Académie Athéna	https://www.athenabjj.com
3870	https	QC	Sherbrooke	Académie SGS	https://academiesgs.com
3871	https	QC	Sherbrooke	Nomad Brazilian Jiu-Jitsu	https://nomadbjj.com
3872	https	QC	Sherbrooke	Three Headed Beast	https://www.sherbrookebjj.com
3873	https	QC	Sherbrooke	École de kickboxing de l'Estrie	https://estriekickboxing.com
3874	https	QC	Sutton	Terra Atma	https://www.terra-atma.com
3875	https	QC	Terrebonne	Dojo Fusion	https://dojofusion.ca
3876	https	QC	Trois-Rivières	AM3R - Arts Martiaux Trois-Rivières	https://www.am3r.ca
3877	https	QC	Trois-Rivières	Centre SAGA	https://www.centresaga.ca
3878	https	QC	Val-d'Or	Institut Impact Élite Martial	https://institutimpactelitemartial.com
3879	https	RI	Bristol	Danny Savery BJJ and Martial Arts Academy	https://dannysaverybjj.com
3880	https	RI	East Providence	Ocean State Studios BJJ	https://oceanstatestudiosbjj.com
3881	https	RI	East Providence	Playground Jiu Jitsu	https://playgroundjiujitsu.com
3882	https	RI	Exeter	Elevate Dojo	https://www.elevatedojo.com
3883	https	RI	Jamestown	Ocean State Brazilian Jiu Jitsu	https://www.oceanstatebjj.com
3884	https	RI	Kingston	Pride Martial Arts and Fitness	https://www.pridemartialarts.com
3885	https	RI	Middletown	Mission First Jiu-Jitsu	https://www.missionfirstbjj.com
3886	https	RI	North Kingstown	Just Train	https://justtrainri.com
3887	https	RI	North Providence	Ricardo Cavalcanti Brazilian Jiu-Jitsu - RI	https://rcbjjri.com
3888	https	RI	Pawtucket	Tri-Force MMA	https://www.triforcemma.com
3889	https	RI	Providence	Providence BJJ	https://providencebjj.com
3890	https	RI	Providence	Gracie Jiu-Jitsu Providence	https://graciejiujitsuprovidence.com
3891	https	RI	Providence	Tim Burrill Brazilian Jiu Jitsu	https://timburrill.com
3892	https	RI	Smithfield	Renzo Gracie RI	https://www.renzogracieri.com
3893	https	RI	Warwick	Braman Jiu Jitsu	https://www.bramanjiujitsu.com
3894	https	RI	Warwick	Gracie Jiu-Jitsu Warwick	https://www.graciejiujitsuwarwick.com
3895	https	RI	West Warwick	Rilion Gracie Rhode Island	https://riliongracieri.com
3896	https	RI	Westerly	Kiefer's Martial Arts	https://kiefersmartialarts.com
3897	https	SC	Anderson	Alliance Jiu Jitsu Anderson	https://allianceanderson.com
3898	https	SC	Anderson	Renzo Gracie South Carolina	https://www.renzograciesc.com
3899	https	SC	Beaufort	Beaufort MMA	https://www.beaufortmma.com
3900	https	SC	Bluffton	May River BJJ	https://www.mayriverbjj.com
3901	https	SC	Bluffton	Riptide Mixed Martial Arts Academy	https://riptidemma.com
3902	https	SC	Charleston	Black Label Martial Arts	https://blacklabelmartialarts.com
3903	https	SC	Charleston	Gracie Barra West Ashley	https://www.gbwestashley.com
3904	https	SC	Columbia	Jitsu Academy SC	https://jitsuacademy.com
3905	https	SC	Columbia	Spartan Academy MMA	https://spartanacademymma.com
3906	https	SC	Florence	Ozone Brazilian Jiu-Jitsu	https://www.ozonebjj.co
3907	https	SC	Fort Mill	Great Grappling Brazilian Jiu Jitsu	https://greatgrappling.com
3908	https	SC	Fort Mill	Lucas Lepri Jiu Jitsu Academy Fort Mill	https://lepribjj.com
3909	https	SC	Greenville	FightWorks Academy	https://fightworksacademy.com
3910	https	SC	Greenville	Greenville Alliance Jiu Jitsu	https://alliancegreenville.com
3911	https	SC	Greenville	Senzo Jiu-Jitsu Academy	https://senzobjj.com
3912	https	SC	Greenwood	Divinus Lux Jiu Jitsu	https://www.divinusluxjiujitsu.com
3913	https	SC	Greer	Rilion Gracie Greenville	https://riliongraciegreenville.com
3914	https	SC	Hartsville	Red Fox Brazilian Jiu-Jitsu	https://redfoxbjj.com
3915	https	SC	Inman	Revolution Martial Arts and Performance Fitness	https://revolution-martialarts.com
3916	https	SC	Irmo	Columbia Self Defense	https://columbiaselfdefense.com
3917	https	SC	Lexington	Gracie Jiu-Jitsu Lexington Carter's Academy	https://www.gracielexington.com
3918	https	SC	Moncks Corner	Believe Jiu Jitsu	https://believejiujitsu.com
3919	https	SC	Moncks Corner	Heritage Jiu-Jitsu	https://heritagebjj.com
3920	https	SC	Mount Pleasant	Houzn Jiu Jitsu Academy	https://www.houznjiujitsu.academy
3921	https	SC	Mount Pleasant	Royce Gracie Academy Mount Pleasant	https://roycegraciemp.com
3922	https	SC	Murrells Inlet	Myrtle Beach BJJ and Judo	https://myrtlebeachbjj.com
3923	https	SC	Myrtle Beach	Checkmat Myrtle Beach	https://checkmatmbsc.com
3924	https	SC	Myrtle Beach	Kilo Delta BJJ and MMA	https://www.kilodeltabjjsc.com
3925	https	SC	Rock Hill	Rock Hill BJJ	https://rockhillbjj.com
3926	https	SC	Rock Hill	TAP Brazilian Jiu-Jitsu Academy	https://www.tapbjjacademy.com
3927	https	SC	Spartanburg	Spartanburg Jiu-Jitsu	https://www.spartanburgjiujitsu.com
3928	https	SC	Summerville	Gracie Barra Summerville	https://gbsummerville.com
3929	https	SD	Aberdeen	Hub City MMA & BJJ	https://hubcitymma.gymdesk.com
3930	https	SD	Aberdeen	Wolfpack Family Jiujitsu	https://www.wolfpackfamilybjj.com
3931	https	SD	Brookings	No Illusions Martial Arts	https://www.noillusionsmartialarts.com
3932	https	SD	Rapid City	Black Hills Brazilian Jiu-Jitsu	https://www.bhbjj.com
3933	https	SD	Rapid City	Gold Bar Training Center	https://goldbartrainingcenter.com
3934	https	SD	Sioux Falls	Gracie Jiu-Jitsu Sioux Falls	https://www.gjjsiouxfalls.com
3935	https	SD	Sioux Falls	Midwest Martial Arts Academy	https://midwestmartialartssf.com
3936	https	SD	Sioux Falls	Misfits Grappling Club	https://www.misfitsgrapplingclub.com
3937	https	SD	Sioux Falls	Next Edge Academy	https://nextedgeacademy.com
3938	https	SD	Spearfish	Spearfish Martial Arts	https://www.spearfishmartialarts.com
3939	https	SK	Melville	WARCRY Martial Arts	https://warcrymartialarts.com
3940	https	SK	Moose Jaw	Control Jiu Jitsu	https://controlbjj.com
3941	https	SK	North Battleford	Green Dojo	https://greendojo.ca
3942	https	SK	Prince Albert	North Wake Martial Arts	https://northwakemartialarts.com
3943	https	SK	Prince Albert	The Lab Brazilian Jiu-Jitsu Academy	https://thebjjlab.com
3944	https	SK	Regina	Regina BJJ	https://reginabjj.com
3945	https	SK	Regina	Ascendant Martial Arts	https://ascendantmartialarts.ca
3946	https	SK	Regina	Expedition Brazilian Jiu-Jitsu	https://expeditionbjj.ca
3947	https	SK	Saskatoon	Alliance Training Center	https://alliancetrainingcenter.com
3948	https	SK	Saskatoon	Scheer's Martial Arts	https://scheersmartialarts.com
3949	https	SK	Saskatoon	Valens Jiu Jitsu Academy Saskatoon	https://valensjiujitsu.ca
3950	https	SK	Yorkton	Yorkton Martial Arts Training Center	https://ymatc.com
3951	https	TN	Brentwood	Renzo Gracie Nashville	https://renzogracienashville.com
3952	https	TN	Bristol	Absolute Jiu-Jitsu Academy Bristol	https://absolutejj.com
3953	https	TN	Chattanooga	Kioto Brazilian Jiu-Jitsu Chattanooga	https://www.kiotobjjchattanooga.com
3954	https	TN	Clarksville	Clarksville BJJ	https://clarksvillebjj.com
3955	https	TN	Cleveland	Leviathan Academy Brazilian Jiu-Jitsu	https://www.leviathanacademy.com
3956	https	TN	Cookeville	Alpha Jiu-Jitsu Academy	https://www.alphajiujitsuacademy.com
3957	https	TN	Cookeville	Cookeville Jiu-Jitsu	https://www.cookevillejiujitsu.com
3958	https	TN	Crossville	Crossville MMA	https://www.crossvillemma.com
3959	https	TN	Johnson City	Team Oxendine Mixed Martial Arts	https://www.teamoxendine.com
3960	https	TN	Kingsport	Kingsport BJJ	https://kingsportbjj.com
3961	https	TN	Knoxville	Knoxville Martial Arts Academy	https://knoxmma.com
3962	https	TN	Knoxville	Lucas Lepri Brazilian Jiu-Jitsu Knoxville	https://lepribjjknoxville.com
3963	https	TN	Knoxville	Shield Systems Academy	https://shieldsystemsacademy.com
3964	https	TN	Memphis	Memphis Judo & Jiu-Jitsu	https://www.memphisbjj.com
3965	https	TN	Memphis	Alliance TN	https://www.facebook.com/AllianceTNBJJ
3966	https	TN	Murfreesboro	Murfreesboro BJJ	https://murfreesborobjj.com
3967	https	TN	Nashville	Liberdade Brazilian Jiu-Jitsu	https://www.liberdadebjj.com
3968	https	TN	Nashville	Nashville Mixed Martial Arts	https://nashvillemma.com
3969	https	TN	Paris	Paris Gracie Jiu Jitsu Academy	https://www.facebook.com/parisgraciejiujitsuacademy
3970	https	TN	Seymour	Gracie Jiu-Jitsu Foothills	https://www.graciefoothills.com
3971	https	TN	Smyrna	ADG Jiu-Jitsu	https://adgjiujitsu.com
3972	https	TN	Spring Hill	Tennessee Brazilian Jiu-Jitsu Academy	https://www.tbjja.com
3973	https	TX	Allen	John Machado Brazilian Jiu-Jitsu	https://johnmachadobjj.com/
3974	https	TX	Allen	Legacy Brazilian Jiu Jitsu	https://www.legacy-bjj.com/
3975	https	TX	Allen	Soul Fighters Martial Arts Training Center - Allen	https://soulfightersallen.com/
3976	https	TX	Arlington	Alvarez Brazilian Jiu-Jitsu Arlington	https://alvarezbjj.com/
3977	https	TX	Arlington	Arlington MMA	https://arlingtonmma.com/
3978	https	TX	Arlington	Bushido Martial Arts Academy	https://bushidomartialarts.net/
3979	https	TX	Austin	John's Gym Mixed Martial Arts & Fitness	https://www.johnsgym.com/
3980	https	TX	Austin	Kingsway Jiu-Jitsu	https://kingswayjiujitsu.com
3981	https	TX	Austin	Six Blades Austin	https://www.sixblades.com/
3982	https	TX	Austin	Supreme Academy ATX	https://supremeacademyatx.com
3983	https	TX	Austin	Gracie Barra North Austin	https://www.gbnorthaustin.com
3984	https	TX	Azle	TMAC Tipton Martial Arts Club	https://tonytiptontraining.wixsite.com/website
3985	https	TX	Beaumont	10th Planet Jiu Jitsu Beaumont	https://www.10thplanetbeaumontjiujitsumma.com/
3986	https	TX	Belton	Virtue Brazilian Jiu Jitsu	https://virtuebjjtx.com
3987	https	TX	Boerne	GB Boerne	https://graciebarra.com/boerne-tx/
3988	https	TX	Buda	Gracie Barra Buda	https://gbbuda.com/
3989	https	TX	Bulverde	Gustavo Machdo Brazilian Jiu-Jitsu - Texas (GMBJJTX)	https://www.gmbjjtx.com
3990	https	TX	Carrollton	Carlos Machado Jiu-Jitsu Carrollton	https://www.carlosmachado.net
3991	https	TX	Carrollton	10th Planet North Dallas	https://10thplanetjjdallas.com
3992	https	TX	Carrollton	Carlos Machado Jiu-Jitsu	https://member-site.net/VIP/default.aspx
3993	https	TX	Cedar Hill	GB Cedar Hill	https://www.gbcedarhill.com
3994	https	TX	Cedar Hill	Magness Brazilian Jiu-Jitsu Martial Arts Academy	https://magnessbjj.com/free-trial/
3995	https	TX	College Station	GB College Station	https://gbcollegestation.com
3996	https	TX	Conroe	Carlson Gracie Houston	https://carlsongracieteamhouston.com
3997	https	TX	Conroe	Endure Cross- Training	https://www.facebook.com/pages/category/Martial-Arts-School/Endure-Cross-Training-102074864972461/
3998	https	TX	Conroe	Infinitum Jiu Jitsu Academy - PSBJJ Lake Conroe	https://infinitumjiujitsuconroe.com/contact
3999	https	TX	Copperas Cove	Absolute Self Defense Academy	https://absolute-self-defense-academy-school.business.site
4000	https	TX	Corpus Christi	American Revolution Muay Thai & Submission Center	https://www.americanrevolutionmma.com/
4001	https	TX	Corpus Christi	Gracie Allegiance Jiu Jitsu/ APrx Fitness	https://gracieallegiancetexas.zenplanner.com/zenplanner/portal/scheduler.cfm
4002	https	TX	Cypress	GB Cypress	https://www.gb-cypress.com
4003	https	TX	Dallas	Abdias Brazilian Jiu-Jitsu	https://www.bushidostrength.com
4004	https	TX	Dallas	Alex Martins Brazilian Jiu Jitsu	https://alexmartinsbrazilianjiujitsu.com
4005	https	TX	Dallas	Alliance Jiu Jitsu Dallas	https://alliancejiujitsudallas.com
4006	https	TX	Dallas	Carlos Machado Jiu Jitsu Dallas	https://www.marciosantosjiujitsu.com
4007	https	TX	Dallas	Marcelo Garcia Jiu-Jitsu of Dallas	https://www.marcelogarciadallas.com
4008	https	TX	Dallas	5 Elements Studio- Jiu-Jitsu & Fitness	https://5elementsstudio.com/
4009	https	TX	Dallas	GracieOne Academy	https://www.gracieone.com
4010	https	TX	Decatur	Peak Performance Decatur Brazilian Jiu-Jitsu	https://www.peakdecatur.com/
4011	https	TX	Edinburg	SOTX BJJ (South Texas Brazilian Jiu Jitsu)	https://www.sotxbjj.com
4012	https	TX	El Paso	10th Planet El Paso	https://10thplanetelpaso.com/contact/
4013	https	TX	El Paso	GB East El Paso	https://graciebarra.com/east-el-paso-tx/
4014	https	TX	El Paso	GB El Paso	https://graciebarra.com/el-paso-tx/
4015	https	TX	El Paso	Roots Jiu Jitsu Club	https://roots-jiujitsuclub.com
4016	https	TX	Forney	WolfPack MMA Forney	https://www.mindbodyonline.com/explore/locations/wolfpack-mma-forney-tx
4017	https	TX	Fort Worth	Six Blades Jiu-Jitsu Fort Worth	https://jiujitsufortworth.com
4018	https	TX	Fort Worth	Travis Lutter MMA	https://www.travislutter.com/
4019	https	TX	Fort Worth	Fitness Fight Factory Haslet	https://fitnessfightfactoryhaslet.com/
4020	https	TX	Fort Worth	Silverback Brazilian Jiu Jitsu	https://www.silverbackbjjfw.com/
4021	https	TX	Fort Worth	War Room MMA, Kickboxing, and Fitness	https://war-room-mma-kickboxing-and-fitness.business.site/
4022	https	TX	Fort Worth	Zombie Krew Jiu Jitsu	https://www.instagram.com/p/C23I2Cop7ye/
4023	https	TX	Frisco	Gracie Barra Frisco	https://gbfriscotexas.com
4024	https	TX	Frisco	Neutral Grounds	https://www.bjjtexas.com
4025	https	TX	Fulshear	GB Fulshear	https://graciebarra.com/fulshear-tx/
4026	https	TX	Garland	Becerra Judo & Jiu-Jitsu Club / Jiu-Jitsu Garland TX 75041	https://www.becerrajudo.com/
4027	https	TX	Georgetown	10th Planet Georgetown	https://10pgtx.com/
4028	https	TX	Grand Prairie	360 Jiu Jitsu	https://360jiujitsu.com/
4029	https	TX	Grand Prairie	360 BJJ	https://360bjj.com/
4030	https	TX	Grapevine	Rogue Jiu Jitsu Studio	https://www.roguebjj.com
4031	https	TX	Harker Heights	Twin Wolves MMA	https://www.twmma.com
4032	https	TX	Harlingen	Helio Soneca/ 8ight Limbs Academy	https://www.the8ightlimbsacademy.com/
4033	https	TX	Highland Village	Double Five Jiu Jitsu	https://www.doublefiveonline.com
4034	https	TX	Houston	GB Heights Houston	https://www.gbheights.com
4035	https	TX	Humble	Elite Mixed Martial Arts - Atascocita	https://www.elite-mma.com/claim-free-session
4036	https	TX	Hurst	Renzo Gracie Jiu Jitsu DFW	https://renzograciejiujitsudfw.com
4037	https	TX	Jarrell	Blitz Martial Arts	https://blitzmatx.com/
4038	https	TX	Katy	Reign Jiu Jitsu	https://reignbjj.com
4039	https	TX	Katy	Renzo Gracie Katy	https://renzograciekaty.com/
4040	https	TX	Katy	Rilion Gracie Katy	https://www.riliongraciekaty.com
4041	https	TX	Keller	Roberto Kaelin BJJ	https://robertokaelin.com/
4042	https	TX	Laredo	Alpha Omega BJJ / jiu jitsu Laredo TX 78041	https://alphaomegabjj.wordpress.com/
4043	https	TX	League City	Al Garza's Premier Martial Arts	https://algarza.com/
4044	https	TX	Leander	Cornerstone Jiu Jitsu	https://cornerstonejiujitsuacademy.com/
4045	https	TX	Lubbock	Lubbock Jiu Jitsu Academy	https://www.lubbockjiujitsuacademy.com
4046	https	TX	Lubbock	BASE Brazilian Jiu Jitsu / BJJ Lubbock TX 79414	https://yourbasebjj.com/
4047	https	TX	Lubbock	Different Breed MMA	https://www.facebook.com/differentbreedmma/
4048	https	TX	Lubbock	West Texas Jiu Jitsu Academy	https://wtxjja.com/
4049	https	TX	Mansfield	Stoic Brazilian Jiu Jitsu	https://www.stoicjj.com/
4050	https	TX	McAllen	Mcallen BJJ	https://mcallenbjj.com
4051	https	TX	McAllen	GB McAllen	https://graciebarra.com/mcallen-tx/
4052	https	TX	McAllen	UFC GYM McAllen	https://www.ufcgym.com/locations/mcallen/
4053	https	TX	McKinney	Tbt Gym-Total Body Training	https://tbtgym.com/calendar/
4054	https	TX	Mount Pleasant	10th Planet Mt. Pleasant	https://10thplanetmountpleasant.com
4055	https	TX	New Braunfels	New Braunfels BJJ	https://dalua.com
4056	https	TX	New Braunfels	NBTC Brazilian Jiu Jitsu (New Braunfels Training Center)	https://nbtcbjj.com
4057	https	TX	New Braunfels	SBG New Braunfels Brazilian Jiu Jitsu	https://sbgnewbraunfels.com/contact-us/
4058	https	TX	North Richland Hills	Peak Performance	https://peakperformancemartialarts.com/
4059	https	TX	North Richland Hills	The MATS Academy	https://themats.academy
4060	https	TX	Odessa	RuFFhouse MMA & Fitness	https://m.facebook.com/ruffhousemma/
4061	https	TX	Pantego	Flow Brazilian Jiu-Jitsu	https://flowbjj.com/
4062	https	TX	Paris	Warriors Legacy MMA	https://www.warriorslegacymma.com
4063	https	TX	Pearland	Alliance BJJ Houston	https://alliancebjjhouston.com
4064	https	TX	Pearland	GB Pearland	https://gbpearland.com/
4065	https	TX	Pflugerville	Aces Jiu Jitsu Club	https://www.acesjiujitsuclub.com/
4066	https	TX	Pflugerville	Applied MMA Austin	https://appliedmma.com/
4067	https	TX	Pflugerville	Centex Combatives & Fitness	https://centexcombatives.com/
4068	https	TX	Plano	Progresso Jiu Jitsu	https://progressojiujitsu.com/
4069	https	TX	Plano	Underground Jiu Jitsu	https://underground-bjj.com/
4070	https	TX	Prosper	Caveirinha Jiu-Jitsu Family Texas	https://www.cjjftx.com
4071	https	TX	Richardson	Brazilian Top Team North Dallas	https://www.bttnorthdallas.com
4072	https	TX	Richardson	COR Brazilian Jiu Jitsu	https://corbjj.com
4073	https	TX	Richmond	Markle Brazilian Jiu-Jitsu	https://www.marklebjj.com
4074	https	TX	Rockwall	Wolfpack Mixed Martial Arts	https://www.mindbodyonline.com/explore/locations/wolfpack-mma
4075	https	TX	Rosenberg	Strong Style MMA	https://www.strongstylemma.com/
4076	https	TX	Round Rock	Renzo Gracie Round Rock	https://renzogracieroundrock.com/
4077	https	TX	Round Rock	GB Round Rock	https://gbroundrock.com
4078	https	TX	San Angelo	Seeds 13 Jiujitsu Academy	https://seeds13bjj.com/special-offers/
4079	https	TX	San Antonio	Brazil 021 San Antonio	https://brazil021.com/
4080	https	TX	San Antonio	Brazilian Top Team Texas	https://bttsa.com
4081	https	TX	San Antonio	Rodrigo Pinheiro BJJ	https://rodrigopinheirobjj.com
4082	https	TX	San Antonio	10th Planet San Antonio Huebner Oaks	https://www.10psanantonio.com/
4083	https	TX	San Antonio	Caveman HQ Combat Sports Club	https://apps.apple.com/gh/app/caveman-hq/id1542962481
4084	https	TX	San Antonio	RDA Fitness & MMA	https://rda-fitness-mma.business.site/
4085	https	TX	San Marcos	San Marcos Jiu Jitsu	https://www.smjiujitsu.com
4086	https	TX	Seabrook	Cross Collar Jiu Jitsu - An Ed Ramos Affiliate	https://www.edramosclearlake.com/
4087	https	TX	Sugar Land	GB Fort Bend	https://gbfortbend.com/
4088	https	TX	Temple	Storm MMA & Fitness	https://stormmmaandfitness.com/
4089	https	TX	The Colony	Carlos Machado Jiu-Jitsu: The Colony	https://calendly.com/rcjmachadojiujitsuthecolony/30min
4090	https	TX	Tyler	Ethos Jiu Jitsu and Martial Arts	https://www.ethosjiujitsutyler.com
4091	https	TX	Tyler	Gracie Barra Tyler Brazilian Jiu-Jitsu & Self Defense	https://gbtyler.com/
4092	https	TX	Victoria	Satori MMA	https://satorimma.com/
4093	https	TX	Waco	Martial arts of Waco	https://martialartswaco.com/
4094	https	TX	Watauga	Fitness Fight Factory	https://fitnessfightfactory.com/watauga-schedule/
4095	https	TX	Webster	Gracie Barra Texas	https://graciebarratx.com
4096	https	TX	Wichita Falls	Red River BJJ	https://redriverbjj.com
4097	https	TX	Wylie	VA Academy Jiu Jitsu	https://www.vabjj.com
4098	https	UT	American Fork	Paul Tom's Academy of Brazilian Jiu-Jitsu	https://bjjutah.com
4099	https	UT	Bluffdale	Crown BJJ	https://crownbjj.com
4100	https	UT	Bountiful	Viotti BJJ Academy	https://viottibjjacademy.com
4101	https	UT	Clearfield	Caique Jiu Jitsu Utah Academy	https://cjjutah.com
4102	https	UT	Heber City	Gracie Barra Heber City	https://graciebarraheber.com
4103	https	UT	Herriman	Adapt Jiu-Jitsu	https://adaptbjj.com
4104	https	UT	Herriman	Gracie Barra Herriman	https://gbherriman.com
4105	https	UT	Holladay	Ultimate Combat Training Center	https://ultimatecombat.com
4106	https	UT	Hyrum	J-Crew Jiu-Jitsu	https://jcrewbjj.com
4107	https	UT	Kaysville	Renzo Gracie Utah	https://renzogracieutah.com
4108	https	UT	Layton	Gracie Barra Layton	https://gblayton.com
4109	https	UT	Layton	Team Link Utah	https://teamlinkutahbjj.com
4110	https	UT	Lehi	Roots Combat Club	https://rootscombatclub.com
4111	https	UT	Logan	Cache Valley Martial Arts and Fitness	https://cachevalleymartialarts.com
4112	https	UT	Mapleton	Infinity BJJ Utah	https://infinitybjjutah.com
4113	https	UT	Millcreek	First BJJ	https://firstbjj.com
4114	https	UT	North Salt Lake	Gracie Barra North Salt Lake	https://gbnorthsaltlake.com
4115	https	UT	Ogden	Mori Training Center	https://mori-jiu-jitsu.com
4116	https	UT	Ogden	Westside BJJ Ogden	https://westsidebjjogden.com
4117	https	UT	Orem	Bobby Lawrence Karate Orem	https://oremkarate.com
4118	https	UT	Orem	Gracie Barra Orem	https://gborem-utah.com
4119	https	UT	Park City	BJJ Revolution Park City (Malmberg Jiu-Jitsu)	https://jiujitsurevolution.com
4120	https	UT	Park City	Gracie Barra Park City	https://gbparkcity.com
4121	https	UT	Park City	Park City Jiu Jitsu	https://parkcitybjj.com
4122	https	UT	Pleasant Grove	10th Planet Pleasant Grove	https://10thplanetpleasantgrove.com
4123	https	UT	Provo	Agema Jiu Jitsu and MMA	https://agemagym.com
4124	https	UT	Riverdale	Thiago Alves BJJ	https://thiagoalvesbjj.com
4125	https	UT	Riverton	Gracie Barra Riverton	https://gbriverton.com
4126	https	UT	Salt Lake City	Gracie Barra Salt Lake City	https://gbslc.com
4127	https	UT	Salt Lake City	10th Planet Jiu-Jitsu SLC	https://10thplanetslc.com
4128	https	UT	Salt Lake City	Fusion Academy	https://fusionbjj.com
4129	https	UT	Salt Lake City	Marangoni BJJ	https://bjjsaltlake.com
4130	https	UT	Salt Lake City	Renzo Gracie SLC	https://renzogracieslc.com
4131	https	UT	Sandy	Elite Performance Gym (Jeremy Horn's)	https://eliteperformancegym.com
4132	https	UT	Sandy	Gracie Barra Sandy	https://graciebarra.com/sandy-ut
4133	https	UT	South Jordan	Unified BJJ	https://unifiedbjj.com
4134	https	UT	Spanish Fork	Vida Jiu-Jitsu Utah	https://vidajiujitsu.com
4135	https	UT	St. George	Fusion MMA and Jiu Jitsu	https://teamfusionmma.com
4136	https	UT	St. George	Fusion MMA and Jiu Jitsu Sunset	https://teamfusionmma.com
4137	https	UT	St. George	Gracie Jiu-Jitsu St. George	https://graciestgeorge.com
4138	https	UT	St. George	STG Jiu Jitsu	https://stgjiujitsu.com
4139	https	UT	Tooele	Tooele Martial Arts Academy	https://tooelemartialartsacademy.com
4140	https	UT	Vernal	Triad Jiu Jitsu	https://triadjiujitsu.com
4141	https	UT	West Jordan	Absolute MMA	https://absolutemma.com
4142	https	UT	West Jordan	CR Brazilian Jiu Jitsu	https://crbjjusa.com
4143	https	UT	West Jordan	Gracie Barra West Jordan	https://gbwestjordan.com
4144	https	VA	Arlington	EvolveAll - Martial Arts and Training Studio	https://evolveall.com/
4145	https	VA	Arlington	UFC GYM Arlington	https://www.ufcgym.com/locations/arlington/
4146	https	VA	Ashburn	American Top Team Ashburn	https://attashburn.com/
4147	https	VA	Ashburn	Gracie Barra Ashburn, Brazilian Jiu-Jitsu and Self-Defense	https://www.gbashburn.com/
4148	https	VA	Ashburn	Kaizen MMA Ashburn	https://kzmma.com/
4149	https	VA	Ashburn	Sparks Martial Arts Academy	https://www.sparksmma.com/
4150	https	VA	Chantilly	Chantilly MMA Academy - Judo, BJJ and Muay Thai	https://www.chantillymma.com/
4151	https	VA	Chantilly	Fairfax Jiu Jitsu Academy	https://www.fairfaxjj.com/
4152	https	VA	Chantilly	GB Chantilly	https://graciebarra.com/chantilly-va/
4153	https	VA	Charlottesville	Gracie Charlottesville Jiu-Jitsu and Self Defense Academy	https://graciecharlottesville.com/
4154	https	VA	Chesapeake	Da Firma Training Center	https://dafirmatc.com/
4155	https	VA	Colonial Heights	Tri-Cities JiuJitsu Club	https://tricitiesmartialartsclub.com/
4156	https	VA	Fairfax	UFC GYM Fairfax	https://www.ufcgym.com/locations/fairfax/
4157	https	VA	Fairfax	Capital MMA & Elite Fitness Fairfax	https://www.capitalmma.com/fairfax/
4158	https	VA	Falls Church	Gracie NOVA at The Fighters Garage	https://thefightersgarage.com/
4159	https	VA	Fredericksburg	10th Planet Fredericksburg	https://www.10thplanetfxbg.com/
4160	https	VA	Fredericksburg	Renegade Combat Sports Club	https://www.renegadecombatsports.com/
4161	https	VA	Fredericksburg	Valhalla Academy of Martial Arts	https://www.martialartsfredericksburgva.com/
4162	https	VA	Harrisonburg	Edge Effect Fitness and Martial Arts	https://www.edgeeffectfitness.com/
4163	https	VA	Harrisonburg	Pressure Brazilian Jiu-Jitsu Academy	https://m.facebook.com/pressurebjj17/about/
4164	https	VA	Henrico	Phoenix Fitness & Martial Arts	https://phoenixfma.com/
4165	https	VA	Lynchburg	Checkmat Lynchburg Jiu Jitsu	https://www.checkmatvirginia.com/
4166	https	VA	Lynchburg	Renaissance Academy of Martial Arts	https://ramarts.com/
4167	https	VA	Manassas	Dominion BJJ	https://dominionbjj.com/
4168	https	VA	Manassas	Vanguard Gym	https://www.vanguardgym.com/
4169	https	VA	Norfolk	Kobukan Martial Arts Academy	https://kmadojo.org/
4170	https	VA	Norfolk	UFC GYM Norfolk	https://www.ufcgym.com/locations/norfolk/
4171	https	VA	Oak Hill	UFC GYM Reston	https://www.ufcgym.com/locations/reston/
4172	https	VA	Portsmouth	TIGER Academy of Martial Arts Portsmouth	https://trytigeracademy.com/location/portsmouth-va/
4173	https	VA	Richmond	Richmond Brazilian Jiu-Jitsu & Self-Defense Academy	https://www.richmondbjj.com/
4174	https	VA	Richmond	Top Game BJJ Academy	https://topgamebjj.com/
4175	https	VA	Salem	Roanoke Jujutsu Club	https://www.facebook.com/roanokejujutsu/
4176	https	VA	Staunton	Total Defense Martial Arts	https://totaldefensema.com/
4177	https	VA	Sterling	Caio Terra Academy - Sterling	https://www.bjjvirginia.com/
4178	https	VA	Sterling	Double Phoenix Jiu Jitsu	https://www.doublephoenixjj.com/
4179	https	VA	Sterling	Capital MMA & Elite Fitness Sterling	https://www.capitalmma.com/loudoun-dulles/
4180	https	VA	Suffolk	TIGER Academy of Martial Arts Suffolk	https://trytigeracademy.com/location/suffolk-va/
4181	https	VA	Vienna	Abmar Barbosa JJ Academy	https://www.abmarbjjacademy.com
4182	https	VA	Vienna	Tysons Brazilian Jiu Jitsu and Haganah	https://www.tysonsbjj.com/
4183	https	VA	Vinton	Roanoke Judo & Jiu Jitsu Club	https://instagram.com/roanokejudoandjiujitsu
4184	https	VA	Virginia Beach	Chaos Jiu Jitsu	https://www.chaosjiujitsu.com/
4185	https	VA	Virginia Beach	Ferox Jiu-Jitsu	https://feroxjiujitsu.com
4186	https	VA	Virginia Beach	Gracie Jiu-Jitsu Virginia Beach	https://graciejiujitsuvb.com/
4187	https	VA	Virginia Beach	Impact Martial Arts Academy	https://www.impact-athletes.com/
4188	https	VA	Winchester	Iron Sharpens Iron Brazilian Jiu Jitsu Academy	https://www.winchesterbjj.com/
4189	https	VA	Winchester	Shark Pit Jiu Jitsu	https://sharkpitbjj.com
4190	https	VA	Woodbridge	UFC GYM Woodbridge	https://www.ufcgym.com/locations/woodbridge/
4191	https	VA	Woodbridge	Yamasaki Academy Woodbridge	https://yamasakiwoodbridge.zohobookings.com/
4192	https	VT	Brattleboro	Brattleboro Jiu-Jitsu	https://www.brattleborojiujitsu.com
4193	https	VT	Burlington	Vermont BJJ	https://vermontbjj.com
4194	https	VT	Burlington	Grind BJJ	https://grindbjjvt.com
4195	https	VT	Colchester	Martial Way Self-Defense Center	https://martialwayvt.com
4196	https	VT	Essex Junction	Gracie Jiu Jitsu Vermont	https://www.gracievermont.com
4197	https	VT	Graniteville	Granite City MMA	https://www.granitecitymmavt.com
4198	https	VT	Hardwick	Kingdom Jiu Jitsu	https://sites.google.com/view/kingdomjiujitsu/home
4199	https	VT	Middlebury	Middlebury American Jiu Jitsu Academy	https://mbjiujitsu.com
4200	https	VT	Rutland	Rutland American Jiu Jitsu Academy	https://rutlandjiujitsu.com
4201	https	VT	St. Johnsbury	Northeast Kingdom BJJ	https://nekbjj.com
4202	https	VT	Winooski	Combat Fitness MMA	https://combatfitnessmma.com
4203	https	WA	Bellingham	Bellingham BJJ	https://bellinghambjj.com
4204	https	WA	Spanaway	Logic Jiu Jitsu Spanaway	https://logicjiujitsu.club
4205	https	WI	Burlington	Evolution Jiu Jitsu Burlington	https://facebook.com/EvolutionBJJ.Burlington
4206	https	WV	Beckley	Arte Suave Jiu Jitsu Academy	https://artesuavebeckley.com
4207	https	WV	Beckley	Family Martial Arts and Gracie Jiu-Jitsu Beckley	https://fmawv.com
4208	https	WV	Buckhannon	Body Armor MMA	https://www.bodyarmorwv.com/
4209	https	WV	Charleston	Butch Hiles Brazilian Jiu-Jitsu and MMA	https://advancedbkj.com
4210	https	WV	Elkins	Team Luiz Palhares of West Virginia - Imperium Jiu-Jitsu	https://bjjclub.weebly.com
4211	https	WV	Follansbee	Andrew Pardee Brazilian Jiu-Jitsu Academy	https://andrewpardeebjj.com
4212	https	WV	Huntington	Ground Zero Fighting Systems Huntington	https://gzfshuntington.wordpress.com/
4213	https	WV	Hurricane	Category Five Jiu-Jitsu	https://c5jj.com
4214	https	WV	Hurricane	Relson Gracie Jiu-Jitsu of West Virginia	https://relsongraciewv.com
4215	https	WV	Inwood	Revelations Brazilian Jiu-Jitsu	https://revelationsbjj.wordpress.com
4216	https	WV	Kearneysville	Spectrum Jiu Jitsu	https://spectrumjiujitsu.com
4217	https	WV	Kearneysville	True Elevation Brazilian Jiu Jitsu	https://tpfgym.com/true_elevation_bjj/
4218	https	WV	Lewisburg	Stellar Jiu Jitsu	https://stellarjj.com
4219	https	WV	Martinsburg	Elite Martial Arts and MMA	https://www.elitemartialartsandmma.com
4220	https	WV	Martinsburg	Nine Realms MMA and Freya Jiu Jitsu	https://ninerealmsmma.net
4221	https	WV	Martinsburg	Renzo Gracie Martinsburg	https://www.renzograciemartinsburg.com
4222	https	WV	Morgantown	Black Cat MMA	https://morgantownmma.com/
4223	https	WV	Morgantown	Ground Zero Fighting Systems	https://teamgzfs.com
4224	https	WV	Morgantown	Renzo Gracie Brazilian Jiu Jitsu Morgantown	https://renzograciemorgantown.com
4225	https	WV	Pleasant Valley	The Compound Mixed Martial Arts Training Center	https://thecompoundmmatc.com
4226	https	WV	Ronceverte	Nova Jiu Jitsu	https://www.nova-wv.com
4227	https	WV	South Charleston	Mountain State Jiu-Jitsu	https://mountainstatejiujitsu.com/
4228	https	WV	Vienna	Parkersburg Martial Arts Center	https://parkersburgbjj.com
4229	https	WV	Weirton	West Karate & Brazilian Jiu Jitsu	https://westkarateofweirton.com
4230	https	WV	Wheeling	Bullpen Fight Club WV	https://bullpenfightclub.com
4231	https	WY	Casper	D's Jiu-Jitsu Academy	https://dsbjjcasper.com
4232	https	WY	Cheyenne	Cheyenne BJJ	https://cheyennebjj.com
4233	https	WY	Cheyenne	Black Label BJJ of Cheyenne	https://blacklabel307.com
4234	https	WY	Cody	Potter Combat Academy	https://pottercombat.com
4235	https	WY	Gillette	Western Plains Brazilian Jiu Jitsu	https://westernplainsbrazilianjiujitsu.com
4236	https	WY	Green River	Duality BJJ	https://dualitybjj.com
4237	https	WY	Jackson	Jackson Hole MMA	https://jacksonholemma.com
4238	https	WY	Lander	Wind River Dojo	https://windriverdojo.org
4239	https	WY	Laramie	Third Way Jiu Jitsu	https://thirdwayjiujitsu.com
4240	https	WY	Rock Springs	Wyo Faction	https://wyofaction.com
